id,dealer_id,name,model,category,subcategory,serial_number,year_manufactured,status,health_score,daily_rate,hourly_rate,latitude,longitude,total_operating_hours,fuel_capacity,weight_tons,max_load_capacity,engine_power_hp,last_maintenance_date,next_maintenance_due,created_at
5d9f9295-5c32-4e83-b08e-c8f62318aa1e,6eedfe80-e252-41dc-b1b8-39024620b180,Bomag BW 213 Compactor,Bomag BW 213,Compactor,Compactor-Large,COM-FI398EO,2019,available,71.3,990.07,123.76,14.235075,74.950392,1641.2,253.2,12.9,,130.0,2026-07-29,2026-12-07,2023-08-06T12:49:41
4c21c115-2eeb-44b6-b2ca-7b22bf53d9f0,435422c3-08e5-4ecd-b663-9e664da0afaa,Komatsu HM400 Dump Truck,Komatsu HM400,Dump Truck,Dump Truck-Large,DUM-MD644DN,2020,available,99.8,1256.11,157.01,23.59623,82.159524,13199.9,465.5,48.7,57.5,368.0,2026-07-29,2026-09-15,2024-02-18T23:20:12
e87d5f74-e299-45fd-8c2e-8b861ec69ef0,8a0a9a5b-97fe-47c2-b856-40dfcd3620a9,CAT 950 Loader,CAT 950,Loader,Loader-Small,LOA-PU923RL,2023,available,95.5,876.8,109.6,21.294368,83.341575,2156.6,296.6,26.7,15.3,188.0,2026-07-29,2026-10-21,2026-01-07T05:19:18
214a10d4-9121-4f2f-94d1-ed3411e89c8e,bd3c8cdc-1cdf-4941-9911-3baa9ca8e01d,CAT CS56 Compactor,CAT CS56,Compactor,Compactor-Medium,COM-HG582US,2018,available,100.0,539.12,67.39,12.82558,86.25088,15840.1,304.4,11.5,,182.0,2026-07-29,2026-11-30,2024-07-29T07:21:38
7e626839-b994-4621-bcde-ddb6fe962558,435422c3-08e5-4ecd-b663-9e664da0afaa,CAT 740 Dump Truck,CAT 740,Dump Truck,Dump Truck-Small,DUM-BZ816XV,2023,maintenance,76.0,1054.85,131.86,23.68858,81.524254,1488.6,655.7,25.9,41.5,536.0,2026-07-29,2026-11-12,2023-10-31T06:55:38
2b98e130-e6ae-438b-bcf6-a122ba1e33b2,6df896d4-0bf0-427a-bb13-fd7605254905,Komatsu D65 Bulldozer,Komatsu D65,Bulldozer,Bulldozer-Small,BUL-OH090JW,2016,rented,94.9,1010.16,126.27,18.188356,86.809499,873.7,559.8,44.0,,227.0,2026-07-29,2026-09-24,2026-03-23T04:18:37
3a76d8e4-e510-4b2d-af15-231bf99e8c49,435422c3-08e5-4ecd-b663-9e664da0afaa,Volvo A40 Dump Truck,Volvo A40,Dump Truck,Dump Truck-Small,DUM-VZ980GS,2024,rented,91.6,1560.75,195.09,23.755682,82.34437,2541.1,620.2,38.0,60.4,399.0,2026-07-29,2026-10-20,2023-10-11T17:01:57
e9c48846-1477-402e-a082-7422aff333ad,435422c3-08e5-4ecd-b663-9e664da0afaa,Komatsu HM400 Dump Truck,Komatsu HM400,Dump Truck,Dump Truck-Medium,DUM-VC820DE,2019,available,78.5,1606.71,200.84,23.892044,82.098488,5442.3,625.8,29.0,60.8,524.0,2026-07-29,2026-09-10,2024-08-10T05:09:25
1482514b-3688-436f-8f93-e40476c3feda,6df896d4-0bf0-427a-bb13-fd7605254905,CAT 740 Dump Truck,CAT 740,Dump Truck,Dump Truck-Large,DUM-ES359TY,2015,rented,72.4,908.99,113.62,18.310609,87.592849,4082.0,552.2,25.2,40.0,473.0,2026-07-29,2026-11-21,2024-02-26T01:09:21
709f2cf2-0dcd-4b9d-bdda-006429eac83c,6eedfe80-e252-41dc-b1b8-39024620b180,CAT 770 Dump Truck,CAT 770,Dump Truck,Dump Truck-Large,DUM-XW406HG,2022,rented,65.5,1524.21,190.53,14.536283,75.619763,902.5,432.1,44.0,48.9,543.0,2026-07-29,2027-01-16,2024-08-23T04:36:02
78ce709c-5436-4dde-9ef7-3ca60af13b8a,6df896d4-0bf0-427a-bb13-fd7605254905,CAT 320 Excavator,CAT 320,Excavator,Excavator-Medium,EXC-YR998KS,2016,available,89.6,2110.45,263.81,18.43994,86.927093,572.6,531.3,34.2,24.5,162.0,2026-07-29,2026-10-05,2023-09-12T15:37:49
e7e1d64b-a91e-48af-b05d-dcc0c8c14b37,6df896d4-0bf0-427a-bb13-fd7605254905,John Deere 850K Bulldozer,John Deere 850K,Bulldozer,Bulldozer-Small,BUL-KP804LH,2017,available,88.2,2937.76,367.22,18.242294,86.890801,10890.6,627.5,18.7,,206.0,2026-07-29,2026-09-07,2023-10-28T23:21:53
c5490413-d9aa-4570-96f4-375863a45061,bd3c8cdc-1cdf-4941-9911-3baa9ca8e01d,Bomag BW 213 Compactor,Bomag BW 213,Compactor,Compactor-Large,COM-RQ792DX,2018,available,52.5,740.95,92.62,12.880725,85.656266,17554.6,319.2,16.9,,122.0,2026-07-29,2026-09-23,2025-11-03T07:21:09
a1bf38d2-5ea0-4fc6-9953-35e979b3f2d9,6df896d4-0bf0-427a-bb13-fd7605254905,Toyota 8FGU25 Forklift,Toyota 8FGU25,Forklift,Forklift-Small,FOR-MN677FF,2018,transit,71.9,363.96,45.49,18.443506,86.911773,3188.4,110.3,7.7,4.5,95.0,2026-07-29,2026-10-08,2026-06-22T14:49:28
9f88c744-8230-419d-ac44-8c12c45aec98,435422c3-08e5-4ecd-b663-9e664da0afaa,CAT DP50 Forklift,CAT DP50,Forklift,Forklift-Medium,FOR-HF131RJ,2017,rented,61.3,647.5,80.94,23.412262,82.348,3866.7,130.0,5.8,4.8,88.0,2026-07-29,2026-11-21,2025-03-15T21:44:18
7824d243-5ef9-4347-95e1-58acd2db6775,8a0a9a5b-97fe-47c2-b856-40dfcd3620a9,Manitowoc 999 Crane,Manitowoc 999,Crane,Crane-Small,CRA-JX020VT,2017,available,60.4,2037.8,254.72,21.571534,83.651443,286.8,407.1,69.8,94.1,478.0,2026-07-29,2026-09-24,2024-10-26T03:24:11
6e44437b-ad21-4b20-a55d-80f42517c315,bd3c8cdc-1cdf-4941-9911-3baa9ca8e01d,Cummins QSX15 Generator,Cummins QSX15,Generator,Generator-Small,GEN-MT355KW,2018,available,62.5,1122.68,140.34,12.859644,85.693167,401.2,347.5,2.5,,333.0,2026-07-29,2026-12-23,2026-04-15T11:42:20
381d3788-1ff3-4eb9-9557-878c71dcd271,6df896d4-0bf0-427a-bb13-fd7605254905,Liebherr LTM 1100 Crane,Liebherr LTM 1100,Crane,Crane-Small,CRA-DB933DA,2018,available,77.3,1540.67,192.58,17.565089,87.153209,1822.1,592.0,60.0,93.7,424.0,2026-07-29,2026-12-08,2024-03-29T19:38:29
ad93f44d-9ddc-4672-855d-100cd24c8b51,6eedfe80-e252-41dc-b1b8-39024620b180,Volvo A40 Dump Truck,Volvo A40,Dump Truck,Dump Truck-Large,DUM-CI435NB,2023,rented,77.6,1014.66,126.83,14.982961,74.982414,332.6,549.7,40.5,54.6,462.0,2026-07-29,2026-12-08,2024-03-14T07:37:48
302a2187-abca-48b5-824b-a164d18aa722,6eedfe80-e252-41dc-b1b8-39024620b180,CAT CS56 Compactor,CAT CS56,Compactor,Compactor-Medium,COM-QV338GC,2016,available,69.4,1106.03,138.25,14.078807,75.664432,2292.3,253.7,13.2,,198.0,2026-07-29,2026-11-02,2023-08-22T02:14:30
c4ebb8c0-1833-4d0d-865d-b50758a8997f,6df896d4-0bf0-427a-bb13-fd7605254905,CAT 320 Excavator,CAT 320,Excavator,Excavator-Medium,EXC-XL340AM,2024,available,83.3,2323.58,290.45,18.087419,87.37732,397.9,483.9,26.0,33.7,339.0,2026-07-29,2026-12-17,2026-05-23T11:54:10
e897043a-a106-4f82-8982-e2790f64646c,6eedfe80-e252-41dc-b1b8-39024620b180,CAT DP50 Forklift,CAT DP50,Forklift,Forklift-Small,FOR-CL486SR,2021,available,80.0,248.07,31.01,14.891115,75.38751,5059.4,137.2,5.3,5.9,87.0,2026-07-29,2027-01-22,2025-08-02T18:09:34
d4fcf864-c14f-4a53-b077-e119097b7211,6df896d4-0bf0-427a-bb13-fd7605254905,CAT DP50 Forklift,CAT DP50,Forklift,Forklift-Large,FOR-DE272VY,2023,rented,62.5,595.22,74.4,17.990838,87.316079,4677.6,130.3,4.1,8.0,118.0,2026-07-29,2027-01-12,2025-05-31T06:55:40
e8a114b7-cf32-44df-8c23-271167d56b06,8a0a9a5b-97fe-47c2-b856-40dfcd3620a9,Manitowoc 999 Crane,Manitowoc 999,Crane,Crane-Medium,CRA-FR412ZP,2021,maintenance,70.1,1752.69,219.09,21.148493,83.378772,3420.4,585.0,73.4,159.1,436.0,2026-07-29,2026-09-14,2025-08-07T09:40:20
49b11f4f-d6d3-49d2-b07a-3a8588312282,8a0a9a5b-97fe-47c2-b856-40dfcd3620a9,CAT CS56 Compactor,CAT CS56,Compactor,Compactor-Medium,COM-YL893UG,2019,available,100.0,870.45,108.81,21.147234,83.516604,2164.6,290.9,16.0,,179.0,2026-07-29,2027-01-04,2024-06-03T06:41:25
e6b3a4a2-f5b4-4b1e-93fa-51ce22d4746f,6df896d4-0bf0-427a-bb13-fd7605254905,Dynapac CA3500 Compactor,Dynapac CA3500,Compactor,Compactor-Medium,COM-RH296NB,2019,available,83.2,568.53,71.07,18.115609,87.392275,7303.7,310.0,11.3,,172.0,2026-07-29,2027-01-16,2026-05-17T02:29:50
7e86d71b-0994-4f4d-9508-ee14aca63127,6df896d4-0bf0-427a-bb13-fd7605254905,Toyota 8FGU25 Forklift,Toyota 8FGU25,Forklift,Forklift-Large,FOR-AB038TE,2024,available,38.9,462.3,57.79,17.590035,87.165736,214.9,121.5,5.9,6.0,57.0,2026-07-29,2027-01-20,2024-11-04T08:54:19
31610fc4-9e43-43fe-bf58-914559dbb82e,435422c3-08e5-4ecd-b663-9e664da0afaa,CAT 336 Excavator,CAT 336,Excavator,Excavator-Large,EXC-WO984LY,2019,available,83.7,2258.58,282.32,23.220933,82.06829,1527.7,479.6,27.9,19.7,197.0,2026-07-29,2026-10-20,2025-04-08T05:08:37
91af345e-68a2-4f6c-ac97-981589c1f0c1,6df896d4-0bf0-427a-bb13-fd7605254905,Dynapac CA3500 Compactor,Dynapac CA3500,Compactor,Compactor-Large,COM-XJ175XJ,2022,rented,69.1,516.61,64.58,17.942076,87.348599,3320.5,342.3,12.5,,136.0,2026-07-29,2026-12-19,2026-04-07T19:21:55
3aee661c-416e-475e-8c0d-db608c93029d,435422c3-08e5-4ecd-b663-9e664da0afaa,Cummins QSX15 Generator,Cummins QSX15,Generator,Generator-Large,GEN-MO284AN,2016,available,48.7,940.21,117.53,23.993693,82.185263,1323.6,333.9,8.9,,323.0,2026-07-29,2026-11-08,2024-09-11T04:28:55
eefb49ea-1cbf-44c5-b9ed-38d99ab28113,bd3c8cdc-1cdf-4941-9911-3baa9ca8e01d,CAT CS56 Compactor,CAT CS56,Compactor,Compactor-Small,COM-IW587FX,2018,available,78.7,431.47,53.93,12.551448,85.944841,8275.1,340.1,13.2,,151.0,2026-07-29,2026-11-15,2025-09-06T08:34:33
17916214-0191-4dca-a455-c111cbb71a77,6eedfe80-e252-41dc-b1b8-39024620b180,CAT D6 Bulldozer,CAT D6,Bulldozer,Bulldozer-Large,BUL-AX810TC,2015,retired,67.7,1009.88,126.23,14.94811,75.479038,10067.4,660.4,30.3,,329.0,2026-07-29,2026-10-29,2025-03-26T02:57:06
2e8f60ab-b704-4b10-bcf5-af72ca109055,6df896d4-0bf0-427a-bb13-fd7605254905,Volvo L120 Loader,Volvo L120,Loader,Loader-Large,LOA-JM786KL,2021,available,67.0,1477.0,184.62,17.648806,86.995276,626.1,490.8,18.8,19.9,317.0,2026-07-29,2027-01-22,2023-09-05T07:42:01
e4269275-0324-471a-a492-bfe7425a20ab,6df896d4-0bf0-427a-bb13-fd7605254905,Yale GLP060VX Forklift,Yale GLP060VX,Forklift,Forklift-Large,FOR-EK935KX,2021,available,85.6,698.53,87.32,18.357251,87.529234,839.7,87.9,7.0,7.5,92.0,2026-07-29,2026-10-29,2026-06-21T16:16:57
09c0bd49-185c-4589-8f7c-a665bcd530d8,435422c3-08e5-4ecd-b663-9e664da0afaa,CAT 320 Excavator,CAT 320,Excavator,Excavator-Large,EXC-HZ336AQ,2021,available,82.5,881.96,110.25,24.189077,81.886785,22325.2,561.2,35.6,26.3,298.0,2026-07-29,2026-10-23,2025-11-26T03:34:05
1507a05d-1306-40f6-92d1-706df48e3e96,6eedfe80-e252-41dc-b1b8-39024620b180,CAT C15 Generator,CAT C15,Generator,Generator-Small,GEN-UX902XO,2023,maintenance,66.7,1101.11,137.64,14.804144,75.602203,1188.2,439.3,5.5,,427.0,2026-07-29,2026-10-30,2026-01-15T09:11:31
8aa72d83-d7a5-4218-963b-decc182a5372,435422c3-08e5-4ecd-b663-9e664da0afaa,Cummins QSX15 Generator,Cummins QSX15,Generator,Generator-Large,GEN-KM184DU,2022,retired,58.8,766.27,95.78,23.660597,81.717421,3566.9,312.0,3.8,,129.0,2026-07-29,2027-01-10,2024-07-01T14:26:26
eee8b666-c615-4da7-a05e-3c827d540624,6df896d4-0bf0-427a-bb13-fd7605254905,Dynapac CA3500 Compactor,Dynapac CA3500,Compactor,Compactor-Large,COM-LI262CZ,2024,available,53.3,770.8,96.35,17.872428,87.624049,2898.7,277.9,14.8,,103.0,2026-07-29,2027-01-04,2026-04-20T18:10:01
53f3bf49-f075-4261-952d-682f64be6bb3,6eedfe80-e252-41dc-b1b8-39024620b180,Cummins QSX15 Generator,Cummins QSX15,Generator,Generator-Small,GEN-PY355UG,2022,available,53.5,773.24,96.66,14.545712,75.586794,1942.8,414.6,6.2,,429.0,2026-07-29,2026-12-21,2025-07-01T23:10:15
e0d0a08d-b2c6-4224-b766-e6db1643197a,435422c3-08e5-4ecd-b663-9e664da0afaa,Komatsu HM400 Dump Truck,Komatsu HM400,Dump Truck,Dump Truck-Large,DUM-SB049VA,2018,available,80.6,1016.53,127.07,24.138938,81.540144,6849.2,680.3,33.8,33.5,447.0,2026-07-29,2026-11-06,2026-07-09T11:24:30
ee728683-9a28-4358-bf02-a91e1797df03,6eedfe80-e252-41dc-b1b8-39024620b180,CAT 770 Dump Truck,CAT 770,Dump Truck,Dump Truck-Large,DUM-OS467AY,2019,available,78.9,816.51,102.06,14.713934,75.239823,2609.2,693.0,45.6,48.3,375.0,2026-07-29,2026-11-21,2024-03-10T04:20:53
6d8315e5-9d95-4ed6-b530-29069fe30562,8a0a9a5b-97fe-47c2-b856-40dfcd3620a9,CAT 966 Loader,CAT 966,Loader,Loader-Small,LOA-IY499TX,2017,available,89.5,954.33,119.29,21.911247,83.306317,612.2,479.4,21.4,11.3,294.0,2026-07-29,2026-10-26,2024-09-12T20:55:43
01194123-b1ee-4dc5-a5b2-846bba440301,6eedfe80-e252-41dc-b1b8-39024620b180,Liebherr LTM 1100 Crane,Liebherr LTM 1100,Crane,Crane-Medium,CRA-MS918GP,2021,available,81.7,4278.1,534.76,14.642904,75.014691,2700.8,544.3,75.3,165.5,389.0,2026-07-29,2026-12-10,2026-06-29T14:45:27
5307e25d-dfae-4ab5-9217-55c3b0f79237,bd3c8cdc-1cdf-4941-9911-3baa9ca8e01d,CAT DP50 Forklift,CAT DP50,Forklift,Forklift-Large,FOR-PM964JA,2018,available,100.0,454.24,56.78,13.096888,85.588177,5188.3,123.7,5.3,5.5,62.0,2026-07-29,2026-12-13,2024-05-26T18:29:08
3a9cde6d-e056-4ade-9d29-f486f14a5d19,8a0a9a5b-97fe-47c2-b856-40dfcd3620a9,Volvo EC220 Excavator,Volvo EC220,Excavator,Excavator-Medium,EXC-ZA357PA,2021,available,75.2,1891.35,236.42,21.724934,83.667786,71.8,369.6,27.8,26.9,249.0,2026-07-29,2026-12-28,2026-06-10T12:07:25
d47eca91-9b10-4616-a8ac-c4a615f58553,8a0a9a5b-97fe-47c2-b856-40dfcd3620a9,Komatsu HM400 Dump Truck,Komatsu HM400,Dump Truck,Dump Truck-Large,DUM-BT368AD,2021,rented,76.1,1225.61,153.2,21.54604,83.838687,3563.8,607.7,49.8,34.5,371.0,2026-07-29,2027-01-12,2024-08-18T04:02:23
15f32c65-6162-478a-aa8d-0c686dcb1ca0,6df896d4-0bf0-427a-bb13-fd7605254905,Link-Belt TCC-750 Crane,Link-Belt TCC-750,Crane,Crane-Small,CRA-GB089DR,2018,available,72.3,4629.67,578.71,17.684509,87.084087,268.7,490.7,47.7,60.4,380.0,2026-07-29,2026-11-05,2026-03-27T00:14:56
8c452087-0c9b-400b-96f8-f88881baa3f3,6eedfe80-e252-41dc-b1b8-39024620b180,Hyster H80FT Forklift,Hyster H80FT,Forklift,Forklift-Small,FOR-TL122LK,2021,rented,74.9,524.01,65.5,14.876377,75.490795,798.6,117.3,4.6,4.0,97.0,2026-07-29,2026-10-09,2023-10-26T09:47:33
6af0c8ad-c01b-4298-8b67-49018447806d,6eedfe80-e252-41dc-b1b8-39024620b180,Komatsu PC200 Excavator,Komatsu PC200,Excavator,Excavator-Small,EXC-OZ285EJ,2024,rented,77.8,1786.81,223.35,14.085065,75.801584,1217.5,490.5,35.1,18.4,232.0,2026-07-29,2027-01-19,2025-07-05T02:56:12
ac859575-e0ab-4de6-9d1a-53324db062f4,bd3c8cdc-1cdf-4941-9911-3baa9ca8e01d,Toyota 8FGU25 Forklift,Toyota 8FGU25,Forklift,Forklift-Medium,FOR-DV197OD,2022,available,79.7,677.27,84.66,13.356516,85.727284,3280.1,108.0,3.8,8.0,115.0,2026-07-29,2026-10-13,2025-04-30T22:17:54
75df8da7-25de-4205-8fa0-6b76875256f4,6eedfe80-e252-41dc-b1b8-39024620b180,Bomag BW 213 Compactor,Bomag BW 213,Compactor,Compactor-Medium,COM-UC036FP,2022,available,100.0,1004.22,125.53,14.124011,75.665986,280.0,317.3,17.1,,104.0,2026-07-29,2026-11-19,2024-11-06T11:58:30
5dd9dd93-c22a-4b2b-ba08-97fd9747c57c,bd3c8cdc-1cdf-4941-9911-3baa9ca8e01d,Komatsu HM400 Dump Truck,Komatsu HM400,Dump Truck,Dump Truck-Large,DUM-BP338OJ,2019,available,83.9,813.94,101.74,13.366296,86.046444,1339.5,491.7,34.9,45.7,470.0,2026-07-29,2026-09-17,2023-10-06T12:13:24
0f65b696-8a2c-4c6b-a171-c139dfaae23b,bd3c8cdc-1cdf-4941-9911-3baa9ca8e01d,CAT 336 Excavator,CAT 336,Excavator,Excavator-Large,EXC-HD249XD,2018,rented,79.2,2292.56,286.57,13.297395,86.298567,1437.1,537.0,26.1,16.6,231.0,2026-07-29,2026-09-14,2026-06-06T01:12:55
64c0e7f6-be13-41da-8422-adf86c400857,bd3c8cdc-1cdf-4941-9911-3baa9ca8e01d,CAT 320 Excavator,CAT 320,Excavator,Excavator-Large,EXC-SG117QY,2018,rented,76.5,2458.54,307.32,13.07031,86.315123,1274.4,339.8,37.2,33.5,247.0,2026-07-29,2026-10-18,2024-05-27T01:16:33
0961860c-fcc2-4774-a7c3-024b5bbced09,435422c3-08e5-4ecd-b663-9e664da0afaa,CAT D8 Bulldozer,CAT D8,Bulldozer,Bulldozer-Large,BUL-IU839YL,2017,rented,62.0,1136.34,142.04,23.237715,81.615043,1374.4,688.9,32.8,,441.0,2026-07-29,2026-12-27,2025-10-23T15:23:02
3ccc9093-50a4-4700-9fe0-a226f1dce9ed,8a0a9a5b-97fe-47c2-b856-40dfcd3620a9,Link-Belt TCC-750 Crane,Link-Belt TCC-750,Crane,Crane-Large,CRA-GL435JQ,2019,available,73.4,2472.13,309.02,21.969289,83.121422,6265.0,407.1,60.1,104.7,347.0,2026-07-29,2026-11-30,2023-11-11T18:43:46
a9e7eda7-3202-4bfa-8a5f-976bec226a8a,6df896d4-0bf0-427a-bb13-fd7605254905,CAT 966 Loader,CAT 966,Loader,Loader-Medium,LOA-MB393PK,2019,rented,76.8,1343.4,167.93,17.789997,87.191052,4210.4,292.7,16.1,21.7,217.0,2026-07-29,2026-09-24,2026-04-28T23:47:04
2f5e6827-9329-4d92-8e02-fc8d70da08a3,8a0a9a5b-97fe-47c2-b856-40dfcd3620a9,Yale GLP060VX Forklift,Yale GLP060VX,Forklift,Forklift-Large,FOR-KR304FF,2018,rented,55.8,569.13,71.14,21.424094,83.744985,5045.5,116.9,5.1,2.8,112.0,2026-07-29,2026-09-16,2025-09-03T05:02:10
fa35257e-8cd5-4f3a-b517-dbe5f51795e3,435422c3-08e5-4ecd-b663-9e664da0afaa,Liebherr LTM 1100 Crane,Liebherr LTM 1100,Crane,Crane-Large,CRA-XC013HQ,2019,rented,96.1,4192.57,524.07,23.222934,81.896031,3968.4,592.5,31.0,89.0,440.0,2026-07-29,2026-09-27,2026-06-01T01:24:18
1486d85f-1ac1-481e-bff8-9ad51834093e,8a0a9a5b-97fe-47c2-b856-40dfcd3620a9,CAT 336 Excavator,CAT 336,Excavator,Excavator-Small,EXC-OZ404EY,2023,rented,73.3,820.61,102.58,21.359041,84.096963,727.0,540.5,39.2,24.8,172.0,2026-07-29,2026-12-15,2025-05-25T14:10:39
d024093d-cb09-4d73-8df9-85052f0d96b9,435422c3-08e5-4ecd-b663-9e664da0afaa,CAT CS56 Compactor,CAT CS56,Compactor,Compactor-Medium,COM-PS186GF,2021,available,60.1,989.89,123.74,23.687921,81.855765,1177.7,259.2,14.6,,179.0,2026-07-29,2026-12-31,2026-04-08T06:30:59
743d0956-b79b-4f08-b1a0-c2b47067f881,6eedfe80-e252-41dc-b1b8-39024620b180,Cummins QSX15 Generator,Cummins QSX15,Generator,Generator-Large,GEN-WS011YU,2021,rented,77.4,678.49,84.81,14.684433,75.277521,4638.0,276.4,8.7,,115.0,2026-07-29,2026-10-12,2025-10-10T12:37:00
9c0cc10b-8f2f-493e-a13a-05b08677a89d,6eedfe80-e252-41dc-b1b8-39024620b180,Komatsu HM400 Dump Truck,Komatsu HM400,Dump Truck,Dump Truck-Large,DUM-SN219KS,2022,rented,99.2,1527.67,190.96,14.610232,74.90657,6764.8,555.5,28.8,55.8,452.0,2026-07-29,2026-12-17,2026-07-26T21:04:53
bb4efe15-9571-48db-9fa8-5262c897a655,6eedfe80-e252-41dc-b1b8-39024620b180,Volvo A40 Dump Truck,Volvo A40,Dump Truck,Dump Truck-Medium,DUM-XZ402KZ,2018,available,96.2,1631.22,203.9,14.068382,74.911175,265.8,403.6,48.9,55.8,421.0,2026-07-29,2026-09-19,2024-01-06T00:54:54
d365d6ff-2b94-4722-b385-7cb32353367d,435422c3-08e5-4ecd-b663-9e664da0afaa,Link-Belt TCC-750 Crane,Link-Belt TCC-750,Crane,Crane-Medium,CRA-KI182PE,2024,available,62.3,1844.38,230.55,23.872206,82.24425,573.9,506.0,31.0,62.3,492.0,2026-07-29,2026-12-03,2024-11-06T02:24:27
34a02f6c-83c5-4f49-9d62-0761c17e248e,6eedfe80-e252-41dc-b1b8-39024620b180,Bomag BW 213 Compactor,Bomag BW 213,Compactor,Compactor-Medium,COM-IE180ZB,2022,available,86.0,497.11,62.14,14.611311,75.614552,690.8,296.6,15.3,,104.0,2026-07-29,2026-10-21,2024-01-09T01:14:17
c16b1e3c-0152-46ac-aa49-0cd02ecf9eb6,6eedfe80-e252-41dc-b1b8-39024620b180,Hamm HD 120 Compactor,Hamm HD 120,Compactor,Compactor-Large,COM-OY751DI,2024,rented,99.8,1049.42,131.18,14.652777,74.968014,4135.8,250.7,19.3,,122.0,2026-07-29,2026-11-06,2026-02-09T03:23:16
0aa11de9-1db1-4eae-a9b5-d924abe9c2a2,8a0a9a5b-97fe-47c2-b856-40dfcd3620a9,Liebherr LTM 1100 Crane,Liebherr LTM 1100,Crane,Crane-Small,CRA-YN573VG,2018,available,100.0,3645.29,455.66,22.060916,83.361782,1736.3,448.6,39.9,183.0,411.0,2026-07-29,2026-12-10,2024-04-12T20:59:29
9e63695f-0c10-4a4b-a2e3-87826df60aaa,8a0a9a5b-97fe-47c2-b856-40dfcd3620a9,MTU 12V4000 Generator,MTU 12V4000,Generator,Generator-Small,GEN-BL916AZ,2022,available,72.8,1063.28,132.91,21.338903,84.099486,2355.9,424.5,6.5,,172.0,2026-07-29,2026-09-01,2024-10-31T19:09:33
36c9eddd-1e7f-455d-9179-0ddfff792ce4,6df896d4-0bf0-427a-bb13-fd7605254905,Toyota 8FGU25 Forklift,Toyota 8FGU25,Forklift,Forklift-Large,FOR-DV661UA,2019,available,86.2,762.43,95.3,17.535816,86.92553,12533.8,89.2,6.6,6.9,65.0,2026-07-29,2027-01-23,2025-01-22T10:06:44
076c8545-0d85-4f86-a808-068d13b09c31,bd3c8cdc-1cdf-4941-9911-3baa9ca8e01d,Dynapac CA3500 Compactor,Dynapac CA3500,Compactor,Compactor-Medium,COM-MT706RN,2023,available,100.0,638.04,79.75,12.99436,86.181527,2130.0,331.0,16.4,,176.0,2026-07-29,2026-11-20,2025-07-14T22:16:11
7b52a643-7d48-4552-86a7-b3637d5ba953,6eedfe80-e252-41dc-b1b8-39024620b180,Volvo A40 Dump Truck,Volvo A40,Dump Truck,Dump Truck-Small,DUM-NO517JZ,2019,available,94.1,1989.35,248.67,14.095476,75.241412,3888.9,640.0,30.1,49.4,497.0,2026-07-29,2026-10-26,2024-03-12T15:41:19
9d8ec58a-ad14-4ada-9df4-0b91356ed4d8,bd3c8cdc-1cdf-4941-9911-3baa9ca8e01d,CAT CS56 Compactor,CAT CS56,Compactor,Compactor-Large,COM-QK182RJ,2023,available,88.3,1078.44,134.81,13.269302,86.325322,2228.0,201.7,17.5,,176.0,2026-07-29,2026-10-14,2026-05-08T09:30:59
217a5a50-7fdb-4284-8663-384394b4b579,435422c3-08e5-4ecd-b663-9e664da0afaa,Perkins 4008 Generator,Perkins 4008,Generator,Generator-Small,GEN-HY781BX,2024,rented,44.8,1351.98,169.0,24.208237,81.848187,1094.1,334.6,7.8,,454.0,2026-07-29,2027-01-09,2025-06-21T15:30:13
9c26a700-488b-44d2-94bd-b0f5f5d71388,8a0a9a5b-97fe-47c2-b856-40dfcd3620a9,Manitowoc 999 Crane,Manitowoc 999,Crane,Crane-Small,CRA-II668TW,2018,available,100.0,3668.56,458.57,21.473333,83.915286,9.7,437.2,59.4,122.1,411.0,2026-07-29,2026-11-28,2026-02-09T21:28:16
c0075737-9138-41a1-851e-1878369ef8cc,6eedfe80-e252-41dc-b1b8-39024620b180,Komatsu D65 Bulldozer,Komatsu D65,Bulldozer,Bulldozer-Large,BUL-TV013BM,2015,rented,66.7,1105.61,138.2,14.482896,75.439287,3641.5,580.6,18.6,,281.0,2026-07-29,2026-09-10,2023-08-07T22:09:48
25ed9c6c-50c1-4aed-a7cb-50562f4ffc7f,8a0a9a5b-97fe-47c2-b856-40dfcd3620a9,John Deere 850K Bulldozer,John Deere 850K,Bulldozer,Bulldozer-Medium,BUL-XU917IB,2016,rented,88.4,2034.54,254.32,21.558039,83.268542,4662.2,498.5,29.7,,222.0,2026-07-29,2026-08-31,2025-09-14T02:17:41
f2bac680-a9dc-420e-a636-9aaa6c9d3dae,8a0a9a5b-97fe-47c2-b856-40dfcd3620a9,MTU 12V4000 Generator,MTU 12V4000,Generator,Generator-Medium,GEN-BU950YE,2020,transit,92.3,1498.02,187.25,22.050953,83.763654,3991.6,326.4,7.1,,414.0,2026-07-29,2026-10-14,2025-11-15T16:25:44
a0da5a7c-f919-4b54-a421-ff8cb1c664c5,bd3c8cdc-1cdf-4941-9911-3baa9ca8e01d,CAT C15 Generator,CAT C15,Generator,Generator-Large,GEN-BY915GY,2016,available,72.4,1005.32,125.67,12.613814,85.854877,2545.0,300.4,2.2,,110.0,2026-07-29,2026-12-08,2024-10-16T14:46:30
7d745603-179b-4273-bbc0-e1e6fa47306b,bd3c8cdc-1cdf-4941-9911-3baa9ca8e01d,CAT 330 Excavator,CAT 330,Excavator,Excavator-Small,EXC-WH788EG,2017,maintenance,94.3,2399.15,299.89,12.688635,85.922299,1064.6,561.8,36.8,18.7,311.0,2026-07-29,2027-01-19,2023-12-10T00:40:46
e1fd70f6-627d-4e4b-83eb-9cdc932452ed,6eedfe80-e252-41dc-b1b8-39024620b180,Liebherr LTM 1100 Crane,Liebherr LTM 1100,Crane,Crane-Large,CRA-YI499GI,2023,rented,77.6,4053.28,506.66,14.761811,74.998826,1722.6,644.1,36.8,162.7,414.0,2026-07-29,2026-12-12,2025-10-13T05:38:14
c896ecf9-b9f5-46c4-9996-3f1f554699d7,8a0a9a5b-97fe-47c2-b856-40dfcd3620a9,Link-Belt TCC-750 Crane,Link-Belt TCC-750,Crane,Crane-Large,CRA-FN427BS,2022,available,100.0,2487.65,310.96,21.379546,83.368068,176.2,762.5,42.5,90.8,440.0,2026-07-29,2026-12-19,2025-03-30T02:33:34
2eb8d1d6-dd78-4042-aa8a-6baa498412c4,6eedfe80-e252-41dc-b1b8-39024620b180,Hyster H80FT Forklift,Hyster H80FT,Forklift,Forklift-Large,FOR-LE300HV,2024,rented,77.7,237.59,29.7,14.902735,74.979163,102.6,117.3,5.1,4.1,113.0,2026-07-29,2026-09-12,2023-09-04T10:23:59
ba46cbe8-e8ea-42e3-9f36-d94f02e45d49,6df896d4-0bf0-427a-bb13-fd7605254905,CAT 966 Loader,CAT 966,Loader,Loader-Small,LOA-AR851ZG,2018,rented,66.8,1658.56,207.32,17.88609,87.588583,410.9,446.9,24.4,17.4,317.0,2026-07-29,2026-11-03,2023-12-27T22:32:05
8a49cc71-9105-44fb-aaa2-87468d31f619,6df896d4-0bf0-427a-bb13-fd7605254905,Tadano GR-1000 Crane,Tadano GR-1000,Crane,Crane-Medium,CRA-KK080TV,2023,available,69.6,4814.63,601.83,18.459998,86.94373,1107.5,408.8,66.0,112.7,272.0,2026-07-29,2026-09-16,2026-07-03T17:13:34
5642a992-bebb-41f3-a1d4-3bb12ba707ce,435422c3-08e5-4ecd-b663-9e664da0afaa,MTU 12V4000 Generator,MTU 12V4000,Generator,Generator-Large,GEN-FH802RK,2019,available,62.0,1167.38,145.92,23.279571,82.187712,5901.3,363.1,2.7,,283.0,2026-07-29,2026-09-05,2025-08-19T12:28:53
584e190b-7f62-4ff7-907a-d13964aa2c8f,bd3c8cdc-1cdf-4941-9911-3baa9ca8e01d,Komatsu HM400 Dump Truck,Komatsu HM400,Dump Truck,Dump Truck-Large,DUM-VR092AD,2016,maintenance,71.3,1546.27,193.28,12.97477,85.554915,1591.9,553.8,45.2,46.1,360.0,2026-07-29,2026-10-26,2025-01-26T06:51:22
2773ef9f-ae14-4f4d-bb2c-52b34e45a83d,435422c3-08e5-4ecd-b663-9e664da0afaa,Link-Belt TCC-750 Crane,Link-Belt TCC-750,Crane,Crane-Small,CRA-KA017NO,2016,available,100.0,2655.75,331.97,23.968655,81.999263,539.9,482.0,73.9,181.9,468.0,2026-07-29,2027-01-14,2024-02-07T18:23:00
04282037-65b0-44dd-8e2f-73c14e494cda,8a0a9a5b-97fe-47c2-b856-40dfcd3620a9,CAT 770 Dump Truck,CAT 770,Dump Truck,Dump Truck-Medium,DUM-DV056FN,2016,available,91.2,1347.16,168.4,21.223314,83.777869,2321.1,646.6,34.5,57.1,543.0,2026-07-29,2026-09-12,2025-07-02T02:45:36
2be59483-10b7-4e21-b720-b10876783841,6eedfe80-e252-41dc-b1b8-39024620b180,Komatsu HM400 Dump Truck,Komatsu HM400,Dump Truck,Dump Truck-Large,DUM-AH404FC,2016,rented,76.8,1106.05,138.26,14.638973,75.035759,970.7,669.1,38.0,45.7,462.0,2026-07-29,2026-12-25,2024-05-30T00:41:22
4f13b177-7a7a-40e6-bec3-6d41ae7f283a,8a0a9a5b-97fe-47c2-b856-40dfcd3620a9,Hyster H80FT Forklift,Hyster H80FT,Forklift,Forklift-Small,FOR-PX757HI,2023,available,74.0,284.43,35.55,21.319856,83.305314,12317.1,142.6,6.3,2.9,81.0,2026-07-29,2027-01-13,2024-07-24T02:42:25
ef023ed0-6345-4dfd-91cf-264ae49d47f0,8a0a9a5b-97fe-47c2-b856-40dfcd3620a9,Komatsu PC200 Excavator,Komatsu PC200,Excavator,Excavator-Small,EXC-DW826WK,2020,available,85.3,1343.43,167.93,22.106256,83.606448,4038.1,336.7,34.5,21.5,349.0,2026-07-29,2026-10-31,2024-07-19T01:54:21
028c27db-b2f0-4ab0-bd73-8f72de255e77,8a0a9a5b-97fe-47c2-b856-40dfcd3620a9,CAT 336 Excavator,CAT 336,Excavator,Excavator-Small,EXC-EL415BM,2024,rented,83.8,849.92,106.24,21.940798,83.330842,292.9,413.7,39.5,21.7,209.0,2026-07-29,2026-09-07,2025-07-18T01:29:14
c434975b-7e94-456a-94ca-57a4819e0e72,6df896d4-0bf0-427a-bb13-fd7605254905,MTU 12V4000 Generator,MTU 12V4000,Generator,Generator-Medium,GEN-KZ871BC,2019,retired,66.4,865.4,108.17,18.314279,87.21998,1132.2,307.3,6.0,,431.0,2026-07-29,2026-10-13,2026-04-26T19:43:25
360a96f9-887b-43ee-9b95-b432d1850af8,6df896d4-0bf0-427a-bb13-fd7605254905,CAT C15 Generator,CAT C15,Generator,Generator-Medium,GEN-NF255AS,2022,available,90.6,587.85,73.48,17.634614,87.108656,318.2,335.1,8.0,,360.0,2026-07-29,2026-11-25,2025-12-05T08:46:24
5db396a8-9563-450f-b718-8a2af4a5c278,bd3c8cdc-1cdf-4941-9911-3baa9ca8e01d,CAT 966 Loader,CAT 966,Loader,Loader-Medium,LOA-BP845HX,2020,rented,86.2,1360.97,170.12,12.555603,86.16882,11604.7,331.3,25.3,11.0,204.0,2026-07-29,2026-12-11,2025-03-04T08:53:18
0c312c42-76c0-4fd5-a0c3-c394c5555555,6eedfe80-e252-41dc-b1b8-39024620b180,CAT DP50 Forklift,CAT DP50,Forklift,Forklift-Medium,FOR-YJ735PQ,2022,available,91.0,416.23,52.03,14.064803,75.603073,728.2,108.6,6.8,7.4,66.0,2026-07-29,2026-09-19,2024-11-16T14:26:35
e3540d48-62ca-4f91-b4b8-6c2922c8c5bb,435422c3-08e5-4ecd-b663-9e664da0afaa,Volvo L120 Loader,Volvo L120,Loader,Loader-Large,LOA-WO684NR,2023,rented,72.3,1688.63,211.08,23.882635,82.040318,904.5,277.7,21.7,16.9,301.0,2026-07-29,2026-08-28,2025-09-12T16:55:58
a7037454-abe4-4fbb-9b42-86d1f7928404,bd3c8cdc-1cdf-4941-9911-3baa9ca8e01d,MTU 12V4000 Generator,MTU 12V4000,Generator,Generator-Large,GEN-RR629EE,2015,available,75.2,1187.88,148.49,13.347415,85.772679,128.8,457.5,4.3,,464.0,2026-07-29,2026-10-15,2025-05-21T22:02:21
d6b2dfcb-c3bf-426d-8204-3a05fc007a3c,bd3c8cdc-1cdf-4941-9911-3baa9ca8e01d,MTU 12V4000 Generator,MTU 12V4000,Generator,Generator-Small,GEN-PG098OK,2015,available,63.9,1455.37,181.92,13.156009,85.797393,54.5,448.8,4.3,,449.0,2026-07-29,2026-10-19,2023-09-03T15:31:36
d7510823-5557-4eac-845c-6f4030784241,6eedfe80-e252-41dc-b1b8-39024620b180,Komatsu HM400 Dump Truck,Komatsu HM400,Dump Truck,Dump Truck-Large,DUM-AK963CR,2022,available,79.3,1771.9,221.49,14.070539,75.066269,1001.5,619.1,40.0,32.3,525.0,2026-07-29,2026-09-28,2024-06-05T10:23:02
47665766-7fef-4c04-bbf4-9c08b872b5b5,6eedfe80-e252-41dc-b1b8-39024620b180,Tadano GR-1000 Crane,Tadano GR-1000,Crane,Crane-Medium,CRA-PS010KO,2019,available,69.3,4961.6,620.2,14.622474,75.371235,1248.4,735.3,44.3,114.4,317.0,2026-07-29,2027-01-16,2026-04-02T08:58:20
bc90d5e7-ae38-4e79-9fc0-c57a30f96651,8a0a9a5b-97fe-47c2-b856-40dfcd3620a9,CAT 966 Loader,CAT 966,Loader,Loader-Large,LOA-JI630PT,2016,maintenance,64.1,1691.55,211.44,21.78704,83.950376,295.7,469.7,23.6,17.8,240.0,2026-07-29,2026-12-24,2024-06-10T09:08:00
98b237f2-21f1-44b2-926d-a40d7086ae19,6eedfe80-e252-41dc-b1b8-39024620b180,John Deere 850K Bulldozer,John Deere 850K,Bulldozer,Bulldozer-Medium,BUL-UZ398CI,2019,rented,81.6,1681.63,210.2,14.161123,75.0105,443.8,684.4,30.0,,397.0,2026-07-29,2027-01-05,2025-04-29T17:43:59
e3e0542c-edff-458e-babf-076f42ac3d26,435422c3-08e5-4ecd-b663-9e664da0afaa,MTU 12V4000 Generator,MTU 12V4000,Generator,Generator-Medium,GEN-FS945TQ,2018,rented,72.6,1464.92,183.12,23.474579,81.751446,4635.9,341.9,9.9,,208.0,2026-07-29,2026-12-22,2024-11-01T22:51:25
5ae99346-70e5-4ecd-a761-37fc492ec014,bd3c8cdc-1cdf-4941-9911-3baa9ca8e01d,Tadano GR-1000 Crane,Tadano GR-1000,Crane,Crane-Medium,CRA-AT260GX,2016,rented,70.5,1659.77,207.47,12.569362,85.769456,1918.8,788.6,46.6,122.3,299.0,2026-07-29,2026-11-06,2026-02-28T08:40:50
bb0fe6b8-0fe1-460a-9f6a-a46d0e37c137,8a0a9a5b-97fe-47c2-b856-40dfcd3620a9,Hamm HD 120 Compactor,Hamm HD 120,Compactor,Compactor-Large,COM-PC717UW,2015,rented,79.2,406.13,50.77,21.336909,83.15781,16.6,216.2,13.4,,180.0,2026-07-29,2026-11-08,2025-02-07T10:55:36
7c644664-aee1-4c28-8215-5c3573b6933f,8a0a9a5b-97fe-47c2-b856-40dfcd3620a9,Cummins QSX15 Generator,Cummins QSX15,Generator,Generator-Medium,GEN-TI171WT,2022,available,56.1,1418.1,177.26,21.514855,83.208182,1042.2,385.1,2.9,,238.0,2026-07-29,2027-01-12,2026-02-03T08:27:21
be89a59d-5eb8-497f-a10f-fafd276fc398,bd3c8cdc-1cdf-4941-9911-3baa9ca8e01d,Yale GLP060VX Forklift,Yale GLP060VX,Forklift,Forklift-Small,FOR-KT856XF,2020,retired,72.0,453.1,56.64,12.840359,86.400253,1505.5,130.0,6.0,3.9,108.0,2026-07-29,2026-10-15,2026-02-06T03:09:45
d8625e97-dedf-4e3d-99e7-c89de008c037,6eedfe80-e252-41dc-b1b8-39024620b180,Toyota 8FGU25 Forklift,Toyota 8FGU25,Forklift,Forklift-Medium,FOR-KN887OF,2021,available,68.2,201.26,25.16,14.71387,75.669506,5960.7,82.8,7.4,3.5,97.0,2026-07-29,2026-09-08,2025-05-11T15:09:52
9b63fbf7-b54f-4b89-baf2-9ef56f3a28c8,bd3c8cdc-1cdf-4941-9911-3baa9ca8e01d,Yale GLP060VX Forklift,Yale GLP060VX,Forklift,Forklift-Small,FOR-ER634NK,2017,transit,74.8,242.6,30.32,12.509518,85.847413,4173.1,145.9,6.3,6.1,75.0,2026-07-29,2027-01-01,2025-08-01T16:26:39
ba5033b1-3a46-463d-b0a5-c4d5b24a7271,bd3c8cdc-1cdf-4941-9911-3baa9ca8e01d,CAT CS56 Compactor,CAT CS56,Compactor,Compactor-Medium,COM-CL799BK,2022,available,63.2,1130.63,141.33,13.041911,86.366341,3032.6,308.6,11.2,,190.0,2026-07-29,2026-09-22,2026-04-24T04:49:49
57c7795e-6fcf-4160-bc8c-b96d21cbee0b,6df896d4-0bf0-427a-bb13-fd7605254905,CAT 330 Excavator,CAT 330,Excavator,Excavator-Medium,EXC-OB349MQ,2021,available,86.4,1563.05,195.38,17.577034,87.160084,2281.0,573.0,36.2,19.3,243.0,2026-07-29,2026-10-06,2024-11-24T01:04:17
e84407b2-d536-491d-a2b0-40d25cf3973c,6eedfe80-e252-41dc-b1b8-39024620b180,Dynapac CA3500 Compactor,Dynapac CA3500,Compactor,Compactor-Large,COM-HB852SE,2016,maintenance,91.8,723.12,90.39,14.073913,75.382452,5728.4,329.3,15.9,,123.0,2026-07-29,2026-11-20,2026-05-25T03:54:56
f8749ec0-d851-455c-83eb-60e4d29f6514,435422c3-08e5-4ecd-b663-9e664da0afaa,Hyster H80FT Forklift,Hyster H80FT,Forklift,Forklift-Small,FOR-KR979LA,2022,available,50.7,422.7,52.84,23.812977,82.185463,2618.2,128.2,4.9,3.0,80.0,2026-07-29,2027-01-13,2025-06-14T11:48:53
9522cc74-7330-47e0-bbb8-9b4e4146c7ee,435422c3-08e5-4ecd-b663-9e664da0afaa,Manitowoc 999 Crane,Manitowoc 999,Crane,Crane-Small,CRA-LW647RL,2018,available,67.6,2689.19,336.15,23.729142,81.858787,8792.3,402.7,49.3,168.8,399.0,2026-07-29,2026-09-20,2025-03-17T08:11:13
8e7ae8fd-f5b7-47d4-81a5-ec025a3a8869,6eedfe80-e252-41dc-b1b8-39024620b180,Volvo L120 Loader,Volvo L120,Loader,Loader-Small,LOA-ET830QW,2017,maintenance,59.5,1144.8,143.1,14.684572,74.980471,13277.6,371.4,15.4,17.6,315.0,2026-07-29,2026-11-12,2024-02-29T16:24:56
f0121863-a9db-450f-87c7-7ceb72d128e3,6df896d4-0bf0-427a-bb13-fd7605254905,CAT CS56 Compactor,CAT CS56,Compactor,Compactor-Small,COM-HD731YB,2019,available,69.1,710.39,88.8,17.652667,86.784067,94.3,313.4,14.6,,129.0,2026-07-29,2026-11-27,2024-04-07T08:51:22
3e3019fa-a267-4d7f-bb15-663440ce03d0,bd3c8cdc-1cdf-4941-9911-3baa9ca8e01d,Link-Belt TCC-750 Crane,Link-Belt TCC-750,Crane,Crane-Small,CRA-ZD672OO,2024,available,76.6,3610.3,451.29,13.256045,86.476655,6578.6,515.4,78.1,108.4,346.0,2026-07-29,2026-10-13,2024-10-01T12:53:03
1b7b60bf-0ac4-49da-966a-5a98b83418e1,435422c3-08e5-4ecd-b663-9e664da0afaa,Toyota 8FGU25 Forklift,Toyota 8FGU25,Forklift,Forklift-Medium,FOR-WE560GW,2022,available,81.4,525.02,65.63,23.973805,82.313527,2420.4,110.8,4.5,3.6,64.0,2026-07-29,2027-01-24,2024-08-09T19:09:30
de6f35a4-8918-4ceb-8c5d-a5f7f38dacd2,6eedfe80-e252-41dc-b1b8-39024620b180,Komatsu HM400 Dump Truck,Komatsu HM400,Dump Truck,Dump Truck-Medium,DUM-QD978MC,2019,maintenance,48.3,880.96,110.12,14.440342,75.466152,2605.8,546.7,35.0,64.8,526.0,2026-07-29,2026-08-30,2025-05-05T06:30:39
cbf00e30-696a-43bb-bd02-c3a3847cc39c,6eedfe80-e252-41dc-b1b8-39024620b180,CAT 770 Dump Truck,CAT 770,Dump Truck,Dump Truck-Large,DUM-EJ822XW,2016,maintenance,89.2,1213.68,151.71,14.035758,75.315464,674.4,562.9,30.7,63.7,532.0,2026-07-29,2026-12-19,2023-11-25T00:00:28
f3f8dec1-94d5-4487-8e31-a079ec435a94,bd3c8cdc-1cdf-4941-9911-3baa9ca8e01d,Komatsu HM400 Dump Truck,Komatsu HM400,Dump Truck,Dump Truck-Small,DUM-FG753UW,2019,rented,72.6,1058.5,132.31,13.306429,86.436684,4742.7,444.6,36.6,64.3,447.0,2026-07-29,2026-12-22,2026-01-21T07:38:47
7a484d66-c096-48a2-b5ca-78f101e878b5,6eedfe80-e252-41dc-b1b8-39024620b180,Yale GLP060VX Forklift,Yale GLP060VX,Forklift,Forklift-Medium,FOR-LC101EK,2016,available,82.2,657.08,82.14,14.382839,75.351193,681.5,114.5,5.9,7.2,119.0,2026-07-29,2026-10-27,2025-02-07T05:54:11
7bf4bee1-2430-439e-b790-26268f6ade58,8a0a9a5b-97fe-47c2-b856-40dfcd3620a9,Volvo A40 Dump Truck,Volvo A40,Dump Truck,Dump Truck-Large,DUM-VV930SX,2015,available,84.2,960.62,120.08,21.227104,83.975051,9373.9,531.7,46.2,61.3,362.0,2026-07-29,2026-12-07,2025-01-17T15:51:41
f7350500-fe8a-474d-8cfb-b541aa2bca3c,435422c3-08e5-4ecd-b663-9e664da0afaa,Volvo EC220 Excavator,Volvo EC220,Excavator,Excavator-Small,EXC-JR735YS,2022,rented,100.0,1175.27,146.91,23.945933,82.242473,10677.0,578.8,20.6,32.4,255.0,2026-07-29,2026-11-09,2025-02-18T03:28:22
c48d4d39-f7d0-4924-8e75-bb6a64ece904,6eedfe80-e252-41dc-b1b8-39024620b180,Bomag BW 213 Compactor,Bomag BW 213,Compactor,Compactor-Large,COM-HS881QT,2018,rented,64.6,407.09,50.89,14.994119,75.516739,9471.1,324.3,12.9,,101.0,2026-07-29,2026-10-31,2025-03-21T01:29:51
5c29d236-4463-4b2f-a1d6-4d3174be2073,435422c3-08e5-4ecd-b663-9e664da0afaa,CAT D6 Bulldozer,CAT D6,Bulldozer,Bulldozer-Small,BUL-ES555ND,2015,rented,67.7,1285.7,160.71,23.965331,82.2488,4046.7,597.6,38.7,,411.0,2026-07-29,2026-11-15,2024-04-06T22:19:04
f6efd6c6-f920-4a49-a686-816b436f93d6,8a0a9a5b-97fe-47c2-b856-40dfcd3620a9,Bomag BW 213 Compactor,Bomag BW 213,Compactor,Compactor-Medium,COM-GP744HH,2016,available,63.6,419.6,52.45,21.423977,83.670219,3488.6,294.8,15.8,,170.0,2026-07-29,2026-11-11,2025-07-25T04:17:39
7b26b146-0b8b-4b6f-a925-7226c0054069,435422c3-08e5-4ecd-b663-9e664da0afaa,CAT D8 Bulldozer,CAT D8,Bulldozer,Bulldozer-Medium,BUL-RF349QU,2017,maintenance,92.6,2363.5,295.44,23.324835,82.321951,6096.4,472.7,30.9,,236.0,2026-07-29,2027-01-13,2024-05-11T16:41:41
230650f2-7517-458c-9b85-c1f3b5badf91,8a0a9a5b-97fe-47c2-b856-40dfcd3620a9,CAT 770 Dump Truck,CAT 770,Dump Truck,Dump Truck-Medium,DUM-SV834VF,2019,transit,66.5,1908.0,238.5,21.522943,84.0272,4881.0,496.4,36.9,37.9,478.0,2026-07-29,2026-12-29,2025-03-16T18:39:43
78ab9fb2-0716-480a-9bad-035613f3b28e,435422c3-08e5-4ecd-b663-9e664da0afaa,CAT CS56 Compactor,CAT CS56,Compactor,Compactor-Small,COM-MD740GL,2022,available,63.9,918.25,114.78,23.334824,82.368536,1328.6,275.5,14.5,,159.0,2026-07-29,2026-09-16,2024-07-25T05:39:45
7b56dc04-e766-4ebb-8a09-abd5a2b0d99f,6df896d4-0bf0-427a-bb13-fd7605254905,Hyster H80FT Forklift,Hyster H80FT,Forklift,Forklift-Large,FOR-PX538QO,2016,available,54.5,373.98,46.75,18.055931,86.880669,1083.7,144.2,6.6,4.4,61.0,2026-07-29,2026-12-07,2025-03-06T06:52:42
30c0e668-7f1d-4cb6-be47-028c51896cb2,6eedfe80-e252-41dc-b1b8-39024620b180,Volvo L120 Loader,Volvo L120,Loader,Loader-Large,LOA-GI163PA,2020,rented,74.7,1498.37,187.3,14.313885,74.840053,167.6,377.8,15.7,14.1,279.0,2026-07-29,2026-11-03,2025-09-07T18:01:17
72c74929-fcc0-4e62-b81a-69e7d712dc30,6eedfe80-e252-41dc-b1b8-39024620b180,CAT CS56 Compactor,CAT CS56,Compactor,Compactor-Large,COM-EA899PG,2018,available,90.4,481.51,60.19,14.356532,75.110311,1140.6,326.4,13.1,,179.0,2026-07-29,2026-12-26,2023-10-22T17:04:58
38f9ff9c-c99e-4a6d-8c84-69f47f0d7c55,435422c3-08e5-4ecd-b663-9e664da0afaa,Bomag BW 213 Compactor,Bomag BW 213,Compactor,Compactor-Medium,COM-QK577HK,2016,maintenance,65.0,1149.06,143.63,23.887043,81.5959,1421.1,206.3,15.6,,193.0,2026-07-29,2026-12-24,2025-03-02T08:49:25
914f974b-1a14-4400-a630-5228c6c8979e,8a0a9a5b-97fe-47c2-b856-40dfcd3620a9,CAT DP50 Forklift,CAT DP50,Forklift,Forklift-Medium,FOR-KW814GG,2017,maintenance,71.8,309.68,38.71,21.396279,83.25069,6250.6,127.3,7.7,3.6,83.0,2026-07-29,2026-09-08,2024-05-12T18:23:57
45418852-2841-45b8-993c-98fa0322df4c,8a0a9a5b-97fe-47c2-b856-40dfcd3620a9,CAT C15 Generator,CAT C15,Generator,Generator-Small,GEN-CY983IB,2016,maintenance,68.9,898.28,112.28,21.50296,83.986909,332.2,342.8,2.9,,354.0,2026-07-29,2026-10-27,2025-05-02T01:05:12
c2cb93cd-ef91-41d5-804b-e127e14d401f,8a0a9a5b-97fe-47c2-b856-40dfcd3620a9,Yale GLP060VX Forklift,Yale GLP060VX,Forklift,Forklift-Large,FOR-FZ355CN,2020,available,73.7,449.48,56.19,21.837494,83.492251,2409.4,140.9,6.7,5.9,106.0,2026-07-29,2027-01-13,2026-06-03T02:34:41
1b648b73-4d61-4583-9733-c63854f6e8bc,6eedfe80-e252-41dc-b1b8-39024620b180,John Deere 850K Bulldozer,John Deere 850K,Bulldozer,Bulldozer-Medium,BUL-QG983NO,2016,rented,82.9,2303.28,287.91,14.734895,75.155545,440.6,593.4,28.7,,378.0,2026-07-29,2026-12-31,2023-08-13T16:32:42
1cc3d635-aefe-4faf-93c9-ab1eec036b0a,6eedfe80-e252-41dc-b1b8-39024620b180,CAT 336 Excavator,CAT 336,Excavator,Excavator-Small,EXC-CC688JB,2018,available,79.7,2129.43,266.18,14.540104,74.939785,5200.1,506.4,24.8,33.2,318.0,2026-07-29,2026-12-19,2026-01-19T21:01:39
cb415840-0767-41a7-9e53-940076a20c84,8a0a9a5b-97fe-47c2-b856-40dfcd3620a9,CAT CS56 Compactor,CAT CS56,Compactor,Compactor-Large,COM-DV470PC,2020,maintenance,73.3,988.96,123.62,21.448083,84.027155,95.8,240.0,17.2,,188.0,2026-07-29,2027-01-14,2026-03-12T16:02:19
88d7e337-41aa-4812-844b-378d2431f882,6df896d4-0bf0-427a-bb13-fd7605254905,CAT CS56 Compactor,CAT CS56,Compactor,Compactor-Small,COM-UE781LM,2021,available,74.0,575.84,71.98,17.62416,87.617845,932.9,286.3,10.8,,138.0,2026-07-29,2026-11-06,2025-05-02T07:32:18
a9e38bd8-e35b-4740-b5c2-b93b3a27b433,6eedfe80-e252-41dc-b1b8-39024620b180,CAT C15 Generator,CAT C15,Generator,Generator-Medium,GEN-IE324WS,2018,available,100.0,698.52,87.31,14.338102,75.578945,1715.5,267.0,7.1,,328.0,2026-07-29,2026-09-02,2025-09-13T07:13:58
abe2f647-9c83-4219-b21e-d12d64d78f73,435422c3-08e5-4ecd-b663-9e664da0afaa,Tadano GR-1000 Crane,Tadano GR-1000,Crane,Crane-Large,CRA-PY833BJ,2024,available,83.3,4404.17,550.52,23.81805,81.771021,2375.3,482.8,37.6,184.9,428.0,2026-07-29,2026-10-19,2025-06-29T14:21:32
41cb35e1-5085-4091-95b7-1fb9522f7a08,6df896d4-0bf0-427a-bb13-fd7605254905,Tadano GR-1000 Crane,Tadano GR-1000,Crane,Crane-Large,CRA-HB048AG,2018,rented,89.5,1709.01,213.63,18.164284,87.342924,1923.9,796.1,42.0,129.6,413.0,2026-07-29,2026-11-20,2026-04-25T12:48:57
64da132c-25da-4c0a-9389-d185cb4c0ecc,bd3c8cdc-1cdf-4941-9911-3baa9ca8e01d,CAT 336 Excavator,CAT 336,Excavator,Excavator-Small,EXC-XF439HG,2017,available,87.9,2323.33,290.42,13.276532,85.807789,2900.7,382.9,39.6,25.5,331.0,2026-07-29,2026-09-30,2024-11-21T21:17:31
bb7743e5-e6a4-4456-b11e-b3eaaa5202b1,435422c3-08e5-4ecd-b663-9e664da0afaa,CAT 950 Loader,CAT 950,Loader,Loader-Small,LOA-KD617KP,2017,available,65.0,1700.98,212.62,23.502408,81.949865,1270.2,472.5,25.6,10.9,201.0,2026-07-29,2026-08-31,2026-01-05T05:35:56
60bd7bca-1222-4895-9831-63ce2ac7cfe8,435422c3-08e5-4ecd-b663-9e664da0afaa,CAT CS56 Compactor,CAT CS56,Compactor,Compactor-Large,COM-AM385EE,2017,available,76.5,1008.87,126.11,23.566171,82.428948,1078.3,344.3,16.2,,193.0,2026-07-29,2026-11-03,2024-02-09T18:15:57
ea5a8568-841c-4fe4-9e7f-ce0814f895b1,6df896d4-0bf0-427a-bb13-fd7605254905,CAT DP50 Forklift,CAT DP50,Forklift,Forklift-Medium,FOR-WM945KC,2016,available,69.8,226.34,28.29,17.658392,87.206257,1701.2,94.6,3.2,7.1,119.0,2026-07-29,2026-12-27,2024-06-11T16:38:59
d0c23b9c-6b14-4725-a4d2-11a696255f20,bd3c8cdc-1cdf-4941-9911-3baa9ca8e01d,Volvo L120 Loader,Volvo L120,Loader,Loader-Small,LOA-SB933IN,2023,maintenance,78.7,1124.4,140.55,13.022899,85.565724,901.5,405.6,29.7,12.9,291.0,2026-07-29,2026-10-23,2025-10-26T22:41:11
fb8e252b-b60a-4ca7-93ef-511390a4a69b,8a0a9a5b-97fe-47c2-b856-40dfcd3620a9,Komatsu HM400 Dump Truck,Komatsu HM400,Dump Truck,Dump Truck-Medium,DUM-CX696WL,2015,retired,83.0,1377.9,172.24,22.095148,83.878399,9666.8,448.5,36.9,55.1,399.0,2026-07-29,2026-09-12,2025-01-21T20:09:55
ca7dd2bf-29f2-4101-8195-169b7fad2b90,435422c3-08e5-4ecd-b663-9e664da0afaa,CAT DP50 Forklift,CAT DP50,Forklift,Forklift-Small,FOR-JI529VN,2022,available,81.5,499.34,62.42,23.224006,81.488915,4430.3,105.0,7.6,3.4,94.0,2026-07-29,2026-12-19,2026-01-27T19:24:50
4f34ffa7-ace4-4f0b-9d42-9f6c63de233b,6eedfe80-e252-41dc-b1b8-39024620b180,Bomag BW 213 Compactor,Bomag BW 213,Compactor,Compactor-Large,COM-XL726KL,2016,available,60.0,476.32,59.54,14.425,74.869088,3915.4,272.1,16.6,,112.0,2026-07-29,2026-09-29,2023-12-01T23:59:39
bd8a6a23-7708-4053-a7fd-05e7c8f03798,bd3c8cdc-1cdf-4941-9911-3baa9ca8e01d,Dynapac CA3500 Compactor,Dynapac CA3500,Compactor,Compactor-Large,COM-ES244TJ,2024,available,77.9,785.24,98.16,13.064782,85.583364,2156.8,204.9,10.6,,144.0,2026-07-29,2027-01-10,2025-05-22T14:15:14
d7a5d25c-f62d-4c8b-93eb-b9c95a477694,6eedfe80-e252-41dc-b1b8-39024620b180,CAT DP50 Forklift,CAT DP50,Forklift,Forklift-Small,FOR-ZO320TR,2016,rented,87.2,431.79,53.97,14.570139,75.255522,14655.6,139.3,7.5,7.3,118.0,2026-07-29,2027-01-16,2023-09-13T19:20:27
aa86ae3f-9268-4b77-87ec-6c368c37f7b0,8a0a9a5b-97fe-47c2-b856-40dfcd3620a9,Yale GLP060VX Forklift,Yale GLP060VX,Forklift,Forklift-Medium,FOR-JF610AI,2018,available,81.2,770.28,96.28,21.699462,83.557703,995.9,120.6,5.6,6.6,70.0,2026-07-29,2026-12-11,2025-02-26T13:22:30
28b84260-56db-4680-a729-a993e1b6db97,435422c3-08e5-4ecd-b663-9e664da0afaa,Yale GLP060VX Forklift,Yale GLP060VX,Forklift,Forklift-Large,FOR-MS549HP,2016,available,75.2,735.53,91.94,23.631351,82.260243,8781.8,113.3,5.5,3.2,91.0,2026-07-29,2026-11-16,2023-10-08T21:41:42
85cad606-dc05-4167-a201-7e5a5c0ff018,8a0a9a5b-97fe-47c2-b856-40dfcd3620a9,Volvo A40 Dump Truck,Volvo A40,Dump Truck,Dump Truck-Small,DUM-VK957QC,2017,available,72.5,789.71,98.71,22.058625,83.628009,221.5,522.8,45.3,59.3,416.0,2026-07-29,2026-12-27,2025-11-03T04:46:00
0fe403fa-d3ba-4841-b786-20b08f190bd7,bd3c8cdc-1cdf-4941-9911-3baa9ca8e01d,Volvo L120 Loader,Volvo L120,Loader,Loader-Large,LOA-EB892FU,2016,rented,84.7,1651.06,206.38,12.968433,85.775114,493.2,356.3,15.6,11.9,287.0,2026-07-29,2026-12-01,2025-08-06T07:44:43
3cd91b5a-e33b-4f47-b44f-9f339b017282,6eedfe80-e252-41dc-b1b8-39024620b180,Volvo EC220 Excavator,Volvo EC220,Excavator,Excavator-Small,EXC-XP900BQ,2023,available,67.9,1184.41,148.05,14.300497,75.143861,10844.5,369.1,20.0,29.6,343.0,2026-07-29,2027-01-18,2023-09-26T01:32:15
3388e9b7-3e8d-462f-acca-1799519b56ff,435422c3-08e5-4ecd-b663-9e664da0afaa,Hyster H80FT Forklift,Hyster H80FT,Forklift,Forklift-Large,FOR-JX536SM,2021,transit,78.5,453.58,56.7,23.514834,81.805172,5660.0,129.9,7.1,3.1,76.0,2026-07-29,2026-09-10,2025-07-11T03:30:39
0a237b8c-0d71-4778-b797-fb586790d624,6df896d4-0bf0-427a-bb13-fd7605254905,Volvo A40 Dump Truck,Volvo A40,Dump Truck,Dump Truck-Small,DUM-YY455YE,2016,available,99.9,801.99,100.25,18.037139,87.470036,3245.4,450.2,44.5,50.4,540.0,2026-07-29,2027-01-22,2024-05-15T05:13:22
1fbdaec0-ea2a-4672-aa52-3ffdb94ed007,bd3c8cdc-1cdf-4941-9911-3baa9ca8e01d,Cummins QSX15 Generator,Cummins QSX15,Generator,Generator-Medium,GEN-IF222TM,2016,rented,52.2,655.87,81.98,13.143762,86.251647,2760.5,230.8,6.1,,304.0,2026-07-29,2026-11-25,2025-12-13T08:47:33
156019e2-56eb-40f1-b489-21a0444b207d,435422c3-08e5-4ecd-b663-9e664da0afaa,Komatsu WA320 Loader,Komatsu WA320,Loader,Loader-Large,LOA-HD271JS,2024,rented,86.0,1154.06,144.26,24.132898,82.174472,3758.7,432.2,27.9,14.1,293.0,2026-07-29,2026-10-24,2024-05-27T13:00:49
0f7d5c97-b430-406b-90e3-da526bfca28c,6eedfe80-e252-41dc-b1b8-39024620b180,Volvo EC220 Excavator,Volvo EC220,Excavator,Excavator-Large,EXC-HF809TB,2019,available,91.3,2463.49,307.94,14.852835,75.541088,1226.7,518.1,31.2,33.9,249.0,2026-07-29,2026-09-04,2024-12-03T02:57:42
523ae008-56cf-49dd-b2c2-25d09a9fc7f0,6df896d4-0bf0-427a-bb13-fd7605254905,Volvo A40 Dump Truck,Volvo A40,Dump Truck,Dump Truck-Small,DUM-GB533AA,2020,available,88.4,732.75,91.59,18.331639,86.772133,1455.3,611.1,49.3,45.3,397.0,2026-07-29,2026-08-29,2026-01-22T14:47:30
620b4e94-ec7b-4abc-8e70-f3e7fb3b8cda,bd3c8cdc-1cdf-4941-9911-3baa9ca8e01d,CAT DP50 Forklift,CAT DP50,Forklift,Forklift-Large,FOR-WE491VE,2017,available,90.7,780.22,97.53,12.481007,85.997438,2371.8,130.3,7.3,3.1,106.0,2026-07-29,2026-09-04,2024-10-23T00:56:29
207765ff-11bf-4aa6-9f0d-278560a93eee,435422c3-08e5-4ecd-b663-9e664da0afaa,Link-Belt TCC-750 Crane,Link-Belt TCC-750,Crane,Crane-Medium,CRA-BM640AT,2021,available,61.2,3854.46,481.81,24.008584,81.730345,6153.5,649.9,58.6,174.9,477.0,2026-07-29,2026-12-22,2026-07-28T12:18:20
430ede0b-bf08-4d46-87e1-b8fd96521518,8a0a9a5b-97fe-47c2-b856-40dfcd3620a9,Volvo A40 Dump Truck,Volvo A40,Dump Truck,Dump Truck-Small,DUM-LR637AP,2024,maintenance,62.8,1207.89,150.99,21.309268,83.532744,60.0,680.5,35.8,60.7,471.0,2026-07-29,2026-09-18,2024-06-15T10:22:13
8642a224-72f3-4822-bb82-8942f8a3085a,bd3c8cdc-1cdf-4941-9911-3baa9ca8e01d,CAT D6 Bulldozer,CAT D6,Bulldozer,Bulldozer-Medium,BUL-BM964LV,2016,available,100.0,1113.17,139.15,12.803259,86.437091,1212.5,592.5,36.1,,358.0,2026-07-29,2026-11-05,2025-02-01T09:21:42
56e39c99-8e5b-4b95-8676-f23869b55466,8a0a9a5b-97fe-47c2-b856-40dfcd3620a9,MTU 12V4000 Generator,MTU 12V4000,Generator,Generator-Large,GEN-IX459TT,2021,available,68.1,633.42,79.18,21.394159,83.553108,320.7,494.1,2.5,,307.0,2026-07-29,2026-11-05,2025-07-08T22:52:52
9d052e8a-eecf-4b45-87e3-ae797d253684,8a0a9a5b-97fe-47c2-b856-40dfcd3620a9,Komatsu WA320 Loader,Komatsu WA320,Loader,Loader-Large,LOA-UA317VH,2021,available,74.5,1445.47,180.68,21.540569,83.467613,4016.9,349.4,19.0,13.1,248.0,2026-07-29,2026-09-25,2026-05-28T00:28:00
3dfb90be-aaab-4750-9066-b73192721c59,6df896d4-0bf0-427a-bb13-fd7605254905,Perkins 4008 Generator,Perkins 4008,Generator,Generator-Large,GEN-DE174EQ,2015,available,64.1,1024.36,128.04,17.569621,86.836299,10376.9,485.4,4.4,,137.0,2026-07-29,2026-10-23,2026-03-11T09:34:30
3be583ce-8dbc-4aa2-938b-b5e0b630c9d7,435422c3-08e5-4ecd-b663-9e664da0afaa,CAT 320 Excavator,CAT 320,Excavator,Excavator-Small,EXC-OU675WS,2018,maintenance,100.0,1434.54,179.32,23.775563,81.930563,3650.1,501.6,31.7,25.5,200.0,2026-07-29,2026-11-13,2024-05-30T05:16:14
6b796415-a9d1-4dcf-a741-7215722556e2,8a0a9a5b-97fe-47c2-b856-40dfcd3620a9,Volvo A40 Dump Truck,Volvo A40,Dump Truck,Dump Truck-Large,DUM-IC894XF,2020,available,89.6,901.28,112.66,22.062576,83.857624,335.8,664.9,30.1,50.6,490.0,2026-07-29,2026-09-27,2024-06-07T00:27:04
e8c59ca6-861d-4ed9-a892-b645beecb81b,435422c3-08e5-4ecd-b663-9e664da0afaa,Toyota 8FGU25 Forklift,Toyota 8FGU25,Forklift,Forklift-Small,FOR-AU605AF,2017,available,87.3,763.79,95.47,23.432387,82.205603,2342.6,123.2,6.7,3.3,97.0,2026-07-29,2026-12-03,2025-05-21T06:22:12
d0b398c8-2432-42f8-a9b2-bcc5932b833e,6df896d4-0bf0-427a-bb13-fd7605254905,CAT CS56 Compactor,CAT CS56,Compactor,Compactor-Medium,COM-UD592IA,2021,available,75.6,1112.05,139.01,17.576943,87.567904,1188.2,329.2,18.2,,151.0,2026-07-29,2026-09-07,2023-07-31T06:47:03
d47be452-5f36-4432-8ea6-8ca35b1706ff,6df896d4-0bf0-427a-bb13-fd7605254905,Komatsu WA320 Loader,Komatsu WA320,Loader,Loader-Large,LOA-NC815OZ,2024,rented,82.0,1441.04,180.13,17.696667,87.414709,3332.1,454.6,15.8,23.7,184.0,2026-07-29,2026-12-15,2024-08-31T10:41:56
2d860599-e5d8-4008-93a8-249e3808efb5,6eedfe80-e252-41dc-b1b8-39024620b180,Hyster H80FT Forklift,Hyster H80FT,Forklift,Forklift-Medium,FOR-ZJ476PG,2016,available,55.1,746.7,93.34,14.351159,75.26469,240.9,95.1,6.0,5.6,76.0,2026-07-29,2026-12-09,2025-05-31T20:25:08
dafc1843-ef7c-45ed-8027-7a0fb93d8b7f,6eedfe80-e252-41dc-b1b8-39024620b180,John Deere 850K Bulldozer,John Deere 850K,Bulldozer,Bulldozer-Small,BUL-ID072SM,2020,available,57.0,2485.76,310.72,14.734215,75.361367,2877.5,420.5,28.0,,430.0,2026-07-29,2026-09-19,2026-02-01T19:24:42
ea8db8f4-5db0-40dc-a1dd-210b0826b974,435422c3-08e5-4ecd-b663-9e664da0afaa,Link-Belt TCC-750 Crane,Link-Belt TCC-750,Crane,Crane-Medium,CRA-RP251WL,2024,available,81.1,4703.4,587.92,24.071727,81.514885,6011.7,714.9,50.6,181.1,409.0,2026-07-29,2026-12-08,2024-05-26T08:56:16
31742f32-cee0-4b3f-81ad-3b795aebf7f5,6df896d4-0bf0-427a-bb13-fd7605254905,Volvo A40 Dump Truck,Volvo A40,Dump Truck,Dump Truck-Small,DUM-MO596UC,2018,rented,83.7,1350.1,168.76,18.27774,87.35956,1631.0,460.3,39.8,44.3,444.0,2026-07-29,2026-11-21,2023-12-12T00:34:37
c29204b5-14dc-46a7-8bc4-c01de4e97b63,435422c3-08e5-4ecd-b663-9e664da0afaa,JCB 457 Loader,JCB 457,Loader,Loader-Medium,LOA-OT971TO,2023,maintenance,70.8,1091.61,136.45,23.867077,81.740114,4337.4,289.9,17.4,11.1,206.0,2026-07-29,2026-10-16,2025-09-04T06:27:27
5aeb4d24-f2c3-4048-bc18-aa047ef63c9c,bd3c8cdc-1cdf-4941-9911-3baa9ca8e01d,Bomag BW 213 Compactor,Bomag BW 213,Compactor,Compactor-Small,COM-ZM487QT,2018,available,86.6,631.35,78.92,12.739145,85.742599,351.1,277.3,15.4,,136.0,2026-07-29,2026-09-23,2023-09-04T10:19:52
935b1873-fbf8-4f72-96ae-ddd1ab57c7fa,8a0a9a5b-97fe-47c2-b856-40dfcd3620a9,CAT D8 Bulldozer,CAT D8,Bulldozer,Bulldozer-Large,BUL-AO638CA,2016,transit,92.5,2827.58,353.45,22.070655,83.447832,1103.6,506.3,31.7,,435.0,2026-07-29,2026-10-12,2026-07-13T10:27:35
b7d44b63-8585-4eb2-a662-3a1acafa0e68,435422c3-08e5-4ecd-b663-9e664da0afaa,MTU 12V4000 Generator,MTU 12V4000,Generator,Generator-Large,GEN-ZE116OF,2024,available,94.0,532.64,66.58,24.07072,82.156818,2098.3,451.4,8.9,,399.0,2026-07-29,2027-01-23,2024-05-03T10:45:23
3b7f53dc-89bc-42d5-bba4-4b64972c25dc,bd3c8cdc-1cdf-4941-9911-3baa9ca8e01d,Hamm HD 120 Compactor,Hamm HD 120,Compactor,Compactor-Medium,COM-LP217WM,2017,available,45.9,938.92,117.36,12.608591,86.186592,524.4,234.4,11.2,,117.0,2026-07-29,2026-12-18,2024-03-14T03:32:32
f90a7087-1dfb-4b75-af42-add5c13d5e8a,6eedfe80-e252-41dc-b1b8-39024620b180,Volvo A40 Dump Truck,Volvo A40,Dump Truck,Dump Truck-Small,DUM-XY133NO,2024,available,67.9,1148.8,143.6,14.410499,75.572332,2338.5,664.5,28.0,52.2,466.0,2026-07-29,2026-09-11,2024-12-22T23:03:24
0f5f81c4-0b1a-4ee8-be61-cc87d6573cdb,bd3c8cdc-1cdf-4941-9911-3baa9ca8e01d,Komatsu HM400 Dump Truck,Komatsu HM400,Dump Truck,Dump Truck-Medium,DUM-DU787YC,2022,available,92.4,917.01,114.63,12.673067,85.760243,1117.6,500.7,43.7,50.0,547.0,2026-07-29,2026-09-06,2025-05-09T06:36:22
33ffa60c-2ebd-487f-8318-07cb7362b922,bd3c8cdc-1cdf-4941-9911-3baa9ca8e01d,CAT 950 Loader,CAT 950,Loader,Loader-Large,LOA-PH696HE,2024,available,83.7,1504.31,188.04,12.633005,85.820194,1592.4,386.7,23.6,10.3,312.0,2026-07-29,2027-01-04,2023-10-15T19:27:17
1bb9682d-623b-450f-ad8d-c9a04db6b5c1,435422c3-08e5-4ecd-b663-9e664da0afaa,Komatsu PC200 Excavator,Komatsu PC200,Excavator,Excavator-Medium,EXC-SB815BW,2024,available,89.9,2466.74,308.34,23.724188,81.594163,1734.6,529.4,33.6,30.5,340.0,2026-07-29,2026-10-15,2025-10-25T01:25:38
690ab0be-783e-4fb2-95d2-02bb7a2bc4fc,6eedfe80-e252-41dc-b1b8-39024620b180,CAT D6 Bulldozer,CAT D6,Bulldozer,Bulldozer-Medium,BUL-JE781GO,2022,rented,84.3,2771.24,346.4,14.218198,75.554559,1573.3,664.5,37.7,,374.0,2026-07-29,2026-09-23,2024-02-22T18:40:02
5903669c-e4cc-4d39-bc9f-53120b80b901,6eedfe80-e252-41dc-b1b8-39024620b180,JCB 457 Loader,JCB 457,Loader,Loader-Medium,LOA-BU071KI,2017,available,91.0,1182.11,147.76,14.329926,75.631476,5560.8,362.8,17.8,22.8,304.0,2026-07-29,2026-09-07,2025-11-25T16:19:38
dee64018-fcb3-4090-a5be-57348cde4ce5,bd3c8cdc-1cdf-4941-9911-3baa9ca8e01d,Cummins QSX15 Generator,Cummins QSX15,Generator,Generator-Medium,GEN-NF398BC,2020,maintenance,96.6,544.17,68.02,12.496312,86.369992,6961.5,316.8,6.3,,487.0,2026-07-29,2026-12-01,2023-08-06T05:33:15
aff917c0-34d6-401d-9f56-a82a97bbd96f,435422c3-08e5-4ecd-b663-9e664da0afaa,Hyster H80FT Forklift,Hyster H80FT,Forklift,Forklift-Large,FOR-NH412LA,2024,rented,71.1,425.28,53.16,24.015718,81.913349,231.0,149.8,5.8,3.9,65.0,2026-07-29,2026-09-10,2024-08-22T22:40:34
8da23c2a-5abe-405b-82d9-47dd98fdda1d,6df896d4-0bf0-427a-bb13-fd7605254905,CAT CS56 Compactor,CAT CS56,Compactor,Compactor-Medium,COM-VW816OC,2020,rented,100.0,967.01,120.88,17.501006,86.978382,3207.7,299.3,14.8,,101.0,2026-07-29,2026-09-21,2023-09-03T08:15:01
e4810aa1-9b11-4f29-bca2-74d831309b14,6eedfe80-e252-41dc-b1b8-39024620b180,Volvo A40 Dump Truck,Volvo A40,Dump Truck,Dump Truck-Large,DUM-OD789JZ,2024,available,73.8,786.4,98.3,14.762813,75.423632,2385.0,634.6,43.8,58.1,454.0,2026-07-29,2026-10-05,2024-09-19T13:26:57
5df928a2-4565-45a3-945e-629df25d6ef4,435422c3-08e5-4ecd-b663-9e664da0afaa,Komatsu D65 Bulldozer,Komatsu D65,Bulldozer,Bulldozer-Large,BUL-GU525XH,2019,available,99.1,1389.95,173.74,24.102313,82.229855,558.6,672.5,38.5,,349.0,2026-07-29,2026-12-06,2023-09-24T08:40:55
499b642e-2987-42c3-94fe-74da85a31dda,6eedfe80-e252-41dc-b1b8-39024620b180,Komatsu WA320 Loader,Komatsu WA320,Loader,Loader-Medium,LOA-VQ619NK,2023,rented,88.5,1509.92,188.74,14.303203,75.254889,2340.3,428.2,20.8,18.8,206.0,2026-07-29,2026-12-02,2025-04-30T04:14:35
da2b72a3-d844-4260-918a-caeb4bc0bf91,6df896d4-0bf0-427a-bb13-fd7605254905,CAT D6 Bulldozer,CAT D6,Bulldozer,Bulldozer-Medium,BUL-FX487BL,2021,available,84.0,2115.85,264.48,18.07731,86.894366,4108.4,533.2,30.2,,440.0,2026-07-29,2027-01-05,2024-05-27T22:17:09
0e23fea6-ff21-41cd-8b6a-4f609072d564,8a0a9a5b-97fe-47c2-b856-40dfcd3620a9,CAT 770 Dump Truck,CAT 770,Dump Truck,Dump Truck-Medium,DUM-EG885VW,2018,maintenance,87.8,1527.79,190.97,21.866073,83.346131,2285.9,558.6,45.6,46.2,406.0,2026-07-29,2026-11-23,2024-08-07T17:58:46
24130e7e-cf6f-4437-a686-8de546e64bf9,6df896d4-0bf0-427a-bb13-fd7605254905,Tadano GR-1000 Crane,Tadano GR-1000,Crane,Crane-Small,CRA-PG386NS,2017,available,75.7,4253.48,531.68,18.266305,87.508554,12278.1,460.2,40.9,119.6,316.0,2026-07-29,2026-10-06,2024-09-21T05:17:08
585722cb-3d5f-42da-8de2-7c764b80bdd5,435422c3-08e5-4ecd-b663-9e664da0afaa,CAT 336 Excavator,CAT 336,Excavator,Excavator-Small,EXC-FL337CL,2024,rented,97.6,866.26,108.28,23.87875,81.802904,2444.8,569.4,37.8,21.5,330.0,2026-07-29,2026-09-30,2024-01-14T23:28:07
1a76a1bf-b46b-40e5-8087-533a8ecb5c44,6df896d4-0bf0-427a-bb13-fd7605254905,CAT D8 Bulldozer,CAT D8,Bulldozer,Bulldozer-Small,BUL-SW739AZ,2024,rented,89.2,2934.53,366.82,18.319294,87.663809,3681.1,680.1,39.6,,369.0,2026-07-29,2026-10-09,2026-07-04T23:41:11
4d1f93ef-9f20-4d42-95b3-50f240c48266,435422c3-08e5-4ecd-b663-9e664da0afaa,Hyster H80FT Forklift,Hyster H80FT,Forklift,Forklift-Large,FOR-XR624OR,2018,rented,86.8,382.42,47.8,23.530007,82.441036,2540.0,142.4,7.2,4.4,51.0,2026-07-29,2026-12-19,2025-02-10T02:10:28
9ab7aac6-6749-4e16-9084-81a94d6db167,435422c3-08e5-4ecd-b663-9e664da0afaa,Cummins QSX15 Generator,Cummins QSX15,Generator,Generator-Medium,GEN-UL882HQ,2023,available,81.6,459.17,57.4,23.723539,81.485223,1108.7,481.5,5.3,,261.0,2026-07-29,2026-10-28,2026-01-22T11:52:07
d7ba05dd-0ece-4250-9848-114f6f0e2ee7,435422c3-08e5-4ecd-b663-9e664da0afaa,Manitowoc 999 Crane,Manitowoc 999,Crane,Crane-Medium,CRA-NJ637WW,2024,available,85.3,3048.03,381.0,23.9193,81.869107,4240.8,491.6,59.8,189.2,482.0,2026-07-29,2026-12-18,2026-04-29T19:31:48
4a5152a5-8633-4eee-8995-610a98395c35,435422c3-08e5-4ecd-b663-9e664da0afaa,Yale GLP060VX Forklift,Yale GLP060VX,Forklift,Forklift-Small,FOR-FN183CG,2017,rented,40.2,716.63,89.58,23.67307,82.419809,2044.5,115.3,7.7,7.0,75.0,2026-07-29,2026-10-18,2025-04-11T04:02:48
e91635e0-8419-40d0-b817-a76d147f75ed,8a0a9a5b-97fe-47c2-b856-40dfcd3620a9,CAT 740 Dump Truck,CAT 740,Dump Truck,Dump Truck-Small,DUM-VP845VT,2022,rented,57.6,1350.47,168.81,21.808724,83.818225,549.5,594.6,31.9,35.5,477.0,2026-07-29,2026-12-01,2024-07-08T22:28:38
13e5f0b8-a79e-4d1f-b512-352272732b0d,8a0a9a5b-97fe-47c2-b856-40dfcd3620a9,Komatsu WA320 Loader,Komatsu WA320,Loader,Loader-Large,LOA-YS342OS,2016,available,72.0,1604.84,200.6,21.287568,83.140234,3305.7,444.8,24.1,20.5,297.0,2026-07-29,2026-10-08,2026-05-25T00:13:16
25625f85-61ca-454c-8800-9442a81efa83,6eedfe80-e252-41dc-b1b8-39024620b180,John Deere 850K Bulldozer,John Deere 850K,Bulldozer,Bulldozer-Medium,BUL-BX428ZV,2016,rented,100.0,2907.07,363.38,14.877914,75.424418,3056.9,650.1,35.3,,220.0,2026-07-29,2026-10-23,2025-05-19T03:05:02
028a6f52-add2-4c7a-b7a3-a9c22ddb4879,6df896d4-0bf0-427a-bb13-fd7605254905,Komatsu PC200 Excavator,Komatsu PC200,Excavator,Excavator-Small,EXC-DM832FI,2015,available,72.3,2356.64,294.58,18.108956,87.007001,787.2,507.2,31.9,25.0,345.0,2026-07-29,2026-12-07,2026-01-24T12:46:14
e62a928e-5621-4583-9ed0-18ac6dc9e531,bd3c8cdc-1cdf-4941-9911-3baa9ca8e01d,CAT DP50 Forklift,CAT DP50,Forklift,Forklift-Small,FOR-KK414OT,2020,available,80.7,275.13,34.39,12.629891,85.708869,6477.6,128.4,6.0,5.7,116.0,2026-07-29,2026-10-24,2024-07-22T13:57:19
ce450d7c-8744-4bea-b762-ae5dea8c17fa,6df896d4-0bf0-427a-bb13-fd7605254905,Bomag BW 213 Compactor,Bomag BW 213,Compactor,Compactor-Medium,COM-ZQ204RO,2017,available,65.7,935.45,116.93,18.384535,87.066766,1512.4,282.8,17.9,,142.0,2026-07-29,2026-09-06,2024-03-31T22:24:08
327125e1-ed4e-4a6f-91db-4e8dee4083cd,6df896d4-0bf0-427a-bb13-fd7605254905,John Deere 850K Bulldozer,John Deere 850K,Bulldozer,Bulldozer-Small,BUL-NR652OW,2022,maintenance,49.0,2884.77,360.6,17.567463,87.199172,170.4,559.0,44.6,,242.0,2026-07-29,2026-08-29,2024-04-08T16:17:01
7edcfa59-db28-4bba-9f31-5f2b6b39f147,6df896d4-0bf0-427a-bb13-fd7605254905,CAT 770 Dump Truck,CAT 770,Dump Truck,Dump Truck-Large,DUM-PK334TM,2017,maintenance,86.1,726.68,90.83,18.31926,87.126311,744.3,506.1,32.6,64.1,384.0,2026-07-29,2027-01-15,2024-03-26T16:42:34
7e9b8e5b-6b9a-4618-9cac-4ea81c4ac4ac,6df896d4-0bf0-427a-bb13-fd7605254905,CAT DP50 Forklift,CAT DP50,Forklift,Forklift-Small,FOR-RW605AP,2019,available,59.7,792.04,99.0,17.764008,86.859298,238.7,138.1,6.5,5.7,61.0,2026-07-29,2026-10-27,2025-09-29T04:58:17
def63940-d7aa-4277-a1e0-1d42fef8779f,6df896d4-0bf0-427a-bb13-fd7605254905,Link-Belt TCC-750 Crane,Link-Belt TCC-750,Crane,Crane-Medium,CRA-BY241XA,2024,available,56.6,1787.95,223.49,17.952226,87.067178,2007.3,729.0,32.8,112.8,365.0,2026-07-29,2026-12-23,2025-05-31T11:31:03
986ed0de-0337-4696-a3c9-0229d6ce8d66,6eedfe80-e252-41dc-b1b8-39024620b180,Volvo EC220 Excavator,Volvo EC220,Excavator,Excavator-Medium,EXC-QD945IO,2024,rented,89.7,1929.14,241.14,14.195544,74.884879,14401.0,337.9,31.3,30.3,338.0,2026-07-29,2026-10-28,2024-04-26T10:01:15
b7d6b701-91c2-4e84-8df1-848099f8ad6d,bd3c8cdc-1cdf-4941-9911-3baa9ca8e01d,CAT DP50 Forklift,CAT DP50,Forklift,Forklift-Medium,FOR-ZP921NN,2024,available,100.0,612.22,76.53,13.087421,85.609654,2460.1,136.0,3.6,6.2,79.0,2026-07-29,2026-11-26,2024-07-03T04:50:34
34f67dd0-61c6-4994-8301-feea4be369f0,435422c3-08e5-4ecd-b663-9e664da0afaa,CAT D6 Bulldozer,CAT D6,Bulldozer,Bulldozer-Large,BUL-ML509FF,2023,available,72.1,2135.45,266.93,23.791217,81.969501,578.9,593.4,24.2,,338.0,2026-07-29,2026-11-28,2024-05-22T05:07:12
6bb78ee8-3ddc-48f2-84a1-18a349930a02,bd3c8cdc-1cdf-4941-9911-3baa9ca8e01d,Komatsu PC200 Excavator,Komatsu PC200,Excavator,Excavator-Medium,EXC-XO162LH,2022,rented,81.5,1491.15,186.39,13.332529,86.096493,2024.5,473.0,31.2,22.4,307.0,2026-07-29,2026-09-08,2025-09-11T02:37:51
aca42319-33a0-4cf6-8b7d-78859b677eb0,6df896d4-0bf0-427a-bb13-fd7605254905,CAT 740 Dump Truck,CAT 740,Dump Truck,Dump Truck-Large,DUM-OM371OE,2020,available,74.7,1423.82,177.98,18.337763,87.556641,273.1,452.5,41.8,37.7,394.0,2026-07-29,2026-09-14,2026-02-11T22:57:30
4a319438-a622-4525-82e2-63c4e5e0c01f,8a0a9a5b-97fe-47c2-b856-40dfcd3620a9,JCB 457 Loader,JCB 457,Loader,Loader-Large,LOA-NS432JB,2020,available,82.4,1500.32,187.54,21.269889,83.579413,2961.2,337.8,16.4,17.3,309.0,2026-07-29,2026-10-01,2026-01-22T17:33:47
0e230284-45e5-459c-bbd8-60f481a0417e,6df896d4-0bf0-427a-bb13-fd7605254905,Bomag BW 213 Compactor,Bomag BW 213,Compactor,Compactor-Small,COM-TJ717LS,2022,rented,83.6,590.52,73.81,18.401077,87.228784,697.8,269.9,17.6,,115.0,2026-07-29,2026-12-28,2025-12-04T17:09:16
f55c7b06-3a4a-49bb-bd43-dc27fa8d5b52,6eedfe80-e252-41dc-b1b8-39024620b180,Volvo L120 Loader,Volvo L120,Loader,Loader-Small,LOA-SZ378PY,2015,available,70.1,804.85,100.61,14.026762,75.044366,5273.0,335.1,22.7,19.2,307.0,2026-07-29,2026-11-11,2025-01-13T19:55:24
881083bb-88bd-45a5-8974-ab4b05d6cd1e,8a0a9a5b-97fe-47c2-b856-40dfcd3620a9,CAT 336 Excavator,CAT 336,Excavator,Excavator-Large,EXC-LB033PX,2019,available,98.8,859.35,107.42,21.669,83.559268,154.6,551.8,23.2,15.5,240.0,2026-07-29,2027-01-06,2023-08-20T21:24:56
dd56e682-c874-40c4-ad19-d047d8dfd8dc,8a0a9a5b-97fe-47c2-b856-40dfcd3620a9,Perkins 4008 Generator,Perkins 4008,Generator,Generator-Small,GEN-TE154LN,2015,available,69.5,637.26,79.66,21.291336,83.500841,2811.9,440.4,5.1,,400.0,2026-07-29,2026-10-15,2023-08-28T11:59:20
d38182d3-7ec9-41ee-9d28-5cc0e6891e45,435422c3-08e5-4ecd-b663-9e664da0afaa,Hamm HD 120 Compactor,Hamm HD 120,Compactor,Compactor-Medium,COM-IB386VN,2016,available,82.9,941.91,117.74,23.777685,82.409022,811.2,258.1,10.7,,102.0,2026-07-29,2026-11-30,2025-06-26T09:02:58
8730beb7-f5fc-4c1a-a9cf-187583ce9f88,bd3c8cdc-1cdf-4941-9911-3baa9ca8e01d,MTU 12V4000 Generator,MTU 12V4000,Generator,Generator-Medium,GEN-AH307PY,2020,available,67.5,1453.79,181.72,13.097206,86.425847,91.7,279.6,6.9,,371.0,2026-07-29,2026-10-14,2024-03-01T22:40:41
c8e73a3f-4716-4826-baf3-297817e9e9c6,6eedfe80-e252-41dc-b1b8-39024620b180,Hamm HD 120 Compactor,Hamm HD 120,Compactor,Compactor-Large,COM-JH034GE,2016,available,59.9,805.06,100.63,14.346711,75.752849,2746.1,251.0,14.6,,168.0,2026-07-29,2026-12-14,2024-10-04T11:26:14
215e05b6-85bb-4941-850d-7f4508c4201b,bd3c8cdc-1cdf-4941-9911-3baa9ca8e01d,Komatsu D65 Bulldozer,Komatsu D65,Bulldozer,Bulldozer-Large,BUL-PH031RL,2020,available,68.9,1522.1,190.26,12.772725,86.327214,1754.5,680.6,23.0,,293.0,2026-07-29,2026-09-23,2025-03-10T18:32:08
26cbcffb-2a47-43ca-9349-ef2302c7655a,8a0a9a5b-97fe-47c2-b856-40dfcd3620a9,Volvo A40 Dump Truck,Volvo A40,Dump Truck,Dump Truck-Medium,DUM-SQ727SJ,2022,available,74.6,1623.17,202.9,21.39079,83.462514,823.3,534.6,47.8,36.6,351.0,2026-07-29,2026-12-15,2025-05-06T00:18:32
949f1670-da08-4a43-9030-bfabbedb1e17,bd3c8cdc-1cdf-4941-9911-3baa9ca8e01d,Dynapac CA3500 Compactor,Dynapac CA3500,Compactor,Compactor-Medium,COM-NU784DC,2015,rented,85.0,1053.93,131.74,13.186386,85.548248,7041.5,201.0,12.1,,166.0,2026-07-29,2026-11-26,2023-10-17T07:39:25
622619e6-8ca8-4ef0-8937-8e4555a60be7,bd3c8cdc-1cdf-4941-9911-3baa9ca8e01d,CAT 740 Dump Truck,CAT 740,Dump Truck,Dump Truck-Large,DUM-OG183TT,2016,available,100.0,1864.23,233.03,13.338513,85.80652,6477.7,607.3,31.8,36.7,387.0,2026-07-29,2026-12-09,2024-01-09T04:10:27
b6e5bbec-0b71-40db-9828-7d2eaa33b758,6eedfe80-e252-41dc-b1b8-39024620b180,CAT D6 Bulldozer,CAT D6,Bulldozer,Bulldozer-Small,BUL-KF873NV,2017,available,81.4,1985.64,248.21,14.29624,75.436,1018.8,530.2,22.4,,229.0,2026-07-29,2026-12-18,2024-06-13T03:16:12
6b0981df-5fa8-4c2a-80aa-2cf2532b88db,bd3c8cdc-1cdf-4941-9911-3baa9ca8e01d,Manitowoc 999 Crane,Manitowoc 999,Crane,Crane-Small,CRA-RM484EA,2020,maintenance,100.0,4065.5,508.19,13.087999,86.424197,1264.6,728.4,58.3,148.6,475.0,2026-07-29,2026-12-04,2023-11-19T00:27:11
f9ea95f3-9b73-4117-8c59-d69124e4eb71,6eedfe80-e252-41dc-b1b8-39024620b180,John Deere 850K Bulldozer,John Deere 850K,Bulldozer,Bulldozer-Small,BUL-IB337VW,2020,available,76.2,1927.96,241.0,14.115007,75.820486,2580.1,464.4,19.8,,349.0,2026-07-29,2026-12-01,2024-06-29T03:08:44
ee54f98f-bfea-4314-9bf9-28452aa056b0,8a0a9a5b-97fe-47c2-b856-40dfcd3620a9,Komatsu D65 Bulldozer,Komatsu D65,Bulldozer,Bulldozer-Small,BUL-DS580IU,2021,rented,79.4,1446.12,180.76,21.990949,83.910581,5973.5,624.4,33.2,,262.0,2026-07-29,2026-11-16,2025-01-26T00:00:20
c34fbd26-0da6-4bde-8c95-ef4fbc8fa5da,6eedfe80-e252-41dc-b1b8-39024620b180,CAT 950 Loader,CAT 950,Loader,Loader-Large,LOA-NE351SO,2017,available,69.4,632.7,79.09,14.519884,75.058178,368.9,497.4,23.6,12.1,276.0,2026-07-29,2027-01-02,2024-06-09T07:52:03
2a543b5d-d165-45c3-90d6-5658147deb58,8a0a9a5b-97fe-47c2-b856-40dfcd3620a9,Komatsu WA320 Loader,Komatsu WA320,Loader,Loader-Large,LOA-DR359GF,2019,available,71.7,1675.06,209.38,21.911769,83.279393,238.6,262.9,23.4,12.3,297.0,2026-07-29,2026-12-20,2024-03-13T15:04:10
7bc3cbca-b4c9-45c2-9c98-9a7c8435a94a,6df896d4-0bf0-427a-bb13-fd7605254905,Komatsu HM400 Dump Truck,Komatsu HM400,Dump Truck,Dump Truck-Small,DUM-NT262WA,2018,available,73.5,1690.45,211.31,18.274148,87.036472,2577.4,461.3,25.4,53.8,365.0,2026-07-29,2026-09-28,2023-09-04T18:56:48
e2a6e5bf-afa9-4fa2-a0a8-326ffc691ff4,6eedfe80-e252-41dc-b1b8-39024620b180,Cummins QSX15 Generator,Cummins QSX15,Generator,Generator-Medium,GEN-BE986WS,2022,rented,74.0,789.3,98.66,14.157517,75.496328,1936.5,491.3,6.5,,386.0,2026-07-29,2026-09-19,2024-11-05T17:50:07
f7c15745-4bc1-4282-8037-a0ee456cae2b,435422c3-08e5-4ecd-b663-9e664da0afaa,CAT CS56 Compactor,CAT CS56,Compactor,Compactor-Medium,COM-XE906TU,2023,available,87.2,461.44,57.68,23.566569,82.03054,3252.2,260.5,18.3,,181.0,2026-07-29,2027-01-13,2025-04-05T19:43:16
3c11391b-dc6c-4e85-a855-032de7f4f352,435422c3-08e5-4ecd-b663-9e664da0afaa,CAT D8 Bulldozer,CAT D8,Bulldozer,Bulldozer-Small,BUL-ZT768CK,2020,available,80.4,1211.75,151.47,23.566801,81.89305,884.5,602.7,35.8,,218.0,2026-07-29,2027-01-05,2026-06-11T17:46:08
b0fde33e-3219-4e0c-af2d-8f177c487c61,6df896d4-0bf0-427a-bb13-fd7605254905,CAT D8 Bulldozer,CAT D8,Bulldozer,Bulldozer-Large,BUL-WL197VL,2022,available,60.0,2114.08,264.26,17.724023,87.263142,6344.1,619.4,43.9,,255.0,2026-07-29,2026-09-03,2026-07-10T00:26:18
b41ba241-49fa-43d9-90d5-f6cf8fedeed1,6df896d4-0bf0-427a-bb13-fd7605254905,Dynapac CA3500 Compactor,Dynapac CA3500,Compactor,Compactor-Small,COM-CD365PF,2023,rented,73.6,628.56,78.57,17.584016,87.075541,1142.0,206.5,17.8,,140.0,2026-07-29,2026-09-30,2024-11-04T03:18:40
fe1f38ac-424c-445e-850e-eb9c6e78e4aa,bd3c8cdc-1cdf-4941-9911-3baa9ca8e01d,Komatsu WA320 Loader,Komatsu WA320,Loader,Loader-Medium,LOA-EW985MC,2021,available,81.8,1120.52,140.06,12.678841,86.040113,2082.3,318.6,28.5,13.2,304.0,2026-07-29,2026-12-28,2024-08-31T04:23:46
c4b2c196-1129-4ab1-afe7-10c94f191a12,bd3c8cdc-1cdf-4941-9911-3baa9ca8e01d,CAT 966 Loader,CAT 966,Loader,Loader-Large,LOA-HA449CA,2020,available,72.4,1758.9,219.86,12.824493,86.221013,11498.9,336.5,25.1,22.1,313.0,2026-07-29,2026-09-15,2024-08-18T23:11:46
a9fa082c-7485-4391-8f10-e651e8511893,8a0a9a5b-97fe-47c2-b856-40dfcd3620a9,Bomag BW 213 Compactor,Bomag BW 213,Compactor,Compactor-Small,COM-TB927EK,2023,available,100.0,552.91,69.11,21.577491,83.552073,18125.5,245.7,12.0,,107.0,2026-07-29,2027-01-25,2026-07-21T04:07:18
b6fddce9-34b6-4d7e-9a08-ec7ea6fe4fe1,435422c3-08e5-4ecd-b663-9e664da0afaa,CAT DP50 Forklift,CAT DP50,Forklift,Forklift-Small,FOR-MQ970AR,2016,available,74.4,750.17,93.77,23.988193,81.610378,2060.9,119.6,5.2,6.8,101.0,2026-07-29,2027-01-07,2024-08-04T07:14:54
c6a31ae8-8714-4f06-b1e0-3053795ec697,bd3c8cdc-1cdf-4941-9911-3baa9ca8e01d,Komatsu D65 Bulldozer,Komatsu D65,Bulldozer,Bulldozer-Large,BUL-JS754AW,2018,maintenance,61.0,1047.42,130.93,13.264285,86.467333,799.0,440.6,24.2,,417.0,2026-07-29,2026-11-24,2025-02-04T12:21:38
1fddfa33-3e6a-478d-a550-373abc3af7e0,8a0a9a5b-97fe-47c2-b856-40dfcd3620a9,CAT 740 Dump Truck,CAT 740,Dump Truck,Dump Truck-Large,DUM-GB203QL,2019,rented,83.2,751.21,93.9,21.69179,83.513984,155.8,408.6,39.6,30.4,507.0,2026-07-29,2026-10-17,2026-03-29T03:30:21
79f5bb58-6b8a-4eb8-82d9-816fbcff25fb,6eedfe80-e252-41dc-b1b8-39024620b180,CAT 770 Dump Truck,CAT 770,Dump Truck,Dump Truck-Large,DUM-QT445DT,2019,available,78.6,1622.27,202.78,14.26779,75.744161,965.7,512.4,38.7,31.8,435.0,2026-07-29,2027-01-11,2026-02-01T03:18:24
edbfc236-f068-4c48-8c30-1763e4b6bf40,435422c3-08e5-4ecd-b663-9e664da0afaa,CAT D8 Bulldozer,CAT D8,Bulldozer,Bulldozer-Large,BUL-KL691OQ,2017,rented,84.6,1518.78,189.85,23.299494,81.569793,1146.2,458.0,19.4,,357.0,2026-07-29,2026-11-22,2024-06-01T05:37:04
b24fa081-aa17-4833-8918-458773a878de,6df896d4-0bf0-427a-bb13-fd7605254905,CAT 320 Excavator,CAT 320,Excavator,Excavator-Large,EXC-IJ746MY,2016,maintenance,96.2,2090.45,261.31,18.220171,87.245106,6135.3,508.1,31.1,19.3,192.0,2026-07-29,2026-09-08,2024-07-25T00:34:37
9f00897a-d0fa-4f26-a221-29c266675bee,6df896d4-0bf0-427a-bb13-fd7605254905,CAT 770 Dump Truck,CAT 770,Dump Truck,Dump Truck-Small,DUM-VD190CV,2024,rented,59.2,1654.08,206.76,17.839201,87.168431,2378.3,437.7,29.3,59.0,467.0,2026-07-29,2026-12-12,2025-07-02T03:38:35
c98a739e-0962-412c-9625-b5b78614d117,bd3c8cdc-1cdf-4941-9911-3baa9ca8e01d,Perkins 4008 Generator,Perkins 4008,Generator,Generator-Large,GEN-MI697CO,2019,available,58.6,446.53,55.82,12.540475,86.140747,1121.5,462.5,8.3,,156.0,2026-07-29,2026-12-29,2025-06-22T15:05:05
9266e553-423b-4eb2-b73d-bb4fc3a7cb5f,6eedfe80-e252-41dc-b1b8-39024620b180,Hyster H80FT Forklift,Hyster H80FT,Forklift,Forklift-Small,FOR-AU379OL,2022,rented,59.5,642.77,80.35,14.356773,75.511189,509.9,98.9,3.4,8.0,61.0,2026-07-29,2026-09-15,2024-09-24T03:20:24
63bb2d34-862a-4956-99fa-e25a4fdc39ff,6df896d4-0bf0-427a-bb13-fd7605254905,MTU 12V4000 Generator,MTU 12V4000,Generator,Generator-Large,GEN-MC895HQ,2022,available,96.6,1065.48,133.19,18.477817,87.52872,2122.2,330.3,5.6,,348.0,2026-07-29,2026-12-24,2023-10-08T04:43:14
499abaa9-c7a5-44f5-a672-40edf44782fe,6eedfe80-e252-41dc-b1b8-39024620b180,Komatsu D65 Bulldozer,Komatsu D65,Bulldozer,Bulldozer-Small,BUL-SX690PK,2020,transit,67.5,2378.18,297.27,14.819571,75.396109,8174.1,633.9,18.4,,405.0,2026-07-29,2026-11-24,2024-08-07T16:21:34
0abb0243-dd38-43f9-add4-d20593b6fd27,bd3c8cdc-1cdf-4941-9911-3baa9ca8e01d,CAT CS56 Compactor,CAT CS56,Compactor,Compactor-Medium,COM-NC231ZQ,2020,available,86.3,1033.17,129.15,13.031808,86.004281,4554.9,209.2,12.9,,109.0,2026-07-29,2026-10-28,2025-10-29T15:43:30
c5df0010-b24f-4d6f-951e-4b0703f20dfd,bd3c8cdc-1cdf-4941-9911-3baa9ca8e01d,Cummins QSX15 Generator,Cummins QSX15,Generator,Generator-Medium,GEN-RA436IL,2017,available,61.4,1367.49,170.94,13.373266,86.258471,493.8,201.6,2.0,,251.0,2026-07-29,2026-09-21,2024-09-14T13:28:49
a86b3b10-4eb2-461f-b804-38398bc5a989,6eedfe80-e252-41dc-b1b8-39024620b180,Toyota 8FGU25 Forklift,Toyota 8FGU25,Forklift,Forklift-Large,FOR-NA389OQ,2017,maintenance,62.2,648.25,81.03,14.215012,74.899861,2945.1,89.2,6.0,7.1,53.0,2026-07-29,2026-11-19,2026-07-20T06:20:21
901d623e-5dfd-48ad-bde2-23abf3e73b87,8a0a9a5b-97fe-47c2-b856-40dfcd3620a9,Bomag BW 213 Compactor,Bomag BW 213,Compactor,Compactor-Medium,COM-DE099NE,2017,retired,89.4,1143.09,142.89,21.449812,83.586426,1953.3,202.1,10.8,,126.0,2026-07-29,2027-01-02,2025-10-20T16:37:20
6d59c162-5c67-4eef-9d4a-829c079728ac,8a0a9a5b-97fe-47c2-b856-40dfcd3620a9,Perkins 4008 Generator,Perkins 4008,Generator,Generator-Medium,GEN-XF917LZ,2022,available,95.9,1060.09,132.51,21.923366,83.518973,2035.4,441.8,6.7,,166.0,2026-07-29,2026-09-02,2025-07-25T13:21:27
d6404735-7330-4ec0-ab86-55b0da250958,6df896d4-0bf0-427a-bb13-fd7605254905,Cummins QSX15 Generator,Cummins QSX15,Generator,Generator-Small,GEN-ZE608RQ,2018,available,91.8,452.98,56.62,18.292848,87.623724,5494.4,245.2,8.8,,497.0,2026-07-29,2027-01-24,2025-06-20T13:17:44
520758a5-0ba4-45b2-b4ea-a69f292f743f,6eedfe80-e252-41dc-b1b8-39024620b180,Komatsu HM400 Dump Truck,Komatsu HM400,Dump Truck,Dump Truck-Small,DUM-LR578TI,2024,available,95.7,1084.57,135.57,13.99741,75.111873,8752.1,465.4,41.5,52.2,469.0,2026-07-29,2026-12-26,2026-04-11T00:31:45
b513fe6c-9c41-4ec4-9459-bfca1d7e0cca,435422c3-08e5-4ecd-b663-9e664da0afaa,Volvo L120 Loader,Volvo L120,Loader,Loader-Medium,LOA-DN040TC,2017,rented,95.4,752.84,94.11,23.338174,82.293311,5446.9,481.1,21.9,17.5,225.0,2026-07-29,2026-11-03,2025-09-15T06:24:43
13b5d722-8edd-41ee-9172-5643d815492f,6df896d4-0bf0-427a-bb13-fd7605254905,CAT CS56 Compactor,CAT CS56,Compactor,Compactor-Small,COM-PT574NF,2021,rented,62.8,410.91,51.36,17.815369,87.315072,6654.7,222.2,10.9,,182.0,2026-07-29,2026-09-10,2024-08-24T01:33:42
95e51da3-317f-40fd-b01a-02329bd71fbd,435422c3-08e5-4ecd-b663-9e664da0afaa,Hamm HD 120 Compactor,Hamm HD 120,Compactor,Compactor-Large,COM-WS831PS,2016,available,62.1,468.05,58.51,23.760776,81.859856,2167.5,291.1,13.9,,124.0,2026-07-29,2026-12-04,2023-08-20T13:09:28
2407b3e1-e827-4934-b475-37ac8507d2b5,8a0a9a5b-97fe-47c2-b856-40dfcd3620a9,CAT 740 Dump Truck,CAT 740,Dump Truck,Dump Truck-Medium,DUM-VY591YE,2017,available,99.3,1994.24,249.28,21.700554,83.933563,6205.4,498.1,32.6,44.1,485.0,2026-07-29,2026-09-21,2026-02-07T00:45:58
cdcefaf3-03e3-44b9-ad4a-7c3108ad7a9b,435422c3-08e5-4ecd-b663-9e664da0afaa,Bomag BW 213 Compactor,Bomag BW 213,Compactor,Compactor-Small,COM-HA741BN,2018,available,40.7,502.66,62.83,23.790396,82.173299,3002.2,305.1,17.5,,187.0,2026-07-29,2027-01-05,2024-10-09T22:45:01
1cc1f45e-4d28-4c17-b1f7-9f92e36ad86e,bd3c8cdc-1cdf-4941-9911-3baa9ca8e01d,CAT 320 Excavator,CAT 320,Excavator,Excavator-Large,EXC-PH703PP,2017,rented,88.2,1322.8,165.35,12.921392,86.289151,4376.6,369.8,24.5,26.0,255.0,2026-07-29,2026-11-21,2023-09-20T22:48:45
ac011735-15ee-414b-a410-0d9a5782e731,bd3c8cdc-1cdf-4941-9911-3baa9ca8e01d,Cummins QSX15 Generator,Cummins QSX15,Generator,Generator-Large,GEN-EA704FZ,2024,available,94.5,1225.81,153.23,13.081239,86.325059,976.5,492.6,5.8,,127.0,2026-07-29,2027-01-06,2026-01-18T03:10:41
c5021d1c-2288-4f78-98e5-46574e1ee7cd,8a0a9a5b-97fe-47c2-b856-40dfcd3620a9,Bomag BW 213 Compactor,Bomag BW 213,Compactor,Compactor-Large,COM-MR355IX,2021,rented,78.6,719.33,89.92,21.716435,83.774039,951.5,223.1,19.8,,154.0,2026-07-29,2026-11-12,2024-06-08T10:38:06
49cee5c4-2c3c-46c1-a112-58e0544407aa,6df896d4-0bf0-427a-bb13-fd7605254905,Perkins 4008 Generator,Perkins 4008,Generator,Generator-Large,GEN-AZ542MN,2022,available,89.3,1389.28,173.66,18.489208,87.461147,232.7,431.1,4.7,,477.0,2026-07-29,2026-09-01,2026-04-05T00:58:15
2f9e9f13-f622-4db8-b4ea-492db29c8e79,6eedfe80-e252-41dc-b1b8-39024620b180,Volvo L120 Loader,Volvo L120,Loader,Loader-Large,LOA-RK572YJ,2024,rented,70.3,1353.74,169.22,14.92694,75.516023,10192.9,326.8,20.6,18.3,291.0,2026-07-29,2026-11-14,2026-05-12T17:43:01
f20415e9-40e3-425d-ac11-41d3aa28248a,8a0a9a5b-97fe-47c2-b856-40dfcd3620a9,Volvo EC220 Excavator,Volvo EC220,Excavator,Excavator-Large,EXC-EC964OR,2022,transit,91.1,2186.81,273.35,21.584568,83.197812,1272.2,349.8,21.2,25.0,171.0,2026-07-29,2026-11-03,2023-11-08T15:13:34
6290d4a0-65e8-49de-a090-a68e27eb5923,435422c3-08e5-4ecd-b663-9e664da0afaa,Liebherr LTM 1100 Crane,Liebherr LTM 1100,Crane,Crane-Large,CRA-YN261DK,2024,available,82.6,3648.93,456.12,23.828331,81.93732,0.6,558.8,52.8,112.2,433.0,2026-07-29,2026-12-28,2023-12-21T05:02:55
ba527597-80a4-4328-8151-50334a493329,bd3c8cdc-1cdf-4941-9911-3baa9ca8e01d,Toyota 8FGU25 Forklift,Toyota 8FGU25,Forklift,Forklift-Large,FOR-NM096LI,2018,rented,77.5,357.48,44.69,12.954596,85.603851,597.2,140.8,4.5,3.0,97.0,2026-07-29,2026-09-05,2025-03-14T05:16:14
34c219a5-e49e-4859-9f98-400ca757f93b,8a0a9a5b-97fe-47c2-b856-40dfcd3620a9,CAT 966 Loader,CAT 966,Loader,Loader-Small,LOA-RU710QB,2015,available,79.2,1646.3,205.79,21.694822,83.46657,2713.3,450.8,23.1,11.2,259.0,2026-07-29,2026-12-18,2024-09-24T22:16:44
68d17e85-bfc5-45c6-b9d0-5fe8592a5d70,6eedfe80-e252-41dc-b1b8-39024620b180,Toyota 8FGU25 Forklift,Toyota 8FGU25,Forklift,Forklift-Medium,FOR-WK815UD,2021,rented,67.8,721.96,90.25,14.367845,75.454318,2451.7,116.7,4.6,4.8,85.0,2026-07-29,2027-01-03,2025-03-31T13:09:20
1bd492aa-2713-42fc-81df-a98e116b5a59,6df896d4-0bf0-427a-bb13-fd7605254905,CAT 330 Excavator,CAT 330,Excavator,Excavator-Large,EXC-TP498BP,2023,rented,67.4,1011.39,126.42,18.367776,87.731655,8484.6,353.1,34.4,15.8,231.0,2026-07-29,2026-10-20,2026-07-20T08:15:03
bed544c7-5670-4b80-964c-5b67f3692df4,6df896d4-0bf0-427a-bb13-fd7605254905,MTU 12V4000 Generator,MTU 12V4000,Generator,Generator-Large,GEN-CP193MZ,2020,available,91.5,1106.7,138.34,17.97392,87.57039,8243.7,485.2,2.2,,493.0,2026-07-29,2026-10-11,2024-07-26T15:03:49
4f71b56f-b097-48ad-9638-8d2076107986,435422c3-08e5-4ecd-b663-9e664da0afaa,Hamm HD 120 Compactor,Hamm HD 120,Compactor,Compactor-Small,COM-UA255BP,2019,available,67.9,915.17,114.4,23.592855,81.534442,1738.7,289.9,19.0,,138.0,2026-07-29,2026-12-29,2025-08-06T20:38:53
0ff4f72d-1e18-4022-849e-5d7cfc79132d,6eedfe80-e252-41dc-b1b8-39024620b180,Volvo A40 Dump Truck,Volvo A40,Dump Truck,Dump Truck-Large,DUM-LN501PV,2018,rented,72.0,1766.63,220.83,14.822639,75.427918,148.7,505.9,45.0,49.4,515.0,2026-07-29,2026-11-12,2024-05-03T13:26:58
85ceefd0-0dcd-43e6-a1b3-2c32886dc130,8a0a9a5b-97fe-47c2-b856-40dfcd3620a9,Link-Belt TCC-750 Crane,Link-Belt TCC-750,Crane,Crane-Large,CRA-VJ779CQ,2020,available,76.3,1550.16,193.77,21.596175,83.14211,1609.1,727.8,71.2,168.2,321.0,2026-07-29,2026-12-28,2025-04-25T14:57:52
ac7a5344-7ba4-4268-b8af-04be5e97b1cd,bd3c8cdc-1cdf-4941-9911-3baa9ca8e01d,Volvo A40 Dump Truck,Volvo A40,Dump Truck,Dump Truck-Medium,DUM-IQ529FO,2016,rented,79.8,1512.93,189.12,12.441679,85.635603,1404.3,622.7,31.1,50.9,427.0,2026-07-29,2027-01-21,2025-03-30T21:53:12
dcb4322b-5363-4b63-8ea1-80390dbad145,435422c3-08e5-4ecd-b663-9e664da0afaa,Hyster H80FT Forklift,Hyster H80FT,Forklift,Forklift-Large,FOR-ET542PJ,2017,available,94.3,503.42,62.93,23.273944,81.551033,471.1,120.2,5.8,7.3,89.0,2026-07-29,2026-11-10,2023-11-27T07:56:54
950d7a86-1092-4549-af29-be32132f5e1c,435422c3-08e5-4ecd-b663-9e664da0afaa,Komatsu WA320 Loader,Komatsu WA320,Loader,Loader-Small,LOA-UX292TW,2022,rented,72.4,652.88,81.61,23.39718,82.021147,309.4,411.4,15.7,24.2,298.0,2026-07-29,2026-11-01,2026-04-09T22:11:11
4b215616-4579-4381-a2c1-209d11646376,bd3c8cdc-1cdf-4941-9911-3baa9ca8e01d,Manitowoc 999 Crane,Manitowoc 999,Crane,Crane-Large,CRA-RP310SI,2023,available,89.8,1706.87,213.36,13.120064,86.221428,544.8,418.8,76.4,63.7,321.0,2026-07-29,2026-11-05,2024-10-04T13:20:05
7aae955b-d384-44f8-9f61-e93bd2cd3c74,435422c3-08e5-4ecd-b663-9e664da0afaa,Tadano GR-1000 Crane,Tadano GR-1000,Crane,Crane-Small,CRA-JA443IO,2015,available,94.7,2659.01,332.38,23.977875,81.893556,171.0,661.2,59.0,53.3,497.0,2026-07-29,2027-01-10,2025-09-15T04:49:33
534fb71e-7d96-4dc5-a491-a1d814dcb3df,6df896d4-0bf0-427a-bb13-fd7605254905,CAT 320 Excavator,CAT 320,Excavator,Excavator-Small,EXC-QL760YH,2021,rented,58.7,1849.8,231.22,17.700425,87.348412,157.0,333.7,26.6,30.6,237.0,2026-07-29,2026-11-20,2023-11-29T16:07:54
5c8918ee-4d30-4993-a733-3dea6ef73fef,435422c3-08e5-4ecd-b663-9e664da0afaa,CAT D6 Bulldozer,CAT D6,Bulldozer,Bulldozer-Medium,BUL-QA295TC,2023,available,77.4,1481.34,185.17,24.08621,82.3105,14684.4,467.4,28.8,,302.0,2026-07-29,2026-10-07,2024-12-26T21:16:55
59b35768-9f6d-4676-8135-cf5cc838a9a8,6df896d4-0bf0-427a-bb13-fd7605254905,Cummins QSX15 Generator,Cummins QSX15,Generator,Generator-Small,GEN-EJ613UY,2019,available,100.0,1265.0,158.12,18.359065,86.820332,5362.3,407.6,3.1,,266.0,2026-07-29,2026-11-18,2025-02-04T04:11:40
4827da2c-5630-4ab3-a6aa-811c3113c8ca,6df896d4-0bf0-427a-bb13-fd7605254905,JCB 457 Loader,JCB 457,Loader,Loader-Small,LOA-VI690KH,2018,rented,51.8,762.26,95.28,18.168098,87.156716,16987.6,283.3,17.4,24.2,303.0,2026-07-29,2027-01-11,2025-05-15T09:01:36
931a1d76-c0dc-451c-8fb8-938ee88e4521,435422c3-08e5-4ecd-b663-9e664da0afaa,John Deere 850K Bulldozer,John Deere 850K,Bulldozer,Bulldozer-Medium,BUL-MH411QO,2017,retired,57.6,2401.45,300.18,23.800923,82.418542,3937.8,505.0,24.6,,364.0,2026-07-29,2026-09-06,2026-04-29T00:04:24
a33f620d-89b6-4e13-a446-e75f7a6c28b0,bd3c8cdc-1cdf-4941-9911-3baa9ca8e01d,Cummins QSX15 Generator,Cummins QSX15,Generator,Generator-Large,GEN-VE227WY,2019,available,63.0,330.24,41.28,12.78417,86.272855,4067.5,369.2,4.1,,378.0,2026-07-29,2026-09-06,2024-10-14T18:57:11
e4c7d5f6-acdd-4e38-bdd2-468471426d0c,435422c3-08e5-4ecd-b663-9e664da0afaa,Komatsu WA320 Loader,Komatsu WA320,Loader,Loader-Large,LOA-TR363JS,2019,retired,88.3,759.82,94.98,23.473236,81.898976,2009.3,399.8,22.7,14.3,181.0,2026-07-29,2026-12-22,2026-04-19T17:39:54
8a3d250c-6de4-4dac-a648-94e7f1907baa,8a0a9a5b-97fe-47c2-b856-40dfcd3620a9,Cummins QSX15 Generator,Cummins QSX15,Generator,Generator-Small,GEN-OO343BM,2023,available,100.0,682.43,85.3,21.222516,83.249685,287.2,372.2,2.5,,112.0,2026-07-29,2026-12-25,2025-08-13T16:42:12
625e3638-bb4d-4ec4-9a4a-6dc7b898370e,6eedfe80-e252-41dc-b1b8-39024620b180,Bomag BW 213 Compactor,Bomag BW 213,Compactor,Compactor-Small,COM-LW762YQ,2022,rented,92.4,418.05,52.26,14.857963,75.417035,655.6,333.6,16.0,,181.0,2026-07-29,2026-11-01,2024-05-01T14:14:53
91eb547c-4954-4ad6-a700-7fbda71130ab,8a0a9a5b-97fe-47c2-b856-40dfcd3620a9,Hamm HD 120 Compactor,Hamm HD 120,Compactor,Compactor-Large,COM-PV849NW,2024,available,78.8,661.94,82.74,21.282461,83.302261,886.1,318.6,13.8,,144.0,2026-07-29,2026-10-16,2023-09-25T08:13:57
69404dc5-9f98-4cce-ab3e-2fa6dc6be082,6eedfe80-e252-41dc-b1b8-39024620b180,Yale GLP060VX Forklift,Yale GLP060VX,Forklift,Forklift-Large,FOR-RM020TB,2023,available,86.4,628.94,78.62,14.575276,74.854527,4444.1,105.2,6.0,4.3,110.0,2026-07-29,2026-11-19,2024-03-28T23:43:33
915f5e10-640b-41dd-9184-0d7c8f35e828,bd3c8cdc-1cdf-4941-9911-3baa9ca8e01d,CAT 966 Loader,CAT 966,Loader,Loader-Small,LOA-JO769GP,2017,available,65.8,999.34,124.92,12.986743,86.199657,927.7,415.6,27.1,23.3,294.0,2026-07-29,2026-12-28,2024-06-28T19:29:53
3d21230b-decd-4931-bec1-2211e749430e,6eedfe80-e252-41dc-b1b8-39024620b180,CAT 336 Excavator,CAT 336,Excavator,Excavator-Medium,EXC-LJ856LX,2021,available,72.0,1343.56,167.94,14.053415,74.977548,3052.4,300.3,38.1,15.5,192.0,2026-07-29,2026-10-27,2024-04-03T05:41:00
4153e144-eafe-4a0d-8a73-fb0e00684dca,6eedfe80-e252-41dc-b1b8-39024620b180,Hamm HD 120 Compactor,Hamm HD 120,Compactor,Compactor-Large,COM-KR543AG,2024,available,73.3,432.23,54.03,14.508513,75.520397,7281.9,339.8,16.2,,180.0,2026-07-29,2027-01-21,2025-05-17T00:10:34
3f77bff8-e040-4597-b2da-60afc49d959a,bd3c8cdc-1cdf-4941-9911-3baa9ca8e01d,Bomag BW 213 Compactor,Bomag BW 213,Compactor,Compactor-Small,COM-WC439HZ,2015,available,91.0,521.51,65.19,12.757896,85.547108,492.4,227.4,19.7,,143.0,2026-07-29,2026-09-27,2024-04-04T18:53:57
e3e54c3b-0194-4920-b56b-e9c5d1cbec51,6df896d4-0bf0-427a-bb13-fd7605254905,Hyster H80FT Forklift,Hyster H80FT,Forklift,Forklift-Small,FOR-RL366MG,2016,available,73.8,288.34,36.04,17.699223,87.073981,1371.7,124.5,5.0,2.0,87.0,2026-07-29,2026-11-11,2026-04-03T18:43:31
0e2e2d65-7058-4484-8176-fc5c68adb06f,435422c3-08e5-4ecd-b663-9e664da0afaa,Tadano GR-1000 Crane,Tadano GR-1000,Crane,Crane-Large,CRA-XH883YQ,2022,available,94.8,3802.01,475.25,23.853472,81.505447,463.5,715.2,75.2,90.1,453.0,2026-07-29,2026-10-06,2024-01-11T01:09:28
6362aa13-f90b-43d0-8f04-4e1394a1b586,6df896d4-0bf0-427a-bb13-fd7605254905,Dynapac CA3500 Compactor,Dynapac CA3500,Compactor,Compactor-Large,COM-FA739GP,2023,rented,66.8,1140.96,142.62,18.363957,87.545799,2368.5,241.1,19.1,,110.0,2026-07-29,2026-12-26,2024-04-12T20:22:31
571e763d-99fa-4363-b4d2-b8ca70e2f73a,bd3c8cdc-1cdf-4941-9911-3baa9ca8e01d,Tadano GR-1000 Crane,Tadano GR-1000,Crane,Crane-Large,CRA-OW799LF,2024,available,100.0,1919.84,239.98,12.741402,86.295038,2143.5,744.6,36.9,192.9,332.0,2026-07-29,2026-09-17,2024-06-19T13:20:17
851c4755-6988-422f-a3f4-87f4ac5ebbe1,6df896d4-0bf0-427a-bb13-fd7605254905,CAT CS56 Compactor,CAT CS56,Compactor,Compactor-Large,COM-JK958FA,2024,available,78.1,1026.57,128.32,18.295887,87.747278,1025.1,289.7,10.8,,165.0,2026-07-29,2026-09-25,2026-07-25T16:35:20
9006069d-b2ff-4450-8154-477980debaa0,6df896d4-0bf0-427a-bb13-fd7605254905,Tadano GR-1000 Crane,Tadano GR-1000,Crane,Crane-Medium,CRA-KH504RG,2017,maintenance,89.9,2261.99,282.75,17.580794,86.95525,9617.3,728.2,63.8,145.4,350.0,2026-07-29,2026-11-19,2024-01-18T10:22:15
86368984-7e45-43b3-942c-8daeb1cf49bf,435422c3-08e5-4ecd-b663-9e664da0afaa,CAT 966 Loader,CAT 966,Loader,Loader-Large,LOA-BQ075MU,2024,available,71.6,1551.68,193.96,24.193145,82.412366,1945.7,483.5,21.0,17.0,279.0,2026-07-29,2026-12-31,2025-12-05T14:42:59
afc92c08-9b77-441c-b904-e45ab79e8aa6,435422c3-08e5-4ecd-b663-9e664da0afaa,CAT C15 Generator,CAT C15,Generator,Generator-Medium,GEN-NY961ZU,2022,available,66.3,667.56,83.44,23.538011,81.550793,2840.3,304.9,8.9,,193.0,2026-07-29,2026-09-30,2025-02-18T10:18:49
1c175d4b-1c57-4c76-9909-026fef889657,bd3c8cdc-1cdf-4941-9911-3baa9ca8e01d,Volvo EC220 Excavator,Volvo EC220,Excavator,Excavator-Medium,EXC-ZX285RH,2022,rented,71.6,2118.36,264.8,12.82246,85.631896,1062.6,303.2,30.9,34.5,224.0,2026-07-29,2026-11-14,2024-04-02T14:27:04
cdf2f5ec-4498-46da-a6ad-4427ae17d93e,8a0a9a5b-97fe-47c2-b856-40dfcd3620a9,CAT 740 Dump Truck,CAT 740,Dump Truck,Dump Truck-Medium,DUM-DA131QJ,2018,available,37.2,1357.18,169.65,21.625598,83.259461,6358.7,694.8,31.2,32.6,483.0,2026-07-29,2027-01-23,2024-08-11T12:25:44
df4f38b9-53b3-46ee-ab94-c3670497d72e,435422c3-08e5-4ecd-b663-9e664da0afaa,CAT CS56 Compactor,CAT CS56,Compactor,Compactor-Small,COM-ZG247PS,2023,maintenance,92.1,556.57,69.57,24.032156,82.128624,4612.2,262.8,14.6,,126.0,2026-07-29,2026-09-12,2024-07-23T17:02:00
ae8a1cca-5404-4567-aa2d-f4c2db0c5abf,8a0a9a5b-97fe-47c2-b856-40dfcd3620a9,CAT C15 Generator,CAT C15,Generator,Generator-Small,GEN-ER325GJ,2019,available,91.4,822.31,102.79,22.038531,83.466106,16371.6,216.4,3.6,,267.0,2026-07-29,2026-12-10,2024-02-04T05:27:33
2e191460-61de-446d-b75f-495b2327169f,bd3c8cdc-1cdf-4941-9911-3baa9ca8e01d,Hyster H80FT Forklift,Hyster H80FT,Forklift,Forklift-Medium,FOR-CP830SV,2021,maintenance,52.9,706.33,88.29,13.17163,85.660457,7395.4,88.4,3.3,6.3,115.0,2026-07-29,2026-12-20,2024-05-07T14:49:13
27e18ae1-9407-4827-985a-ed8cc2112041,6eedfe80-e252-41dc-b1b8-39024620b180,CAT DP50 Forklift,CAT DP50,Forklift,Forklift-Medium,FOR-MP315DM,2023,rented,79.9,340.7,42.59,14.745677,75.757759,3724.0,87.6,4.2,6.5,69.0,2026-07-29,2026-10-01,2025-04-02T20:03:18
40530ddf-9272-4398-b4f9-63123a51517d,bd3c8cdc-1cdf-4941-9911-3baa9ca8e01d,CAT 966 Loader,CAT 966,Loader,Loader-Large,LOA-PW586HY,2023,available,74.7,1133.02,141.63,13.104925,86.001536,1252.2,465.4,28.0,10.1,289.0,2026-07-29,2026-12-06,2025-07-24T17:16:49
ef44a4bf-5551-4082-a8dc-30786d09e2be,8a0a9a5b-97fe-47c2-b856-40dfcd3620a9,Liebherr LTM 1100 Crane,Liebherr LTM 1100,Crane,Crane-Large,CRA-TZ030ME,2015,available,82.8,2370.12,296.26,21.656235,84.113225,4214.2,743.0,34.9,156.0,336.0,2026-07-29,2026-11-12,2025-01-22T08:40:53
00dfc27a-dd6a-4526-8f65-77ab0420d66f,bd3c8cdc-1cdf-4941-9911-3baa9ca8e01d,Yale GLP060VX Forklift,Yale GLP060VX,Forklift,Forklift-Small,FOR-ZS068FQ,2018,available,77.8,210.97,26.37,13.333473,85.561291,389.9,149.4,7.8,2.8,88.0,2026-07-29,2026-10-30,2023-10-03T22:47:45
04713cc6-70a5-4613-b316-15a2911c362d,bd3c8cdc-1cdf-4941-9911-3baa9ca8e01d,CAT 770 Dump Truck,CAT 770,Dump Truck,Dump Truck-Medium,DUM-JR144TR,2016,rented,68.1,1838.68,229.84,13.334637,85.985599,1419.0,499.0,27.7,63.4,362.0,2026-07-29,2026-09-05,2025-03-01T12:45:20
a1a9e320-e0f1-44dc-a190-0bd5bc77388c,bd3c8cdc-1cdf-4941-9911-3baa9ca8e01d,CAT 330 Excavator,CAT 330,Excavator,Excavator-Small,EXC-ZZ515MG,2018,available,53.0,2235.34,279.42,13.345146,86.210575,3362.7,385.1,26.5,15.4,302.0,2026-07-29,2026-09-14,2026-06-09T14:40:07
d578e2cc-0219-4fb4-9f27-1fdc4bdee739,435422c3-08e5-4ecd-b663-9e664da0afaa,CAT C15 Generator,CAT C15,Generator,Generator-Small,GEN-UB603FQ,2018,available,100.0,828.09,103.51,23.694754,81.692163,449.0,234.7,8.7,,301.0,2026-07-29,2026-09-08,2026-06-25T11:31:57
e3fa5400-f5c1-40d4-ba8a-31fb7e64bb79,435422c3-08e5-4ecd-b663-9e664da0afaa,Liebherr LTM 1100 Crane,Liebherr LTM 1100,Crane,Crane-Small,CRA-NA442SD,2017,retired,75.5,3620.74,452.59,23.715611,82.358293,11857.6,781.0,67.7,116.8,398.0,2026-07-29,2027-01-03,2023-12-20T00:39:29
7b574536-46e9-4cf0-a5c1-eba1f75963b8,6eedfe80-e252-41dc-b1b8-39024620b180,Hamm HD 120 Compactor,Hamm HD 120,Compactor,Compactor-Large,COM-DK963KB,2018,maintenance,96.8,728.96,91.12,14.659661,74.95814,3190.2,260.2,17.9,,122.0,2026-07-29,2026-11-13,2023-09-26T02:26:50
1f5e380b-ed3e-4b79-a7ba-207caca3f595,8a0a9a5b-97fe-47c2-b856-40dfcd3620a9,Link-Belt TCC-750 Crane,Link-Belt TCC-750,Crane,Crane-Large,CRA-KO561EB,2019,available,75.0,2413.22,301.65,22.087456,83.855798,706.8,679.8,72.6,67.4,426.0,2026-07-29,2026-11-06,2024-11-29T18:33:24
8fc5df89-1cd0-49c7-b4f1-4ba54367a7d8,bd3c8cdc-1cdf-4941-9911-3baa9ca8e01d,John Deere 850K Bulldozer,John Deere 850K,Bulldozer,Bulldozer-Medium,BUL-DM331KY,2023,available,100.0,1956.32,244.54,13.197308,86.121208,1948.8,590.0,30.2,,333.0,2026-07-29,2027-01-01,2023-09-05T04:02:37
2fa01f07-a112-44e8-ac5d-57263f3da177,6df896d4-0bf0-427a-bb13-fd7605254905,Hyster H80FT Forklift,Hyster H80FT,Forklift,Forklift-Medium,FOR-IW734KF,2021,available,80.4,692.19,86.52,18.054506,87.432121,7733.9,144.8,6.1,6.9,98.0,2026-07-29,2026-12-10,2026-01-29T11:17:29
d3aedb65-f345-4516-81cd-64256c51af14,bd3c8cdc-1cdf-4941-9911-3baa9ca8e01d,John Deere 850K Bulldozer,John Deere 850K,Bulldozer,Bulldozer-Large,BUL-WB757ER,2018,available,68.8,2285.59,285.7,13.030283,86.188722,1069.6,508.8,40.2,,251.0,2026-07-29,2026-10-24,2024-11-21T01:31:46
aed167d1-e9e5-4499-bba0-6827259a9796,6df896d4-0bf0-427a-bb13-fd7605254905,John Deere 850K Bulldozer,John Deere 850K,Bulldozer,Bulldozer-Medium,BUL-XL362RB,2015,available,67.4,2034.59,254.32,17.905749,86.96006,1425.5,523.7,20.0,,344.0,2026-07-29,2027-01-18,2024-06-11T06:58:37
bd5b5537-c645-4658-8be0-185bb0f38f52,bd3c8cdc-1cdf-4941-9911-3baa9ca8e01d,John Deere 850K Bulldozer,John Deere 850K,Bulldozer,Bulldozer-Large,BUL-TC062HC,2018,available,67.5,2090.98,261.37,12.636395,86.036615,677.5,469.5,40.9,,299.0,2026-07-29,2026-11-01,2025-02-10T12:03:17
3e7ebecc-5d5c-4427-b151-3ea728111ecf,6eedfe80-e252-41dc-b1b8-39024620b180,Volvo L120 Loader,Volvo L120,Loader,Loader-Small,LOA-NQ255GF,2020,available,74.4,794.03,99.25,14.96213,75.045712,7813.5,435.4,23.2,23.3,258.0,2026-07-29,2026-09-20,2026-04-09T17:50:34
f1b4d8ee-ca3f-4950-8d28-3bd74f725346,bd3c8cdc-1cdf-4941-9911-3baa9ca8e01d,CAT 336 Excavator,CAT 336,Excavator,Excavator-Small,EXC-CW307IQ,2021,maintenance,61.5,1376.0,172.0,13.3814,86.23057,4279.1,479.2,37.6,16.0,201.0,2026-07-29,2026-09-07,2026-04-07T09:03:28
010cddd3-f65f-4f22-9b62-738a8c09e451,435422c3-08e5-4ecd-b663-9e664da0afaa,Link-Belt TCC-750 Crane,Link-Belt TCC-750,Crane,Crane-Small,CRA-MF609ZY,2018,available,55.8,3205.85,400.73,23.903319,81.741628,273.4,649.7,71.5,78.6,479.0,2026-07-29,2026-11-21,2025-11-06T01:53:01
093bb052-cec5-4abc-a311-64027609ba80,8a0a9a5b-97fe-47c2-b856-40dfcd3620a9,Tadano GR-1000 Crane,Tadano GR-1000,Crane,Crane-Large,CRA-PS888PL,2016,maintenance,69.9,4469.65,558.71,21.481095,83.915024,1705.9,776.4,61.2,161.2,451.0,2026-07-29,2026-12-28,2023-09-05T01:20:55
f6100f06-83ed-43c2-979a-bb804932fe99,6eedfe80-e252-41dc-b1b8-39024620b180,Link-Belt TCC-750 Crane,Link-Belt TCC-750,Crane,Crane-Medium,CRA-MV522KZ,2018,available,94.0,2906.57,363.32,14.670054,75.290268,157.9,699.6,47.8,145.2,297.0,2026-07-29,2027-01-16,2026-06-12T22:08:38
3cb8c715-e268-4bba-bf03-53486ae7c127,8a0a9a5b-97fe-47c2-b856-40dfcd3620a9,Yale GLP060VX Forklift,Yale GLP060VX,Forklift,Forklift-Medium,FOR-GA241LM,2023,available,68.2,489.56,61.2,21.333871,84.08836,4142.2,130.1,7.8,4.6,83.0,2026-07-29,2026-11-27,2026-01-20T03:16:34
84f5fb05-a568-49ef-8c61-5a754a992d6d,8a0a9a5b-97fe-47c2-b856-40dfcd3620a9,MTU 12V4000 Generator,MTU 12V4000,Generator,Generator-Medium,GEN-LD836BY,2016,rented,64.0,1116.81,139.6,21.784572,83.63206,2889.3,328.6,2.4,,109.0,2026-07-29,2026-12-26,2025-02-20T04:07:08
a99138d7-fc1a-45db-abb6-6038260c9551,bd3c8cdc-1cdf-4941-9911-3baa9ca8e01d,Manitowoc 999 Crane,Manitowoc 999,Crane,Crane-Small,CRA-KK250BU,2020,available,84.3,4785.5,598.19,12.9217,86.193508,5834.0,742.2,50.9,96.4,484.0,2026-07-29,2026-12-11,2025-08-18T06:42:36
abde9c0a-6f8b-47a1-9208-078b30f1decc,6df896d4-0bf0-427a-bb13-fd7605254905,CAT D6 Bulldozer,CAT D6,Bulldozer,Bulldozer-Large,BUL-FF637ZI,2019,maintenance,68.5,2631.49,328.94,18.089954,87.154351,1191.8,542.0,41.1,,285.0,2026-07-29,2027-01-16,2023-10-08T19:05:59
02b01403-ec33-4019-a641-5252aa73f24d,435422c3-08e5-4ecd-b663-9e664da0afaa,Hyster H80FT Forklift,Hyster H80FT,Forklift,Forklift-Medium,FOR-IG293WL,2017,available,86.1,458.21,57.28,23.377403,82.186481,602.0,117.5,6.2,3.2,65.0,2026-07-29,2026-10-17,2025-04-12T19:24:41
9755da49-9715-44bb-9451-f695a12990e6,435422c3-08e5-4ecd-b663-9e664da0afaa,Link-Belt TCC-750 Crane,Link-Belt TCC-750,Crane,Crane-Medium,CRA-KN830LL,2023,available,84.4,4502.77,562.85,23.87883,81.915273,2461.2,781.2,66.0,189.5,382.0,2026-07-29,2026-11-22,2025-08-09T09:45:52
f7e2d4bb-1c8c-42bd-8c1a-e0424303bb7f,bd3c8cdc-1cdf-4941-9911-3baa9ca8e01d,MTU 12V4000 Generator,MTU 12V4000,Generator,Generator-Large,GEN-HH448ZL,2017,available,79.9,878.73,109.84,12.486648,85.667232,5007.1,412.2,7.7,,459.0,2026-07-29,2026-11-26,2024-01-10T14:01:10
58d7f473-b107-4c79-ad93-1552a4a76588,bd3c8cdc-1cdf-4941-9911-3baa9ca8e01d,Cummins QSX15 Generator,Cummins QSX15,Generator,Generator-Small,GEN-NW600QC,2023,available,75.4,1165.36,145.67,12.613123,85.821027,388.3,346.2,2.2,,200.0,2026-07-29,2026-09-12,2023-08-07T16:53:31
dbf6eb8a-fc4b-48b4-8e1c-07bc73cf204d,6eedfe80-e252-41dc-b1b8-39024620b180,CAT 320 Excavator,CAT 320,Excavator,Excavator-Small,EXC-XD100CF,2021,rented,84.2,1237.71,154.71,14.770717,75.225472,5032.3,452.0,37.1,30.0,311.0,2026-07-29,2026-10-02,2023-09-07T19:07:52
bd48f4eb-f956-4bb1-ac06-a1f66fd2f811,6eedfe80-e252-41dc-b1b8-39024620b180,CAT 966 Loader,CAT 966,Loader,Loader-Medium,LOA-MZ653NG,2015,available,68.1,1065.4,133.18,14.284178,75.564614,6716.1,459.1,27.9,14.7,299.0,2026-07-29,2026-10-22,2024-09-08T01:20:59
d2584ead-1d44-4d81-8161-00e63f18b141,bd3c8cdc-1cdf-4941-9911-3baa9ca8e01d,Volvo EC220 Excavator,Volvo EC220,Excavator,Excavator-Small,EXC-RG370DC,2024,rented,76.4,2453.18,306.65,12.947348,86.106828,267.8,371.0,29.7,23.6,165.0,2026-07-29,2026-12-29,2026-05-20T14:43:10
4ec86e45-045e-43bc-a4e6-35044558bc5f,6eedfe80-e252-41dc-b1b8-39024620b180,Volvo EC220 Excavator,Volvo EC220,Excavator,Excavator-Large,EXC-FU183IB,2023,available,100.0,2207.56,275.94,14.374292,75.8211,884.5,439.9,35.8,23.0,235.0,2026-07-29,2026-12-11,2025-06-03T02:18:42
4f804537-7460-49be-853b-8bfb688ebf47,6df896d4-0bf0-427a-bb13-fd7605254905,Volvo A40 Dump Truck,Volvo A40,Dump Truck,Dump Truck-Large,DUM-AW933QM,2015,rented,74.6,1819.04,227.38,17.838839,87.414502,2876.9,505.1,40.4,61.0,396.0,2026-07-29,2027-01-03,2025-08-31T19:41:16
c593ee73-0689-4d04-a699-86c34890d29b,8a0a9a5b-97fe-47c2-b856-40dfcd3620a9,Toyota 8FGU25 Forklift,Toyota 8FGU25,Forklift,Forklift-Small,FOR-VH115ZO,2016,available,65.4,719.04,89.88,21.718632,83.821955,10527.1,100.0,6.2,4.7,84.0,2026-07-29,2026-09-21,2025-12-03T08:21:54
ac122536-8c85-42fc-9eb2-e2d469100074,8a0a9a5b-97fe-47c2-b856-40dfcd3620a9,Manitowoc 999 Crane,Manitowoc 999,Crane,Crane-Small,CRA-VQ936OE,2020,rented,91.1,3412.42,426.55,21.367584,83.464364,2827.6,740.8,58.0,127.2,275.0,2026-07-29,2026-11-04,2026-05-02T02:40:00
c00156b5-55c9-433a-bc23-a9d3164af256,8a0a9a5b-97fe-47c2-b856-40dfcd3620a9,Dynapac CA3500 Compactor,Dynapac CA3500,Compactor,Compactor-Large,COM-HO361VV,2022,available,77.5,955.93,119.49,21.128391,83.515179,5912.7,327.6,13.5,,104.0,2026-07-29,2027-01-19,2025-02-12T04:10:39
852e4a80-b7b2-435c-bf30-b16536ea934d,435422c3-08e5-4ecd-b663-9e664da0afaa,Manitowoc 999 Crane,Manitowoc 999,Crane,Crane-Medium,CRA-KF567ZO,2016,available,57.4,2450.43,306.3,23.528118,82.324848,3810.7,590.5,63.5,110.4,325.0,2026-07-29,2026-09-05,2024-07-16T04:32:26
ec4390c1-d585-4a47-a160-207344ae5b17,6eedfe80-e252-41dc-b1b8-39024620b180,Yale GLP060VX Forklift,Yale GLP060VX,Forklift,Forklift-Small,FOR-KE505EO,2015,rented,80.5,617.48,77.19,14.940507,75.835429,703.5,111.5,4.3,4.7,109.0,2026-07-29,2026-08-30,2024-02-22T14:30:44
ca73949f-0806-42b8-b607-c709518f50f9,6df896d4-0bf0-427a-bb13-fd7605254905,MTU 12V4000 Generator,MTU 12V4000,Generator,Generator-Small,GEN-UG061DG,2020,transit,84.0,310.53,38.82,17.874775,87.062524,1147.8,211.2,6.0,,261.0,2026-07-29,2027-01-19,2025-09-11T15:23:25
798bad4b-0934-4074-af03-e48a7794931d,8a0a9a5b-97fe-47c2-b856-40dfcd3620a9,CAT 330 Excavator,CAT 330,Excavator,Excavator-Small,EXC-FT782DI,2018,available,84.6,1117.78,139.72,21.563114,83.609207,11312.3,543.9,22.0,23.6,276.0,2026-07-29,2027-01-20,2024-12-26T14:01:26
ee4f86b2-4255-4a91-a126-ead79dbbd91a,6eedfe80-e252-41dc-b1b8-39024620b180,Komatsu WA320 Loader,Komatsu WA320,Loader,Loader-Small,LOA-RZ449ZZ,2023,rented,66.5,890.71,111.34,14.199786,75.794472,1528.1,479.6,15.7,15.1,237.0,2026-07-29,2027-01-19,2025-04-03T09:48:04
9c880c4b-a14a-4fb1-975a-afa25e2bbf2b,8a0a9a5b-97fe-47c2-b856-40dfcd3620a9,CAT CS56 Compactor,CAT CS56,Compactor,Compactor-Large,COM-FP279IN,2018,available,62.0,1080.4,135.05,21.858709,83.663662,3068.1,298.0,12.7,,159.0,2026-07-29,2027-01-25,2023-12-18T06:02:42
9c2741b1-456c-4b57-9556-57c312f41ca6,435422c3-08e5-4ecd-b663-9e664da0afaa,CAT DP50 Forklift,CAT DP50,Forklift,Forklift-Large,FOR-HF748XN,2019,rented,65.9,338.23,42.28,23.501147,81.849231,7743.3,126.5,3.6,7.7,111.0,2026-07-29,2026-10-08,2025-07-07T00:16:04
dc78356a-fed9-45ea-beab-0914299bb385,6df896d4-0bf0-427a-bb13-fd7605254905,Hyster H80FT Forklift,Hyster H80FT,Forklift,Forklift-Large,FOR-TW209HO,2021,rented,63.0,598.84,74.86,17.911977,87.461813,2732.5,108.8,5.5,2.0,98.0,2026-07-29,2026-10-02,2024-02-06T07:51:48
1a1f0949-9c73-4342-a795-39b7dace660e,bd3c8cdc-1cdf-4941-9911-3baa9ca8e01d,JCB 457 Loader,JCB 457,Loader,Loader-Small,LOA-FP607NV,2020,available,81.8,1557.37,194.67,13.293704,85.94953,2617.3,368.8,20.8,24.5,278.0,2026-07-29,2026-09-10,2026-05-10T05:58:35
d1a76b59-fdd1-4d36-abfb-256e5a7323aa,6eedfe80-e252-41dc-b1b8-39024620b180,Komatsu WA320 Loader,Komatsu WA320,Loader,Loader-Medium,LOA-LO853JF,2024,transit,85.3,733.38,91.67,14.026714,75.566795,1669.9,468.5,18.3,12.4,189.0,2026-07-29,2026-12-07,2025-08-31T02:11:53
864ac467-35cc-4602-b5c0-c8e8053a62d8,435422c3-08e5-4ecd-b663-9e664da0afaa,CAT 336 Excavator,CAT 336,Excavator,Excavator-Large,EXC-UU546ND,2022,available,74.0,1318.34,164.79,23.404579,81.608948,5852.8,389.4,35.6,24.4,195.0,2026-07-29,2026-12-31,2026-07-09T23:43:51
36abd37b-7941-4398-bc33-c6512a939d89,8a0a9a5b-97fe-47c2-b856-40dfcd3620a9,Yale GLP060VX Forklift,Yale GLP060VX,Forklift,Forklift-Small,FOR-EN956AR,2017,rented,50.5,204.29,25.54,21.574571,83.45032,5153.5,83.7,5.3,3.5,75.0,2026-07-29,2027-01-24,2025-07-24T04:47:24
f7b9c56a-64cc-4252-9668-3ca9016df1cd,8a0a9a5b-97fe-47c2-b856-40dfcd3620a9,CAT 770 Dump Truck,CAT 770,Dump Truck,Dump Truck-Medium,DUM-EO277RS,2016,available,79.7,802.98,100.37,21.164898,83.140537,4355.6,456.6,35.4,62.8,441.0,2026-07-29,2026-09-18,2026-04-18T03:03:29
90fa2865-4ccb-475d-9d8e-a88abca7b3f3,8a0a9a5b-97fe-47c2-b856-40dfcd3620a9,John Deere 850K Bulldozer,John Deere 850K,Bulldozer,Bulldozer-Small,BUL-LE277YD,2020,available,83.7,2219.01,277.38,21.686272,83.913082,356.1,696.0,24.8,,327.0,2026-07-29,2026-11-28,2025-02-22T14:35:46
e6f0322b-02d1-4905-ba34-1cca3352fb8a,bd3c8cdc-1cdf-4941-9911-3baa9ca8e01d,Komatsu HM400 Dump Truck,Komatsu HM400,Dump Truck,Dump Truck-Small,DUM-PP396EX,2020,available,88.2,1910.3,238.79,12.479845,86.039947,176.8,667.1,31.6,46.5,415.0,2026-07-29,2026-11-05,2026-05-08T01:06:15
33e563e7-2f67-405f-ab2d-e2bd31e83272,bd3c8cdc-1cdf-4941-9911-3baa9ca8e01d,John Deere 850K Bulldozer,John Deere 850K,Bulldozer,Bulldozer-Medium,BUL-RX395YN,2022,rented,77.7,2175.25,271.91,13.24993,85.884909,3703.3,534.3,37.7,,289.0,2026-07-29,2027-01-17,2024-08-16T11:58:42
9238ff1c-1a62-41b7-931f-170b0ad7e1d5,bd3c8cdc-1cdf-4941-9911-3baa9ca8e01d,CAT 950 Loader,CAT 950,Loader,Loader-Large,LOA-VB930DE,2016,rented,75.6,1691.51,211.44,12.435522,86.303326,2537.9,487.1,16.4,12.4,315.0,2026-07-29,2026-11-26,2025-07-31T00:59:03
7d00d229-9b3b-456a-9776-1b804b900d9b,435422c3-08e5-4ecd-b663-9e664da0afaa,Dynapac CA3500 Compactor,Dynapac CA3500,Compactor,Compactor-Small,COM-EA216MP,2015,available,84.5,759.95,94.99,23.904812,82.213037,893.7,349.3,12.9,,154.0,2026-07-29,2026-11-10,2026-01-22T13:14:54
5d870766-d261-482d-a5e2-d98a65859089,bd3c8cdc-1cdf-4941-9911-3baa9ca8e01d,Tadano GR-1000 Crane,Tadano GR-1000,Crane,Crane-Medium,CRA-LI949GI,2021,available,100.0,3403.25,425.41,13.124308,86.007809,773.4,796.1,60.6,105.6,443.0,2026-07-29,2026-10-10,2025-08-09T17:30:50
9e96e240-502d-4c40-93ab-735ed1290c24,435422c3-08e5-4ecd-b663-9e664da0afaa,Komatsu HM400 Dump Truck,Komatsu HM400,Dump Truck,Dump Truck-Medium,DUM-XP503ZW,2017,available,77.4,1261.35,157.67,23.993683,81.96405,1278.3,638.2,39.4,42.0,512.0,2026-07-29,2026-09-13,2024-03-28T04:07:38
9b603f9f-6b3c-4154-a107-6837a1c0dad9,435422c3-08e5-4ecd-b663-9e664da0afaa,Hyster H80FT Forklift,Hyster H80FT,Forklift,Forklift-Small,FOR-UA737VK,2022,available,52.2,588.98,73.62,23.722997,81.925395,27.4,147.7,5.9,7.2,60.0,2026-07-29,2026-09-16,2025-09-07T03:20:49
4f07e9ad-90f9-4b69-9f21-7bd4c505e044,6eedfe80-e252-41dc-b1b8-39024620b180,Cummins QSX15 Generator,Cummins QSX15,Generator,Generator-Small,GEN-TF563EQ,2022,available,78.5,746.45,93.31,14.088748,75.297818,3797.7,318.3,8.9,,198.0,2026-07-29,2026-09-24,2024-12-11T05:29:54
2ce09f20-41a9-4b7f-9e2b-511d607acbd0,bd3c8cdc-1cdf-4941-9911-3baa9ca8e01d,Hyster H80FT Forklift,Hyster H80FT,Forklift,Forklift-Medium,FOR-BW172LV,2024,rented,100.0,393.79,49.22,13.31835,85.653276,5450.3,92.1,4.3,2.7,66.0,2026-07-29,2026-12-03,2024-08-13T17:58:59
ddbd5be4-77a3-49da-9f77-645bc86d3c01,435422c3-08e5-4ecd-b663-9e664da0afaa,Perkins 4008 Generator,Perkins 4008,Generator,Generator-Large,GEN-CL110HP,2021,available,80.2,357.5,44.69,24.160423,82.191037,4126.6,202.0,8.1,,306.0,2026-07-29,2026-10-01,2025-10-03T03:58:09
cee855a1-a507-44ef-b02f-ca693296d8b5,6df896d4-0bf0-427a-bb13-fd7605254905,Link-Belt TCC-750 Crane,Link-Belt TCC-750,Crane,Crane-Medium,CRA-MI223DH,2020,transit,96.0,1509.48,188.69,18.342588,87.141605,1558.1,598.4,30.4,123.8,497.0,2026-07-29,2026-10-12,2025-12-09T08:50:38
8ede79e4-703c-4fab-bba4-5094bb0a2cc7,6df896d4-0bf0-427a-bb13-fd7605254905,Komatsu HM400 Dump Truck,Komatsu HM400,Dump Truck,Dump Truck-Medium,DUM-YJ939DU,2024,available,86.9,1759.23,219.9,17.910034,87.070384,3486.5,681.3,41.9,34.2,364.0,2026-07-29,2026-10-29,2024-12-05T06:12:30
1e848229-19cd-43bf-a961-c1ef07db203b,435422c3-08e5-4ecd-b663-9e664da0afaa,Hyster H80FT Forklift,Hyster H80FT,Forklift,Forklift-Large,FOR-ZV777TN,2016,available,86.1,629.22,78.65,23.483045,82.240205,281.5,130.6,3.0,5.1,60.0,2026-07-29,2027-01-19,2025-11-04T20:15:38
2a3e913c-f1f7-4092-942d-a5b2787c31f6,435422c3-08e5-4ecd-b663-9e664da0afaa,CAT D6 Bulldozer,CAT D6,Bulldozer,Bulldozer-Medium,BUL-WL927AX,2022,available,72.7,1483.32,185.41,23.27994,81.796781,4830.4,480.0,31.7,,394.0,2026-07-29,2026-10-20,2025-03-22T13:49:02
05e05424-938e-4e3b-8ae0-2a6982435e87,6eedfe80-e252-41dc-b1b8-39024620b180,Volvo L120 Loader,Volvo L120,Loader,Loader-Small,LOA-IV633CM,2022,rented,98.9,673.09,84.14,14.697863,74.849746,1125.5,352.3,19.9,20.4,287.0,2026-07-29,2026-10-02,2025-05-07T06:10:29
79c0d3ac-c9dc-4791-94d6-160686e0769d,435422c3-08e5-4ecd-b663-9e664da0afaa,CAT 770 Dump Truck,CAT 770,Dump Truck,Dump Truck-Large,DUM-XL929OX,2021,available,62.3,1979.08,247.38,24.121647,82.331667,5080.0,415.8,27.6,49.9,456.0,2026-07-29,2026-12-02,2026-06-24T00:24:20
edd08cfa-27bd-43ea-a9de-619405ee2af8,6eedfe80-e252-41dc-b1b8-39024620b180,MTU 12V4000 Generator,MTU 12V4000,Generator,Generator-Large,GEN-IB685SM,2023,maintenance,100.0,612.85,76.61,14.514578,75.562134,6.2,252.2,6.4,,386.0,2026-07-29,2027-01-04,2025-12-10T02:15:19
a387491d-6043-436a-973c-8494e098cf26,435422c3-08e5-4ecd-b663-9e664da0afaa,CAT DP50 Forklift,CAT DP50,Forklift,Forklift-Small,FOR-NO602QF,2020,rented,51.0,377.87,47.23,24.141553,81.60449,1789.5,125.7,3.3,4.7,89.0,2026-07-29,2027-01-12,2025-12-12T23:52:37
d24f3bec-a830-4056-932b-c301019d66f6,bd3c8cdc-1cdf-4941-9911-3baa9ca8e01d,CAT 966 Loader,CAT 966,Loader,Loader-Small,LOA-TX983YP,2020,rented,69.0,1569.55,196.19,13.197103,85.606608,4486.7,411.0,27.5,18.7,270.0,2026-07-29,2026-10-09,2024-02-10T10:23:29
9e54f4a2-20fc-4e8d-b589-6fd7cc04ae9b,8a0a9a5b-97fe-47c2-b856-40dfcd3620a9,Hyster H80FT Forklift,Hyster H80FT,Forklift,Forklift-Medium,FOR-ZF752WV,2021,available,82.8,251.16,31.39,21.984024,83.620275,5207.5,100.8,4.3,4.6,120.0,2026-07-29,2026-09-24,2025-04-10T00:05:33
d7c9ef83-f02e-480d-8d01-0ace3407745f,8a0a9a5b-97fe-47c2-b856-40dfcd3620a9,Tadano GR-1000 Crane,Tadano GR-1000,Crane,Crane-Large,CRA-TW506BA,2022,available,42.4,3773.45,471.68,21.98584,83.949275,338.5,650.4,33.8,66.9,262.0,2026-07-29,2026-12-01,2024-01-31T12:53:49
815040ba-e99b-4b90-8f09-ef80bca4e065,8a0a9a5b-97fe-47c2-b856-40dfcd3620a9,Komatsu D65 Bulldozer,Komatsu D65,Bulldozer,Bulldozer-Medium,BUL-PH670TN,2015,available,100.0,2885.97,360.75,21.728216,83.956063,1458.7,613.1,21.0,,384.0,2026-07-29,2026-12-29,2025-08-08T03:05:39
fb6f7959-a44e-4091-a788-e0f162cf8991,6eedfe80-e252-41dc-b1b8-39024620b180,CAT 950 Loader,CAT 950,Loader,Loader-Medium,LOA-XL807QE,2017,available,64.5,629.57,78.7,14.692987,75.565244,8006.7,459.1,29.6,24.6,189.0,2026-07-29,2026-11-25,2025-09-28T09:57:41
182f17bb-8846-415b-8c18-b7274902bd80,bd3c8cdc-1cdf-4941-9911-3baa9ca8e01d,Link-Belt TCC-750 Crane,Link-Belt TCC-750,Crane,Crane-Large,CRA-BL738HY,2020,available,63.5,1949.22,243.65,13.079525,86.475125,3126.8,764.7,52.0,56.0,341.0,2026-07-29,2026-12-27,2024-05-10T20:21:40
e2ed13dd-0789-4b58-9a7f-7bd5033266be,6eedfe80-e252-41dc-b1b8-39024620b180,Perkins 4008 Generator,Perkins 4008,Generator,Generator-Large,GEN-FA622MN,2016,available,82.0,1241.13,155.14,14.943178,75.115088,1868.7,319.4,9.5,,235.0,2026-07-29,2026-11-12,2025-03-18T08:40:21
46ac66cf-13c3-4a7b-921c-310cea822d2b,bd3c8cdc-1cdf-4941-9911-3baa9ca8e01d,CAT 950 Loader,CAT 950,Loader,Loader-Small,LOA-QG551VZ,2020,rented,81.7,1419.01,177.38,13.09157,86.207964,1316.8,317.0,19.7,11.9,272.0,2026-07-29,2026-09-24,2023-09-07T19:08:01
f65bd9f5-b41b-48b3-8d2c-b1e53f73cb7d,435422c3-08e5-4ecd-b663-9e664da0afaa,Tadano GR-1000 Crane,Tadano GR-1000,Crane,Crane-Medium,CRA-VD435WH,2023,available,51.3,3847.68,480.96,24.033162,81.724532,240.3,568.5,71.9,181.6,311.0,2026-07-29,2026-10-07,2024-12-19T07:56:19
391860e9-8798-4e35-9e30-5f14351574d1,bd3c8cdc-1cdf-4941-9911-3baa9ca8e01d,Cummins QSX15 Generator,Cummins QSX15,Generator,Generator-Large,GEN-AN710QI,2021,available,44.5,1057.26,132.16,12.454322,86.213367,880.1,354.2,6.8,,353.0,2026-07-29,2026-10-14,2026-05-18T04:17:25
072478da-740e-43d1-82aa-bc9e0891ca74,435422c3-08e5-4ecd-b663-9e664da0afaa,Yale GLP060VX Forklift,Yale GLP060VX,Forklift,Forklift-Medium,FOR-YB723VH,2015,available,94.6,721.77,90.22,23.401346,81.881025,3899.8,146.3,5.0,2.7,87.0,2026-07-29,2026-10-17,2024-11-07T05:25:02
e8ecf91b-f527-474a-8b94-06595d7e34e5,435422c3-08e5-4ecd-b663-9e664da0afaa,CAT DP50 Forklift,CAT DP50,Forklift,Forklift-Large,FOR-ID374DP,2018,available,90.1,796.86,99.61,24.178462,81.920616,1002.5,98.2,7.2,6.3,98.0,2026-07-29,2026-10-19,2026-06-10T14:20:52
6f97990d-4462-40f3-9a2f-6c57643219a6,6df896d4-0bf0-427a-bb13-fd7605254905,JCB 457 Loader,JCB 457,Loader,Loader-Medium,LOA-MT306HM,2016,available,92.8,1511.09,188.89,18.11239,86.838127,1095.0,378.2,20.1,14.9,264.0,2026-07-29,2027-01-12,2024-11-21T05:27:11
3555aff2-951f-47ad-89fc-8e5b47203346,6eedfe80-e252-41dc-b1b8-39024620b180,Link-Belt TCC-750 Crane,Link-Belt TCC-750,Crane,Crane-Medium,CRA-BW485BT,2016,rented,61.5,3811.36,476.42,14.805493,75.51275,220.3,598.9,77.5,95.0,255.0,2026-07-29,2026-11-03,2026-06-06T22:30:05
5c37c756-102a-4b6e-9c5b-779b83c9fc1b,8a0a9a5b-97fe-47c2-b856-40dfcd3620a9,Dynapac CA3500 Compactor,Dynapac CA3500,Compactor,Compactor-Medium,COM-OX798FR,2024,rented,87.8,896.98,112.12,21.165919,83.604664,736.7,202.2,19.2,,198.0,2026-07-29,2026-12-06,2023-08-18T12:01:53
6eefc392-0b72-48dc-a5c8-10df35c151f3,435422c3-08e5-4ecd-b663-9e664da0afaa,Dynapac CA3500 Compactor,Dynapac CA3500,Compactor,Compactor-Large,COM-YF974HP,2024,rented,88.4,1116.06,139.51,23.785832,81.830655,876.6,324.9,14.9,,191.0,2026-07-29,2026-10-11,2024-09-14T23:20:32
d11977a9-580d-4018-a9c1-93c2d7085b44,bd3c8cdc-1cdf-4941-9911-3baa9ca8e01d,CAT 740 Dump Truck,CAT 740,Dump Truck,Dump Truck-Medium,DUM-UL257OQ,2017,available,75.6,1842.37,230.3,12.626005,86.439942,899.1,461.7,40.3,37.8,459.0,2026-07-29,2026-11-16,2024-01-06T02:55:32
576dbf3e-9271-427f-92a6-500335e7397e,435422c3-08e5-4ecd-b663-9e664da0afaa,CAT 966 Loader,CAT 966,Loader,Loader-Medium,LOA-PN514QQ,2020,available,96.8,685.24,85.66,24.030211,81.815559,1899.3,393.6,22.7,17.7,195.0,2026-07-29,2026-10-03,2026-04-06T21:15:58
afae5247-56ca-4e22-b66c-f8c8145a478f,bd3c8cdc-1cdf-4941-9911-3baa9ca8e01d,John Deere 850K Bulldozer,John Deere 850K,Bulldozer,Bulldozer-Large,BUL-ZU280GY,2021,available,70.7,2074.55,259.32,13.106462,86.175313,3199.8,588.6,25.2,,210.0,2026-07-29,2026-10-14,2024-09-04T14:27:33
210c0724-60bc-41f4-9acb-2ac925b626ad,435422c3-08e5-4ecd-b663-9e664da0afaa,CAT D8 Bulldozer,CAT D8,Bulldozer,Bulldozer-Medium,BUL-DT234ES,2022,available,94.1,2983.25,372.91,23.375519,82.171655,5358.4,602.3,44.5,,446.0,2026-07-29,2026-11-09,2023-11-29T15:43:23
b7557854-c914-4c3f-bb44-4208ef5335d1,6df896d4-0bf0-427a-bb13-fd7605254905,CAT C15 Generator,CAT C15,Generator,Generator-Small,GEN-WR372QW,2020,available,64.5,1280.53,160.07,17.940988,87.249954,5836.8,265.3,2.6,,329.0,2026-07-29,2026-08-30,2025-04-07T03:39:49
acc90df8-e81c-402c-818a-106e794e311b,6eedfe80-e252-41dc-b1b8-39024620b180,Yale GLP060VX Forklift,Yale GLP060VX,Forklift,Forklift-Medium,FOR-PX908ZA,2021,available,67.0,724.85,90.61,14.733729,75.092755,576.3,84.7,4.3,7.5,94.0,2026-07-29,2026-12-31,2024-05-22T21:59:46
c812760e-d5e9-4fb4-a694-5cba6278a560,8a0a9a5b-97fe-47c2-b856-40dfcd3620a9,Cummins QSX15 Generator,Cummins QSX15,Generator,Generator-Small,GEN-BL768XJ,2016,available,87.7,849.29,106.16,21.213399,84.019235,1068.1,480.6,9.8,,447.0,2026-07-29,2027-01-19,2023-09-23T22:10:02
2e1d8afd-a03a-42e3-9df8-82727a84b701,6eedfe80-e252-41dc-b1b8-39024620b180,CAT 740 Dump Truck,CAT 740,Dump Truck,Dump Truck-Small,DUM-QF913KY,2019,available,93.7,1886.39,235.8,14.173649,74.846961,2599.6,641.6,26.9,44.5,486.0,2026-07-29,2026-10-24,2025-08-07T21:36:21
a6b243e1-d7b4-459e-a48c-e1ad64b258ad,8a0a9a5b-97fe-47c2-b856-40dfcd3620a9,MTU 12V4000 Generator,MTU 12V4000,Generator,Generator-Small,GEN-HK932VD,2023,available,70.4,926.08,115.76,21.331044,83.902818,3976.7,261.1,4.1,,137.0,2026-07-29,2027-01-05,2024-10-04T15:58:22
aafa3610-ebf7-48be-8799-dec94f9be309,6df896d4-0bf0-427a-bb13-fd7605254905,Volvo A40 Dump Truck,Volvo A40,Dump Truck,Dump Truck-Medium,DUM-MW490JJ,2023,rented,75.3,1621.65,202.71,18.398743,86.898449,2168.1,416.3,25.5,35.0,482.0,2026-07-29,2026-09-07,2026-01-27T19:05:56
e1105589-f4b9-4bbb-a8a8-6fc603567db8,6df896d4-0bf0-427a-bb13-fd7605254905,Link-Belt TCC-750 Crane,Link-Belt TCC-750,Crane,Crane-Small,CRA-SS234JY,2016,available,96.4,3980.04,497.5,18.224515,86.934679,1771.2,544.5,61.9,60.6,340.0,2026-07-29,2026-10-30,2026-05-01T02:09:03
17d127a3-7a84-4ff8-88fa-1f0f76419d22,bd3c8cdc-1cdf-4941-9911-3baa9ca8e01d,Perkins 4008 Generator,Perkins 4008,Generator,Generator-Small,GEN-AN027KD,2020,available,77.8,1330.72,166.34,12.774108,85.882938,3023.0,467.3,8.5,,386.0,2026-07-29,2026-09-19,2026-02-12T01:17:54
d453fc78-ea1f-4a63-89b7-885207cb6d0f,6df896d4-0bf0-427a-bb13-fd7605254905,Tadano GR-1000 Crane,Tadano GR-1000,Crane,Crane-Large,CRA-ZA674QJ,2024,maintenance,83.7,3753.02,469.13,17.769786,87.210392,87.7,538.1,38.6,143.3,470.0,2026-07-29,2026-11-25,2025-11-07T08:24:45
e353b71f-4e57-41df-983e-49758c475124,435422c3-08e5-4ecd-b663-9e664da0afaa,Toyota 8FGU25 Forklift,Toyota 8FGU25,Forklift,Forklift-Small,FOR-GC029FJ,2024,rented,62.4,657.42,82.18,23.355779,81.488496,1566.5,81.4,5.9,4.7,86.0,2026-07-29,2026-10-02,2024-03-20T06:25:21
348b82d3-ba67-423c-bbf1-bc68c10e2f60,bd3c8cdc-1cdf-4941-9911-3baa9ca8e01d,Volvo EC220 Excavator,Volvo EC220,Excavator,Excavator-Large,EXC-FC648SZ,2020,available,71.2,1196.13,149.52,13.24248,86.081073,3952.8,363.2,24.7,27.6,316.0,2026-07-29,2027-01-11,2025-01-27T15:12:09
87113b1c-6af7-4c58-a71e-1e9fa077fa22,6eedfe80-e252-41dc-b1b8-39024620b180,Komatsu D65 Bulldozer,Komatsu D65,Bulldozer,Bulldozer-Large,BUL-NY614DH,2019,rented,100.0,2338.54,292.32,14.444383,75.327818,6052.5,461.3,34.9,,290.0,2026-07-29,2026-11-10,2025-08-14T02:26:57
af58a6fb-0ce2-46f6-b3bf-efc4035d16dc,bd3c8cdc-1cdf-4941-9911-3baa9ca8e01d,CAT 966 Loader,CAT 966,Loader,Loader-Large,LOA-GE777SK,2021,retired,90.2,1141.36,142.67,13.148037,86.078877,4840.6,373.1,17.9,17.0,214.0,2026-07-29,2026-09-12,2025-06-07T06:30:22
ba105fd9-2a4d-42f3-a3a5-82d883912a21,6df896d4-0bf0-427a-bb13-fd7605254905,CAT D8 Bulldozer,CAT D8,Bulldozer,Bulldozer-Small,BUL-TV858CK,2018,rented,79.9,1258.76,157.34,17.868463,86.859861,2348.8,586.9,30.1,,394.0,2026-07-29,2026-10-04,2023-12-19T07:29:53
059a83dd-f6ae-4f74-ad4b-92c7d70d41e7,bd3c8cdc-1cdf-4941-9911-3baa9ca8e01d,Yale GLP060VX Forklift,Yale GLP060VX,Forklift,Forklift-Large,FOR-LO809OC,2017,rented,88.8,451.35,56.42,12.94661,85.576855,3718.0,148.9,6.3,3.7,91.0,2026-07-29,2027-01-22,2024-02-06T08:19:39
b02c5d8e-75ac-4378-8937-7cc5bea02b86,bd3c8cdc-1cdf-4941-9911-3baa9ca8e01d,Yale GLP060VX Forklift,Yale GLP060VX,Forklift,Forklift-Small,FOR-GJ161KO,2022,rented,75.6,588.82,73.6,12.674792,86.210203,576.3,134.4,6.4,5.7,112.0,2026-07-29,2026-09-16,2026-05-17T14:04:34
9c2bc4ab-d317-450a-8818-04d890a071d7,6eedfe80-e252-41dc-b1b8-39024620b180,Hyster H80FT Forklift,Hyster H80FT,Forklift,Forklift-Medium,FOR-JR913XS,2020,transit,100.0,327.25,40.91,14.235296,75.121203,3462.9,108.8,4.2,2.1,112.0,2026-07-29,2026-12-22,2025-10-02T04:27:36
553ecd0d-9304-43ec-90c5-948a90fd24fa,6df896d4-0bf0-427a-bb13-fd7605254905,CAT 320 Excavator,CAT 320,Excavator,Excavator-Large,EXC-GS637KT,2022,maintenance,67.5,2203.25,275.41,17.63925,86.920381,3420.7,537.0,32.3,15.9,275.0,2026-07-29,2026-11-27,2025-07-01T20:14:22
bccafa6b-2b49-4bb3-812f-b7db209ffdff,6eedfe80-e252-41dc-b1b8-39024620b180,Toyota 8FGU25 Forklift,Toyota 8FGU25,Forklift,Forklift-Medium,FOR-VJ460LL,2021,available,88.0,768.29,96.04,14.402761,75.611754,1534.3,113.9,7.5,7.4,56.0,2026-07-29,2026-10-21,2024-01-14T11:24:04
2ab932e1-c4fd-4896-959e-68103ceed44c,6df896d4-0bf0-427a-bb13-fd7605254905,Volvo A40 Dump Truck,Volvo A40,Dump Truck,Dump Truck-Medium,DUM-QB462UN,2023,available,86.7,1404.64,175.58,18.460851,86.908567,734.3,682.3,29.6,49.9,425.0,2026-07-29,2027-01-22,2024-03-03T13:20:09
b24c9c55-c9be-4a5c-98ef-c48cf5ad14fb,8a0a9a5b-97fe-47c2-b856-40dfcd3620a9,CAT CS56 Compactor,CAT CS56,Compactor,Compactor-Medium,COM-IQ933PR,2015,rented,78.6,932.76,116.59,21.940497,83.13437,8076.5,281.3,14.6,,150.0,2026-07-29,2026-09-22,2025-02-15T05:45:35
a3d0eceb-f048-4f7e-b169-f455e9fd6f1b,6eedfe80-e252-41dc-b1b8-39024620b180,CAT 320 Excavator,CAT 320,Excavator,Excavator-Medium,EXC-WB327IM,2017,available,73.9,1157.33,144.67,14.319741,75.659152,4351.5,461.0,37.2,19.3,272.0,2026-07-29,2026-12-18,2024-10-11T12:22:12
6fa5fe73-6509-439e-b774-bdd26d66730b,8a0a9a5b-97fe-47c2-b856-40dfcd3620a9,Tadano GR-1000 Crane,Tadano GR-1000,Crane,Crane-Medium,CRA-MN825EG,2019,maintenance,85.1,1609.7,201.21,21.237289,83.743392,928.7,773.8,40.3,160.3,467.0,2026-07-29,2026-10-07,2024-10-03T22:46:23
f9271522-1a5c-4203-a2a8-d50621be7417,6df896d4-0bf0-427a-bb13-fd7605254905,Komatsu WA320 Loader,Komatsu WA320,Loader,Loader-Large,LOA-JW708RY,2019,available,100.0,1623.94,202.99,18.348796,86.859953,1623.8,272.7,18.9,23.1,198.0,2026-07-29,2026-09-18,2025-02-13T05:12:46
51b3034a-db90-4dc5-b018-566495db2589,bd3c8cdc-1cdf-4941-9911-3baa9ca8e01d,CAT D6 Bulldozer,CAT D6,Bulldozer,Bulldozer-Small,BUL-NT826SJ,2021,rented,69.1,1640.11,205.01,13.192488,86.294891,961.3,515.5,29.3,,211.0,2026-07-29,2026-11-14,2026-04-27T01:17:30
77346cdd-07e5-4da3-be4a-265af902aa5f,6df896d4-0bf0-427a-bb13-fd7605254905,CAT DP50 Forklift,CAT DP50,Forklift,Forklift-Small,FOR-VP414FW,2016,available,82.3,711.91,88.99,18.073963,86.839645,1811.4,93.4,5.4,4.2,75.0,2026-07-29,2026-08-28,2024-10-16T18:05:16
02201479-8d39-4d3e-ae65-ca272d741ea6,6eedfe80-e252-41dc-b1b8-39024620b180,CAT D8 Bulldozer,CAT D8,Bulldozer,Bulldozer-Large,BUL-SG951KT,2023,available,69.1,1677.22,209.65,14.051731,75.394106,4911.4,576.4,43.2,,382.0,2026-07-29,2026-12-19,2025-05-26T20:45:33
09dd5ba3-0ee1-4a11-9e4d-5551c070e56d,bd3c8cdc-1cdf-4941-9911-3baa9ca8e01d,CAT CS56 Compactor,CAT CS56,Compactor,Compactor-Small,COM-DV661TE,2021,available,94.6,822.21,102.78,12.986779,86.470973,2783.4,316.0,11.1,,178.0,2026-07-29,2026-09-30,2025-09-14T06:59:40
ee3c0e27-0f13-48ba-83d3-03b5f58e25ee,6eedfe80-e252-41dc-b1b8-39024620b180,CAT DP50 Forklift,CAT DP50,Forklift,Forklift-Medium,FOR-GC497AR,2016,available,88.0,374.22,46.78,14.078309,75.138411,6294.3,127.1,4.6,3.7,63.0,2026-07-29,2026-09-23,2025-03-30T13:48:37
1dce7fc2-4f7e-4246-8958-4e31a35460a8,8a0a9a5b-97fe-47c2-b856-40dfcd3620a9,John Deere 850K Bulldozer,John Deere 850K,Bulldozer,Bulldozer-Large,BUL-WI105KI,2017,available,62.8,2328.07,291.01,21.3554,83.610368,239.2,485.8,37.5,,436.0,2026-07-29,2026-10-03,2025-07-10T04:18:54
7e5d4a8c-1dca-4355-bf3c-21051af0ada4,bd3c8cdc-1cdf-4941-9911-3baa9ca8e01d,Volvo EC220 Excavator,Volvo EC220,Excavator,Excavator-Small,EXC-TG518IQ,2017,available,97.9,1112.06,139.01,13.250257,85.921526,3449.7,356.7,25.6,20.4,254.0,2026-07-29,2026-12-18,2023-12-25T19:42:11
ce7afa67-1d23-44f2-9672-c87922da13c0,6df896d4-0bf0-427a-bb13-fd7605254905,John Deere 850K Bulldozer,John Deere 850K,Bulldozer,Bulldozer-Small,BUL-MP621UW,2024,maintenance,75.7,2166.55,270.82,18.227401,87.082248,396.1,410.4,21.4,,429.0,2026-07-29,2026-12-19,2023-12-10T04:33:03
2ae14b25-d7d0-4e75-b7fe-7fdf25c28459,8a0a9a5b-97fe-47c2-b856-40dfcd3620a9,CAT 966 Loader,CAT 966,Loader,Loader-Medium,LOA-LL680GS,2016,rented,56.6,1060.07,132.51,21.955002,83.986384,349.9,400.7,25.9,11.7,262.0,2026-07-29,2027-01-25,2026-07-29T07:33:36
422807d4-32dd-4b35-8c2a-82f7fdb57773,435422c3-08e5-4ecd-b663-9e664da0afaa,Hyster H80FT Forklift,Hyster H80FT,Forklift,Forklift-Small,FOR-MQ903JE,2017,available,80.0,317.0,39.62,23.52538,82.100434,6364.7,124.7,6.5,2.7,109.0,2026-07-29,2026-10-30,2023-10-18T01:43:34
b15e1b1c-5352-4dcb-ba88-9b37b75d8fe1,bd3c8cdc-1cdf-4941-9911-3baa9ca8e01d,Manitowoc 999 Crane,Manitowoc 999,Crane,Crane-Large,CRA-ZT271LY,2015,available,69.9,1833.37,229.17,12.456809,85.896268,4238.4,797.4,38.7,150.9,293.0,2026-07-29,2026-11-13,2024-07-02T09:32:28
5f2cf8b3-200e-4e56-b3f1-e29f28dca3c3,435422c3-08e5-4ecd-b663-9e664da0afaa,Link-Belt TCC-750 Crane,Link-Belt TCC-750,Crane,Crane-Small,CRA-EE282ZQ,2019,rented,83.1,4031.66,503.96,23.347959,82.315956,4080.2,461.9,45.1,87.3,343.0,2026-07-29,2026-09-10,2023-10-26T10:28:44
d2c330e9-fc8f-4b13-85f3-53cedcfdcade,6df896d4-0bf0-427a-bb13-fd7605254905,MTU 12V4000 Generator,MTU 12V4000,Generator,Generator-Large,GEN-BO371EU,2016,available,80.9,470.62,58.83,17.545468,87.386556,172.7,216.4,8.7,,305.0,2026-07-29,2026-10-28,2024-10-07T00:48:21
c9da8ca6-3f90-4aa8-a145-4aea622dc77a,8a0a9a5b-97fe-47c2-b856-40dfcd3620a9,JCB 457 Loader,JCB 457,Loader,Loader-Small,LOA-SM670PC,2015,maintenance,77.5,1312.2,164.03,21.327958,83.237421,1151.8,492.5,15.3,22.0,290.0,2026-07-29,2026-11-28,2024-09-08T05:25:07
6dd74016-a902-444b-b617-7bd4f6b83294,8a0a9a5b-97fe-47c2-b856-40dfcd3620a9,Yale GLP060VX Forklift,Yale GLP060VX,Forklift,Forklift-Medium,FOR-VI422IY,2020,rented,84.7,669.65,83.71,22.055321,83.813016,3088.4,90.9,4.2,7.1,65.0,2026-07-29,2027-01-14,2026-05-05T00:10:41
5ef500a6-43c4-4756-8ef0-c813a2cf66cb,435422c3-08e5-4ecd-b663-9e664da0afaa,CAT 950 Loader,CAT 950,Loader,Loader-Small,LOA-AO997DS,2024,available,66.0,1226.05,153.26,23.474573,82.247156,6733.2,481.7,22.3,14.7,290.0,2026-07-29,2026-09-14,2023-08-05T19:01:46
efd8c6bd-feec-4efe-9514-44559303c8ce,bd3c8cdc-1cdf-4941-9911-3baa9ca8e01d,CAT 320 Excavator,CAT 320,Excavator,Excavator-Large,EXC-VR467CS,2021,available,52.7,2165.39,270.67,12.582751,85.859193,4446.3,412.0,23.0,31.0,291.0,2026-07-29,2027-01-04,2024-08-13T19:39:01
29465baa-6f23-48da-85e3-203b66243ba6,8a0a9a5b-97fe-47c2-b856-40dfcd3620a9,Yale GLP060VX Forklift,Yale GLP060VX,Forklift,Forklift-Large,FOR-EG983LE,2021,rented,61.2,576.92,72.11,21.239212,84.107023,335.5,134.6,5.0,5.5,114.0,2026-07-29,2026-09-18,2023-08-31T15:11:17
da900d73-122f-44c7-b4c8-977bcf9fbe8a,435422c3-08e5-4ecd-b663-9e664da0afaa,Komatsu D65 Bulldozer,Komatsu D65,Bulldozer,Bulldozer-Small,BUL-CB585ZW,2016,available,93.9,2301.45,287.68,24.078724,82.37385,3100.3,675.9,20.6,,336.0,2026-07-29,2026-11-15,2024-07-12T19:03:18
6c041610-c5e7-42b5-99aa-99375af1b892,bd3c8cdc-1cdf-4941-9911-3baa9ca8e01d,Komatsu D65 Bulldozer,Komatsu D65,Bulldozer,Bulldozer-Large,BUL-HR504MX,2021,rented,72.4,1375.05,171.88,12.43989,85.584068,556.1,567.1,42.1,,272.0,2026-07-29,2027-01-25,2024-04-11T05:58:21
899fc783-d537-4a91-b7b4-a7fa56085c1a,8a0a9a5b-97fe-47c2-b856-40dfcd3620a9,Komatsu WA320 Loader,Komatsu WA320,Loader,Loader-Small,LOA-KI557HT,2021,available,71.5,1407.73,175.97,22.108589,84.003912,7488.5,368.2,22.8,12.9,245.0,2026-07-29,2026-10-28,2025-05-28T20:53:05
256ae1d6-28db-4a55-9f2f-f9c516aa084d,6df896d4-0bf0-427a-bb13-fd7605254905,CAT DP50 Forklift,CAT DP50,Forklift,Forklift-Large,FOR-MS812FT,2022,available,76.4,381.84,47.73,18.130866,87.110722,307.4,145.0,3.3,5.3,91.0,2026-07-29,2026-09-11,2026-07-24T15:38:52
28c59e12-d6c6-438e-8666-6d643c2f74d3,bd3c8cdc-1cdf-4941-9911-3baa9ca8e01d,CAT D6 Bulldozer,CAT D6,Bulldozer,Bulldozer-Small,BUL-JK851HI,2015,rented,80.1,2017.77,252.22,12.491782,85.876589,4886.8,533.3,21.8,,226.0,2026-07-29,2026-10-02,2025-03-26T13:18:42
b518d166-c271-4061-b5d9-4f864ffbea4d,6eedfe80-e252-41dc-b1b8-39024620b180,Perkins 4008 Generator,Perkins 4008,Generator,Generator-Large,GEN-LY105ZY,2023,rented,95.7,767.32,95.92,14.948,75.159639,462.2,460.4,9.1,,240.0,2026-07-29,2027-01-07,2025-07-13T22:03:27
5d99e1fe-39af-48c4-bed0-9c6d2954bc60,6eedfe80-e252-41dc-b1b8-39024620b180,CAT 770 Dump Truck,CAT 770,Dump Truck,Dump Truck-Medium,DUM-HH571QN,2020,rented,62.1,1355.09,169.39,14.009812,75.202784,2501.4,580.3,46.2,61.1,447.0,2026-07-29,2026-09-29,2025-06-23T18:10:11
ffd0e402-12a8-4158-9c2a-4d41ba961885,6eedfe80-e252-41dc-b1b8-39024620b180,CAT 950 Loader,CAT 950,Loader,Loader-Small,LOA-JM300HX,2020,available,84.2,1274.34,159.29,14.310862,74.924289,648.7,421.3,25.6,15.4,191.0,2026-07-29,2026-12-15,2026-05-19T06:50:56
3e98e2e0-73b6-461c-801d-7d243841b131,8a0a9a5b-97fe-47c2-b856-40dfcd3620a9,CAT 740 Dump Truck,CAT 740,Dump Truck,Dump Truck-Small,DUM-RR677CO,2022,available,64.8,748.84,93.61,21.835021,83.659184,162.4,552.6,31.1,56.1,384.0,2026-07-29,2026-12-22,2025-09-28T16:47:14
0011544a-5ae6-409e-a953-1496a9ee0b68,8a0a9a5b-97fe-47c2-b856-40dfcd3620a9,Cummins QSX15 Generator,Cummins QSX15,Generator,Generator-Small,GEN-KG134SH,2020,available,41.9,1074.29,134.29,21.768812,83.945606,852.9,325.3,2.6,,209.0,2026-07-29,2026-10-07,2025-10-19T02:50:17
65a16bf6-20ff-4171-937d-86c87f405f07,8a0a9a5b-97fe-47c2-b856-40dfcd3620a9,CAT 966 Loader,CAT 966,Loader,Loader-Small,LOA-ZH814OL,2023,available,69.7,1704.93,213.12,22.086259,83.661642,2526.5,364.6,29.2,20.1,189.0,2026-07-29,2026-08-28,2023-11-24T07:11:30
39cbbc93-29f2-4e0d-ba49-2ad2f95c25a6,6eedfe80-e252-41dc-b1b8-39024620b180,Liebherr LTM 1100 Crane,Liebherr LTM 1100,Crane,Crane-Small,CRA-VK827JD,2022,available,78.3,2399.2,299.9,14.797101,75.47204,2978.1,601.4,33.0,187.4,404.0,2026-07-29,2026-11-29,2025-11-29T19:14:18
81c0302e-89de-45fb-adf7-ccee6ebec7fc,435422c3-08e5-4ecd-b663-9e664da0afaa,CAT D6 Bulldozer,CAT D6,Bulldozer,Bulldozer-Small,BUL-XC337QG,2023,available,89.0,2779.67,347.46,23.812438,82.009929,10313.4,408.4,24.7,,315.0,2026-07-29,2026-12-13,2024-12-30T02:19:58
d84af43c-8445-46f9-ad77-aac539092a8d,bd3c8cdc-1cdf-4941-9911-3baa9ca8e01d,Hyster H80FT Forklift,Hyster H80FT,Forklift,Forklift-Small,FOR-BD432KP,2019,rented,86.1,538.97,67.37,12.51748,85.906308,984.5,132.5,6.5,7.9,69.0,2026-07-29,2026-09-16,2026-03-30T11:54:47
a974cd4a-dc4d-4da0-a45d-4bafe4e9a602,6df896d4-0bf0-427a-bb13-fd7605254905,CAT 330 Excavator,CAT 330,Excavator,Excavator-Medium,EXC-PM648ZU,2018,retired,84.4,1145.97,143.25,18.366003,86.820477,6422.4,566.6,26.6,21.3,252.0,2026-07-29,2027-01-07,2026-04-28T01:17:37
815d7246-1521-445a-a263-10529652cda7,6eedfe80-e252-41dc-b1b8-39024620b180,Volvo L120 Loader,Volvo L120,Loader,Loader-Large,LOA-KH274DI,2019,available,90.5,1627.89,203.49,14.392352,75.039075,1302.7,356.2,20.8,23.7,287.0,2026-07-29,2026-11-15,2024-05-16T20:39:01
66178505-99fa-49db-a5fd-68d7929aab3a,6df896d4-0bf0-427a-bb13-fd7605254905,CAT C15 Generator,CAT C15,Generator,Generator-Medium,GEN-AL378WF,2020,available,60.3,1220.22,152.53,17.760929,87.35152,8844.6,416.4,9.5,,453.0,2026-07-29,2026-10-18,2026-01-14T19:22:14
5bff33a0-f7ce-4652-a372-02655071f818,6eedfe80-e252-41dc-b1b8-39024620b180,Link-Belt TCC-750 Crane,Link-Belt TCC-750,Crane,Crane-Small,CRA-MO671DJ,2020,retired,74.7,2825.36,353.17,14.950721,75.714087,3288.6,683.2,65.7,87.9,414.0,2026-07-29,2027-01-01,2025-03-13T18:10:55
3ccab184-a3f8-442d-b964-3f31eef59ba8,6eedfe80-e252-41dc-b1b8-39024620b180,Tadano GR-1000 Crane,Tadano GR-1000,Crane,Crane-Large,CRA-VK818OP,2015,available,61.4,3613.72,451.71,14.045892,74.934599,1019.7,413.1,55.0,140.1,266.0,2026-07-29,2026-12-10,2024-01-11T04:38:44
ba6b37b1-895d-4f40-b998-5068b695a990,6df896d4-0bf0-427a-bb13-fd7605254905,CAT CS56 Compactor,CAT CS56,Compactor,Compactor-Medium,COM-XM984OG,2020,rented,100.0,1185.52,148.19,18.183748,87.643908,3467.5,342.2,14.9,,170.0,2026-07-29,2026-08-28,2024-05-07T15:10:22
1a06c5c5-731d-4299-a6af-a4cf5c7676ba,435422c3-08e5-4ecd-b663-9e664da0afaa,CAT 740 Dump Truck,CAT 740,Dump Truck,Dump Truck-Medium,DUM-XG060CJ,2018,retired,64.6,1735.39,216.92,23.758966,82.129829,1788.5,626.1,40.6,48.9,500.0,2026-07-29,2027-01-10,2025-11-04T04:18:55
e5f9c625-ef35-4d40-b589-e5e8c7796840,bd3c8cdc-1cdf-4941-9911-3baa9ca8e01d,CAT C15 Generator,CAT C15,Generator,Generator-Small,GEN-PB440XC,2017,available,88.8,312.06,39.01,12.624178,85.983972,2923.2,485.2,5.1,,270.0,2026-07-29,2026-11-07,2025-07-09T02:53:56
8c5fcf8b-a2a7-4892-8f28-20546135d304,6eedfe80-e252-41dc-b1b8-39024620b180,Hyster H80FT Forklift,Hyster H80FT,Forklift,Forklift-Large,FOR-GZ699YJ,2022,rented,63.0,466.22,58.28,14.887612,75.251248,1476.4,90.2,5.6,7.8,93.0,2026-07-29,2026-09-18,2024-10-11T14:32:10
ef9e32e5-45c6-4ec4-8093-3ffe87580117,8a0a9a5b-97fe-47c2-b856-40dfcd3620a9,John Deere 850K Bulldozer,John Deere 850K,Bulldozer,Bulldozer-Large,BUL-KY231UP,2016,available,89.8,2615.25,326.91,21.889313,84.036228,265.7,656.4,36.4,,213.0,2026-07-29,2027-01-20,2024-02-23T23:34:09
771c0b78-dd33-4ba3-afd4-4c7825793e20,6eedfe80-e252-41dc-b1b8-39024620b180,CAT D8 Bulldozer,CAT D8,Bulldozer,Bulldozer-Medium,BUL-AG246VT,2019,maintenance,98.2,2074.17,259.27,14.733517,75.467232,705.0,541.5,43.9,,369.0,2026-07-29,2026-11-02,2025-02-18T09:31:18
acd1f775-666b-496f-9937-33deb536b8af,6eedfe80-e252-41dc-b1b8-39024620b180,Hamm HD 120 Compactor,Hamm HD 120,Compactor,Compactor-Small,COM-GC282LK,2022,available,88.7,464.01,58.0,14.355763,75.698287,3989.3,234.9,11.2,,133.0,2026-07-29,2026-11-05,2024-05-11T14:32:10
67bb39ff-2ab4-4470-85a5-4fb2bf5e4f06,8a0a9a5b-97fe-47c2-b856-40dfcd3620a9,CAT D6 Bulldozer,CAT D6,Bulldozer,Bulldozer-Medium,BUL-JL582TN,2017,available,78.0,2429.12,303.64,21.741252,84.091644,189.9,567.7,27.1,,330.0,2026-07-29,2026-09-24,2026-04-04T00:52:36
6eb3c128-7f31-49ca-8af6-cacf3145b1c2,435422c3-08e5-4ecd-b663-9e664da0afaa,Dynapac CA3500 Compactor,Dynapac CA3500,Compactor,Compactor-Small,COM-ED804XR,2016,available,94.6,592.55,74.07,23.955506,82.230149,3344.0,247.6,14.8,,129.0,2026-07-29,2027-01-12,2025-07-06T19:26:03
100655ab-bd0a-4ad9-8880-a4f666f79d40,8a0a9a5b-97fe-47c2-b856-40dfcd3620a9,Perkins 4008 Generator,Perkins 4008,Generator,Generator-Small,GEN-QC925PD,2022,maintenance,84.6,639.86,79.98,21.99925,83.714738,4.8,382.4,5.2,,371.0,2026-07-29,2026-11-03,2025-06-16T08:18:40
a1cc273c-7b1c-4455-99fe-0ef2c69821b8,6df896d4-0bf0-427a-bb13-fd7605254905,Komatsu D65 Bulldozer,Komatsu D65,Bulldozer,Bulldozer-Medium,BUL-VZ300CK,2024,available,51.7,2312.0,289.0,17.833791,87.508228,372.2,564.9,30.2,,242.0,2026-07-29,2026-09-07,2025-12-03T23:17:32
7ec6d0a4-50b8-4c4c-987e-3f365800069e,bd3c8cdc-1cdf-4941-9911-3baa9ca8e01d,CAT D6 Bulldozer,CAT D6,Bulldozer,Bulldozer-Small,BUL-IO350BM,2018,available,88.0,2324.22,290.53,13.341937,86.366437,2097.8,550.5,29.8,,285.0,2026-07-29,2026-11-27,2025-08-16T08:44:12
37a7394a-f830-4d93-997d-4d667c7f80b0,6eedfe80-e252-41dc-b1b8-39024620b180,Volvo A40 Dump Truck,Volvo A40,Dump Truck,Dump Truck-Medium,DUM-PU975TF,2017,transit,75.1,1163.12,145.39,14.173513,75.535038,862.6,584.9,37.1,43.7,532.0,2026-07-29,2026-09-04,2024-04-09T17:08:58
6a6b6c7f-6735-43a8-a07c-e474656162be,435422c3-08e5-4ecd-b663-9e664da0afaa,Liebherr LTM 1100 Crane,Liebherr LTM 1100,Crane,Crane-Small,CRA-KC788KQ,2022,rented,93.0,2781.1,347.64,24.01901,82.003163,2721.9,446.7,36.5,130.5,484.0,2026-07-29,2026-09-23,2025-05-26T15:16:58
f1fc31b5-edd2-47b4-82bb-badf28984e0a,435422c3-08e5-4ecd-b663-9e664da0afaa,CAT 950 Loader,CAT 950,Loader,Loader-Medium,LOA-LD207MQ,2015,available,100.0,897.37,112.17,23.248244,81.581724,4333.0,432.1,18.0,15.6,250.0,2026-07-29,2026-10-23,2023-11-20T23:13:48
5fd4af87-edfd-4e79-852e-23e9c5f701cf,8a0a9a5b-97fe-47c2-b856-40dfcd3620a9,CAT CS56 Compactor,CAT CS56,Compactor,Compactor-Small,COM-JC289FE,2024,available,95.7,1178.15,147.27,21.403681,83.1922,4372.3,251.8,17.4,,144.0,2026-07-29,2027-01-25,2025-09-15T04:54:13
48f2f853-5975-4db9-858c-3f5564530e33,435422c3-08e5-4ecd-b663-9e664da0afaa,CAT 320 Excavator,CAT 320,Excavator,Excavator-Small,EXC-WC099GJ,2018,rented,87.6,2411.37,301.42,23.281208,81.93629,7968.9,482.9,25.1,23.1,286.0,2026-07-29,2026-12-19,2023-09-14T16:25:06
4bba57e3-eae8-4c6e-b9d5-8b3cd965fb65,6df896d4-0bf0-427a-bb13-fd7605254905,CAT CS56 Compactor,CAT CS56,Compactor,Compactor-Large,COM-HO779NX,2015,available,73.5,1118.88,139.86,18.388899,87.446428,1585.9,328.8,10.9,,186.0,2026-07-29,2026-12-24,2026-04-08T06:26:48
c69a04bd-a2d0-41a8-8fd8-fda8e023cd14,8a0a9a5b-97fe-47c2-b856-40dfcd3620a9,Yale GLP060VX Forklift,Yale GLP060VX,Forklift,Forklift-Medium,FOR-YL146DN,2022,available,85.7,512.7,64.09,21.267617,83.186668,2642.5,131.1,5.8,4.2,107.0,2026-07-29,2026-09-04,2025-05-25T18:08:04
8eba96a4-686f-4a58-9453-a156502b68e7,435422c3-08e5-4ecd-b663-9e664da0afaa,Komatsu D65 Bulldozer,Komatsu D65,Bulldozer,Bulldozer-Medium,BUL-WT683BK,2018,available,71.1,1789.1,223.64,24.004596,81.759021,8093.1,593.9,41.6,,210.0,2026-07-29,2026-10-14,2024-10-10T01:20:56
d9dd841f-e1c8-4fa2-9e98-9cedb88adcee,435422c3-08e5-4ecd-b663-9e664da0afaa,CAT D6 Bulldozer,CAT D6,Bulldozer,Bulldozer-Medium,BUL-HM751DL,2024,rented,74.9,2046.32,255.79,24.086378,81.52331,2805.4,478.3,41.6,,388.0,2026-07-29,2026-10-29,2025-12-13T09:49:09
a8220478-cf40-4301-a193-b84351b99eac,435422c3-08e5-4ecd-b663-9e664da0afaa,Yale GLP060VX Forklift,Yale GLP060VX,Forklift,Forklift-Small,FOR-PO963IU,2015,available,41.9,609.03,76.13,23.419693,82.278826,1058.9,136.2,5.1,3.7,70.0,2026-07-29,2026-09-19,2026-06-06T11:49:51
a92a8d5c-7f8d-4b9b-a85a-69e6c738f472,6eedfe80-e252-41dc-b1b8-39024620b180,Toyota 8FGU25 Forklift,Toyota 8FGU25,Forklift,Forklift-Large,FOR-JC154JR,2023,rented,88.8,566.03,70.75,14.378782,75.144441,1333.6,81.7,3.0,3.4,78.0,2026-07-29,2026-10-30,2024-07-26T21:36:00
57b586c2-f9f4-4152-a789-f31b88952eae,6eedfe80-e252-41dc-b1b8-39024620b180,Komatsu PC200 Excavator,Komatsu PC200,Excavator,Excavator-Medium,EXC-QN863VD,2020,available,100.0,967.53,120.94,14.228377,75.548818,7007.6,547.1,37.1,23.3,168.0,2026-07-29,2026-12-28,2023-10-12T11:07:23
a77dbbfa-51a1-4ce9-82b3-4e4fe12e64a2,435422c3-08e5-4ecd-b663-9e664da0afaa,Hamm HD 120 Compactor,Hamm HD 120,Compactor,Compactor-Medium,COM-AH839VG,2021,available,86.4,1062.06,132.76,23.639572,82.075941,235.6,213.4,13.4,,109.0,2026-07-29,2026-11-05,2024-10-08T23:31:52
54411a6d-67c8-4476-8f14-9964722d407e,6eedfe80-e252-41dc-b1b8-39024620b180,Liebherr LTM 1100 Crane,Liebherr LTM 1100,Crane,Crane-Medium,CRA-OA689KQ,2019,rented,55.3,2706.09,338.26,14.157282,75.403082,8129.6,777.5,30.2,85.7,485.0,2026-07-29,2026-09-11,2024-06-10T16:11:02
5bbe024d-be7f-4dea-9af4-446027d6e8b5,bd3c8cdc-1cdf-4941-9911-3baa9ca8e01d,Bomag BW 213 Compactor,Bomag BW 213,Compactor,Compactor-Small,COM-BA636NE,2017,available,74.7,1089.48,136.19,12.906448,86.487206,2533.2,301.9,10.7,,199.0,2026-07-29,2026-09-22,2024-06-04T04:38:35
64766cad-2c85-47fe-b707-501568ccc2cf,6eedfe80-e252-41dc-b1b8-39024620b180,CAT 740 Dump Truck,CAT 740,Dump Truck,Dump Truck-Medium,DUM-JH457WG,2018,rented,50.8,701.86,87.73,14.445881,75.676781,271.3,571.7,50.0,40.0,406.0,2026-07-29,2027-01-22,2024-02-20T00:46:02
65fdf9fc-778b-41a5-87a7-d6fb5a7b8c38,8a0a9a5b-97fe-47c2-b856-40dfcd3620a9,Bomag BW 213 Compactor,Bomag BW 213,Compactor,Compactor-Large,COM-FR619MN,2017,rented,86.1,1034.27,129.28,22.023597,84.096176,1007.2,234.8,18.8,,133.0,2026-07-29,2026-10-27,2023-11-27T22:31:53
