id,customer_id,rental_id,rating,comment,sentiment_score,categories,created_at
a3793f6f-96f9-4bdf-9f9d-667dc490814c,c83f1960-2dde-43f1-971a-6c8d6cc13c53,c58565cd-46fa-4580-a3f7-ee4a124a5d0a,4,Machine was in top condition.,0.931,"[""service"", ""communication""]",2024-11-05
3dbe54a1-a301-4161-a3db-af7daa513145,3b4c197c-5f64-405f-998b-18fed0deefea,6018feed-3ed8-494d-b910-d9a357683754,5,"Great service, delivery was on time.",0.994,"[""equipment_quality"", ""communication""]",2025-08-22
4436a80f-3669-4ec0-bfd6-a9062824d5fe,707938a2-022a-47a4-8b9d-b4d50b26a0cc,4eb260e9-315c-4529-84f7-026ec6baa2da,4,Very satisfied with the rental experience.,0.833,"[""communication"", ""service"", ""equipment_quality""]",2025-09-15
3fa82535-c347-426d-b42a-c9a109627a51,3b4c197c-5f64-405f-998b-18fed0deefea,02844698-7bf6-4a55-86ca-282d6551bf52,2,Customer support could be more responsive.,-0.716,"[""pricing"", ""service""]",2025-02-27
c95b2967-87fa-4030-a02e-c3776ce3b7f5,db1ad761-4a3e-4989-8438-2dd4c3027c12,368a41cb-2faf-4f66-a29e-4fc7702893fa,5,"Professional team, will rent again.",0.797,"[""communication""]",2026-05-01
1524e406-56ae-4813-b0e7-39c934cacc1d,0bd1b1eb-11c6-49df-88eb-31691f867bf5,335dd9b4-02e1-42ef-8932-95a470dc3ed1,3,"Decent experience, room for improvement.",0.561,"[""equipment_quality""]",2025-02-16
6ce8efd6-dc00-4ac0-8dc0-224772b2d187,d0921577-6c43-4887-bb94-765c4c839e80,619bb541-72b1-4fc7-97aa-ee1505a49918,4,Very satisfied with the rental experience.,0.799,"[""communication"", ""pricing"", ""service""]",2026-05-12
3dc945f3-49d4-4738-9590-71c2060eb1b4,07f4921e-099c-4d48-9e53-ec1b8c15bf6f,d3cb503a-79bd-4026-b73d-193e6f13ff75,4,"Excellent equipment, worked perfectly on site.",0.838,"[""equipment_quality"", ""delivery""]",2025-12-18
d6de191c-644a-4fed-b9cd-afd3102d969e,5bbb14cf-9dad-4bbf-8aed-4e2e30dfeb16,ee4330a5-9df4-4d16-baa7-6a51e2a4c8c8,2,Machine needed maintenance during rental.,-0.161,"[""communication""]",2025-02-03
c28525a7-4ef3-4fd7-94a4-8d02816fae87,a8d63531-e89c-4faf-8671-b1dda0f09256,8fddc1e3-8eb2-4a30-8a9d-b9f43b7cdac1,5,"Professional team, will rent again.",0.831,"[""communication"", ""delivery"", ""pricing""]",2025-03-25
19b7f922-fca2-4deb-b0b5-0060b9ee5678,db1ad761-4a3e-4989-8438-2dd4c3027c12,a9c70384-278d-4cf9-a7e7-f9952c632167,4,"Excellent equipment, worked perfectly on site.",0.772,"[""delivery""]",2025-04-14
df2410fb-a39b-44e7-bb9b-c7531cfff96c,66ac95a5-e673-4803-b91d-4c51a3e177ec,7f92537f-59a4-4bf4-9512-afcdc9d8684b,3,"Decent experience, room for improvement.",0.383,"[""pricing"", ""service"", ""equipment_quality""]",2026-03-11
cd63a02e-dd41-474c-a408-6eeb8a019870,30012bd6-63e1-4c37-9f7c-71cb2aede345,97becc59-c64a-458f-9c33-2ffff6798acf,5,"Excellent equipment, worked perfectly on site.",0.816,"[""service"", ""communication""]",2025-10-17
797da356-b120-417b-8e04-4431f5141b19,82ea7a64-63ee-4c10-80a6-fdcc7d322da6,04346c1e-4dfa-419d-9e19-76c0ee159500,4,Machine was in top condition.,0.931,"[""communication""]",2025-09-30
3a9b7f59-d115-4db0-878f-b76509a4db2a,ff5c59ce-b7d4-4309-8726-dbeb94e2dd91,63d626fc-5646-4c82-9bcb-4d43eddb1fc0,4,Machine was in top condition.,0.925,"[""communication"", ""delivery"", ""service""]",2024-11-20
2d6a8cba-3070-4975-8045-97b5f30198fa,fb0c3e25-1d16-4efd-8056-2fdcdd4dd869,0414f88f-2916-4ad1-b70b-d97e0b8548f9,5,"Professional team, will rent again.",0.953,"[""equipment_quality"", ""pricing"", ""service""]",2024-10-14
6b374c78-8991-4154-a894-cf9665fd94f4,4cf6ec55-a7f7-463a-b26c-5fa9ecff193c,1fc50f49-b75e-4b53-9c97-8bd846c9f55e,4,"Great service, delivery was on time.",0.871,"[""delivery"", ""service""]",2024-10-16
10f2eb75-1c1e-48d7-9534-ba5ace84fd29,76a223e8-47e7-451d-aa7e-11ea4bd8b7fc,2ef4324b-21c5-4463-a3de-700bd6193b26,5,Very satisfied with the rental experience.,0.777,"[""delivery"", ""communication""]",2025-05-28
6ce75cae-0a64-4230-9a0c-698370424a50,8afccdd5-a2a5-4249-b270-330d173f26df,f4456c9b-397b-46a6-8f20-09d6c0e567e7,5,"Excellent equipment, worked perfectly on site.",0.716,"[""service""]",2026-01-21
e074bb23-2fce-451b-92de-22a2cbb13f96,33837d43-76dd-4f9e-b1e3-f1845b7bbc95,9294b866-8d09-47fc-b5cb-6436f710537d,4,"Excellent equipment, worked perfectly on site.",0.993,"[""communication"", ""equipment_quality""]",2026-03-01
e7ab41b3-fd4a-44a1-abd6-b1587845dd68,0b0f5fd2-9141-4623-9ab3-7b9414d43046,4d65ea3b-3ee8-4ee8-9737-1cdec114395f,4,"Professional team, will rent again.",0.632,"[""equipment_quality"", ""communication""]",2026-01-03
5724ee11-4005-4911-8956-e24da885ba41,a14deceb-f9b0-4286-a069-9c291a911000,fb7d195f-eed6-4df5-99e7-a509571960d2,4,Very satisfied with the rental experience.,0.884,"[""communication"", ""pricing"", ""equipment_quality""]",2026-03-11
b88a5650-7d70-4514-8120-0a9dfbdba06f,c952a0f2-7625-4b7e-b1c9-927504aba3d2,140b2b25-95cc-47a1-a16d-1ffe3fdaad34,5,"Great service, delivery was on time.",0.994,"[""service"", ""communication""]",2025-11-26
554528d2-3ef7-4975-9ca7-cf6cf434bbc4,41143a63-c315-4909-8012-ac3adcf17520,7fc0538d-30e9-41a6-b5b1-2c0ca3adbfd7,3,"Decent experience, room for improvement.",0.553,"[""service"", ""equipment_quality"", ""delivery""]",2025-06-02
aa4065ca-8891-4429-ab9c-e9359530dd98,5bbb14cf-9dad-4bbf-8aed-4e2e30dfeb16,d8a5cd8d-1c1b-4673-b1b6-2fb6ddeb479b,5,"Excellent equipment, worked perfectly on site.",0.787,"[""delivery""]",2026-01-16
c660cc23-015f-4fde-8cf4-e549f4784b32,bba0a92a-9bde-4c8f-869f-eca467215e00,e8df3d7d-82cf-4168-a863-e10db60449c5,4,Machine was in top condition.,0.755,"[""equipment_quality"", ""service""]",2025-03-29
ff8a6897-fc5c-42b3-bb86-389b1230ca50,4136fcc5-d418-41b8-ae83-3c128d430cf9,8241ebd5-259b-44d4-8327-e2b14b6dfda2,4,Very satisfied with the rental experience.,0.853,"[""service"", ""equipment_quality"", ""communication""]",2026-06-05
aa35cc2d-9dae-4982-9e0e-3c95b4d381b2,3de1dd21-eedf-4ff3-95ef-50dd9fc1147d,259e6175-6744-4024-84de-24ad854b5581,5,Machine was in top condition.,0.66,"[""pricing"", ""equipment_quality""]",2026-04-25
ef1bfb00-0437-47fd-8d43-d634da0860ea,c0c51c25-3f97-4979-880b-2c73da0069c5,eecd1f9f-2aed-4d56-b75a-81ab32fb8f3e,2,Delivery was delayed by 2 days.,-0.575,"[""communication"", ""delivery"", ""service""]",2025-06-26
48c2df8d-feda-4bf9-94be-9e79b65993d1,b3dd61ee-5291-46c4-84e8-acaebddc7ed1,c8ab5d63-26c0-453a-9118-c29e51325d8f,4,Very satisfied with the rental experience.,0.777,"[""communication""]",2026-04-14
3c80750e-d651-4b52-9a33-c79fc5a57592,62ff3973-e6e5-498c-96e4-248eb59183e3,5739b0b2-3af5-4e93-97f3-00b5e10c92cd,3,"Decent experience, room for improvement.",0.509,"[""pricing"", ""communication"", ""equipment_quality""]",2026-02-15
f874be45-16be-4124-95d2-018dcdf08f25,8afccdd5-a2a5-4249-b270-330d173f26df,a5c8dbd4-5b9a-4058-aa57-e0b40b56f1eb,2,Machine needed maintenance during rental.,-0.898,"[""equipment_quality""]",2025-09-30
2e17c6bd-95b3-4150-b94f-8b8dd114f6a7,f56dc739-0cae-417b-b7b4-5b1b8a53c810,47510667-2111-4e37-9743-6fbae801319b,3,"Decent experience, room for improvement.",0.313,"[""delivery"", ""service""]",2025-07-08
606bbd02-1f96-4d91-8f9c-b1f43cf5c38e,662051b8-fb78-407a-b951-c5ff0ea3c966,b143f838-5a65-422a-a1ac-cad2402ada02,4,"Excellent equipment, worked perfectly on site.",0.739,"[""communication"", ""delivery""]",2025-03-31
d9008f6a-0bc6-456f-8595-fbbb3b6c9602,f28f4751-3cf3-4c7f-ac99-d9e9df03a0bc,fde7e0a0-fa1e-4bfb-b1f1-30df14a41b01,3,"Decent experience, room for improvement.",0.204,"[""pricing"", ""equipment_quality"", ""service""]",2025-10-24
f3a83da3-d09b-46a4-8462-dc464454980b,7be78260-7d5a-4304-b7fa-6d79f4325c18,ee51a234-3ede-478d-b46c-38872de16609,4,"Excellent equipment, worked perfectly on site.",0.891,"[""delivery"", ""pricing""]",2026-07-18
b201a7c4-84cb-413f-a05b-2b0a917f632a,4cd3d45f-6184-4db5-b59f-ba7054a54284,d7a811e4-0b00-44c0-b43f-d2c625926ad0,5,Machine was in top condition.,0.926,"[""communication"", ""pricing"", ""service""]",2025-07-05
dae7e157-5acc-4e81-8b33-abb6ac49ee44,707938a2-022a-47a4-8b9d-b4d50b26a0cc,f9ea8c66-d6d1-4116-b1d7-31624d77ac41,2,Customer support could be more responsive.,-0.615,"[""pricing"", ""equipment_quality""]",2026-06-25
bf671b02-ff8e-45eb-8455-be23b98011ea,199ab532-fb75-4ff6-bfbc-e060064f2799,d69e4441-8b0e-4327-b412-5d25dd90116f,5,Machine was in top condition.,0.986,"[""equipment_quality""]",2025-08-24
4836058b-f4d2-4e39-aae6-44d5066bf6e5,6529da10-1475-4c3c-92a1-18d6c99a2fd3,31625861-3cec-4fbb-97d8-b94a57fe5fae,5,"Professional team, will rent again.",0.701,"[""service"", ""delivery"", ""equipment_quality""]",2024-09-11
06134649-30b4-4cb2-a96a-e37fe4a5fd8a,abd04790-170c-4c35-822f-32406f606ca5,56581d6e-c7c2-4246-add1-a13067f50946,3,"Decent experience, room for improvement.",0.472,"[""service""]",2026-05-21
caaa9ba1-c9b3-40bd-ab36-4811d3095bb3,1d6b8257-1728-4d7c-8d72-7d1224245aeb,beeb5bbe-4b6b-42d2-a7b9-71e232868a11,5,Very satisfied with the rental experience.,0.958,"[""pricing""]",2025-07-12
abb6af40-0dd7-45aa-aff3-a2021f41cc16,9ad4451e-ad14-4dad-a808-cd0a259d20eb,9c3a9297-aed0-4ff6-ba62-9c4b90f1aa47,5,"Excellent equipment, worked perfectly on site.",0.625,"[""communication""]",2025-02-28
a506d1c9-2a72-4604-8715-6032e362c7a8,9888ccc8-2785-40b0-85db-04f4d4a34792,f972d564-e9f6-439d-8845-aa806146d28c,4,Machine was in top condition.,0.606,"[""delivery"", ""pricing""]",2026-05-19
8e648953-fbcc-42ae-9aa2-0ffd3ca7964c,23e0230e-4a39-4c08-b9b0-a6f965d67d7e,f4b04ba4-1a81-4cb6-b9a7-e40295a89581,5,Machine was in top condition.,0.873,"[""pricing""]",2025-07-19
adbbe942-f3d2-4706-8cbf-7202445d0fe0,930e80c5-5d08-4519-b58c-256246376e91,842f302a-e895-4467-9cbd-187590d39df6,4,Very satisfied with the rental experience.,0.987,"[""service"", ""equipment_quality""]",2024-12-31
524c67cc-adc3-4fac-9581-b36b2ceab463,1e991cc8-c30a-4746-820d-c630e21ff5be,b1196b7a-357b-4ba7-8554-50873e59767f,5,"Professional team, will rent again.",0.785,"[""service""]",2025-01-15
bb474bb7-d6ac-43a6-910f-a57bbdd7dd73,cb30a089-6b70-4abd-b732-eb89a8b5902d,7535f2b3-0897-47b3-8afe-26b7a165d4ea,4,"Great service, delivery was on time.",0.835,"[""delivery""]",2024-10-16
66dce8d4-215d-47d3-a247-3d50cb78fea2,a5fcd9c2-0c09-4826-8cf7-928389e787ad,66f3d08b-47e9-473c-aa30-8abdde91e881,4,Very satisfied with the rental experience.,0.626,"[""delivery"", ""equipment_quality""]",2026-05-05
21115618-e846-484f-bf1d-331cd26cd45d,930e80c5-5d08-4519-b58c-256246376e91,27e813fe-11f6-4a5a-96f0-78a83f9c60de,4,"Professional team, will rent again.",0.649,"[""delivery""]",2025-02-17
e28baf11-2be3-4898-935a-17c089741796,fa5b0920-dbe9-4b44-a70c-393ffab78137,3502d94b-0d65-401a-bc71-3984d2a18522,5,Machine was in top condition.,0.694,"[""communication"", ""pricing""]",2025-02-11
c275a613-2c5e-4214-86d1-ac742e0b75af,fb0c3e25-1d16-4efd-8056-2fdcdd4dd869,466e27b7-9f53-41f2-a2f3-86e01334ff2d,4,"Excellent equipment, worked perfectly on site.",0.736,"[""service"", ""communication"", ""equipment_quality""]",2024-09-15
16ffb15c-0134-4b79-ba06-f237caa5d3c8,feb70aa7-dde2-4469-9d0f-22e7187f8fd7,15927f03-2c9b-4da7-aedc-596e2059a9c8,5,Very satisfied with the rental experience.,0.617,"[""pricing"", ""service""]",2026-03-03
c6750fb7-8d75-420b-8258-6a0c5a5ed945,c3770f50-7096-4ffa-8ec8-3df91ff0f2c8,04251327-195e-4313-9111-4f48d25174b7,4,"Great service, delivery was on time.",0.692,"[""communication"", ""service"", ""delivery""]",2025-08-29
62698a86-ed0d-4ac8-8b56-c990b09e9433,76a223e8-47e7-451d-aa7e-11ea4bd8b7fc,d232dcb4-0d32-48ba-a243-abc943f26422,4,"Professional team, will rent again.",0.817,"[""equipment_quality"", ""communication"", ""pricing""]",2026-07-19
59e1bb57-7ca5-46ea-bc40-1e45c00b8412,95597854-a085-466e-a612-48423db319be,3ecc20b7-0ad7-4601-b28e-fc2808a88f31,4,"Professional team, will rent again.",0.773,"[""service""]",2025-12-23
2a283176-7f6d-42f5-b3ce-406d72400146,aec30178-605b-42a8-a94c-df32b0f497bd,8b36b6d6-7a0c-4127-9308-b6d59bcb7b6e,3,"Decent experience, room for improvement.",0.344,"[""equipment_quality"", ""delivery""]",2026-01-05
7da9d65c-2da8-45da-a845-fa81bd3cee45,035c0bf2-10b9-4eb6-aa15-b3f44f78f2e4,567f0f42-3886-49c6-873e-8079774f8586,2,Customer support could be more responsive.,-0.637,"[""pricing"", ""service""]",2024-08-26
c596557f-cc81-4ba4-95dc-e36c46d4faa5,db1ad761-4a3e-4989-8438-2dd4c3027c12,850cd725-1731-4c9a-a4ff-7b9f52672c20,4,Very satisfied with the rental experience.,0.84,"[""service"", ""equipment_quality""]",2025-09-28
1db8f973-8af1-4444-bc28-2b36690d979e,f2097674-89c1-4f81-8ddc-810c9bf9a0e0,824e0836-722e-4852-b825-9edbd639bf54,4,Very satisfied with the rental experience.,0.613,"[""delivery""]",2024-10-25
21dd3f2e-d473-49bd-ba3f-9d134cb29e91,c9300334-c177-4f75-8b92-06f96c003057,192aadec-8282-4edf-9a9b-317fcdd3f76c,4,Very satisfied with the rental experience.,0.663,"[""equipment_quality"", ""communication""]",2025-03-29
04804660-5947-436f-8eac-5173ed1b3035,0563024d-7b54-43f3-87f4-cbae099dfd04,d7aa5a67-832d-4d96-96f7-b49d6c420dbe,5,"Excellent equipment, worked perfectly on site.",0.64,"[""pricing""]",2024-11-04
d26c703c-bda2-4240-ab1f-e186e45a7e3c,69807b72-e108-4d02-b81f-379de2691ce0,d428fc0f-6833-4753-a09f-5d7d6f8e0c36,5,"Professional team, will rent again.",0.759,"[""service"", ""pricing""]",2025-06-30
6355e519-8ef2-4a96-b3e0-f521499905d9,a9117ef3-8e70-4b83-9d0f-977338ea94ee,d8adc070-fae3-47ff-8e2e-189eb9d5fa58,5,"Excellent equipment, worked perfectly on site.",0.874,"[""delivery""]",2026-02-11
5742a199-b538-4e86-9508-5998b121f5f9,6ff51d1a-5577-4866-93bf-ecc7450b9784,98254c54-d068-49ba-b850-7950fc186b00,5,Very satisfied with the rental experience.,0.65,"[""equipment_quality"", ""pricing""]",2024-10-10
ffe64aa4-2a59-41e3-843c-ddc6e9318d57,1e991cc8-c30a-4746-820d-c630e21ff5be,e096abd3-1612-4193-859d-d4c1d56045ea,1,Pricing was higher than expected.,-0.239,"[""equipment_quality"", ""communication""]",2025-05-30
ab42f9f9-cea3-4cd2-b4e8-b99bc706c47b,7be78260-7d5a-4304-b7fa-6d79f4325c18,ceefe2ad-8b69-4bad-8882-83c53599d126,5,Machine was in top condition.,0.619,"[""equipment_quality"", ""service"", ""delivery""]",2025-03-09
2ab0c88e-01e2-4afd-a389-11d98b1ca175,0a80258f-0814-4d45-819c-9430ed7647a6,54e14c0c-df60-43c3-a098-b63a6d6bf21b,4,"Great service, delivery was on time.",0.601,"[""delivery""]",2025-05-29
6d1975c3-b66e-4c13-9902-60b1ff1df460,6c9fc10c-2676-4cb2-a180-6b6c7d05b723,196d0160-9aef-4935-b908-5b61023a5745,4,Machine was in top condition.,0.685,"[""pricing"", ""delivery""]",2026-03-30
9fa8f5f6-0084-4d16-84b2-35d8b2835ee1,b9c115e9-ca7b-47d9-8da3-3bcc260b618a,1e0ffae9-afe2-460a-9d78-3091bf50750d,5,Machine was in top condition.,0.744,"[""pricing""]",2026-05-17
74f50c01-a6d8-4f82-a8c4-ba0778c80d67,930e80c5-5d08-4519-b58c-256246376e91,2a54b5ad-3510-4b9a-8f0c-94c3e6ea3ba4,4,Machine was in top condition.,0.679,"[""delivery""]",2026-01-08
b90a32f2-eacd-49f6-9f25-00939cb07cf8,903f381d-cf42-442d-b02b-9a4b7e7495cd,1d6f3d34-53ec-4546-8b99-93eb422edfd7,3,"Decent experience, room for improvement.",0.348,"[""equipment_quality""]",2025-07-18
e01d5a7e-97ac-4e3f-9efa-aa632acfb56f,da67d85f-a261-4fb5-9a01-a173c4464f0f,8580e104-9427-4f9d-b047-cce2eaf7c43a,3,"Decent experience, room for improvement.",0.335,"[""pricing""]",2025-11-18
bebf3be7-2f88-42d8-8eb0-255344e4f6c5,70c2eb70-4638-460d-8ab5-33be24e73ae9,27ffa69c-f9f0-494c-9a19-90f532da00e8,5,Very satisfied with the rental experience.,0.846,"[""service""]",2025-01-16
b819715e-a58a-43fa-a828-54bb336ce069,503ca1d3-a10d-40ee-a3fa-d96d29036cef,8725e4fd-9174-4085-b7a3-cbb3322e37d9,4,"Great service, delivery was on time.",0.892,"[""pricing""]",2025-03-29
f0a17240-f976-40cf-a582-f5ba8b14c5d2,c9300334-c177-4f75-8b92-06f96c003057,3a791e77-c8e9-4981-81ca-48cd74d32273,5,Machine was in top condition.,0.775,"[""pricing""]",2025-12-27
dbcc5a10-7848-40f3-b3c3-f61c86c411fe,0afc5ef1-d838-4cba-848e-160931cb192f,d9e300b5-07d8-4be9-9e33-449b2d9d71ed,4,"Great service, delivery was on time.",0.746,"[""delivery"", ""communication""]",2025-09-26
d09d744c-484f-4005-9238-70352cc185d8,a14deceb-f9b0-4286-a069-9c291a911000,bedc203c-91cf-4fa1-9831-e9afcdd62136,3,"Decent experience, room for improvement.",0.329,"[""pricing"", ""service""]",2025-11-27
353cfdb0-3e93-492d-aceb-8096c1c7bb4a,84428284-9b3a-43cd-a5fd-befb2cf188b7,0ea6be14-5265-4fe6-a26f-166014338b81,3,"Decent experience, room for improvement.",0.359,"[""communication""]",2024-11-10
3d8dc99f-2d35-495b-895d-f703b2c1eaed,b0ceb5f8-ad0e-42f9-a554-1960a0ed8997,9e331039-9b74-430e-bded-ac072a1d91d7,4,"Excellent equipment, worked perfectly on site.",0.606,"[""equipment_quality"", ""service"", ""delivery""]",2026-07-02
7b59c230-9512-44aa-bbec-46650391662a,3bdc9a49-d23d-462a-81fc-e0a0c85272e3,a4e9db90-8ee0-456a-846d-96ec3ff89d9e,2,Machine needed maintenance during rental.,-0.905,"[""pricing"", ""delivery""]",2025-02-02
9a4ae0b2-5fec-484c-b3e6-d8f2ea61cc61,6eff4e51-9b25-4fc1-896e-b88762a13160,7bc9c45d-b400-4f34-b9db-962e22f597b5,5,"Professional team, will rent again.",0.641,"[""equipment_quality"", ""communication"", ""delivery""]",2024-10-09
564c0c84-4f44-46b4-8528-288ac8a0aadf,012b7f96-c4b3-41ee-ab40-fa4c408c1e1e,4dbb8c3a-054a-4b2e-a813-88b0c99261d1,5,Machine was in top condition.,0.876,"[""communication""]",2025-12-02
1ccf656c-ae83-463f-a557-6c07653c9dd1,cb30a089-6b70-4abd-b732-eb89a8b5902d,26a4fba7-4f1b-4ee4-b26a-0259ea9e0994,3,"Decent experience, room for improvement.",0.231,"[""pricing"", ""service""]",2025-05-15
842d8fc1-75d5-4c41-8294-ab6179001dfd,62ff3973-e6e5-498c-96e4-248eb59183e3,2a97c1ce-7acc-4c14-a594-314fd223b1f6,5,"Great service, delivery was on time.",0.865,"[""communication"", ""equipment_quality"", ""delivery""]",2025-10-20
93155264-8502-4659-be80-b9b1a16f87fc,6ff51d1a-5577-4866-93bf-ecc7450b9784,81311a4c-4411-4a7d-a817-0ce8b53b9a61,4,Machine was in top condition.,0.909,"[""pricing"", ""delivery"", ""service""]",2026-06-06
85285801-42d8-4bef-b86f-ed02a1fff219,df18fe4c-7ed9-4647-9f9e-eaf8a4c7c1a9,2c39b201-efd2-4bb2-9402-c22d018fd6a0,2,Equipment had some issues during operation.,-0.556,"[""communication"", ""delivery""]",2024-10-21
fa1ff0e2-f589-4d83-8e25-4071965d5f4b,9ad4451e-ad14-4dad-a808-cd0a259d20eb,d43eefc9-5729-4b83-9288-6dc2db02ae60,5,"Great service, delivery was on time.",0.644,"[""equipment_quality"", ""delivery""]",2025-10-30
afad067e-299c-499a-bc3f-cb661fa707ad,b9c115e9-ca7b-47d9-8da3-3bcc260b618a,f7c94571-3ed9-42e4-858a-860670dda367,2,Equipment had some issues during operation.,-0.467,"[""equipment_quality"", ""delivery"", ""service""]",2026-01-11
8898881b-49cb-4aa4-8617-e61e1c3c3615,199ab532-fb75-4ff6-bfbc-e060064f2799,9671eb4f-754d-4986-a137-92e7b430bf50,4,Machine was in top condition.,0.87,"[""equipment_quality"", ""communication"", ""service""]",2025-09-15
ad005d50-5ab4-47ad-b0b4-3bddd386da3b,84644143-a02b-4e48-a68d-4989cf2f8d7d,36799b51-1bc1-4a50-bb68-fb68ae733581,5,"Great service, delivery was on time.",0.902,"[""equipment_quality"", ""service"", ""delivery""]",2025-05-31
d3c908bb-2cf0-4f6a-8d72-d29f6ac24416,ebdee9fd-d8e7-4a19-b327-be6d80cab435,04d8449b-73d0-40e9-a3c7-d45ea1692fef,3,"Decent experience, room for improvement.",0.525,"[""pricing"", ""equipment_quality""]",2025-07-31
3c0e5a53-328c-4602-959a-12c41944e238,4236e673-ef5d-4ba1-94df-857605a8084d,2f441e2d-6eff-4b47-babe-9042716f8ea4,5,"Great service, delivery was on time.",0.749,"[""communication""]",2024-11-02
fc4a75cc-687b-4f2c-b06b-4ec765b78d37,c9300334-c177-4f75-8b92-06f96c003057,1d9cc5ca-9d85-4aa2-abb2-c25ff465a14a,5,"Excellent equipment, worked perfectly on site.",0.698,"[""pricing"", ""delivery""]",2024-12-03
c5c45add-a5c3-4e00-a2a3-42e792d50ddb,aec30178-605b-42a8-a94c-df32b0f497bd,7a5727b2-d71b-4a7b-b735-05d205e0b789,2,Pricing was higher than expected.,-0.597,"[""service"", ""delivery""]",2026-03-16
cbd34b3e-885f-4b91-8b98-1d45d024bdfb,6ff51d1a-5577-4866-93bf-ecc7450b9784,69103bdd-6181-4516-84aa-a94c9ae5ff8b,4,Very satisfied with the rental experience.,0.959,"[""pricing"", ""equipment_quality""]",2025-11-09
1cae8ea1-2977-4050-9ce0-6b4dde3d3819,a9117ef3-8e70-4b83-9d0f-977338ea94ee,c1bbb9bc-fc06-4ab2-a6e4-448704d0aa92,4,Very satisfied with the rental experience.,0.817,"[""service"", ""communication"", ""equipment_quality""]",2025-11-07
1f09d42e-4abf-47df-a9d3-8c6e56a68239,2138c6c8-dd06-4493-96dd-1325c5d121f7,e476c008-b78c-4150-bd13-f737ee4469de,4,Very satisfied with the rental experience.,0.958,"[""pricing""]",2025-09-20
c78875ac-3b31-4f97-8d97-c341355239d3,e189db02-47bd-4155-9ff0-f1b42d8b0d45,d5f89737-ed55-470f-820c-d8b80c04eda9,4,"Professional team, will rent again.",0.951,"[""pricing"", ""communication""]",2026-01-18
c5c52af9-1ae5-4296-bafb-a69a57a8544c,4dc709ad-2e2f-4b45-b074-916f303a400a,8d1b282b-e6a8-4a60-bf55-e79b9be81e37,4,Very satisfied with the rental experience.,0.776,"[""pricing""]",2025-09-02
32c180a3-913c-4148-9a3a-66884783e974,23edac92-2354-4178-a4a0-5d165c377eb8,2040a754-5732-455c-b435-82d1f3b88955,3,"Decent experience, room for improvement.",0.271,"[""equipment_quality"", ""delivery"", ""communication""]",2025-12-21
37046022-747f-48b3-a0b9-a57d0af2095c,6c9fc10c-2676-4cb2-a180-6b6c7d05b723,74e95354-9dfb-405e-ba01-2e19ee42e77d,3,"Decent experience, room for improvement.",0.474,"[""communication"", ""pricing"", ""delivery""]",2025-01-30
dd158425-294b-47a2-837c-4f6abfa8f5bc,8647cf88-b986-493c-a5eb-e2954c813001,f29549a4-5584-41a4-8e2c-13c4e333f2cc,3,"Decent experience, room for improvement.",0.226,"[""equipment_quality""]",2026-01-27
72a7a204-0628-4d07-a108-8af1039993d2,491f1311-7d04-417e-bd66-349490c29ded,c7ae1e7b-802a-4cf4-8e5b-64849a000da0,5,"Excellent equipment, worked perfectly on site.",0.856,"[""delivery"", ""equipment_quality""]",2025-10-09
c3863d36-39a2-4785-b568-57fcb06850c7,edcd7270-7c38-4e2b-a544-37d79eae44b4,933b3ad0-9993-49c0-b1f9-c1e489de3f3b,5,"Great service, delivery was on time.",0.628,"[""service"", ""pricing"", ""equipment_quality""]",2024-10-02
b34a6898-6cce-4bdc-82c6-318c5dfa9068,4212e07a-0023-405f-9bf2-105bc07b5250,68a9f9cd-3508-4ed4-846a-51adee983a52,4,"Great service, delivery was on time.",0.965,"[""equipment_quality""]",2026-01-12
8fb6f4c4-23e8-4f45-a1f0-e22ff2cdb970,dadc1591-c166-4ef7-a23b-43a8cb2c1dba,4acc3672-fa4f-49d8-b0a3-3be633faa2b8,2,Pricing was higher than expected.,-0.408,"[""service"", ""delivery"", ""communication""]",2025-02-27
52b43be4-baf6-4f1b-8929-ef725b99279c,39fee45e-547c-4ea0-aa42-fdb317c7996a,90e6c3b5-e5df-4cee-892e-7493a82f7ff6,3,"Decent experience, room for improvement.",0.547,"[""service"", ""equipment_quality""]",2025-08-17
989e0e40-9671-4eec-abd9-78e3365f7a69,6beaae34-f8b5-48c9-8cf2-f3ccbacd1bbe,6d1997f9-083e-4cda-bb1a-2ea3657567b6,5,Very satisfied with the rental experience.,0.943,"[""delivery"", ""equipment_quality""]",2024-11-26
bbf82487-c6ff-489a-b880-63a6d4a87110,f110fe84-2852-439f-b05d-e68449065be4,351f4cb7-786c-41d9-9b15-23378db52ee6,5,Machine was in top condition.,0.805,"[""service"", ""pricing"", ""delivery""]",2025-05-01
d814e430-de50-4dbc-9056-ca564fbc2822,09736450-0e25-4edf-a45e-d720556b1e1f,1fe44eed-ec9c-4fa7-97fc-27efd236f7d4,4,Very satisfied with the rental experience.,0.675,"[""pricing""]",2025-01-05
66b7c389-9a16-401d-acd1-69029a451431,4212e07a-0023-405f-9bf2-105bc07b5250,238a7645-0216-4ffc-853f-78003d7e9027,4,"Great service, delivery was on time.",1.0,"[""communication"", ""pricing"", ""delivery""]",2026-01-01
78986e63-88f0-42a5-abb5-7f23979e7e0c,39fee45e-547c-4ea0-aa42-fdb317c7996a,0de83123-bd24-47fe-89f0-ea3f3e7ab254,5,"Professional team, will rent again.",0.648,"[""delivery"", ""equipment_quality""]",2024-11-23
98591e21-5221-47f0-87d3-4e7ca09c4f0d,33837d43-76dd-4f9e-b1e3-f1845b7bbc95,83d265ee-edf7-4989-b95c-5545a7e838fc,3,"Decent experience, room for improvement.",0.359,"[""service"", ""pricing""]",2025-01-15
b545b5e4-dbfb-4caf-a73f-40f2e3d973b1,2a04ff3f-9519-4a1a-8315-3684798f5345,525e5f01-c828-4441-a8c8-47cb02a46b0f,4,"Great service, delivery was on time.",0.903,"[""equipment_quality""]",2025-08-17
ec0500fb-02a6-4453-836d-37f00d7cfd50,76a223e8-47e7-451d-aa7e-11ea4bd8b7fc,28616ec7-7102-443b-9554-dbc124f55ab5,5,Very satisfied with the rental experience.,0.973,"[""service""]",2025-08-02
233d9ddf-83e1-47b0-893d-34ec7c4cabf7,dadc1591-c166-4ef7-a23b-43a8cb2c1dba,1a596080-b934-486d-bfec-d377d60032d7,3,"Decent experience, room for improvement.",0.396,"[""service"", ""equipment_quality"", ""communication""]",2025-03-22
32e4552c-8fee-4fcc-8b12-2347f895e081,8300e3b8-4e36-4cd0-9094-c6787c5d4fb9,119067d1-fe0c-4e43-8950-172bdfd0d68c,4,Machine was in top condition.,0.91,"[""communication"", ""pricing""]",2026-07-20
41231107-710e-4823-b78d-4451b598aab8,82ea7a64-63ee-4c10-80a6-fdcc7d322da6,74a829b4-bb7c-46f6-ba78-850e0b4c5098,4,"Great service, delivery was on time.",0.78,"[""service""]",2026-01-21
65395381-2c37-48f0-8269-c5ce397ddade,5b32d7b1-04db-48ac-aaf5-d121a60ded76,25956948-6f2e-45b8-aba9-7efd2b20add1,4,"Professional team, will rent again.",0.83,"[""equipment_quality""]",2025-07-05
507336ef-dcbc-4d4b-ba52-01dce48b1205,f2097674-89c1-4f81-8ddc-810c9bf9a0e0,960337a4-4879-441a-960b-40420deb8236,3,"Decent experience, room for improvement.",0.519,"[""delivery""]",2025-04-25
a368daa0-6e28-4de9-9046-0f493093409d,f3e717f8-eb3a-44a2-b0ba-922a53b43780,9272b8aa-0f26-4a80-9b80-b49ab4ea107c,5,"Excellent equipment, worked perfectly on site.",0.98,"[""delivery""]",2025-01-28
4d9a1518-eac6-44f5-ba5b-8b43760e538e,ff5c59ce-b7d4-4309-8726-dbeb94e2dd91,337b170b-c16f-4f20-83df-e385c5aa7d3c,3,"Decent experience, room for improvement.",0.339,"[""service"", ""delivery"", ""equipment_quality""]",2025-10-16
6db8f972-15cd-4fd9-8fa4-7b0657c1eb35,41143a63-c315-4909-8012-ac3adcf17520,38a96bdf-cac7-43fc-9214-53c92b9b3021,3,"Decent experience, room for improvement.",0.24,"[""communication"", ""delivery"", ""pricing""]",2025-11-29
a0f76ee9-e686-42fb-88a3-04ed636062a7,95597854-a085-466e-a612-48423db319be,47e86e4e-fc24-4c98-8567-fd97cb2c1994,2,Delivery was delayed by 2 days.,-0.068,"[""delivery"", ""communication""]",2025-01-10
ec523d34-1443-420b-b7d2-c5ca762ad942,bba0a92a-9bde-4c8f-869f-eca467215e00,550dc907-dce1-4720-97cf-9ce7324c5ff1,3,"Decent experience, room for improvement.",0.216,"[""service"", ""pricing""]",2025-05-14
c385d67f-0736-44e7-ac9b-f702aa9da476,903f381d-cf42-442d-b02b-9a4b7e7495cd,5539359d-8d81-4831-89a2-569351514df2,4,Machine was in top condition.,0.742,"[""delivery"", ""pricing""]",2025-02-10
18c982d1-f054-48ca-9242-fabbb9ad0634,b0cfe83a-9793-4c65-8cc8-0cd6ce6d9bd1,4fc8bd73-de48-4a76-b43b-cd1eb6be1c3d,5,"Excellent equipment, worked perfectly on site.",0.614,"[""communication"", ""delivery""]",2025-03-23
dda77745-4a06-49bb-a756-1316f474dde4,d6167d47-7515-46db-9313-a2084b507ebc,c885fec4-c4c2-4778-9f5d-51bdd2dc9842,4,Very satisfied with the rental experience.,0.774,"[""communication"", ""pricing"", ""service""]",2025-12-08
f484274a-60b3-422f-a451-820ccf955846,0afc5ef1-d838-4cba-848e-160931cb192f,41f349c4-a5f1-40f8-b709-750ba12787de,2,Machine needed maintenance during rental.,-0.08,"[""communication""]",2026-06-14
b826a31c-5969-44f6-9591-8207941ba6b2,5a50c836-ec68-4aeb-9182-abd10c298a3c,387082b0-8115-40cc-a162-f26c86178373,3,"Decent experience, room for improvement.",0.225,"[""communication"", ""service"", ""equipment_quality""]",2025-06-28
e37e3c2a-6b7d-4761-81c8-3daff1b52990,b81ba5de-7041-49e7-a3f5-37f7f61d59a4,7204845b-8a63-4a8f-a8e9-95e80a4cc436,4,Very satisfied with the rental experience.,0.802,"[""communication"", ""equipment_quality""]",2024-12-08
ff95eb42-5531-49e8-b3b7-ee128634220b,2d5b73fb-3360-43e3-ac08-cf0358ca5966,fb8079c9-8b05-4d51-ac0b-3552be4e05b1,4,"Excellent equipment, worked perfectly on site.",0.682,"[""communication"", ""delivery""]",2025-08-08
f304b961-e535-4cd3-9638-cb9e2f505ecd,c0db902a-4c4a-460d-81d9-b5e8b3c907e5,647f2288-f9bd-4e7b-85e1-9503373641b4,4,Very satisfied with the rental experience.,0.775,"[""service"", ""communication""]",2026-07-18
0ec07984-8e81-48c6-9f8a-1d7412ae1793,c200ec03-44b1-4949-8427-a625ec4741bf,3269cbe1-7ee5-419f-a200-2a00e8fcd203,3,"Decent experience, room for improvement.",0.594,"[""equipment_quality"", ""service"", ""pricing""]",2025-10-17
a6d29d50-b7c1-4257-abd5-886f1db7c1f2,fa5b0920-dbe9-4b44-a70c-393ffab78137,12f4d18f-607b-4f98-a873-bf84b0a28cff,4,Very satisfied with the rental experience.,0.633,"[""equipment_quality""]",2025-10-28
10217006-cbd5-40e4-8c8d-07d52e524a3a,012b7f96-c4b3-41ee-ab40-fa4c408c1e1e,6b520aae-b801-46d4-b679-7f87c7ce43f7,5,Very satisfied with the rental experience.,0.792,"[""equipment_quality"", ""communication""]",2026-02-24
f380f154-117a-432d-978d-0f1a10ab5878,6571075a-673b-49e1-ae95-2c30b0df2081,9da4c2c4-9af3-4218-a439-c1c7ce6ecc26,5,Very satisfied with the rental experience.,0.778,"[""equipment_quality"", ""communication"", ""service""]",2025-04-08
2e61f493-67cf-4218-b303-9104c3c41c22,74166b54-578d-4e44-882b-45c9694a9729,cf429fc1-612b-4278-bb38-8a6d60e66859,4,"Excellent equipment, worked perfectly on site.",0.84,"[""equipment_quality""]",2025-01-01
263fc405-5340-4b1d-b343-1783bb8f9df0,0b0f5fd2-9141-4623-9ab3-7b9414d43046,39e89f19-047c-4c53-8713-cbe2cd13a527,5,Machine was in top condition.,0.689,"[""delivery"", ""equipment_quality""]",2025-11-09
f492475b-9d7c-4b49-8a61-7a8d7750d98f,dadc1591-c166-4ef7-a23b-43a8cb2c1dba,26265fd1-f9c1-46b8-97c1-7bf5919445bd,5,"Great service, delivery was on time.",0.994,"[""delivery"", ""pricing"", ""communication""]",2026-03-14
c7aaa606-9f6e-43a3-b8e4-26860fc7dd1c,9888ccc8-2785-40b0-85db-04f4d4a34792,15c63797-5126-4645-87ac-cca3a086435e,3,"Decent experience, room for improvement.",0.339,"[""service"", ""equipment_quality""]",2025-07-06
0759c9a0-49c3-47eb-b89b-276a4d7ff3af,6beaae34-f8b5-48c9-8cf2-f3ccbacd1bbe,71b7c7bc-35f3-482e-86ec-e2c901b79b7e,3,"Decent experience, room for improvement.",0.3,"[""service"", ""pricing""]",2026-05-22
062f7b91-1729-4ac4-b092-1525170bcfa2,d4f0e86e-a355-434d-961a-b9597212aea3,eb4e0275-1ff7-435f-9516-f79589363d9c,5,Very satisfied with the rental experience.,0.969,"[""service"", ""communication""]",2025-07-06
0cceb4ab-759d-4c2d-8c0b-273c89678a2f,713a8773-913e-4531-a453-18bf5e372f56,8a662ab2-7315-45d5-852c-7bd77b98f815,5,"Professional team, will rent again.",0.992,"[""pricing""]",2026-01-16
db442fb7-b545-4ef4-ae53-747b5d6d2a24,3de1dd21-eedf-4ff3-95ef-50dd9fc1147d,cbecd79b-3ed2-4808-8672-e43056dfbbfe,1,Customer support could be more responsive.,-0.02,"[""equipment_quality"", ""communication""]",2025-07-04
2a4d7d29-d75e-4a15-b3e9-5a2a98218d84,9ad4451e-ad14-4dad-a808-cd0a259d20eb,f531e5aa-4266-4614-ab84-89573145d165,5,Machine was in top condition.,0.639,"[""pricing"", ""equipment_quality"", ""delivery""]",2026-06-19
c3584cf6-3d97-42e1-be30-4816ba50caec,f2097674-89c1-4f81-8ddc-810c9bf9a0e0,9112223c-4617-47cb-8c30-78483c03851f,2,Delivery was delayed by 2 days.,-0.283,"[""communication""]",2026-01-31
7ab7e0dc-4590-4a6b-88b6-6a63736c1eb4,76647c96-3126-4cc2-b315-7941cdbca7f7,15d2c65b-fbc9-4b86-af36-1c1640bf7bbe,5,"Excellent equipment, worked perfectly on site.",0.69,"[""delivery"", ""equipment_quality"", ""communication""]",2025-10-20
d784b93c-ecc8-436d-bc96-1e6bf4770e71,f110fe84-2852-439f-b05d-e68449065be4,644bb9c6-22d1-4e2c-be93-ae7adffc013b,5,Machine was in top condition.,0.689,"[""pricing"", ""service""]",2024-08-05
07a13456-4462-4cc4-97e6-622abf85d174,486f7b67-46cd-4cde-8fcb-3f41afe4fa22,b89a1d66-d8fb-49bc-aa0b-cc024605dc7e,5,"Great service, delivery was on time.",0.708,"[""service"", ""delivery"", ""pricing""]",2025-05-20
d00b5c7e-3b6c-407b-aa92-b81ce86b5176,ebdee9fd-d8e7-4a19-b327-be6d80cab435,cc6e7322-f6cc-4295-9bba-57b33738f7bd,4,"Great service, delivery was on time.",0.668,"[""delivery"", ""equipment_quality"", ""communication""]",2026-06-07
38d2fdd8-a3ee-48e0-81c1-8e37ebddb4a6,30012bd6-63e1-4c37-9f7c-71cb2aede345,b383078f-b58b-4b46-88cf-230a65e45ab5,5,Machine was in top condition.,0.647,"[""equipment_quality""]",2025-01-01
a4e1095e-c6f2-49fa-96fa-8835f1c2831d,f28f4751-3cf3-4c7f-ac99-d9e9df03a0bc,18fc34a7-5cf6-4d48-be05-38a80c9d458b,4,"Professional team, will rent again.",0.696,"[""delivery"", ""service"", ""pricing""]",2026-05-09
aa6df51d-b482-46be-8938-edc186f5ccff,6e2e99a4-a052-4bbe-b097-030dc3c65633,1af5fd6f-31b8-4edf-a94f-22bf166f9170,5,Machine was in top condition.,0.776,"[""service""]",2025-07-22
cd036ccd-98ee-4d37-bf80-6a583c3f4155,62ff3973-e6e5-498c-96e4-248eb59183e3,42efe89c-a0cc-44b9-9e79-b112cb0ace82,5,"Great service, delivery was on time.",0.987,"[""delivery"", ""pricing"", ""service""]",2025-08-25
b89c5250-8e3d-4ac6-8f37-5dcfb95a9d80,6a9e9061-7336-48ff-bc33-3537b6f922a6,8da124fd-6ad3-4b61-b0d3-747e6fe4a8cc,2,Equipment had some issues during operation.,-0.987,"[""delivery"", ""service"", ""communication""]",2026-05-27
87153364-2619-408d-9f8d-23e3f112dea7,66ac95a5-e673-4803-b91d-4c51a3e177ec,9fa8a97f-2b95-4868-aaee-ea40864967a9,5,Very satisfied with the rental experience.,0.849,"[""equipment_quality""]",2026-02-17
2f392916-bd82-4bc4-944d-4d16eeb577e3,cd65fec9-7248-44f5-bcb2-10f5841b02bc,9ae3eedf-19ad-44a7-8051-7b217feaaf4d,4,"Excellent equipment, worked perfectly on site.",0.852,"[""service""]",2025-01-30
b3c352e1-2ce6-430a-8406-a060d86c184b,23edac92-2354-4178-a4a0-5d165c377eb8,b3b3e257-c3f6-46a0-9c23-381531725b1c,4,Machine was in top condition.,0.813,"[""delivery"", ""equipment_quality""]",2025-12-24
3de51799-5aae-4a46-9a00-ba350d32d929,0f13ce4b-33a8-4e88-aa71-9d5000ba5158,b39bbe21-8e2e-40ed-8a1f-9a109dfb2db4,2,Machine needed maintenance during rental.,-0.405,"[""equipment_quality""]",2025-04-03
4f2b0942-bfe5-4247-8923-afe4a2f7dc0e,ab04e845-df18-47cc-a8ce-c436e66303d8,11773361-ea3e-430d-8183-b682b16bef47,1,Machine needed maintenance during rental.,-0.667,"[""communication""]",2025-10-07
2efc04dd-cdcf-474a-a908-9ede42b60e0c,658a2bd5-925b-42d9-823c-60e9272f02b9,acae2a64-3d92-407d-82c1-a6de253c6c45,5,Very satisfied with the rental experience.,0.913,"[""communication""]",2025-04-28
6262e181-4564-4483-ac95-926a2ceafc4b,23edac92-2354-4178-a4a0-5d165c377eb8,f5707021-bec5-4db6-b846-980d6d1f7ce4,5,"Great service, delivery was on time.",0.808,"[""pricing"", ""communication"", ""equipment_quality""]",2026-03-24
b4234b93-34e8-40c7-95d7-c30375c26e43,4136fcc5-d418-41b8-ae83-3c128d430cf9,36e4f366-cd8c-4186-a10d-59087aeef82c,5,"Great service, delivery was on time.",0.864,"[""delivery"", ""equipment_quality"", ""pricing""]",2024-10-05
e5b78ac9-5d59-46ce-ab65-7ee4ea33eba9,8300e3b8-4e36-4cd0-9094-c6787c5d4fb9,133946dc-ee48-481b-a8ab-5d00f80d1767,3,"Decent experience, room for improvement.",0.579,"[""delivery"", ""communication"", ""equipment_quality""]",2026-04-14
6a68d9b9-0ea7-44bc-9e06-05de7bdf7580,926a6948-12d2-420d-b960-eaaca6965dbd,30031573-e8a7-41ca-b01a-5bcb2ad359ad,3,"Decent experience, room for improvement.",0.31,"[""pricing"", ""communication"", ""service""]",2026-03-16
df6507ce-fa66-402d-b2b6-549c1f279dd3,edcd7270-7c38-4e2b-a544-37d79eae44b4,462f1160-387d-49b2-be4e-d7b83c3232c5,3,"Decent experience, room for improvement.",0.307,"[""pricing""]",2025-07-24
7a0d7e31-1e44-42c3-a091-96b7a3ef8861,fa1aba87-5e36-4b91-8fe6-51843a62ecd6,ff871568-4399-4c10-b84b-4286a75b2deb,5,Very satisfied with the rental experience.,0.983,"[""pricing""]",2025-04-01
ddcd12a2-5a7f-49b6-989c-f7f02bcd3f3b,ff5c59ce-b7d4-4309-8726-dbeb94e2dd91,9dfbeac0-7775-4149-b411-8b0d447d250e,5,Machine was in top condition.,0.664,"[""pricing"", ""service"", ""communication""]",2025-10-14
b7671966-cd1b-4f59-9029-5cfa2dfe88f1,4236e673-ef5d-4ba1-94df-857605a8084d,4d580a1d-9b20-46ee-9d21-99834e384356,4,"Professional team, will rent again.",0.919,"[""delivery"", ""pricing"", ""service""]",2025-05-12
f4c8431c-86a2-46d5-ba2c-a363bc442a32,ff5c59ce-b7d4-4309-8726-dbeb94e2dd91,d45bb684-a531-4940-a56b-c2e98f79bee7,3,"Decent experience, room for improvement.",0.542,"[""pricing""]",2026-02-14
9288413c-daeb-4083-969c-3c52339ec61e,c952a0f2-7625-4b7e-b1c9-927504aba3d2,08c3b091-2230-440e-aa50-b976570157ea,4,"Excellent equipment, worked perfectly on site.",0.725,"[""communication""]",2026-07-08
e021edeb-267d-4147-a16e-d2313fdd7bed,6977c136-837c-44cb-9bf0-0a3ee8532eb4,999223ee-7d93-4b9f-afc9-b15618626818,3,"Decent experience, room for improvement.",0.528,"[""service"", ""communication""]",2024-10-25
dbfeddde-3d5e-44a7-b9fa-c36360c99e4f,76e7a621-003e-42cc-9f06-fea80a0747ca,5768d007-c29b-4611-86c7-ac456c5360cc,4,"Great service, delivery was on time.",0.803,"[""equipment_quality""]",2024-11-15
3a260e8a-4a3e-460b-9a8f-f9cee7df4b4c,df18fe4c-7ed9-4647-9f9e-eaf8a4c7c1a9,008ebea3-f772-434b-b7f9-e1a3715f0f59,4,"Excellent equipment, worked perfectly on site.",0.795,"[""service"", ""delivery"", ""pricing""]",2024-12-14
374b5274-e5c5-4ac1-baff-0f45733d3016,ab04e845-df18-47cc-a8ce-c436e66303d8,561cb410-78c7-4a34-9383-0a75b4484954,1,Customer support could be more responsive.,-0.89,"[""communication"", ""service""]",2024-12-11
3196cde7-7e71-47f5-b97a-62f1a6bd9d1f,a313c410-78f1-412c-a399-2c47a873c2f9,e88e4292-5549-4f7a-97e5-19c5a0635174,4,"Great service, delivery was on time.",0.738,"[""pricing""]",2024-10-28
92594cc4-4931-4d0c-b4a2-9475cac0d963,abef463b-a7a9-4e1a-a64f-c53d41cebf1d,d05ff12c-3201-4fe4-b50a-0148014ce5fb,4,Very satisfied with the rental experience.,0.652,"[""equipment_quality""]",2025-12-15
d8dd8403-d031-4bfd-917f-3a9de713c60f,7be78260-7d5a-4304-b7fa-6d79f4325c18,456bfc03-cf2f-44c5-8f65-0251a9c98c15,2,Customer support could be more responsive.,-0.37,"[""pricing""]",2024-09-11
9edef186-bfd9-40e3-8497-aeb50fb1a639,f110fe84-2852-439f-b05d-e68449065be4,d90561c0-9d6a-4e10-9ba8-fe879b128a39,1,Pricing was higher than expected.,-0.752,"[""communication"", ""service"", ""delivery""]",2026-01-28
e8855bfa-372a-4c61-81fc-ecf2bb4ad7f5,b3dd61ee-5291-46c4-84e8-acaebddc7ed1,7defda6b-6432-4c59-8723-3cdd37bad351,3,"Decent experience, room for improvement.",0.525,"[""delivery"", ""equipment_quality""]",2026-02-23
bed526ee-9907-471e-862e-5bc7b7efea31,f12b1437-9c22-4bfa-b116-3f739dea41e7,a4cd2d45-1f07-4329-9487-77d67f28a990,5,"Professional team, will rent again.",0.615,"[""equipment_quality""]",2025-06-06
3d11fe4c-0e6f-4ca1-8fd6-9e3ffc2b5964,7b3f1125-9009-477e-a350-b52a7884ddc7,d3625d6f-1298-4bf5-b4d5-c5a4419cce8c,4,"Professional team, will rent again.",0.846,"[""equipment_quality""]",2026-05-24
73b1cfd6-aef1-4b20-90d1-31f5001223fc,797a670a-c348-437e-b9f4-75e2b92ba55d,bc17e921-dab1-4b66-b151-22be2a58fb19,5,"Great service, delivery was on time.",0.739,"[""delivery""]",2024-11-07
ae8558b4-fc43-4fb7-87f8-f6fc3efd9afb,3b4c197c-5f64-405f-998b-18fed0deefea,2ec9a2aa-69a1-4104-adfd-d4948d0b8e5e,4,"Excellent equipment, worked perfectly on site.",0.905,"[""service""]",2026-03-05
772d1a43-64c5-4bdc-88d6-b020ef0a9aa9,abef463b-a7a9-4e1a-a64f-c53d41cebf1d,ba4abb3f-5e13-41e8-8a3c-4c71c31058f8,3,"Decent experience, room for improvement.",0.235,"[""service"", ""communication""]",2025-03-27
e35fe287-e716-4db3-a9f4-ced9c61f801c,4236e673-ef5d-4ba1-94df-857605a8084d,d8a857de-58c3-482a-8dfd-f14b596b6e3d,4,"Great service, delivery was on time.",0.665,"[""delivery"", ""service""]",2026-05-24
55879d31-70cb-41a3-9bac-539c4f5de992,8a6e77c0-52cb-43a5-93a6-040dcddc850e,fef0fe40-84e3-425a-8775-c4ef3f6f1e0e,5,"Professional team, will rent again.",0.949,"[""delivery"", ""equipment_quality"", ""service""]",2025-05-15
5d64617f-05f6-4e36-9a69-4de7d3dbdfb0,658a2bd5-925b-42d9-823c-60e9272f02b9,9fd71567-a754-4883-89d6-3286160930d2,4,"Excellent equipment, worked perfectly on site.",0.861,"[""service""]",2026-04-21
5b91fd38-6878-4e56-8e54-8e5b15580afc,a9117ef3-8e70-4b83-9d0f-977338ea94ee,44f22852-0a2e-42f8-8d23-98ccf0cbd791,4,"Excellent equipment, worked perfectly on site.",0.741,"[""equipment_quality"", ""pricing""]",2024-10-01
f4e32b16-a8d7-4754-a4dc-5e823e7663e5,82ea7a64-63ee-4c10-80a6-fdcc7d322da6,ad3455e5-90b7-4cd1-9b3c-7d7087406911,3,"Decent experience, room for improvement.",0.237,"[""communication"", ""equipment_quality"", ""service""]",2025-04-20
10229e91-c072-4ab1-a99e-43b19071f040,0b0f5fd2-9141-4623-9ab3-7b9414d43046,edfa4812-7a72-4f51-a95b-e99c7c1303d0,5,Very satisfied with the rental experience.,0.726,"[""communication"", ""pricing""]",2026-06-21
0d1c92d8-5e10-4179-9da9-a392fade84a6,813bfadf-77e8-4be9-b0c6-16fae77e358c,8d535b38-df0d-4821-8628-5d1aa6cadff1,2,Pricing was higher than expected.,-0.879,"[""communication"", ""equipment_quality"", ""delivery""]",2025-07-17
e3be3214-b4fc-4f4d-b625-b422533e4998,69a242bb-b019-4dae-9df7-31f6202caabe,f7b3db88-76fa-4aaf-9311-fde957cab3fc,4,"Great service, delivery was on time.",0.77,"[""communication"", ""pricing"", ""service""]",2025-07-17
21444ae2-959e-4bad-acfa-c53c712ec187,926a6948-12d2-420d-b960-eaaca6965dbd,ce8c0359-8fa9-4e24-a1eb-2a187b70e8bb,1,Machine needed maintenance during rental.,-0.968,"[""communication""]",2025-04-26
bac4c23a-b50f-4c82-b4a0-e8214fbed43f,33837d43-76dd-4f9e-b1e3-f1845b7bbc95,a715c26d-3a2c-47ca-96f1-3b4b4532f9a9,2,Customer support could be more responsive.,-0.557,"[""service"", ""delivery"", ""communication""]",2026-01-22
f5b71f40-c7a2-4da6-b14f-08289c46f27f,9ad4451e-ad14-4dad-a808-cd0a259d20eb,9d6f3fb8-ff7d-4fa1-a47f-9f3405b196d4,4,Machine was in top condition.,0.929,"[""pricing"", ""communication"", ""equipment_quality""]",2026-06-28
cbbd5277-90c8-4646-92c4-9771b5434e54,03bbff31-a890-4d49-a6df-3269f635750c,8797a156-2ded-4da4-beae-dd31988d0ec6,4,Machine was in top condition.,0.838,"[""communication"", ""delivery""]",2025-02-05
fc29f3f3-7234-4f38-b245-c2ad917a3d17,f110fe84-2852-439f-b05d-e68449065be4,2746f121-e281-4e27-8ef7-5d89abba626a,5,Machine was in top condition.,0.735,"[""service"", ""pricing"", ""communication""]",2026-07-14
e6570800-3c15-4ed7-86d1-ba2fc6485802,a25f72b5-1730-44fd-b6c7-c769a3920171,90393ba4-0486-453a-9001-1ed5ef95e386,5,Very satisfied with the rental experience.,0.734,"[""communication""]",2024-10-24
db8c92ce-7388-4fdf-80b2-03bb3bcc3eb5,c952a0f2-7625-4b7e-b1c9-927504aba3d2,30a2bf00-67c7-4e9d-9818-bfbbfb7888b8,4,"Excellent equipment, worked perfectly on site.",0.628,"[""service"", ""pricing""]",2025-10-28
d9a00d1b-7881-489c-9e30-e5609e96b2b4,e189db02-47bd-4155-9ff0-f1b42d8b0d45,fe20dbce-74e5-4118-be00-d192f1c346d5,5,Very satisfied with the rental experience.,0.987,"[""equipment_quality"", ""communication"", ""delivery""]",2024-12-21
7b9d9f5f-8f4a-4aa2-9183-2b4274374c8b,2fec9e6e-b82b-481d-ad04-917244574aca,5f8339c3-8ba5-473f-bcc9-73f6e1bf1788,1,Pricing was higher than expected.,-0.074,"[""delivery"", ""equipment_quality"", ""service""]",2025-09-13
2913d712-8af5-496f-b63c-0558a39a410f,07a4a12a-4581-419a-8701-06d37ea6bd3b,91037f68-1463-43ab-931c-bd74fac619ce,2,Machine needed maintenance during rental.,-0.819,"[""delivery"", ""equipment_quality"", ""communication""]",2026-05-24
e343fa40-72b7-48bd-860b-d37e2224ea4f,69a242bb-b019-4dae-9df7-31f6202caabe,86a5a96f-e96c-41ca-9271-b2e91b020db5,5,"Professional team, will rent again.",0.611,"[""service"", ""pricing""]",2025-12-09
03e891a2-5fe5-419c-a4e8-4f06dbc18c72,b2c31650-b23a-4c34-898a-70205c337192,2a46d0ab-7fb6-4b1d-839c-1a9f203eb655,5,"Great service, delivery was on time.",0.826,"[""equipment_quality"", ""delivery""]",2025-02-21
53623ed2-2fc4-4f7c-b4ed-1b6914e53024,23edac92-2354-4178-a4a0-5d165c377eb8,7c4ead5d-92c4-4f08-91cb-3d026eac94ac,2,Pricing was higher than expected.,-0.606,"[""delivery"", ""service""]",2026-01-22
902b3976-921b-47cb-97b2-3129b5e3449c,6b567828-70f9-42ea-aa79-c824a239f12b,cf53b2f3-013b-49d9-acab-f02619ee6399,2,Equipment had some issues during operation.,-0.927,"[""delivery"", ""equipment_quality""]",2024-11-29
c3f56ebc-a66a-4ca2-a30a-416a6fe706fa,d0bda241-2bb1-4a4d-9ebb-a56c96f85c7b,cb167534-3a44-4e81-ac52-42386f4d72ba,5,Very satisfied with the rental experience.,0.84,"[""pricing"", ""communication""]",2025-10-05
45102a94-9387-4b35-a8b3-3e4be6fa9536,3d72e7ae-13d1-4ed5-aa94-9ef92f1ed0ab,76b99e12-777b-47db-9fb7-2514c8b20e90,5,"Professional team, will rent again.",0.796,"[""delivery""]",2026-04-04
317f99e5-dc22-4843-ae71-465704f87d46,4136fcc5-d418-41b8-ae83-3c128d430cf9,1e05b6ad-25ed-41cb-bcf9-1add4b3dea56,5,"Professional team, will rent again.",0.797,"[""pricing""]",2025-08-26
41c668f2-21a5-40f8-8ff5-8159a944da25,5229355e-2f81-4893-82cc-1a15fb16b26d,b3d84bb5-d57b-45ec-be63-e7ddd646afbf,4,Machine was in top condition.,0.678,"[""pricing"", ""communication""]",2024-11-20
564c12d4-c650-4683-833f-3135cfd88b00,2b04ea90-4ead-4b58-912d-a64ec9694a0c,7fd5345a-cfcd-4bf2-a684-4e5778f4568a,4,"Professional team, will rent again.",0.942,"[""communication"", ""delivery"", ""service""]",2024-11-01
c006e78b-2213-48e3-9037-a2d6c3c664b8,d4f0e86e-a355-434d-961a-b9597212aea3,d8453df0-40ea-4e63-a5e9-c3ca12f27ccc,4,"Great service, delivery was on time.",0.613,"[""service""]",2025-07-15
1867b456-54c8-40b5-ad39-4d26c0a50fa6,62ff3973-e6e5-498c-96e4-248eb59183e3,9e204b89-6d76-4628-9f5b-9fb3d5898a59,4,"Excellent equipment, worked perfectly on site.",0.889,"[""service"", ""pricing"", ""equipment_quality""]",2025-09-16
c4419214-a5ee-4f5c-96c6-7808c7f66100,b2c31650-b23a-4c34-898a-70205c337192,f0826959-cc14-48d8-a37c-85a827c2ef9b,5,"Great service, delivery was on time.",0.997,"[""service"", ""delivery""]",2025-11-19
a4d55aca-033a-412d-abdc-2edfb67115dd,a1601b20-3206-4485-8d36-acd9f25d2813,30f68660-6bcb-423a-a6c6-909e1b4dc85a,4,Machine was in top condition.,0.99,"[""delivery"", ""pricing"", ""communication""]",2025-09-29
663970ce-1c58-490d-b15c-4ce6c9c2bef3,ebdee9fd-d8e7-4a19-b327-be6d80cab435,66c49ccd-dcc6-483f-b887-13b16763121f,4,Very satisfied with the rental experience.,0.961,"[""delivery"", ""pricing""]",2026-07-22
28ab0f21-81cd-453b-bcd8-464dbae34b3a,0947586f-39c5-4479-a564-3d1a8d05415a,bfc46855-3b02-420e-a10d-da2c8a35ba4f,4,"Great service, delivery was on time.",0.794,"[""communication""]",2026-04-01
337c23cc-a9a1-43ab-80aa-86c368c4360c,70c2eb70-4638-460d-8ab5-33be24e73ae9,4bf1d21e-412e-4cc7-887f-b6b569672978,5,"Professional team, will rent again.",0.866,"[""communication"", ""pricing"", ""equipment_quality""]",2025-02-19
80f54c88-c2c8-41de-a9db-cd4a10fbca24,030c22a0-4626-433f-94aa-74d48d9cb4df,f045f5e8-fd38-454b-ad33-e6b55600bcb5,3,"Decent experience, room for improvement.",0.261,"[""service"", ""delivery""]",2026-06-13
9db8c6c7-03dd-4f40-a4af-3967a85f8efd,3de1dd21-eedf-4ff3-95ef-50dd9fc1147d,e490e946-5078-43bf-8e68-7a06cf309aaf,5,Very satisfied with the rental experience.,0.889,"[""communication"", ""delivery"", ""service""]",2025-08-30
ae2c0cf2-d0f9-4ec8-b6d7-af184eb481c2,84428284-9b3a-43cd-a5fd-befb2cf188b7,b599d5a3-3f4a-46ac-a6f9-6925a2438ec2,4,Very satisfied with the rental experience.,0.627,"[""service"", ""communication""]",2024-11-10
62df6507-e547-43c9-9e0c-70cbd00643bf,486f7b67-46cd-4cde-8fcb-3f41afe4fa22,c50969a6-bb69-44e0-8d76-37ff2402076b,5,"Great service, delivery was on time.",0.969,"[""pricing"", ""delivery"", ""service""]",2024-12-22
dac7ebbc-6e20-4486-9c99-d77bff599004,76e7a621-003e-42cc-9f06-fea80a0747ca,ee05e7ac-facf-46a4-b47c-8a0e05afb6ae,1,Machine needed maintenance during rental.,-0.673,"[""service""]",2024-09-20
14766c7d-2115-46c0-a48d-a515e0385c1a,fa5b0920-dbe9-4b44-a70c-393ffab78137,d0345362-e708-4479-a0dd-faf1c2713a0d,1,Pricing was higher than expected.,-0.721,"[""pricing"", ""delivery""]",2024-11-14
7344fa0a-591c-4718-8092-1fed39e413ec,8afccdd5-a2a5-4249-b270-330d173f26df,79999b9c-4669-4520-a576-86a56c735044,3,"Decent experience, room for improvement.",0.288,"[""delivery"", ""communication"", ""equipment_quality""]",2026-07-13
d3d80e6d-a216-457f-bf1c-310dbab0913f,08463e2c-bb4c-4072-9776-41809b410c82,d080818d-9559-474d-9826-b83f59ff71fb,3,"Decent experience, room for improvement.",0.309,"[""equipment_quality"", ""pricing""]",2025-03-28
7cb6d33a-a3e0-4eb6-8d55-9d789004008f,82ea7a64-63ee-4c10-80a6-fdcc7d322da6,0c52ec49-c31c-4bef-8c62-412821901a34,3,"Decent experience, room for improvement.",0.251,"[""pricing""]",2025-12-23
c2c96974-0040-4ca5-9bfc-c24fc6b2a137,1b90b616-f317-4e8d-80cc-ebc097f2b812,2d3de62e-d28b-424f-b1e8-cdbae3b992f9,5,Very satisfied with the rental experience.,0.979,"[""communication""]",2024-12-22
c2313fdb-9307-4ab2-a978-b72facdec74d,33837d43-76dd-4f9e-b1e3-f1845b7bbc95,c041a2fb-539f-4b91-b2c6-7a385c33c99b,3,"Decent experience, room for improvement.",0.599,"[""communication"", ""delivery"", ""pricing""]",2025-06-26
57d12d7e-11bc-4744-8e85-b74f3f24e5fe,cb30a089-6b70-4abd-b732-eb89a8b5902d,2696c4ed-86af-4055-a2cf-0f40e3cab6d3,3,"Decent experience, room for improvement.",0.347,"[""communication""]",2024-12-07
be4dbc79-eb83-4f1c-a6bb-c53c78a0dd68,4cd3d45f-6184-4db5-b59f-ba7054a54284,e66f2d34-4fae-4fbb-bf31-059c4ce98f08,5,"Great service, delivery was on time.",0.639,"[""equipment_quality""]",2025-05-27
ef0405f2-c7c2-4ba5-ba5a-094e93a13583,6c9fc10c-2676-4cb2-a180-6b6c7d05b723,b31adfd6-6969-4e3f-867a-97d795a48b79,5,"Great service, delivery was on time.",0.893,"[""pricing"", ""delivery"", ""service""]",2025-01-22
a908daf6-9236-484f-be94-b1ce64783589,07f4921e-099c-4d48-9e53-ec1b8c15bf6f,ee40c8b3-8562-4add-958a-10416bc75e12,3,"Decent experience, room for improvement.",0.426,"[""delivery""]",2025-06-09
21c9eebb-84b6-42f4-834e-db9a897daa74,d4f0e86e-a355-434d-961a-b9597212aea3,48210573-dab8-4517-a427-e1534b46251b,5,"Great service, delivery was on time.",0.718,"[""equipment_quality"", ""delivery"", ""pricing""]",2026-04-23
ae47af6e-97c9-4e70-ac93-a3bf56c21da1,66ac95a5-e673-4803-b91d-4c51a3e177ec,c6dc46b8-bd57-43fe-84ef-d0afa90b7ead,5,"Great service, delivery was on time.",0.815,"[""equipment_quality"", ""pricing""]",2025-07-19
b2ada41b-4b99-49fe-9a7f-edd73ab67a21,cfda6bfa-1868-40a5-b8ca-6081459e10d8,1a599a0d-b75c-4dd1-9345-753dad81293e,4,"Great service, delivery was on time.",0.656,"[""equipment_quality""]",2025-06-06
4ffe491e-67ed-4ae7-a9ad-7b589e0452cc,7225b43f-3e06-47ce-8a9a-fafcacf310b6,cac38429-3c01-48fd-a392-8a856bd2076f,5,"Great service, delivery was on time.",0.905,"[""delivery""]",2025-04-23
145c868e-4b12-41c6-b883-204778e92b68,fa1aba87-5e36-4b91-8fe6-51843a62ecd6,9e70746f-ac9d-492a-86e3-5fbab9d28cba,4,"Excellent equipment, worked perfectly on site.",0.747,"[""service"", ""delivery"", ""equipment_quality""]",2025-01-30
395c982b-c838-47d6-8d92-f14ecaae196a,c952a0f2-7625-4b7e-b1c9-927504aba3d2,53974f5a-05e8-40c4-8e3b-196cd22e1007,4,"Professional team, will rent again.",0.94,"[""communication""]",2025-10-12
8b677f52-b16c-48b2-846b-8fd7f972007f,f2097674-89c1-4f81-8ddc-810c9bf9a0e0,580766b6-21ed-4df2-ad2c-07209828013a,5,Very satisfied with the rental experience.,0.703,"[""pricing""]",2026-02-24
366aa440-9400-4344-8544-88767950bd92,23e0230e-4a39-4c08-b9b0-a6f965d67d7e,1f99c8bd-fbf1-4b2c-bc05-eb53c94e47a8,5,Machine was in top condition.,0.903,"[""equipment_quality""]",2024-08-31
1d191603-ef04-4801-a064-fc58462da6d7,b4345950-dd8c-497b-acdd-5ee00e70b96d,60b72900-a60c-42f2-930a-27b84fb17d54,4,"Great service, delivery was on time.",0.87,"[""equipment_quality"", ""service""]",2025-01-09
935365d7-69e8-4d8b-b370-9007c5d2b50d,c9300334-c177-4f75-8b92-06f96c003057,992fea08-8a48-4569-98cf-0d5d7db51de5,2,Machine needed maintenance during rental.,-0.314,"[""pricing""]",2026-02-10
d63a3c44-976f-4446-89bf-193ae665effe,ff5c59ce-b7d4-4309-8726-dbeb94e2dd91,9f9b3fb3-8365-4ca4-b18b-fedb236e4dd9,4,Machine was in top condition.,0.972,"[""pricing"", ""communication"", ""equipment_quality""]",2026-06-19
89e4ee08-91ef-489a-beeb-e69776ffd624,8647cf88-b986-493c-a5eb-e2954c813001,63df5e1c-85dc-4d8f-ac27-3af9f68bf490,5,Very satisfied with the rental experience.,0.796,"[""pricing"", ""equipment_quality"", ""delivery""]",2024-12-26
463ac91c-f961-48ac-870b-983f9759d8d4,a8d63531-e89c-4faf-8671-b1dda0f09256,1873d154-7ff5-4ecd-bf23-6cebea011597,4,"Professional team, will rent again.",0.804,"[""service"", ""equipment_quality""]",2025-10-08
a8b8ea26-edd1-48fa-8532-a0f66a9cc954,d5b53c1f-34b8-4676-b971-7229d4d85131,b8314040-1798-4aeb-91ed-1bfa77b7d947,4,"Excellent equipment, worked perfectly on site.",0.843,"[""equipment_quality"", ""pricing"", ""service""]",2024-10-29
ba03e4bd-fb2f-4bbd-8133-597e6e555793,c952a0f2-7625-4b7e-b1c9-927504aba3d2,ee936cce-0ce2-47bb-aa21-b3e305973008,5,Machine was in top condition.,0.788,"[""service"", ""delivery"", ""equipment_quality""]",2024-09-11
375a7bf8-f9ef-44cc-9560-485a204e8d1a,db1ad761-4a3e-4989-8438-2dd4c3027c12,ab63a022-bf97-4a4f-8f61-32622c1cb35f,2,Equipment had some issues during operation.,-0.751,"[""equipment_quality""]",2025-06-05
4b80980d-9c5c-4929-b0dc-5fd8f1465686,7b3f1125-9009-477e-a350-b52a7884ddc7,6cc9c37a-803f-445a-af92-618859a6f6cb,2,Equipment had some issues during operation.,-0.703,"[""service"", ""delivery""]",2025-08-20
52a7ed71-d1d9-42ff-a2e0-4edddd240842,f110fe84-2852-439f-b05d-e68449065be4,f16c19bd-63e2-4156-bf48-f01556549e66,4,Very satisfied with the rental experience.,0.867,"[""delivery"", ""equipment_quality"", ""communication""]",2025-04-28
7d8a26e4-58d3-4ac5-985e-5c64a2847357,8a6e77c0-52cb-43a5-93a6-040dcddc850e,8f4ad0de-4630-4a54-b05b-c626ee92dad9,2,Customer support could be more responsive.,-0.609,"[""equipment_quality""]",2025-05-24
9dcba778-7bc5-479e-a5b2-9992d56f5b3c,b0ceb5f8-ad0e-42f9-a554-1960a0ed8997,a40646ff-0cac-4231-8267-0fa1b6f22794,4,"Excellent equipment, worked perfectly on site.",0.633,"[""pricing"", ""delivery""]",2025-07-19
200068e9-f831-4c73-b6e7-90c07744fdba,0b0f5fd2-9141-4623-9ab3-7b9414d43046,e4463c73-8634-4161-8095-49efe72a04f5,4,"Excellent equipment, worked perfectly on site.",0.887,"[""delivery"", ""pricing"", ""communication""]",2026-01-08
3656d17d-f026-4fba-a807-32289d61bf62,ce90fa9e-b930-467c-afb9-2c0c3f5a31a8,5acecc68-76c3-4944-97f1-cefc4854be4f,5,"Professional team, will rent again.",0.98,"[""service"", ""delivery"", ""communication""]",2026-07-14
3e1cd54a-bbd2-4e5d-a3ea-6577de78bb26,e189db02-47bd-4155-9ff0-f1b42d8b0d45,2f967772-0bc6-4337-8b46-497960a88dd9,5,"Professional team, will rent again.",0.743,"[""equipment_quality""]",2025-10-12
dcab10aa-079a-4649-bac3-cdfc87d5c902,6a9e9061-7336-48ff-bc33-3537b6f922a6,14570ca2-0d5a-464d-acc6-fbe251b4480b,1,Customer support could be more responsive.,-0.201,"[""communication""]",2025-04-30
f344d4c4-d62b-4550-be25-c30b32a425cd,ab04e845-df18-47cc-a8ce-c436e66303d8,5e7ded4e-b260-42bc-bbfc-2abb5f40b491,3,"Decent experience, room for improvement.",0.409,"[""delivery"", ""communication""]",2025-11-25
4edca956-f776-43ba-9101-d5ba9c197147,41143a63-c315-4909-8012-ac3adcf17520,daeb1dc1-cf6d-4db7-8cf7-4358b8ed7ad5,4,Very satisfied with the rental experience.,0.871,"[""communication"", ""equipment_quality"", ""pricing""]",2025-02-14
9010566a-4e9f-41e9-8cad-7bb851ecaabd,76e7a621-003e-42cc-9f06-fea80a0747ca,a9b7b0d1-d57e-476b-8158-5e77c7b36dcd,4,Very satisfied with the rental experience.,0.856,"[""delivery"", ""pricing""]",2025-07-15
0e5f2588-8d16-4bcb-8cfd-061bdb14ddc5,da67d85f-a261-4fb5-9a01-a173c4464f0f,632dbea9-953d-473e-9180-15c0140cb48d,4,"Professional team, will rent again.",0.609,"[""communication""]",2025-05-23
37bafd51-fb71-410c-bbb4-2ecfb50428e9,04b23723-2b58-4f4d-adc4-05e0ea43c46c,9115cc94-afa2-497c-ad30-f1b54ff70cd9,5,"Excellent equipment, worked perfectly on site.",0.996,"[""communication"", ""pricing"", ""delivery""]",2025-08-06
fd8928d0-0fcf-432e-9569-f299c40004f1,6af897a0-0616-4d81-8467-83711f26ec73,c1b68fa5-9e4c-44e5-ae2c-ce63f3acc918,5,Very satisfied with the rental experience.,0.968,"[""communication""]",2025-03-01
19f570af-d853-4914-a711-3b142f864bb5,39fee45e-547c-4ea0-aa42-fdb317c7996a,0e65d556-ef19-435c-aaa2-1af54eac0516,3,"Decent experience, room for improvement.",0.398,"[""service""]",2026-01-19
d472fa28-e670-491f-8507-3350fbe1fa9a,08f9d987-3b7f-4396-91af-3e88dba71842,15695b76-bc20-45c6-9df4-2b4d1ff6cd23,4,Machine was in top condition.,0.705,"[""communication"", ""pricing""]",2024-08-18
98555b8b-8522-48c3-aced-579231680cbf,3d72e7ae-13d1-4ed5-aa94-9ef92f1ed0ab,9096f126-554b-442b-a2bc-31684a99e70e,5,Very satisfied with the rental experience.,0.972,"[""pricing"", ""delivery""]",2025-03-15
49dfccea-79f5-4ab9-854b-c3c047b981c6,37b3b1b8-ae9e-44c5-a5cc-4a5d8b3eb007,0aa66bf5-d16e-4243-9a4a-44c45d2d4cdd,4,"Great service, delivery was on time.",0.867,"[""communication"", ""delivery"", ""service""]",2025-09-23
7e40428f-9941-4a24-ade6-41e70f8af644,cd65fec9-7248-44f5-bcb2-10f5841b02bc,58d52093-6c87-496c-997c-84278d36dc0b,3,"Decent experience, room for improvement.",0.52,"[""equipment_quality""]",2025-03-07
8a51fe09-27cc-48e9-b672-22fbc97634e2,35e496ab-5e9f-4445-834e-44a70b00f1fa,a5d550f2-0c0b-431f-9e1c-c4fd49db29b3,4,"Excellent equipment, worked perfectly on site.",0.975,"[""equipment_quality"", ""service"", ""delivery""]",2025-02-09
cbfc2e1a-08b5-456b-b99f-a77e323876ec,6e2e99a4-a052-4bbe-b097-030dc3c65633,8d04e902-316c-4bf2-a2b1-ac1fafc01e08,2,Customer support could be more responsive.,-0.969,"[""delivery""]",2025-08-01
8735d748-b5b6-474e-9b51-a111704fd282,07f4921e-099c-4d48-9e53-ec1b8c15bf6f,33c1b7f4-0ed1-4af2-9814-5f14f351df83,5,"Great service, delivery was on time.",0.702,"[""communication""]",2024-12-14
38be481a-84ce-4246-b63c-44fe7df5a079,50f7f647-fd6e-4699-96d0-2f4d2c435f9e,df441a72-58fc-4035-be38-533ad2583880,3,"Decent experience, room for improvement.",0.283,"[""pricing""]",2026-01-10
ceae3492-6dc3-46ef-8aa1-efca8bae057c,c6f3db6b-c7d1-4e65-93bc-535cf64e3e62,98350bd1-2957-4a12-8cfd-997a084e4c4f,4,Machine was in top condition.,0.714,"[""delivery""]",2024-09-10
e1022de8-4587-4671-b04e-ff4011850c2d,c0c51c25-3f97-4979-880b-2c73da0069c5,68dceb10-aa47-44d4-bb97-848691b930aa,5,Machine was in top condition.,0.828,"[""service"", ""delivery""]",2024-10-02
643f981a-a968-487c-9f80-33503c1564f2,db1ad761-4a3e-4989-8438-2dd4c3027c12,7099c129-a145-476d-98e8-b18779f07076,3,"Decent experience, room for improvement.",0.201,"[""pricing""]",2026-07-05
4b6a9497-45dd-4d0a-8f8d-db76a8810e8f,66ac95a5-e673-4803-b91d-4c51a3e177ec,3858cb85-6aaf-4cb3-99ef-065970351260,1,Equipment had some issues during operation.,-0.761,"[""equipment_quality"", ""delivery""]",2025-07-05
e433e397-2c15-4573-8af3-5e72c87c7d8a,a1601b20-3206-4485-8d36-acd9f25d2813,b4f8e095-b9e3-431f-a904-244ceed444c4,5,Machine was in top condition.,0.653,"[""delivery"", ""communication"", ""equipment_quality""]",2025-06-22
37660c16-7b2e-4229-a90b-e44a639fffe5,8d29907d-1109-404c-8316-4e748e853fa9,998ae104-01a3-4536-85a6-afff88fa5e7c,5,"Excellent equipment, worked perfectly on site.",0.709,"[""delivery""]",2025-12-19
95b53f15-ee16-4681-bae7-c20870210083,6e2e99a4-a052-4bbe-b097-030dc3c65633,e4c80c3e-d378-4502-b809-5bda760d9069,5,"Professional team, will rent again.",0.727,"[""delivery"", ""communication"", ""service""]",2025-07-20
939a0c21-3415-4ec3-b8e0-87dff5b30b15,5229355e-2f81-4893-82cc-1a15fb16b26d,59d0a054-7950-4a33-a313-d63df679301e,4,"Great service, delivery was on time.",0.848,"[""equipment_quality"", ""service""]",2026-02-28
47151003-706d-428f-8a4e-7900af2d6c4b,70c2eb70-4638-460d-8ab5-33be24e73ae9,8b7fb61b-1b9c-43c6-918e-ed51b3a9dade,5,"Great service, delivery was on time.",0.92,"[""equipment_quality""]",2024-09-08
3dc82d21-fca9-4597-b254-269379245263,813bfadf-77e8-4be9-b0c6-16fae77e358c,19adf04a-41ec-4665-a706-c8a2ca601b82,5,Machine was in top condition.,0.817,"[""pricing""]",2026-05-08
f61f99d8-1bef-4398-8998-754581786452,3b4c197c-5f64-405f-998b-18fed0deefea,a5bfc0f6-ead3-4278-a1ec-51566bc1256f,4,"Great service, delivery was on time.",0.924,"[""equipment_quality"", ""delivery"", ""communication""]",2025-06-21
f03f579e-c29d-45e9-b4bc-a24e5f71f93c,b81ba5de-7041-49e7-a3f5-37f7f61d59a4,63e9ef3f-2b18-42cf-843c-6a894b73e361,5,"Great service, delivery was on time.",0.958,"[""pricing""]",2026-05-19
05eabe32-d87c-4b1c-b964-d4705080d4aa,9888ccc8-2785-40b0-85db-04f4d4a34792,90623d60-e2b9-4043-9ebd-50a43a8bab04,5,"Excellent equipment, worked perfectly on site.",0.906,"[""service"", ""communication"", ""equipment_quality""]",2026-03-14
0ec168ef-27fa-4fe6-a828-ff590581bee9,d6aa75f7-44c7-4fd7-9ef1-afc61e81fed5,e38b2a8d-26e4-468a-8dc6-99eaba629d2d,3,"Decent experience, room for improvement.",0.541,"[""pricing"", ""delivery"", ""equipment_quality""]",2025-12-28
6c00e35a-5d9e-435c-80ae-450d3495a1d7,4212e07a-0023-405f-9bf2-105bc07b5250,94b931f7-c2bf-43c2-af0c-f4c75e1acafc,5,Very satisfied with the rental experience.,0.847,"[""service"", ""equipment_quality""]",2025-04-28
876d4fd0-d9d5-42d5-bdd9-ca398be132ea,486f7b67-46cd-4cde-8fcb-3f41afe4fa22,2e595a88-21fd-4754-8b31-2da95c3d4a7b,4,Very satisfied with the rental experience.,0.85,"[""equipment_quality""]",2025-07-17
e835b489-44e4-4e37-9803-f9fe39339377,6af897a0-0616-4d81-8467-83711f26ec73,29f6b3b8-a964-411e-bbb9-49cf83ffddbb,4,Machine was in top condition.,0.847,"[""communication"", ""equipment_quality""]",2025-07-11
1623dc6a-b827-41b0-b016-38934b67d586,6571075a-673b-49e1-ae95-2c30b0df2081,141955ae-1cb6-47c1-9060-6b674e7c4b4f,3,"Decent experience, room for improvement.",0.527,"[""communication"", ""delivery"", ""service""]",2026-04-11
74d95cd9-259f-4a34-babb-96c54ed6d50a,84644143-a02b-4e48-a68d-4989cf2f8d7d,aad45791-3836-4eb5-bed0-bb47f9e2ab6c,4,"Professional team, will rent again.",0.818,"[""equipment_quality"", ""communication"", ""delivery""]",2024-10-09
c39c1e5b-5309-46f0-968d-3242df84b6f1,23edac92-2354-4178-a4a0-5d165c377eb8,5247f034-31dd-407c-9d82-e8a2fd6e9e6f,4,"Great service, delivery was on time.",0.8,"[""delivery""]",2024-11-12
0dc8f4a2-1ea3-4941-98b6-90224dd297d9,d299015a-a646-4e51-a52e-955471ad806a,8a6bbeda-ac6f-4031-b917-064a10303171,3,"Decent experience, room for improvement.",0.516,"[""service"", ""pricing""]",2025-11-30
334c496a-0c4a-4d74-bc4e-bdfed0f14621,5bbb14cf-9dad-4bbf-8aed-4e2e30dfeb16,53f1ecfb-b690-4acf-b1fc-ce88dc47abc8,4,Machine was in top condition.,0.963,"[""equipment_quality""]",2026-02-05
35dd8554-35bd-4c8c-883b-e689bebafb7b,6a811073-bf7a-4c4e-98fb-ab063f5c9805,e75ac3f1-3f1f-4b96-ade2-e0df8a71369e,3,"Decent experience, room for improvement.",0.432,"[""communication""]",2024-12-27
9a519fe3-daa6-42fa-b318-a67aa5dbed2b,d5b53c1f-34b8-4676-b971-7229d4d85131,39442ad3-89e0-4ce1-858b-5220c169d634,3,"Decent experience, room for improvement.",0.344,"[""communication"", ""delivery""]",2025-12-10
59151921-e961-4b4b-bf5f-7e80d4e3dce5,b2c31650-b23a-4c34-898a-70205c337192,87417d53-689f-4033-b7c2-b5953d7a1287,3,"Decent experience, room for improvement.",0.402,"[""delivery""]",2026-06-11
a60696ef-90d9-4973-a062-611ad0744de6,903f381d-cf42-442d-b02b-9a4b7e7495cd,9414d204-aca1-4b68-acfe-a480fe5d1d11,5,"Great service, delivery was on time.",0.901,"[""communication"", ""equipment_quality""]",2025-02-06
67981a45-cbb2-4810-b2ad-5b7db1bb853e,d299015a-a646-4e51-a52e-955471ad806a,49ab8cd1-07e1-47af-8ab3-8cf877e93d88,4,Very satisfied with the rental experience.,0.762,"[""delivery"", ""equipment_quality"", ""pricing""]",2024-10-17
6164dfaf-a4ed-49f9-8cf8-dd0993ffe225,39fee45e-547c-4ea0-aa42-fdb317c7996a,f5fbc572-808b-412a-b64f-c70ae5db344b,2,Machine needed maintenance during rental.,-0.624,"[""service"", ""equipment_quality""]",2026-07-06
c9f5a2b5-2e15-4730-8207-239572be5d58,db1ad761-4a3e-4989-8438-2dd4c3027c12,3e110591-f8ab-4fc5-a911-ec0d4aa892ca,4,"Great service, delivery was on time.",0.725,"[""pricing"", ""delivery"", ""equipment_quality""]",2026-06-11
b9d11cfb-4d89-43bb-8a6e-b1a0c836bb73,3025331f-701b-4c35-8cf9-a3f2e3f9a422,028eaea8-5f5c-45f7-9c24-c4b019847cf2,5,"Excellent equipment, worked perfectly on site.",0.771,"[""pricing"", ""delivery"", ""communication""]",2024-10-02
af4b3cab-0a86-4437-8618-1894810c9fb3,2c6b1689-bda3-4937-9079-0d528e35dbbd,b8681e29-408f-4978-b98d-ea084eb6b4d7,4,Machine was in top condition.,0.753,"[""delivery"", ""communication"", ""pricing""]",2025-02-06
5552c754-4b37-4087-8990-7b9e432edc43,c0db902a-4c4a-460d-81d9-b5e8b3c907e5,6df5584f-6819-4817-8d30-5f9e059a7a15,2,Delivery was delayed by 2 days.,-0.071,"[""equipment_quality""]",2025-07-04
db0cf58b-8a03-4b9b-9c18-e14b88114b04,cd65fec9-7248-44f5-bcb2-10f5841b02bc,ebf15af8-dd0d-494d-a857-d3a6f316dc42,4,"Great service, delivery was on time.",0.768,"[""equipment_quality"", ""pricing""]",2024-12-01
076d6eb8-d9c0-4ebd-b9ab-7284b315c636,1b90b616-f317-4e8d-80cc-ebc097f2b812,89f618fd-5858-4894-bd4c-1a97e2019569,1,Machine needed maintenance during rental.,-0.216,"[""service"", ""pricing""]",2025-11-04
ab26c724-efba-47a3-92a0-32f9d5121a87,70fc6cc4-7bba-43b6-8cd8-314987426792,4cdc48da-b5d1-4ea6-8e3c-5d03afd03fee,4,"Professional team, will rent again.",0.697,"[""equipment_quality"", ""pricing""]",2025-06-25
d880b684-9a8c-4367-8850-96c0db26c5d3,0a80258f-0814-4d45-819c-9430ed7647a6,fce282d3-97a6-4df9-aab9-9da1d4e447c4,4,Very satisfied with the rental experience.,0.702,"[""equipment_quality"", ""delivery""]",2025-11-11
ecdd7dcc-fb46-4bce-a03f-ec58cc39a496,d299015a-a646-4e51-a52e-955471ad806a,8db5e2af-8adf-4789-9bf8-05eb15d2d392,4,Very satisfied with the rental experience.,0.94,"[""equipment_quality""]",2026-03-19
6349e021-524b-4495-bf7c-0f37f13cbde8,9ad4451e-ad14-4dad-a808-cd0a259d20eb,a9cfc573-9e43-4c7d-b6d3-7487b8602be2,4,Very satisfied with the rental experience.,0.632,"[""service"", ""communication""]",2025-07-28
ccee0ece-c3ff-4042-acb8-d57a8f0ba020,3f3bf212-52e9-4b36-94a9-cb6ebb4feab1,ba8de584-b5fa-4de4-97c8-4793482a0535,4,Very satisfied with the rental experience.,0.802,"[""service"", ""delivery""]",2025-08-12
2ba6a909-5d61-4e1e-b515-be5fee8ab249,b0ceb5f8-ad0e-42f9-a554-1960a0ed8997,f87f0429-7e5a-4d70-9f1b-ce693c96c79b,3,"Decent experience, room for improvement.",0.423,"[""communication""]",2024-12-04
17067996-68d7-4235-992b-29213bcee738,3bdc9a49-d23d-462a-81fc-e0a0c85272e3,11ca3ec8-1076-4a63-974d-56375f4e082a,3,"Decent experience, room for improvement.",0.494,"[""equipment_quality"", ""service"", ""delivery""]",2026-02-24
0b2ac83a-0dad-4a65-965e-ba9c23e27231,8afccdd5-a2a5-4249-b270-330d173f26df,e3cc6f17-d20e-4311-b9da-a372a0d58fc3,4,Very satisfied with the rental experience.,0.712,"[""delivery"", ""pricing"", ""service""]",2026-04-27
02a9be7b-bb7b-49d3-b133-a3f812ef4571,2fec9e6e-b82b-481d-ad04-917244574aca,95a104a7-e6ff-4a58-b7cd-1fb50b01938d,2,Machine needed maintenance during rental.,-0.177,"[""service"", ""equipment_quality"", ""pricing""]",2024-10-17
1ee08ad3-1d43-4024-bd73-cee7bca965ac,95597854-a085-466e-a612-48423db319be,7ed949e7-d437-4a32-bb23-bc659980cd51,5,"Professional team, will rent again.",0.814,"[""communication"", ""equipment_quality""]",2025-03-20
82a66956-4845-4002-b493-235435cb377f,4136fcc5-d418-41b8-ae83-3c128d430cf9,59e097cc-5ce8-4e5b-9b94-341169a7538b,2,Delivery was delayed by 2 days.,-0.388,"[""communication""]",2025-01-26
1cc9f257-ce9f-4f39-8ef7-925ea16967a8,c952a0f2-7625-4b7e-b1c9-927504aba3d2,49a63ff2-cc76-437d-990a-5008d1bb37a1,5,"Professional team, will rent again.",0.655,"[""service"", ""delivery"", ""equipment_quality""]",2025-02-01
bbdb2acf-49d0-442a-a0a4-5bdde39b70c7,bba0a92a-9bde-4c8f-869f-eca467215e00,e7ea5bb8-eef2-4e39-859d-b67be7b33384,4,"Excellent equipment, worked perfectly on site.",0.982,"[""service"", ""equipment_quality"", ""communication""]",2026-07-01
21d780c3-4c86-4ea2-be3c-0613a6e5af34,9888ccc8-2785-40b0-85db-04f4d4a34792,aaaae9dc-831e-4565-9962-cc6aac25a438,4,Very satisfied with the rental experience.,0.898,"[""service"", ""communication"", ""pricing""]",2025-08-30
3718f0cb-6b8f-42ae-9622-5c5e62d380f6,2d5b73fb-3360-43e3-ac08-cf0358ca5966,dd6372f9-e38a-48e6-8988-71b87aa7ebcc,4,Machine was in top condition.,0.69,"[""service"", ""delivery"", ""communication""]",2026-06-12
f3afc1a4-716c-4608-aebf-3edf5482fb21,124bd83d-5184-4007-bb65-d189bf5495e8,69cd312e-17f8-46ef-ab05-0577adee4b0e,4,Very satisfied with the rental experience.,0.956,"[""delivery"", ""equipment_quality"", ""pricing""]",2025-01-08
2e9f5522-9014-4b48-a305-9019ad16d46c,4ecea141-5d6c-46e0-93f0-274c9ede4ec1,57d61faa-30f3-461b-9b5f-60aacde31018,3,"Decent experience, room for improvement.",0.327,"[""communication"", ""delivery"", ""service""]",2026-07-12
06984849-cf9b-42e9-a949-8830304139d7,f56dc739-0cae-417b-b7b4-5b1b8a53c810,80bfc33b-4649-40ab-a112-99a0fd987d9f,4,Machine was in top condition.,0.987,"[""communication"", ""service""]",2025-05-13
9d114bb9-1bad-4a03-a206-d80f3d820519,abef463b-a7a9-4e1a-a64f-c53d41cebf1d,49940287-8be7-446d-bab2-dbe592381565,4,"Professional team, will rent again.",0.686,"[""service"", ""pricing""]",2025-06-28
b6790179-bb63-435a-b3f3-fbec69956f5d,6eff4e51-9b25-4fc1-896e-b88762a13160,b58884b5-1941-4dec-8092-7628f6dc79c9,4,"Great service, delivery was on time.",0.629,"[""delivery"", ""service"", ""equipment_quality""]",2024-08-16
15daec1e-1a05-4b59-8fbd-71d91c31908a,cd65fec9-7248-44f5-bcb2-10f5841b02bc,0a195c79-eb33-40fe-b65b-2481a0d6c4be,5,"Excellent equipment, worked perfectly on site.",0.832,"[""service"", ""delivery""]",2024-11-01
7e70a720-0e66-4aad-ba22-cc613d328118,cb30a089-6b70-4abd-b732-eb89a8b5902d,6b387445-ec53-4530-834b-3a759849cdfd,2,Equipment had some issues during operation.,-0.909,"[""equipment_quality""]",2025-03-04
a226d054-fa2c-43ae-b99e-b447f3680ae5,d4f0e86e-a355-434d-961a-b9597212aea3,e0e9cd3a-a148-47bf-a2da-1da90c4053e4,3,"Decent experience, room for improvement.",0.54,"[""delivery"", ""service""]",2026-04-09
098069e4-2918-427d-8c4e-594f6d0df549,28627096-2515-4248-ae96-230506f08787,c9647c69-a7ab-4fb0-af93-98bdb3c210a7,4,Machine was in top condition.,0.664,"[""equipment_quality"", ""pricing""]",2026-02-16
6545d9a8-3d13-4303-978a-6e7c1d205519,a25f72b5-1730-44fd-b6c7-c769a3920171,280ce3ea-8e2c-44c8-a61d-c52f1efe8331,5,"Professional team, will rent again.",0.937,"[""service""]",2024-12-21
47f0ae21-0757-4568-9c83-49a6df42d89f,713a8773-913e-4531-a453-18bf5e372f56,cf38ff8f-4045-48f4-a3d3-2d15ff4bb5b7,4,Very satisfied with the rental experience.,0.796,"[""delivery"", ""service""]",2026-07-12
c971cde7-901d-4e31-8368-6d811cc9e8f6,cd65fec9-7248-44f5-bcb2-10f5841b02bc,faa76686-a071-4adf-8cfc-378cb8c3f6fc,5,"Professional team, will rent again.",0.984,"[""service"", ""communication""]",2025-04-06
b293bba1-c673-46ec-9d65-33550a834e7c,0afc5ef1-d838-4cba-848e-160931cb192f,e0424cfb-898b-4bd4-89e4-84984e16cc26,2,Machine needed maintenance during rental.,-0.536,"[""service"", ""communication""]",2025-01-04
d17be26b-008e-4cfa-b783-602c6b9fa94f,486f7b67-46cd-4cde-8fcb-3f41afe4fa22,58ea7f4b-f822-4b0f-b131-d4b9102d1285,4,"Excellent equipment, worked perfectly on site.",0.604,"[""communication""]",2026-01-26
f5384292-5591-409f-b680-6a282d3161f6,76a223e8-47e7-451d-aa7e-11ea4bd8b7fc,ed1bae11-644a-4c30-ad0b-73ec44c71dae,5,Very satisfied with the rental experience.,0.956,"[""delivery""]",2025-04-02
c7eef4f7-4c97-4b57-b29d-55aa43a65a15,0947586f-39c5-4479-a564-3d1a8d05415a,cf6c0a6e-cd0b-4f7d-8c73-62dd1f46a5fc,3,"Decent experience, room for improvement.",0.271,"[""pricing""]",2025-01-07
593881ac-73c6-45db-a2f1-91563cabd19c,c83f1960-2dde-43f1-971a-6c8d6cc13c53,bc51587a-f085-445f-9fa4-18b7b318d13c,4,"Great service, delivery was on time.",0.726,"[""pricing"", ""service"", ""communication""]",2025-01-23
5754e060-d256-4e80-96f0-46b40635da99,c9300334-c177-4f75-8b92-06f96c003057,eb12e9ea-0ce7-49b3-8364-011de3f4f190,5,"Excellent equipment, worked perfectly on site.",0.823,"[""service"", ""pricing""]",2026-01-12
7b960fc5-90af-4f97-b1ab-96d64e6e53e7,a14deceb-f9b0-4286-a069-9c291a911000,566bd7e6-9227-4b69-8ba0-756696e57680,3,"Decent experience, room for improvement.",0.543,"[""pricing""]",2025-03-14
823cffea-64dd-46ae-82ff-6e6a1254bd3f,08205d3f-5e37-43de-aea8-0aca3ee7469d,9eca24e0-6d75-47f3-bb6f-344f39a3ff98,4,"Excellent equipment, worked perfectly on site.",0.649,"[""communication"", ""service""]",2026-03-13
23a6ae7a-cb34-4d1c-961c-20f270ba8bba,6977c136-837c-44cb-9bf0-0a3ee8532eb4,a0ed8809-066a-4529-90f0-bf85356fec67,5,Very satisfied with the rental experience.,0.91,"[""service"", ""pricing""]",2024-10-01
89d0738c-857d-46c6-b978-ea8e8228229d,707938a2-022a-47a4-8b9d-b4d50b26a0cc,4402c709-ed62-4b3a-945b-76b682509e5f,5,Machine was in top condition.,0.924,"[""service""]",2025-03-29
237953a9-fe1f-4058-9333-2258b6fa2959,a9117ef3-8e70-4b83-9d0f-977338ea94ee,299d8b39-7d3a-48d6-92a4-6549ba810640,5,"Professional team, will rent again.",0.907,"[""communication""]",2026-06-27
f6f7557d-8723-4c64-b26d-f051253eee97,5b32d7b1-04db-48ac-aaf5-d121a60ded76,9e504584-da2c-48bb-b283-9b5ff8803f6d,1,Pricing was higher than expected.,-0.56,"[""service"", ""pricing"", ""communication""]",2026-03-10
50eb0330-b189-46ef-8775-7601749a3188,2d5b73fb-3360-43e3-ac08-cf0358ca5966,4f926dd5-8c3a-4f59-840c-5d2ad3fc507f,2,Pricing was higher than expected.,-0.973,"[""equipment_quality""]",2025-10-23
3ab43eb5-7958-477e-b00b-5bb1a808a554,ebdee9fd-d8e7-4a19-b327-be6d80cab435,63ac65d3-31f6-4914-bd64-e72040e6099b,4,Very satisfied with the rental experience.,0.679,"[""pricing"", ""service""]",2024-10-15
f6a4b1fa-0990-4345-b1a3-237613a61c7f,3c7c2248-73d0-4b68-ab2a-0009500b2fc5,627374b0-7490-4cb3-b50a-71908d03dc92,5,"Excellent equipment, worked perfectly on site.",0.704,"[""equipment_quality"", ""service""]",2024-10-10
faf894f1-e82f-4337-bad4-898a93ab59ac,486f7b67-46cd-4cde-8fcb-3f41afe4fa22,28832e84-1e48-44a5-89c7-203c229690b3,4,"Great service, delivery was on time.",0.68,"[""pricing""]",2026-06-27
3fab7de5-dce9-42d1-92ee-b82dbd41767b,8d29907d-1109-404c-8316-4e748e853fa9,09cb9318-24f9-4957-90cc-3de6b8a11795,2,Delivery was delayed by 2 days.,-0.687,"[""pricing"", ""delivery""]",2025-04-15
8750369f-8308-4c4c-af02-8bc0e3ab89b3,c0db902a-4c4a-460d-81d9-b5e8b3c907e5,74577cb6-5977-42cd-b398-ee64221b901f,5,Machine was in top condition.,0.836,"[""pricing"", ""delivery"", ""service""]",2024-12-10
87b7d1c4-afb4-4ec1-accb-bde77dbd3b43,23e0230e-4a39-4c08-b9b0-a6f965d67d7e,56084c6e-31ee-4d81-8e80-81d4a2e50acc,5,Machine was in top condition.,0.967,"[""service"", ""delivery"", ""communication""]",2025-10-21
4e4cfb25-4fb3-4b7c-a743-77da8dd48e67,aec30178-605b-42a8-a94c-df32b0f497bd,7f4279cb-1237-41d6-877c-2797dc85b2aa,3,"Decent experience, room for improvement.",0.287,"[""delivery""]",2025-08-13
bc61dbbd-96bc-4db9-af9d-3b14ba1398db,6a9e9061-7336-48ff-bc33-3537b6f922a6,c7ca6789-18cf-4522-bbec-7569889c4ec5,1,Equipment had some issues during operation.,-0.458,"[""delivery""]",2026-02-03
24f7a8ee-d7c0-42ef-bfca-b524b0a265a8,84644143-a02b-4e48-a68d-4989cf2f8d7d,463742d3-1722-44c0-96bb-869ce50c50dd,4,Very satisfied with the rental experience.,0.668,"[""delivery""]",2025-09-10
7041b475-e0a9-4efc-bd48-a083e08f9922,538aca8e-9280-478d-8ee0-abab8238c773,6f685e17-2301-40a8-b2bf-91d02d9f5139,4,"Professional team, will rent again.",0.828,"[""communication""]",2026-07-04
7a9d434c-f8c8-4b86-9b48-7ef1180bbfb3,a9117ef3-8e70-4b83-9d0f-977338ea94ee,498fb49b-0a85-4647-a636-22215e029ebd,3,"Decent experience, room for improvement.",0.292,"[""service"", ""communication""]",2025-12-03
737b974f-bd66-4858-af8d-ea3fb3815aba,17a3dd98-8ad3-4bb9-8be0-49f3d54b5163,096dd538-eafb-4e5e-8673-cdafdc35fd36,4,"Professional team, will rent again.",0.626,"[""delivery"", ""communication""]",2026-02-07
378f643f-ebc8-4780-824d-4a9332907286,8a6e77c0-52cb-43a5-93a6-040dcddc850e,d796736f-7cb9-4f28-ac73-19371a47bbdf,3,"Decent experience, room for improvement.",0.497,"[""service"", ""delivery""]",2026-03-19
1c932f06-ccdd-492e-b9f6-4f1dfd98095a,95597854-a085-466e-a612-48423db319be,88742a11-b88a-4971-b5f0-60fbbb34511c,3,"Decent experience, room for improvement.",0.462,"[""service"", ""equipment_quality""]",2025-03-04
7f13c0e0-18e8-4318-891e-b8029d8947ca,17a3dd98-8ad3-4bb9-8be0-49f3d54b5163,a5e88cf5-a91c-4b5d-8081-d4c3af1b3e5c,1,Machine needed maintenance during rental.,-0.937,"[""communication"", ""equipment_quality"", ""pricing""]",2025-10-09
42ca0f1c-0a6d-428d-8ac6-eb76552ca8e9,926a6948-12d2-420d-b960-eaaca6965dbd,55fb92f0-6062-420f-b002-4a2b329c0ede,1,Delivery was delayed by 2 days.,-0.169,"[""equipment_quality"", ""communication""]",2025-10-23
57082f7f-b526-4ff7-8a43-0c3a566a6a9b,1df6ab26-14c3-4d07-9930-529a540e9ff9,fa5c70d7-adc5-4fd7-aa43-f20f40c45144,5,Very satisfied with the rental experience.,0.901,"[""pricing""]",2026-01-31
0943fb24-0b9c-4db6-94f7-3df4d5e8245c,0f13ce4b-33a8-4e88-aa71-9d5000ba5158,c00379b4-f57e-417c-b7a0-8ea3b2a57b37,5,"Excellent equipment, worked perfectly on site.",0.975,"[""equipment_quality"", ""service""]",2025-05-14
8edc7f49-22d3-45cb-965f-5d3b6ea0f952,199ab532-fb75-4ff6-bfbc-e060064f2799,96128aaa-77cf-4b44-82e4-87599d2c4c41,5,"Professional team, will rent again.",0.918,"[""delivery"", ""service""]",2025-06-27
e32ea429-71cf-4617-9aa8-abf503e87ff3,3f483723-85eb-43fc-aa06-a41e4b92850a,973f9b1f-79f0-491d-8343-d099967ff669,5,"Excellent equipment, worked perfectly on site.",0.863,"[""delivery""]",2024-08-31
65f6b2b0-0095-4ae8-a5c5-03a0d6dd5e85,5d9f6cae-2fb3-41ea-9f08-fbc1573ee862,202789b1-058a-42ac-8e71-64ec358d053e,4,"Great service, delivery was on time.",0.967,"[""equipment_quality"", ""delivery""]",2026-03-11
8c667d9a-51c9-441a-a8b3-716cc1b9b63c,37b3b1b8-ae9e-44c5-a5cc-4a5d8b3eb007,5c1b6f24-3c87-448c-99fc-169affaed583,1,Customer support could be more responsive.,-0.384,"[""equipment_quality"", ""service"", ""communication""]",2025-10-09
f59371cd-6268-4894-abc6-7381e3c59729,0b0f5fd2-9141-4623-9ab3-7b9414d43046,9f176529-68b2-4033-9e57-fcf553f86590,5,"Professional team, will rent again.",0.71,"[""delivery"", ""equipment_quality""]",2026-05-06
557bf24b-c58c-436a-bca5-974784c2690c,828d1746-672a-4755-a85d-fc6f8869d1f2,cb2c395e-b2df-4ed9-be13-4d55c54e19c5,4,Machine was in top condition.,0.925,"[""service""]",2026-06-30
0a963a52-b9e1-4ede-8af7-018eee9a339b,4cd3d45f-6184-4db5-b59f-ba7054a54284,74017eb0-f6f6-45db-8086-f0c84ce45208,5,Machine was in top condition.,0.668,"[""equipment_quality"", ""pricing""]",2025-06-30
4b454e9f-22a9-4c89-8420-8d9812d19ecc,fa1aba87-5e36-4b91-8fe6-51843a62ecd6,fb9da6f2-1b46-41a3-9acb-451e6fc4a2c9,5,"Excellent equipment, worked perfectly on site.",0.636,"[""equipment_quality"", ""service""]",2025-11-15
ed6a2a2c-4ee4-4e01-ab1c-37ac52648077,3025331f-701b-4c35-8cf9-a3f2e3f9a422,3fcf78d3-1a68-47cb-a8db-a58e8f775113,4,"Professional team, will rent again.",0.714,"[""delivery"", ""pricing""]",2024-08-06
43983cfa-6fcc-4412-903c-601a1e6e16fe,6571075a-673b-49e1-ae95-2c30b0df2081,dcb8c116-fd20-4b67-96a5-9484ca86ddc4,4,Very satisfied with the rental experience.,0.632,"[""equipment_quality"", ""pricing""]",2026-07-27
94dc889a-ccba-4547-81c6-4a5f8153b3ca,4dc709ad-2e2f-4b45-b074-916f303a400a,1326d9c0-62a1-4048-b135-c06f3c11ede7,5,"Professional team, will rent again.",0.626,"[""delivery"", ""service"", ""communication""]",2025-10-13
447eb456-c8d4-410d-8afc-1b3447ca1d5b,0a80258f-0814-4d45-819c-9430ed7647a6,fb71f1ef-1e10-41b4-914e-22f52c402ac2,1,Customer support could be more responsive.,-0.539,"[""service"", ""communication"", ""equipment_quality""]",2025-10-01
c6a3bea3-f01a-4da7-8f04-1e8d87130ae4,9888ccc8-2785-40b0-85db-04f4d4a34792,c244f1a0-b472-45b0-8963-89adcf3e66f6,5,"Great service, delivery was on time.",0.799,"[""communication"", ""service"", ""pricing""]",2025-01-19
05fa6845-77b0-4c15-a1c5-64841b9f2f70,930e80c5-5d08-4519-b58c-256246376e91,ffcdf3af-0821-4e03-b87c-85771f012d23,5,"Great service, delivery was on time.",0.91,"[""delivery"", ""service"", ""equipment_quality""]",2025-06-17
aed1be72-5e2f-40e7-8a05-f6b6fcaae291,a1601b20-3206-4485-8d36-acd9f25d2813,25544b10-a0aa-477b-a92a-3ca7c916c6c4,2,Customer support could be more responsive.,-0.921,"[""pricing"", ""service""]",2025-04-22
ead9986f-23f1-4faf-bc20-be610cd1a835,d6167d47-7515-46db-9313-a2084b507ebc,8b68a737-ca59-4c1c-9a46-5a96765265c7,1,Pricing was higher than expected.,-0.392,"[""communication"", ""service""]",2026-01-01
77abec64-d5de-4aad-ad4a-1afd74cf95bc,030c22a0-4626-433f-94aa-74d48d9cb4df,2f9e9ebe-55c9-4f31-a5ea-a20a68e6a201,5,"Great service, delivery was on time.",0.86,"[""equipment_quality"", ""service""]",2025-12-22
6719eb80-7520-4710-ad7b-e4ef8d9c74f8,8300e3b8-4e36-4cd0-9094-c6787c5d4fb9,2bc6a844-155e-4590-9677-f74ca2000ef1,4,Very satisfied with the rental experience.,0.865,"[""service"", ""equipment_quality"", ""pricing""]",2024-09-22
9c91a2e5-0f96-4e6c-afa5-62cef87355d8,6beaae34-f8b5-48c9-8cf2-f3ccbacd1bbe,a0361b41-1031-4e35-a4c1-59a0ff00cef0,5,Machine was in top condition.,0.873,"[""pricing"", ""service"", ""communication""]",2026-02-06
f2a5fa7c-7108-46b2-807e-466b4b51df3c,0a80258f-0814-4d45-819c-9430ed7647a6,3027944c-f97c-42fe-af9a-2dd5f03248c4,5,Machine was in top condition.,0.825,"[""delivery""]",2026-05-12
5d90d696-dd91-4b47-9c2f-92e337c1004f,a14deceb-f9b0-4286-a069-9c291a911000,dc4b54a2-c11a-4abc-9acf-30aee8f17751,4,Machine was in top condition.,0.916,"[""pricing""]",2024-12-11
80bde708-d3f7-476e-9604-9ac2e834ffd9,c0c51c25-3f97-4979-880b-2c73da0069c5,c78fa2a9-e41d-495d-b4d4-98b5be553b0e,1,Machine needed maintenance during rental.,-0.143,"[""delivery"", ""equipment_quality"", ""pricing""]",2025-10-13
0357164a-cb6b-42aa-b5b5-20d3351d36fe,66ac95a5-e673-4803-b91d-4c51a3e177ec,6a89d1c3-7050-4c1c-98f2-e67317ccb0b3,4,"Great service, delivery was on time.",0.721,"[""pricing"", ""equipment_quality""]",2024-11-25
f29d3737-91f7-4a0f-8f43-3c90fe0be28a,b81ba5de-7041-49e7-a3f5-37f7f61d59a4,15e4c34b-e383-451f-b1f5-b2b97709aad9,2,Equipment had some issues during operation.,-0.483,"[""pricing"", ""service"", ""communication""]",2025-08-28
c3cd4b06-a80d-4a3f-9f65-3f816ed0f4ab,0f13ce4b-33a8-4e88-aa71-9d5000ba5158,ecc80a3f-ea27-42f7-8fd9-dea408cf1dc3,3,"Decent experience, room for improvement.",0.24,"[""delivery""]",2025-07-14
46972823-092d-4c26-aefd-530d9467917a,694fca20-72e6-47d5-b246-acc57eb09b95,a620d8ed-bc4e-4e3d-a524-1c7ca2f7a0b0,4,Very satisfied with the rental experience.,0.95,"[""communication"", ""pricing""]",2024-09-24
89609c3b-7245-405f-a7b1-02fe39fa3cce,f29c5b00-a6fe-4b3e-aa63-d9cf9fd74d48,f7b8465a-f55f-4190-bb43-cf0c1cc35be6,5,Machine was in top condition.,0.993,"[""pricing""]",2024-08-18
bbadcd4d-c64e-4048-8353-5f7aa82a1a70,2b04ea90-4ead-4b58-912d-a64ec9694a0c,befac215-e838-4689-afb7-0cb81f01e4b7,4,"Excellent equipment, worked perfectly on site.",0.632,"[""delivery""]",2025-05-17
2cf67d15-b3e1-4cf4-bc07-c7eb1d55f358,abd04790-170c-4c35-822f-32406f606ca5,a7fa0533-c750-4690-9a85-da737a91b44c,5,Very satisfied with the rental experience.,0.979,"[""equipment_quality"", ""communication""]",2026-02-08
07ffdfe0-2c52-4f02-a832-2dfffc4e8d23,124bd83d-5184-4007-bb65-d189bf5495e8,064e2a76-65f1-446b-bc38-d1a8c5fc99c3,3,"Decent experience, room for improvement.",0.469,"[""pricing"", ""service""]",2025-01-01
8f689120-a272-4f21-905a-1f223d49bc42,86c3a2ec-f32e-4da3-8174-6e60c5702ac8,efd2c240-809a-4d86-99dd-5fd9e7db3074,3,"Decent experience, room for improvement.",0.202,"[""equipment_quality"", ""communication"", ""service""]",2025-07-25
a80bae0d-ce14-4dd6-a69c-dea556030424,662051b8-fb78-407a-b951-c5ff0ea3c966,0cd9889d-4afc-4443-a122-e6b0fb15abfb,5,Machine was in top condition.,0.868,"[""delivery""]",2026-06-30
0ea31519-0eaf-44da-9ecf-36b19c8874ce,f6e95077-b010-4354-9b49-bc9b6f6deb5d,66722878-0d76-4645-b174-0a388e3adf0b,4,"Professional team, will rent again.",0.882,"[""communication"", ""equipment_quality"", ""service""]",2025-11-03
cbe93af4-da0f-4ebc-b5a4-c0828bc88922,5229355e-2f81-4893-82cc-1a15fb16b26d,baa9d40f-4372-4b59-8bc7-06a9fd623746,4,Machine was in top condition.,0.794,"[""delivery""]",2026-02-27
bd309862-dfb7-4ef0-863c-017fc8bdb210,930e80c5-5d08-4519-b58c-256246376e91,49172f2e-408d-470d-85cf-3b8def182c62,5,"Excellent equipment, worked perfectly on site.",0.674,"[""equipment_quality"", ""pricing""]",2024-09-29
dd35e428-a8f7-43fa-a922-0f08c59a415f,b81ba5de-7041-49e7-a3f5-37f7f61d59a4,ebc845f8-70d1-466a-9295-b5a761d339c9,4,Very satisfied with the rental experience.,0.809,"[""pricing"", ""delivery""]",2025-04-01
c09e7fd9-f135-4ca2-a0e2-ef0f1e9a2fc5,76e7a621-003e-42cc-9f06-fea80a0747ca,f2ed3b67-5b73-42e0-ad8e-20c40c9dfdcc,1,Customer support could be more responsive.,-0.026,"[""equipment_quality""]",2026-05-12
93b92843-c546-4057-8440-4373e4a28be6,04b23723-2b58-4f4d-adc4-05e0ea43c46c,843014a2-12c7-486a-bfa3-273fd01903a7,5,"Excellent equipment, worked perfectly on site.",0.644,"[""delivery"", ""pricing""]",2026-04-17
e105e842-de12-482d-bd30-141436a50f30,1b90b616-f317-4e8d-80cc-ebc097f2b812,822d9029-1396-447b-87ae-cdfc4ba09530,4,"Excellent equipment, worked perfectly on site.",0.812,"[""equipment_quality"", ""delivery"", ""service""]",2024-12-26
005c49ff-b29a-44ce-97c7-577f92b70638,dadc1591-c166-4ef7-a23b-43a8cb2c1dba,328c9dee-b852-4902-8aeb-4687a0dedac9,5,"Great service, delivery was on time.",0.711,"[""communication"", ""equipment_quality"", ""delivery""]",2026-01-20
8595bf34-ecb3-42d9-a7e9-227a03846f2c,d0bda241-2bb1-4a4d-9ebb-a56c96f85c7b,97a76a26-d0ab-40af-bbd2-b7147761da55,3,"Decent experience, room for improvement.",0.365,"[""delivery"", ""service"", ""pricing""]",2026-05-04
9feb5a15-3de2-45db-afc9-acb808f3e3ab,6a9e9061-7336-48ff-bc33-3537b6f922a6,3eda5821-8f98-45db-b75a-d1649d4ca571,2,Machine needed maintenance during rental.,-0.048,"[""pricing"", ""communication""]",2024-10-21
71ed5d6e-2bba-4613-a041-2ed3a08d583d,f56dc739-0cae-417b-b7b4-5b1b8a53c810,1036c570-4dad-4c3e-8367-29a19015c90c,5,"Professional team, will rent again.",0.991,"[""delivery""]",2024-09-27
cae4bfe0-7f5c-4911-b427-e5fd5e662928,1d6b8257-1728-4d7c-8d72-7d1224245aeb,cb154ffe-db81-40cf-b0b2-3faa4596736b,5,Very satisfied with the rental experience.,0.762,"[""delivery"", ""service""]",2025-02-26
46a53ff7-2f0d-4a4e-9078-9db8ecaef66c,6e2e99a4-a052-4bbe-b097-030dc3c65633,421c917c-fce7-4b01-9bfc-f6e0309db867,3,"Decent experience, room for improvement.",0.555,"[""pricing""]",2025-10-21
1d0e7d50-a5fc-430a-9375-e60f96ac2fd2,76647c96-3126-4cc2-b315-7941cdbca7f7,296976c3-43d7-4193-8af8-765e61182c48,2,Delivery was delayed by 2 days.,-0.797,"[""delivery"", ""service"", ""pricing""]",2025-03-11
c9d17f8a-55ba-4df0-b5e5-ccea0711f20b,c952a0f2-7625-4b7e-b1c9-927504aba3d2,528df0aa-aeb2-44ec-9ccd-9f998d91115c,2,Machine needed maintenance during rental.,-0.679,"[""delivery"", ""equipment_quality"", ""pricing""]",2025-09-26
8f7d023c-8641-4ea6-af0f-f10aaacdcb4e,2b04ea90-4ead-4b58-912d-a64ec9694a0c,f5a4b31f-badb-4621-887c-c935d930c429,3,"Decent experience, room for improvement.",0.513,"[""pricing""]",2026-03-08
38201e26-5fe4-4db0-bba4-e695ff7fd387,926a6948-12d2-420d-b960-eaaca6965dbd,952cba1f-31a1-4817-b008-7efb038ecc9c,3,"Decent experience, room for improvement.",0.527,"[""delivery""]",2026-01-21
845eeea3-2c2c-4ab7-b48c-998eec4e28f9,f56dc739-0cae-417b-b7b4-5b1b8a53c810,7e0a8628-35de-48d6-a0ba-4d763bf4563a,4,"Excellent equipment, worked perfectly on site.",0.696,"[""delivery"", ""pricing""]",2025-05-03
0f09b353-bafb-49f9-ae36-18b79348f86c,28627096-2515-4248-ae96-230506f08787,bd1d2ffd-4468-42e6-aec4-0ca16ee52276,3,"Decent experience, room for improvement.",0.409,"[""service"", ""equipment_quality""]",2025-11-15
68286cc7-1869-4129-b0f2-d75abcd19be3,a1e58be3-3048-4742-80d4-9d1aed1da5ec,e524683b-91a9-4b85-a30b-d4129feec4ea,4,"Great service, delivery was on time.",0.963,"[""pricing""]",2025-12-01
7e668b23-65cc-456b-9db3-3876af6c53d4,217454e0-ca62-4221-8833-9a8a0541a408,c813a3ac-c671-4877-87a0-85d3749203ff,4,"Excellent equipment, worked perfectly on site.",0.925,"[""communication"", ""pricing"", ""delivery""]",2026-04-19
92521774-a220-42f8-829e-607309801238,a8d63531-e89c-4faf-8671-b1dda0f09256,9024eeed-2ba3-4539-9134-62e2c2fd9e3e,5,"Excellent equipment, worked perfectly on site.",0.802,"[""equipment_quality"", ""delivery""]",2026-02-23
6fa02182-f08d-4158-abf7-918727dc29e3,f2097674-89c1-4f81-8ddc-810c9bf9a0e0,48acf2c4-c7dc-40b6-9b66-462eb7aea1d6,3,"Decent experience, room for improvement.",0.565,"[""delivery"", ""communication"", ""pricing""]",2025-08-07
3e3a6551-2098-405d-8d41-a7aad1665a5a,c3770f50-7096-4ffa-8ec8-3df91ff0f2c8,ee9cfa54-096f-4d9e-a46d-d0f5525013f8,3,"Decent experience, room for improvement.",0.32,"[""communication"", ""pricing""]",2024-08-30
105560ae-1a45-404f-b698-8ba9c409d67f,c6f3db6b-c7d1-4e65-93bc-535cf64e3e62,1b040dd0-e69c-4437-bfa9-9f3d21332deb,5,Very satisfied with the rental experience.,0.859,"[""pricing""]",2025-09-18
c161af48-3259-4a09-aef6-9b069c81dbd6,37b3b1b8-ae9e-44c5-a5cc-4a5d8b3eb007,77b2e3d6-5428-427d-991a-8b6ce936f0ae,5,"Excellent equipment, worked perfectly on site.",0.94,"[""pricing"", ""communication""]",2026-02-24
7b724e49-11a6-41b1-9748-8dd6866d7d7c,aec30178-605b-42a8-a94c-df32b0f497bd,340086e8-5830-4dcb-9f67-1188d7818e4f,4,"Professional team, will rent again.",0.765,"[""communication""]",2025-04-19
1468c352-11c6-418d-a7b9-6dc8424ca49c,4136fcc5-d418-41b8-ae83-3c128d430cf9,53113d81-32c3-4808-9032-bb357f7ae413,4,Very satisfied with the rental experience.,0.743,"[""pricing"", ""service"", ""communication""]",2024-08-07
e614f277-7323-4ea8-856b-4102d704e009,0afc5ef1-d838-4cba-848e-160931cb192f,8a0c2f07-149f-44c4-a3df-972ee456f7dc,1,Pricing was higher than expected.,-0.875,"[""service""]",2025-10-26
2b6d19a3-a07c-4fe0-b8f1-8f802003e1fc,62ff3973-e6e5-498c-96e4-248eb59183e3,d588f746-b529-4b2c-b488-d5a7ea9cb145,3,"Decent experience, room for improvement.",0.522,"[""pricing"", ""communication"", ""equipment_quality""]",2025-01-26
c65a3af6-eb60-4bc0-9897-2f7312b0b261,a14deceb-f9b0-4286-a069-9c291a911000,07be8cb8-099a-460c-965f-3f8ae01903fb,5,"Great service, delivery was on time.",0.672,"[""communication"", ""service"", ""delivery""]",2026-06-08
2014afae-cbd6-48d1-98ac-93111f0d9185,dadc1591-c166-4ef7-a23b-43a8cb2c1dba,b19080ef-29be-4e5e-bebe-61d90092fa75,5,Machine was in top condition.,0.886,"[""delivery"", ""service""]",2026-01-20
d03da73a-a8ed-4eb6-a32b-04e52a7ca2af,4cf6ec55-a7f7-463a-b26c-5fa9ecff193c,8a86abb9-a352-464d-97a1-41931ba1724d,3,"Decent experience, room for improvement.",0.218,"[""service""]",2026-04-30
5960e9be-2fec-41e7-8aa0-18a499fef282,c9300334-c177-4f75-8b92-06f96c003057,8a5b0313-a929-4b41-8c50-4ec2281713f4,5,"Great service, delivery was on time.",0.953,"[""delivery"", ""equipment_quality"", ""service""]",2025-09-11
9ab16f6e-64fc-47d6-a34c-eb703a132c3f,828d1746-672a-4755-a85d-fc6f8869d1f2,ea8dec59-95c3-4e86-8de1-19fce12b63cb,5,Very satisfied with the rental experience.,0.813,"[""pricing""]",2026-03-22
404bffb0-a897-43f8-974b-11586664680b,662051b8-fb78-407a-b951-c5ff0ea3c966,6fbc7710-0f0f-4901-a5a3-62608fd27d21,5,"Excellent equipment, worked perfectly on site.",0.915,"[""service""]",2026-03-18
fa792950-7817-4b2c-8aca-6c14b889377c,39fee45e-547c-4ea0-aa42-fdb317c7996a,4d5b60d2-2518-4467-968f-73e850d1a8f8,2,Delivery was delayed by 2 days.,-0.518,"[""equipment_quality"", ""communication"", ""pricing""]",2026-03-16
757535b7-2d4a-4f52-8560-d04deb598773,2138c6c8-dd06-4493-96dd-1325c5d121f7,6eb0ba9c-e35c-48d0-8181-da6839c09e39,1,Machine needed maintenance during rental.,-0.681,"[""communication"", ""service""]",2025-10-09
47338084-3349-4215-83d1-cedbe0c0637a,035c0bf2-10b9-4eb6-aa15-b3f44f78f2e4,8e308cce-c590-4c43-9fa4-8e56dc45fb3f,4,"Great service, delivery was on time.",0.868,"[""delivery""]",2025-03-05
65c3423c-8e09-47cc-8123-6a4464a6f6c7,3af4598c-f599-45e0-b27b-8e366d645c50,0ae3c34e-9781-49ca-881c-067980b81821,5,Very satisfied with the rental experience.,0.765,"[""equipment_quality"", ""communication""]",2025-03-01
835382e5-4368-4ad5-a2b5-5b24bfb052e3,930e80c5-5d08-4519-b58c-256246376e91,6a9d2f22-ecf9-4ce6-8280-829adf3ebef3,5,Very satisfied with the rental experience.,0.605,"[""pricing""]",2025-11-05
8f0357f3-da7a-4a33-9170-6e826dcec227,6a9e9061-7336-48ff-bc33-3537b6f922a6,5a082d69-aa77-49fb-afc1-e4bbf958a518,4,"Professional team, will rent again.",0.71,"[""communication""]",2026-07-15
4891cd15-4b17-4d09-a611-5b94c69fcf0d,421634a2-1632-4e68-8f4c-2c882284ce4a,2f1266be-3ab6-4317-9329-96461a35676d,3,"Decent experience, room for improvement.",0.213,"[""communication"", ""service""]",2024-08-26
5ee50ac2-a053-4332-8eee-19dba39a5c53,1d6b8257-1728-4d7c-8d72-7d1224245aeb,34f6073b-0092-4c01-bb8f-53ce866cdaec,3,"Decent experience, room for improvement.",0.591,"[""equipment_quality""]",2026-03-06
17de8956-50c4-4938-b5b7-50443106ebfb,cfda6bfa-1868-40a5-b8ca-6081459e10d8,e30a9d07-fe3c-47e2-85ba-0124262ccb79,4,Very satisfied with the rental experience.,0.848,"[""pricing""]",2025-12-31
c462b813-5e65-40dd-8398-cf5205b488cc,c952a0f2-7625-4b7e-b1c9-927504aba3d2,70ea8851-087c-47f8-a9f8-b11283caf82c,5,"Professional team, will rent again.",0.935,"[""delivery""]",2026-07-04
c0b08ff7-58fd-4093-a469-867dc77f138f,b0ceb5f8-ad0e-42f9-a554-1960a0ed8997,7d872de6-429e-4d7f-ae81-208b10767fee,4,"Great service, delivery was on time.",0.775,"[""delivery"", ""service""]",2024-10-07
c4fd3a06-3ba9-4a22-bd4f-8e6f7887059d,051f3965-8927-4e21-aa88-d1eaccf7ff9b,930acea0-4e38-462d-aea6-afefef0d7c3a,3,"Decent experience, room for improvement.",0.294,"[""pricing"", ""service""]",2026-03-02
82b1e42e-ac79-4a31-9eab-000072abd592,6ff51d1a-5577-4866-93bf-ecc7450b9784,83da0d7d-7efd-436b-8a07-5a3294cab9b3,5,"Excellent equipment, worked perfectly on site.",0.973,"[""delivery"", ""communication"", ""service""]",2026-01-30
0bae067f-c299-4a4d-b128-3eb815fc6a05,654dddf4-fb54-4de8-bed2-79ced8278028,5d85f53b-ea48-4eb9-856f-e65aa1b0a4c1,4,Machine was in top condition.,0.85,"[""service"", ""pricing"", ""communication""]",2026-04-09
23244945-a5a8-48fb-b777-560a62ca3540,07f4921e-099c-4d48-9e53-ec1b8c15bf6f,d9853353-a328-4b21-a5f1-395907c85f9a,5,"Professional team, will rent again.",0.855,"[""service"", ""communication"", ""delivery""]",2024-11-11
3285cc7e-ddcd-409a-a85a-47d268e0df2d,b0ceb5f8-ad0e-42f9-a554-1960a0ed8997,f5d96f28-7014-4c4d-aa62-81bdbd9e6c2b,2,Delivery was delayed by 2 days.,-0.803,"[""equipment_quality""]",2025-05-26
a24a55a9-478b-41a7-aeea-0d1cc85dd971,8afccdd5-a2a5-4249-b270-330d173f26df,a1280c20-5866-450e-b894-c2afa834b046,5,"Excellent equipment, worked perfectly on site.",0.97,"[""service""]",2025-11-16
0cf257c4-11eb-402d-a6de-3cf6ffd7c54d,39fee45e-547c-4ea0-aa42-fdb317c7996a,c7c90d9d-8fc3-4ecc-90d8-1c604a9a982e,5,"Professional team, will rent again.",0.723,"[""communication"", ""equipment_quality"", ""pricing""]",2025-10-21
3a39dfe6-02f1-424b-93ff-d7b39c8e3c32,875ba428-18a8-4688-8ae3-6f0274a5017b,acdb529d-fc86-4ec6-9353-67cef9f70315,3,"Decent experience, room for improvement.",0.421,"[""communication"", ""pricing"", ""service""]",2025-08-26
d2fd7e5b-50ea-4d41-98ec-d2b3b506f868,fa1aba87-5e36-4b91-8fe6-51843a62ecd6,cfafabae-ff13-40e3-a139-17463ff00c45,5,"Professional team, will rent again.",0.877,"[""pricing"", ""communication"", ""service""]",2026-06-19
c5b5a488-c6d6-4dcc-ad31-2cda4a256cf0,d0921577-6c43-4887-bb94-765c4c839e80,e441e01c-aa11-4d1c-80a4-61022724a2f0,4,"Excellent equipment, worked perfectly on site.",0.734,"[""delivery"", ""service""]",2026-05-08
268d745f-991d-439c-be40-e3d8d1001eaf,d299015a-a646-4e51-a52e-955471ad806a,a84f8d28-96c8-4cd4-b0f8-761773aab004,4,"Great service, delivery was on time.",0.638,"[""service"", ""equipment_quality""]",2026-06-26
97457462-6ca7-4be8-a48e-062f8c092b35,66ac95a5-e673-4803-b91d-4c51a3e177ec,3981dc2a-d84b-4f5a-b4d8-db4259cdfe14,5,"Professional team, will rent again.",0.94,"[""equipment_quality""]",2026-01-08
75c6ff1d-9e41-4ae9-8f4c-d6781e54f197,a14deceb-f9b0-4286-a069-9c291a911000,dee5a459-f176-4074-bbc7-b674bdfe6fed,5,"Professional team, will rent again.",0.941,"[""pricing"", ""communication""]",2025-06-24
e65ce4f4-9f92-4006-8c82-bd38e0f8b264,2b04ea90-4ead-4b58-912d-a64ec9694a0c,60a806c6-9e8e-41af-96b2-860ca222ff42,3,"Decent experience, room for improvement.",0.59,"[""equipment_quality"", ""service""]",2024-12-31
1f2cc0ed-0db6-4e5b-8cb5-a1ea6a786e9f,abdec9da-09ae-4e7c-9e1a-2021fa40b6fb,35bc06d7-383a-4b53-8126-985b8b20e434,4,Very satisfied with the rental experience.,0.889,"[""equipment_quality"", ""delivery"", ""service""]",2025-06-06
0820e2dc-9da0-4afa-a89f-9a77ceda4fae,fa1aba87-5e36-4b91-8fe6-51843a62ecd6,0d63aeb6-6dbf-4d3c-9977-158ba815c553,4,Very satisfied with the rental experience.,0.674,"[""equipment_quality""]",2026-03-11
0270a1dc-20c2-433c-9b96-12d23bfb5c16,76647c96-3126-4cc2-b315-7941cdbca7f7,6edc1e5b-04fb-45b2-97ae-8abf501a2cd9,4,Very satisfied with the rental experience.,0.93,"[""delivery""]",2024-12-28
83669672-b4ee-4f85-ba0e-98ff8acd1de3,80dd0ed4-9c7d-48c0-8339-6e503fe87e92,33bcb3dd-0bf2-47f6-92aa-c9236e09e93a,4,"Professional team, will rent again.",0.965,"[""equipment_quality"", ""pricing"", ""communication""]",2024-09-21
905119e0-56c6-461c-a3a0-c96590e83dc8,4236e673-ef5d-4ba1-94df-857605a8084d,abe41a6f-bb36-4f96-9dce-56ffb288c137,5,Very satisfied with the rental experience.,0.744,"[""delivery"", ""communication"", ""equipment_quality""]",2025-06-25
5f94465b-7fce-42eb-8d00-c9ccf9550d67,5b32d7b1-04db-48ac-aaf5-d121a60ded76,da5e6370-0245-4a86-b4dd-36aaab7be136,4,Machine was in top condition.,0.688,"[""equipment_quality"", ""pricing"", ""service""]",2025-02-18
44c28958-cca9-4974-8256-1c40991d7021,33411ea5-6f70-4054-81aa-fb7279cc456e,89d4c4b6-fcc1-4b21-8b9b-ae4a603c7338,5,"Excellent equipment, worked perfectly on site.",0.891,"[""delivery""]",2024-10-22
97b851c3-0ff0-40b8-a3f4-7f55c3423bbf,813bfadf-77e8-4be9-b0c6-16fae77e358c,0cc378ca-c6b2-49ef-9622-d7ed5276179b,5,Machine was in top condition.,0.826,"[""delivery""]",2025-09-26
0c830245-5c68-4add-a8d5-99ab0a3f1c18,9ad4451e-ad14-4dad-a808-cd0a259d20eb,cae5a58e-0be1-4c4d-b2cc-2dddd319ae54,4,"Great service, delivery was on time.",0.628,"[""service""]",2025-02-04
ee1df5a1-743a-47b6-a412-5aa9b0da4a08,ff5c59ce-b7d4-4309-8726-dbeb94e2dd91,a74164da-9443-4629-86d9-0d438c1361c9,4,"Great service, delivery was on time.",0.773,"[""communication"", ""service"", ""equipment_quality""]",2025-08-02
b0b05deb-0f71-44d0-bef2-e0685622443f,bba0a92a-9bde-4c8f-869f-eca467215e00,4da57ae7-2214-46db-a4f3-ca0be56b2d5d,2,Delivery was delayed by 2 days.,-0.6,"[""communication"", ""delivery"", ""equipment_quality""]",2025-09-13
6643959d-2e66-447d-9b89-fd5dedfd8b11,f28f4751-3cf3-4c7f-ac99-d9e9df03a0bc,636b1aea-14cb-4613-abc5-3c402639e063,3,"Decent experience, room for improvement.",0.341,"[""communication""]",2025-12-17
152e7ab9-3c7f-4916-a84d-451bf3fb8692,3d72e7ae-13d1-4ed5-aa94-9ef92f1ed0ab,d8d7a5d7-caa9-4fcc-9cb2-0cf1aef1e921,4,Very satisfied with the rental experience.,0.909,"[""service"", ""delivery""]",2025-11-30
531b940f-b905-481d-b49d-93d3dc2a95ab,7225b43f-3e06-47ce-8a9a-fafcacf310b6,c40b5f3e-995d-4316-91f4-1d6c0ca3d03d,5,"Excellent equipment, worked perfectly on site.",0.953,"[""equipment_quality"", ""communication""]",2024-09-16
648ecfda-8af8-4d17-8ec8-6c3249f7ff6b,035c0bf2-10b9-4eb6-aa15-b3f44f78f2e4,b847281f-bf15-48d7-9982-5ea572ab8346,5,"Great service, delivery was on time.",0.673,"[""pricing"", ""equipment_quality""]",2024-11-10
ebe6340d-efb0-495e-8ade-6dc2b4debe00,3d72e7ae-13d1-4ed5-aa94-9ef92f1ed0ab,9518b051-e6d8-468d-8d88-0ef66a01431a,5,"Excellent equipment, worked perfectly on site.",0.851,"[""communication""]",2024-12-10
82e35214-13d0-4cb9-8adf-bb6d4dcf1bc0,d6167d47-7515-46db-9313-a2084b507ebc,72b69c3a-da6b-406c-bc7e-8106e6a48188,5,"Great service, delivery was on time.",0.702,"[""communication"", ""delivery"", ""equipment_quality""]",2025-06-28
9a72e286-c40a-4d82-8034-6797d25871e6,3e2bc8c1-8cf5-40ff-afa7-fab4570ea542,d3626a57-8221-40b4-9b7b-608ad960de63,3,"Decent experience, room for improvement.",0.279,"[""communication"", ""equipment_quality"", ""pricing""]",2026-04-23
db9bd194-47c6-4698-81bc-dcfab9355f02,2d5b73fb-3360-43e3-ac08-cf0358ca5966,146bbfa0-04b0-49b6-a280-895902d70725,5,"Professional team, will rent again.",0.994,"[""equipment_quality"", ""communication"", ""delivery""]",2024-11-30
5f1fc07f-b361-4617-95d6-548bfd712e43,82ea7a64-63ee-4c10-80a6-fdcc7d322da6,6b1e7b3b-2337-4921-9bed-080a0e737d44,5,"Great service, delivery was on time.",0.742,"[""service"", ""communication"", ""pricing""]",2024-10-25
16cfa597-6ec0-428f-b027-08f38c1c809a,3af4598c-f599-45e0-b27b-8e366d645c50,85e9d786-c2f4-4029-a547-e46f43c2dc30,5,"Excellent equipment, worked perfectly on site.",0.861,"[""equipment_quality"", ""communication""]",2025-11-02
d067db26-9fdd-4dec-852f-e592017779d6,1ca9595e-b927-4c8b-a17f-323e0c283060,4745d249-228b-49be-80d4-c6283c1df338,5,"Great service, delivery was on time.",0.757,"[""equipment_quality"", ""service"", ""pricing""]",2025-03-26
b29d225b-f168-4b76-a845-d6ac3c3045e6,813bfadf-77e8-4be9-b0c6-16fae77e358c,2f3043c3-3bc5-4b05-9c70-71b83d8f2129,3,"Decent experience, room for improvement.",0.273,"[""equipment_quality""]",2026-04-04
a9373c79-fcce-4654-93d6-a1fd54ae9786,e7def941-4235-4802-83bb-ab6146c36cda,95adc2d1-c758-4c02-a55c-45ec9145d38a,5,"Professional team, will rent again.",0.63,"[""delivery"", ""service""]",2025-12-07
48c78cab-62fa-48a9-9ac9-aa093fc74b5f,0bd1b1eb-11c6-49df-88eb-31691f867bf5,0abb3b41-780a-40aa-95b1-2e7147ba7a08,2,Machine needed maintenance during rental.,-0.277,"[""pricing"", ""service""]",2025-09-05
23ab01e1-8979-409b-b2f8-f4e5639db209,c9300334-c177-4f75-8b92-06f96c003057,264d535d-0b98-44a0-95e1-e175741fe3a3,2,Pricing was higher than expected.,-0.722,"[""pricing"", ""service"", ""equipment_quality""]",2025-06-09
7e1b06bd-d799-4cbc-bf0d-428e03c220da,6b567828-70f9-42ea-aa79-c824a239f12b,04afd936-3ca3-4c95-acb7-62400cc80fbb,3,"Decent experience, room for improvement.",0.546,"[""communication"", ""pricing"", ""service""]",2024-10-09
94fa6fe8-1668-48f2-91a6-d4ea018529ae,ff5c59ce-b7d4-4309-8726-dbeb94e2dd91,1bb797de-2325-464c-a804-a85fa33ea318,2,Equipment had some issues during operation.,-0.708,"[""delivery""]",2024-08-31
cc4a9f26-6800-4647-a232-85ca8c739055,5d9f6cae-2fb3-41ea-9f08-fbc1573ee862,50266b51-a2f3-40f4-a607-c36f4d14ba87,4,Very satisfied with the rental experience.,0.656,"[""service"", ""delivery""]",2025-08-12
e276fdc2-43cd-4e5a-a9f2-9609258b29c0,33837d43-76dd-4f9e-b1e3-f1845b7bbc95,765d303c-fb0c-4f36-a26d-ab8345be92da,1,Delivery was delayed by 2 days.,-0.905,"[""service"", ""communication""]",2025-04-02
da170c79-5e0b-4ef3-b55b-0989990993a7,d299015a-a646-4e51-a52e-955471ad806a,1787bbbc-ee48-44dd-aa37-e0b19ab603bc,5,Very satisfied with the rental experience.,0.722,"[""service"", ""delivery""]",2024-10-23
c1c5cfa1-a9fb-43ba-8966-bfb2749edf8c,3f483723-85eb-43fc-aa06-a41e4b92850a,9b8ea41f-f1bf-49bd-99be-94caccf9386f,5,Very satisfied with the rental experience.,0.873,"[""equipment_quality"", ""service"", ""pricing""]",2025-07-31
39d3fdff-a36e-4614-9405-2f3d044ab85e,d6167d47-7515-46db-9313-a2084b507ebc,ecb9000c-b6e4-45fd-abe7-b529812efc22,3,"Decent experience, room for improvement.",0.355,"[""pricing""]",2025-12-26
106f5566-2dc5-47d4-b85f-79292cd82385,c9300334-c177-4f75-8b92-06f96c003057,21d399f1-b4d3-438d-9df6-0bb78ba368be,2,Customer support could be more responsive.,-0.795,"[""service""]",2026-06-07
84f740d3-79b8-497e-9ad2-c802821cde10,875ba428-18a8-4688-8ae3-6f0274a5017b,00f99d36-96cd-4fb9-a7ca-071e2c9a5daa,4,"Excellent equipment, worked perfectly on site.",0.753,"[""equipment_quality""]",2025-09-12
65f82322-d663-41d1-af73-99c767f3eeaf,930e80c5-5d08-4519-b58c-256246376e91,7022b8b0-8604-4212-9f91-1eeb091bf9ed,4,"Great service, delivery was on time.",0.917,"[""communication"", ""delivery"", ""equipment_quality""]",2025-03-17
02d0b0f4-6c1e-46bf-a21a-0c2524e38df4,503ca1d3-a10d-40ee-a3fa-d96d29036cef,07143ac5-299b-4119-a7d4-5da61a176489,5,"Excellent equipment, worked perfectly on site.",0.856,"[""equipment_quality""]",2026-01-13
404a374d-8acc-4c62-b432-4a239250029e,edcd7270-7c38-4e2b-a544-37d79eae44b4,aa025232-5a63-42b6-87ed-39208f17f732,5,"Professional team, will rent again.",0.757,"[""equipment_quality"", ""communication"", ""delivery""]",2025-06-22
5106e9df-ac1d-4d92-9c5f-9aa955a9cd42,4cf6ec55-a7f7-463a-b26c-5fa9ecff193c,0b338213-2934-432e-82a8-61c746ea0c9d,5,"Excellent equipment, worked perfectly on site.",0.639,"[""equipment_quality"", ""communication""]",2025-04-08
3a4f4f65-a5ab-4994-85c5-b6c063c95ef8,09736450-0e25-4edf-a45e-d720556b1e1f,c97d6660-e078-4603-97c5-54f4062b9ee8,3,"Decent experience, room for improvement.",0.238,"[""delivery""]",2024-11-12
af8ad90a-51a8-4fe8-b214-0c2cb3f90b4a,4aafaf10-24f7-4d03-90f9-189f498d73df,9171d7f3-12f8-40e9-bf53-e3a7f9b2bc4e,2,Equipment had some issues during operation.,-0.549,"[""communication"", ""delivery""]",2024-10-30
6b46d6ee-fb43-4312-84ad-8750ff956657,fa5b0920-dbe9-4b44-a70c-393ffab78137,47436303-5ade-4026-b351-a33d967d2fc8,5,"Excellent equipment, worked perfectly on site.",0.989,"[""service"", ""communication"", ""equipment_quality""]",2024-12-19
2b82cd5b-067e-444a-b29f-e89147c4101d,421634a2-1632-4e68-8f4c-2c882284ce4a,bdfdea61-1634-4489-a654-562e0bad3dd4,4,"Great service, delivery was on time.",0.848,"[""equipment_quality""]",2026-05-26
d04ca70b-6733-42d1-9c4a-98e01cbe1f89,4cf6ec55-a7f7-463a-b26c-5fa9ecff193c,3bc92f26-ee0f-4d7c-8365-7493556597e9,2,Delivery was delayed by 2 days.,-0.342,"[""communication"", ""equipment_quality"", ""pricing""]",2024-09-11
df776a78-79f7-4f4f-a9f5-1e61a889830b,35e496ab-5e9f-4445-834e-44a70b00f1fa,9cc910fd-fd3f-4f29-bae5-e03541d6c671,4,"Professional team, will rent again.",0.642,"[""service"", ""delivery""]",2025-08-26
8a44c318-e8c5-4c28-bdbe-7c98f20eb853,abb0a010-dc9d-46bf-ada3-b3cd0a1a2f0e,41dd5549-8461-4a1c-a049-322fb833ac38,3,"Decent experience, room for improvement.",0.486,"[""delivery"", ""equipment_quality""]",2025-05-23
c272da79-02e1-4acb-9e9a-2b6452754d38,d0921577-6c43-4887-bb94-765c4c839e80,e13bc97d-b7be-4b99-b95e-954bcf9a5ba0,3,"Decent experience, room for improvement.",0.397,"[""pricing""]",2025-10-05
5fd3f9f8-4186-411b-ad18-6bbd4dbba323,abef463b-a7a9-4e1a-a64f-c53d41cebf1d,9168db25-66f2-43f3-b697-e38c7252c61d,3,"Decent experience, room for improvement.",0.219,"[""service"", ""delivery"", ""communication""]",2025-06-25
8530dfd7-96f6-436a-9a00-3955418e6729,199ab532-fb75-4ff6-bfbc-e060064f2799,7e0c0d65-acc5-4273-a509-dbe541bc391c,3,"Decent experience, room for improvement.",0.555,"[""service"", ""delivery""]",2025-10-19
be067ffc-d86d-4eab-81ea-d44d1a9d5a23,828d1746-672a-4755-a85d-fc6f8869d1f2,3716e126-9c3a-4d52-8638-36c1055dcb4c,5,Machine was in top condition.,0.886,"[""communication"", ""delivery""]",2024-10-24
adb29c87-911f-4f70-a1e2-007925dae464,fa1aba87-5e36-4b91-8fe6-51843a62ecd6,5dfd5f3a-1818-4999-9694-f2e656b2ad53,4,Machine was in top condition.,0.711,"[""communication"", ""pricing""]",2025-11-07
33a544f7-6747-4527-8d1c-64efa981af28,486f7b67-46cd-4cde-8fcb-3f41afe4fa22,066b5e54-2f82-4e49-9599-92497bbafd52,5,Very satisfied with the rental experience.,0.711,"[""service"", ""pricing""]",2026-06-08
534a403c-13a9-4210-8fdf-c695a2b00f51,c0db902a-4c4a-460d-81d9-b5e8b3c907e5,d7cc7b41-04ef-45a1-a55c-6c1d6f86b4ee,5,Machine was in top condition.,0.753,"[""communication"", ""delivery"", ""service""]",2025-08-16
7a6d5abc-b0e8-40ef-a840-04f9c2ab741d,6e2e99a4-a052-4bbe-b097-030dc3c65633,22626272-4227-4641-a347-3a8254169a01,5,"Excellent equipment, worked perfectly on site.",0.971,"[""communication""]",2025-05-28
c0d5f752-860a-49cc-bfab-fadfe0ac59fd,70c2eb70-4638-460d-8ab5-33be24e73ae9,bd8099b4-dedd-4b28-915a-37861c360ae0,1,Customer support could be more responsive.,-0.148,"[""delivery"", ""service"", ""pricing""]",2026-07-02
773af98c-999a-414c-8a7a-c7a354ed60d5,797a670a-c348-437e-b9f4-75e2b92ba55d,65620329-f278-4125-a339-0302ee87c216,1,Pricing was higher than expected.,-0.088,"[""delivery"", ""service"", ""equipment_quality""]",2026-06-17
d128fa1f-f035-49db-ba9b-5c7cb0f0351c,74166b54-578d-4e44-882b-45c9694a9729,5754be45-4edb-4a64-bbf6-14f898dbfd77,4,"Excellent equipment, worked perfectly on site.",0.781,"[""equipment_quality""]",2026-04-03
f552ad0a-f375-4763-845f-53a26e7b6d8c,e189db02-47bd-4155-9ff0-f1b42d8b0d45,9bbc1597-5414-4782-9d6e-270551cc3793,4,"Excellent equipment, worked perfectly on site.",0.736,"[""service"", ""delivery""]",2026-03-11
1dcc5f1b-e1d7-497b-b0a7-b72c7ced9722,2d5b73fb-3360-43e3-ac08-cf0358ca5966,b56f6c5f-7684-4099-844d-bcfab99f62c3,4,Machine was in top condition.,0.651,"[""communication""]",2024-12-12
a2afdc7b-82b3-4515-8b26-983019cdfff7,fb0c3e25-1d16-4efd-8056-2fdcdd4dd869,b1593331-5221-4cc9-a0fe-da70e71b1556,2,Machine needed maintenance during rental.,-0.91,"[""service""]",2026-07-24
75d0da57-c170-4193-9393-ed5752b05f6c,03bbff31-a890-4d49-a6df-3269f635750c,42efb697-7cef-49ee-93bb-87fee9e50c47,5,"Great service, delivery was on time.",0.705,"[""equipment_quality""]",2025-09-09
65423315-7561-43fc-89b4-7712991cd9ff,6a811073-bf7a-4c4e-98fb-ab063f5c9805,936537d6-30e3-4989-87a1-930d1904b8f5,4,"Great service, delivery was on time.",0.674,"[""communication""]",2025-05-13
5a494223-e4ca-496d-b6a4-37619db254d2,658a2bd5-925b-42d9-823c-60e9272f02b9,2d3c28aa-dc96-4268-a45d-241a36780301,4,"Excellent equipment, worked perfectly on site.",0.978,"[""communication"", ""equipment_quality""]",2024-10-20
9b698e21-5187-4ba1-888d-a1f55e2b31f0,421634a2-1632-4e68-8f4c-2c882284ce4a,3a946850-4203-45e9-a14e-a6ec53a68fae,4,Very satisfied with the rental experience.,0.793,"[""service"", ""delivery"", ""communication""]",2024-08-07
a253177e-be4e-4818-9458-a6daa281b004,e538d010-b52c-4c23-afe0-077b50aabbfa,6c5cdc59-70b8-43ab-811f-01e092742a8d,1,Customer support could be more responsive.,-0.812,"[""delivery"", ""service""]",2026-01-21
01e144b6-8666-44de-85b6-66c3dae0af25,04b23723-2b58-4f4d-adc4-05e0ea43c46c,f46756a6-3e3b-408e-b2e8-5e2bf1c8a212,4,"Great service, delivery was on time.",0.89,"[""communication""]",2026-05-30
ab90c155-a819-46a3-a94a-00d7f4bb4a1e,6529da10-1475-4c3c-92a1-18d6c99a2fd3,b2625179-3624-4ac0-9c47-0b9fffae0149,3,"Decent experience, room for improvement.",0.392,"[""service""]",2025-05-01
60a3dedd-3e5a-4fee-86d1-f0bdd5397028,07a4a12a-4581-419a-8701-06d37ea6bd3b,06fad52c-e5df-406e-973b-52d191064366,4,"Great service, delivery was on time.",0.969,"[""pricing"", ""service""]",2025-11-24
bd9e2029-4333-4fa6-955c-15cbd06840bb,4cd3d45f-6184-4db5-b59f-ba7054a54284,68985395-51b5-4b84-a30b-00456c19dbd8,4,"Great service, delivery was on time.",0.644,"[""service"", ""communication""]",2025-09-10
083461ab-dfdb-4401-851d-919c225c8ac6,edcd7270-7c38-4e2b-a544-37d79eae44b4,f2b350cc-59e8-4ffe-b18d-580fae8945ba,4,Very satisfied with the rental experience.,0.922,"[""service""]",2025-04-18
54813ca5-9fc7-45eb-b260-539c631a798f,76647c96-3126-4cc2-b315-7941cdbca7f7,6cee7037-4908-4688-9869-476b8b1d50b0,4,Machine was in top condition.,0.644,"[""equipment_quality"", ""pricing""]",2025-01-17
a2317bfd-192b-44f8-aa34-3090198cf24a,56293ff7-3050-4f6b-8df0-cef39f0c8800,f5fe352a-d928-424c-a443-1e6c3c010974,5,"Excellent equipment, worked perfectly on site.",0.616,"[""delivery""]",2025-05-30
bc5e1642-f3fe-4b59-8571-7ecb654bd492,4212e07a-0023-405f-9bf2-105bc07b5250,230f3c76-c5da-4684-a2f6-154bb7b2f5e6,5,"Excellent equipment, worked perfectly on site.",0.706,"[""equipment_quality"", ""pricing"", ""communication""]",2025-04-28
4f3ef5c4-e56c-4a00-8565-f9e5318eb023,5d9f6cae-2fb3-41ea-9f08-fbc1573ee862,b67a5ecb-170e-4e5e-94fa-e6d212b3a5d9,4,Very satisfied with the rental experience.,0.841,"[""service""]",2025-03-22
7c5157a3-506b-4b86-948b-78976e33d4ca,69807b72-e108-4d02-b81f-379de2691ce0,1da509f4-06e7-4a9f-85b6-9c15887d73d0,5,"Excellent equipment, worked perfectly on site.",0.64,"[""pricing"", ""service""]",2025-09-30
cfad3bb1-6078-45ea-a98c-23fb91869b29,d5b53c1f-34b8-4676-b971-7229d4d85131,1842c354-5792-43f3-86ae-500b53b5fdc0,4,Machine was in top condition.,0.987,"[""pricing"", ""equipment_quality"", ""communication""]",2025-01-17
13068b34-29ad-41e3-b7d3-a3dae9d3ea0c,713a8773-913e-4531-a453-18bf5e372f56,d0de38db-03d5-4c32-97c2-05434567d0f1,5,"Excellent equipment, worked perfectly on site.",0.749,"[""delivery""]",2024-11-09
45c1d9ed-6ad3-4be5-9f31-c527d7e0893f,8e18bd5f-b41a-4396-b73a-ea2c053d6a63,d8c39ebf-d42e-4e33-8006-849e5e482fb2,5,"Excellent equipment, worked perfectly on site.",0.984,"[""delivery"", ""equipment_quality"", ""service""]",2024-09-20
400b84d0-1caa-4897-bea2-fe6d908daa51,3f483723-85eb-43fc-aa06-a41e4b92850a,91969d60-f265-4c45-b04c-a83b534c8754,4,Machine was in top condition.,0.997,"[""communication"", ""delivery"", ""pricing""]",2024-10-15
4c475b8a-7251-4692-bed9-de7cf2f1a686,3d72e7ae-13d1-4ed5-aa94-9ef92f1ed0ab,24805794-5dea-4c79-a8ca-bcaffc578400,5,"Great service, delivery was on time.",0.922,"[""pricing"", ""service"", ""delivery""]",2025-12-16
8300cfc2-5ae5-4069-997d-ba18eca87104,ab04e845-df18-47cc-a8ce-c436e66303d8,e9a71b26-a8fc-49c7-9f59-e6de0b13dced,2,Pricing was higher than expected.,-0.521,"[""service""]",2024-09-05
e939278d-1316-402c-b0ee-b94e05a16251,80dd0ed4-9c7d-48c0-8339-6e503fe87e92,6e879000-3736-44b7-bbe4-c6f50195646c,4,"Professional team, will rent again.",0.958,"[""communication"", ""service"", ""equipment_quality""]",2025-08-03
5dbc972d-3d79-4284-810f-c93b6af8c813,fa1aba87-5e36-4b91-8fe6-51843a62ecd6,6ae8e2f0-92c6-4486-a16d-37937962bfbf,4,"Great service, delivery was on time.",0.787,"[""service"", ""equipment_quality"", ""delivery""]",2025-09-24
ed6925ee-594e-4072-b819-182bc9de725c,d4f0e86e-a355-434d-961a-b9597212aea3,e0326c83-fbbb-4905-989f-9bf02aa6aeb9,4,"Professional team, will rent again.",0.895,"[""service"", ""delivery""]",2025-08-24
8920f855-f6dc-4a5f-864c-e70e5dfd0adc,08205d3f-5e37-43de-aea8-0aca3ee7469d,deaa3d46-af06-416a-9b33-b3530bae0a4a,5,"Excellent equipment, worked perfectly on site.",0.603,"[""equipment_quality"", ""pricing"", ""service""]",2025-03-13
3111dd5c-1d35-4759-82a0-f2c391c04018,50f7f647-fd6e-4699-96d0-2f4d2c435f9e,5fedf83d-905b-4886-a8aa-eb77432cd135,3,"Decent experience, room for improvement.",0.24,"[""service"", ""pricing""]",2025-03-10
13774d90-f2d6-4ed2-969a-8c092d89ed3e,c83f1960-2dde-43f1-971a-6c8d6cc13c53,dd68fcfb-6009-4e19-9433-9c2bdca578dc,5,"Professional team, will rent again.",0.987,"[""service"", ""equipment_quality"", ""delivery""]",2025-11-20
79762d05-241d-40c0-a901-ebe8197edfee,a25f72b5-1730-44fd-b6c7-c769a3920171,29252d5b-68c4-4fee-958d-da27f6906632,3,"Decent experience, room for improvement.",0.563,"[""communication""]",2026-07-13
a4bc55ab-611e-4adf-bcff-ce757a85532c,c952a0f2-7625-4b7e-b1c9-927504aba3d2,6970a6c2-370e-40c7-a547-a4e175e32de3,5,Very satisfied with the rental experience.,0.661,"[""pricing"", ""communication""]",2025-12-08
1b41c410-a963-4717-8529-34f9320c62d5,1d6b8257-1728-4d7c-8d72-7d1224245aeb,d3fba35d-de4b-4423-a1d4-bc4145ddf75b,5,Very satisfied with the rental experience.,0.897,"[""service"", ""communication"", ""equipment_quality""]",2024-09-14
3aae2eb9-ba60-4f68-8da7-6a98c39f6e8c,3b4c197c-5f64-405f-998b-18fed0deefea,105df9c1-8ca4-4713-9a4c-0d905a56254e,2,Equipment had some issues during operation.,-0.875,"[""equipment_quality""]",2026-05-09
c161f660-8485-4b0e-9434-b5ae86ee0b43,7225b43f-3e06-47ce-8a9a-fafcacf310b6,557d0eb4-6de1-4edf-b83c-aab6c19a890b,4,Very satisfied with the rental experience.,0.916,"[""communication""]",2026-06-22
5d8fb809-780a-4527-a39d-b0a6d35806e9,4136fcc5-d418-41b8-ae83-3c128d430cf9,e1efc44d-d657-413e-a988-543dd9fa8e10,2,Delivery was delayed by 2 days.,-0.433,"[""equipment_quality""]",2025-05-19
5b7ddc0d-9425-4710-9a7b-ca43619e0d7a,1b90b616-f317-4e8d-80cc-ebc097f2b812,c62b328d-c444-42c9-ab3d-469b97cd97b1,3,"Decent experience, room for improvement.",0.362,"[""communication"", ""service""]",2025-05-16
026c041c-863a-4e32-b95a-85c048f77301,1b90b616-f317-4e8d-80cc-ebc097f2b812,623d6862-c173-4fe7-ab4c-4d5a1f56485b,4,"Great service, delivery was on time.",0.846,"[""communication"", ""service"", ""pricing""]",2024-10-29
216008c9-0638-4875-91c2-881c273ea6ec,a25f72b5-1730-44fd-b6c7-c769a3920171,065f3008-4896-44ed-a69b-4669653a18a0,5,"Professional team, will rent again.",0.83,"[""communication""]",2026-02-12
9e8ebf16-a73a-4e35-a2de-7ec316d56842,62ff3973-e6e5-498c-96e4-248eb59183e3,ff53c12d-3796-401b-a2bd-d925ef101855,3,"Decent experience, room for improvement.",0.244,"[""equipment_quality"", ""communication"", ""pricing""]",2026-02-17
2fc71cac-17c9-496f-ad09-7d924c856c2d,84644143-a02b-4e48-a68d-4989cf2f8d7d,d408aee1-670b-49e9-b7bd-530c70093163,4,Machine was in top condition.,0.61,"[""communication"", ""equipment_quality""]",2024-12-18
04603aba-8b03-4b53-8659-84e0b32d3398,c952a0f2-7625-4b7e-b1c9-927504aba3d2,c24181dd-979d-4660-b6a0-33f7d1cd6153,3,"Decent experience, room for improvement.",0.483,"[""communication""]",2026-07-09
aa59c6f4-d5d2-4354-afbf-ed7cf8e8bec2,c6f3db6b-c7d1-4e65-93bc-535cf64e3e62,7517b456-487b-4f92-8c70-4ad5880154e5,5,"Excellent equipment, worked perfectly on site.",0.998,"[""service""]",2026-04-24
36305289-63f1-494b-bee3-9c1af85a33be,875ba428-18a8-4688-8ae3-6f0274a5017b,182dfd9f-bd64-439c-8ddc-74b91d8767bc,4,"Excellent equipment, worked perfectly on site.",0.604,"[""service"", ""equipment_quality"", ""communication""]",2026-05-09
a70c19c7-40da-4c7e-93aa-9e245eb53586,edcd7270-7c38-4e2b-a544-37d79eae44b4,ba4814b7-877e-413d-acf0-e92afd666447,1,Pricing was higher than expected.,-0.108,"[""delivery""]",2025-05-16
b20a5ea3-7ccd-47cd-a450-09e1b836db5d,926a6948-12d2-420d-b960-eaaca6965dbd,b3d5f695-2b56-4808-9f22-54cd7bbe85ff,4,"Professional team, will rent again.",0.622,"[""equipment_quality"", ""delivery"", ""service""]",2024-09-15
4b16d297-e55c-4ec2-bbbd-db474514af5f,2138c6c8-dd06-4493-96dd-1325c5d121f7,b444dc39-2cf2-43d4-bd17-17a25ebd1871,2,Pricing was higher than expected.,-0.785,"[""pricing"", ""service""]",2025-07-06
616d9d78-6554-4e28-8f03-d023cf330dae,0cc7ed25-943f-419e-b55d-809703859fb0,bd8bb9b5-e9ce-4b7b-9965-027a2a656e06,2,Equipment had some issues during operation.,-0.584,"[""pricing"", ""delivery""]",2026-07-11
40d3714d-1a49-4a46-bedd-2c4c436b8a11,3bdc9a49-d23d-462a-81fc-e0a0c85272e3,96b3b889-37e2-4f6f-a8bc-61b00445f5c5,4,"Excellent equipment, worked perfectly on site.",0.746,"[""equipment_quality"", ""service"", ""communication""]",2025-02-01
6e94d81e-493c-4194-a9f5-efc39944bfd1,c0db902a-4c4a-460d-81d9-b5e8b3c907e5,8ad50efc-20a3-4c06-a0fe-9f4d70305750,5,Very satisfied with the rental experience.,0.721,"[""communication"", ""pricing""]",2025-12-03
bced93d5-5e40-4c07-8ab4-ecaa3f4d20db,654dddf4-fb54-4de8-bed2-79ced8278028,49582aa2-f2d4-4640-8474-fece4cd50a7f,5,"Excellent equipment, worked perfectly on site.",0.949,"[""communication"", ""equipment_quality"", ""delivery""]",2024-09-18
49c450ce-639c-40cb-9200-9da911f4bab8,09736450-0e25-4edf-a45e-d720556b1e1f,7c980147-3786-4f1c-a605-6ef1fbb9bccb,3,"Decent experience, room for improvement.",0.399,"[""equipment_quality"", ""service"", ""communication""]",2025-08-09
5934e1e9-8502-41e3-b352-85e6ac1f647f,828d1746-672a-4755-a85d-fc6f8869d1f2,e2ea6378-3825-4ee3-9806-295990b8f451,2,Machine needed maintenance during rental.,-0.396,"[""communication""]",2024-10-20
d65616b5-d197-4ac0-99b1-f1f9cc3e812f,17a3dd98-8ad3-4bb9-8be0-49f3d54b5163,8aca1d0f-ba45-4387-af83-1a3bbab730f4,4,Very satisfied with the rental experience.,0.83,"[""communication""]",2025-12-14
625de1cb-1709-4158-8912-239df7638d24,217454e0-ca62-4221-8833-9a8a0541a408,26839041-4db7-40d8-a1a4-aeba1dd0cfca,3,"Decent experience, room for improvement.",0.371,"[""delivery"", ""equipment_quality""]",2025-08-30
45ca2289-56eb-4713-aa4e-87ab1892b88b,50f7f647-fd6e-4699-96d0-2f4d2c435f9e,f85ddcd4-9c78-4683-ae4a-3d8d8a283363,3,"Decent experience, room for improvement.",0.559,"[""service""]",2025-09-17
a138aa63-d690-408e-aff5-0fa007d94418,c9300334-c177-4f75-8b92-06f96c003057,035e9147-c0d1-4ca1-84f9-dcbf9f1711fc,5,"Professional team, will rent again.",0.791,"[""communication"", ""service"", ""delivery""]",2024-11-22
0b3d3d7d-d446-461b-9167-e0d5595f4491,7be78260-7d5a-4304-b7fa-6d79f4325c18,8f9f1706-310e-4e34-95d5-3a64675d9856,5,"Excellent equipment, worked perfectly on site.",0.704,"[""delivery""]",2026-01-24
bf5c40bb-81ab-4488-96b2-9de515797151,707938a2-022a-47a4-8b9d-b4d50b26a0cc,f70eab96-edc3-45c2-a018-f4785e41ce9b,4,"Great service, delivery was on time.",0.806,"[""delivery"", ""pricing""]",2024-11-07
9e5a2da4-1fa7-43da-b11f-e5f05e6b571a,ce90fa9e-b930-467c-afb9-2c0c3f5a31a8,48e6857c-eba0-4b3b-be86-93626dd75f9c,5,Machine was in top condition.,0.77,"[""communication"", ""equipment_quality""]",2025-07-17
c276e4f4-c122-43ec-971e-e2b1db651695,08463e2c-bb4c-4072-9776-41809b410c82,dad35e7c-dabd-4d0e-ac99-543bc566756b,2,Pricing was higher than expected.,-0.921,"[""equipment_quality"", ""communication""]",2025-10-05
9006b8df-7ea6-4d95-b6f2-4a5b4202579c,2d5b73fb-3360-43e3-ac08-cf0358ca5966,3d7ade77-2f74-43f7-8c60-5b0eb8dd9a1d,4,"Excellent equipment, worked perfectly on site.",0.743,"[""service"", ""delivery""]",2024-12-27
0a28093e-89dc-428a-a72a-746af6c5a387,bba0a92a-9bde-4c8f-869f-eca467215e00,206db480-92f8-4137-ab01-5ec223ee820c,1,Delivery was delayed by 2 days.,-0.631,"[""communication"", ""service"", ""delivery""]",2025-11-08
fe51a3a9-9049-4451-bc5d-2d16f6781206,db1ad761-4a3e-4989-8438-2dd4c3027c12,fa016a7c-fc19-43d9-bd85-8c6b0e1401b3,4,Very satisfied with the rental experience.,0.681,"[""equipment_quality"", ""pricing"", ""delivery""]",2025-11-14
b5180a00-6414-49cf-98ec-830f491d4d94,bba0a92a-9bde-4c8f-869f-eca467215e00,2dd71159-e14c-4eec-9c8c-7dd6d61c7877,5,"Great service, delivery was on time.",0.703,"[""pricing""]",2026-06-27
ee1e6aaf-7f89-4184-b5f8-96853bddf454,5229355e-2f81-4893-82cc-1a15fb16b26d,da23d526-436f-45fa-b924-c1e0b3d7dbbe,5,Very satisfied with the rental experience.,0.746,"[""communication""]",2025-05-30
207cf6a7-3327-4fde-bbec-bd4edd3d53ec,6571075a-673b-49e1-ae95-2c30b0df2081,df9fa69c-4d08-4ebe-9507-b0e67d351f7c,5,"Excellent equipment, worked perfectly on site.",0.931,"[""pricing""]",2025-09-21
07189666-7f45-48a8-9f97-53adca853185,a14deceb-f9b0-4286-a069-9c291a911000,14614fbb-d173-4a63-8f9e-462a8c65da5f,3,"Decent experience, room for improvement.",0.525,"[""communication""]",2024-09-26
32b49168-22cd-41a1-bd1a-170542e2cce1,fa1aba87-5e36-4b91-8fe6-51843a62ecd6,3476fccf-c588-40c5-bbcf-bed4f31d4762,5,"Excellent equipment, worked perfectly on site.",0.622,"[""equipment_quality"", ""service"", ""communication""]",2025-01-26
88bd06f9-7361-48e1-86d6-2a79f026425e,1df6ab26-14c3-4d07-9930-529a540e9ff9,b1595d01-c855-4d9c-895b-952c8a4aff2b,5,"Great service, delivery was on time.",0.709,"[""equipment_quality"", ""service""]",2025-08-26
143408d1-b91e-4090-a0c0-80d7c5f20afe,cd65fec9-7248-44f5-bcb2-10f5841b02bc,49704ad7-bf04-4c64-b61d-09c9fb847143,3,"Decent experience, room for improvement.",0.461,"[""service"", ""equipment_quality""]",2025-06-12
e8b23221-d084-4226-b718-5df2aa305e95,e538d010-b52c-4c23-afe0-077b50aabbfa,8d6e8cf6-b3b0-4144-9cae-0debda928e28,5,"Excellent equipment, worked perfectly on site.",0.629,"[""service""]",2025-07-14
134a5688-b10a-4e1a-938f-9d7ed30f9c8a,d0921577-6c43-4887-bb94-765c4c839e80,45ab3175-70fd-4817-b633-73dca8428132,5,"Professional team, will rent again.",0.633,"[""service""]",2024-10-19
8e5e7f37-04db-41c9-b906-ab20432bf56d,6eff4e51-9b25-4fc1-896e-b88762a13160,8cffd503-c60e-43de-b2fc-4f98fa960157,1,Customer support could be more responsive.,-0.369,"[""service"", ""pricing"", ""equipment_quality""]",2026-02-28
392d77a5-1c86-4f2f-90ab-64de1cadb93e,84428284-9b3a-43cd-a5fd-befb2cf188b7,6b7af153-05c1-4ca2-9fe8-6750e545fc12,5,"Excellent equipment, worked perfectly on site.",0.985,"[""delivery"", ""pricing""]",2024-10-20
8dbbf830-5b76-4287-ae97-6b768ca700f5,70c2eb70-4638-460d-8ab5-33be24e73ae9,05384ad2-845d-450b-926d-74b0557180b8,2,Delivery was delayed by 2 days.,-0.803,"[""equipment_quality""]",2025-03-17
f93cc851-ffd6-429b-ba82-5e5bdf2adc8f,217454e0-ca62-4221-8833-9a8a0541a408,fbc5ebbc-8e22-4847-9d15-553ab241f9a8,4,"Excellent equipment, worked perfectly on site.",0.823,"[""service"", ""delivery""]",2026-04-29
ad357857-06eb-4678-a6c2-376e92dbefdd,b66af76f-48bd-4406-837c-25c442ae34ae,c1a71e88-87f5-41c5-b819-3bdda600c735,4,"Great service, delivery was on time.",0.787,"[""communication"", ""service""]",2024-11-21
1659dd2d-1dd4-4a75-819c-7d5553e28eaa,09736450-0e25-4edf-a45e-d720556b1e1f,d207d66c-9eb3-497f-ac20-80f5f9c2ca27,5,Machine was in top condition.,0.676,"[""communication""]",2025-01-30
03cc7e44-3fd5-437f-a771-5cc68a1c4671,03bbff31-a890-4d49-a6df-3269f635750c,59ac1edc-519d-402a-ada7-4919ab8d4b6d,3,"Decent experience, room for improvement.",0.316,"[""service""]",2026-05-25
1cd926ba-caa4-4d32-a302-4430b4bed587,0a80258f-0814-4d45-819c-9430ed7647a6,2b67c1de-b6de-485c-9fc9-19da4a256e78,3,"Decent experience, room for improvement.",0.501,"[""communication"", ""equipment_quality"", ""service""]",2025-07-07
9d08ca02-c473-4d5b-8465-7732c663b8a0,76a223e8-47e7-451d-aa7e-11ea4bd8b7fc,904140fb-21d0-4bdb-b7cc-d7571ea0a460,3,"Decent experience, room for improvement.",0.3,"[""delivery"", ""service"", ""pricing""]",2025-03-30
860b5745-678e-46d9-b79e-d29a8ef4241f,d0420392-03f3-42b2-92a6-b48642f1eb9f,7f8d5b95-6e76-409d-984a-e256f78acb47,4,"Great service, delivery was on time.",0.734,"[""equipment_quality"", ""delivery""]",2024-09-14
6cca634c-e2bf-4d35-aa2d-8e569cf06cc6,694fca20-72e6-47d5-b246-acc57eb09b95,7ff78e70-6bc8-44e8-95c7-17bd1af006bf,5,"Great service, delivery was on time.",0.956,"[""delivery"", ""service""]",2026-01-12
1ebf92e0-fba3-42f1-b8d8-da36da075a42,cd65fec9-7248-44f5-bcb2-10f5841b02bc,12c0c0f4-5f62-4795-bb11-bc396dbeac6f,3,"Decent experience, room for improvement.",0.444,"[""equipment_quality"", ""communication"", ""delivery""]",2025-08-16
e0fcf4be-bbc3-4d4b-80ce-7bb79c868fad,7b3f1125-9009-477e-a350-b52a7884ddc7,79b7d8d1-bf62-4bc1-9ab2-4cad05617d7e,3,"Decent experience, room for improvement.",0.347,"[""communication""]",2026-06-11
ad39e66d-7634-4933-8571-29102b4a3ba8,c0c51c25-3f97-4979-880b-2c73da0069c5,f471d58f-a3c0-4b87-becf-3dfab4cd84b2,2,Delivery was delayed by 2 days.,-0.286,"[""pricing"", ""communication""]",2025-10-09
b07ed963-7491-4518-b0bf-49b1a2e409c5,930e80c5-5d08-4519-b58c-256246376e91,692d699d-0a44-4fa3-bc34-4b805dbcb34f,3,"Decent experience, room for improvement.",0.255,"[""communication"", ""delivery"", ""pricing""]",2025-12-02
ebbb183c-8e98-422c-8b08-7be9bffa941d,03bbff31-a890-4d49-a6df-3269f635750c,5af87782-4550-4d58-9ea2-5b89c282c134,4,"Excellent equipment, worked perfectly on site.",0.809,"[""equipment_quality"", ""pricing""]",2025-06-04
dbc10be9-1935-40d1-8652-aed76f0fc679,74166b54-578d-4e44-882b-45c9694a9729,977e6641-5234-47e4-b4b9-2bdb917caef3,4,"Excellent equipment, worked perfectly on site.",0.912,"[""service"", ""equipment_quality""]",2025-07-19
cd7b60b2-1ea5-4ec2-9db3-db766391e52c,23e0230e-4a39-4c08-b9b0-a6f965d67d7e,f0a79ea9-dea7-49b9-a1ed-cb0edd61505c,1,Delivery was delayed by 2 days.,-0.983,"[""delivery"", ""service""]",2026-06-10
76750fe0-34d3-41e6-813b-c63f42c7bcee,23edac92-2354-4178-a4a0-5d165c377eb8,184ffdd1-4f7e-4402-92c7-469ffcafd941,5,Very satisfied with the rental experience.,0.839,"[""pricing"", ""communication"", ""equipment_quality""]",2024-10-19
fdd8e07f-2b6b-4935-beb3-969ae091c3a9,b3dd61ee-5291-46c4-84e8-acaebddc7ed1,0bf69c23-73ed-4d19-a159-f0d8829a20dc,4,"Professional team, will rent again.",0.611,"[""communication"", ""delivery""]",2025-05-03
cf3b85b8-4b50-4b78-a60f-9b2ad8c2ce35,70c2eb70-4638-460d-8ab5-33be24e73ae9,b2ecd185-5097-49b4-b4dd-93fca144a839,4,Machine was in top condition.,0.833,"[""service""]",2024-08-21
30d56b16-752a-41e0-a5c6-75d1348b3e5b,0b0f5fd2-9141-4623-9ab3-7b9414d43046,dff8aa71-df69-448a-969c-c004966f0cd8,3,"Decent experience, room for improvement.",0.508,"[""communication""]",2025-08-26
63bfa4e7-b2f6-4f00-a3fd-f3e6169dc3fc,04b23723-2b58-4f4d-adc4-05e0ea43c46c,13c6bfd7-c5c0-4e71-a52d-a05c65c394ff,3,"Decent experience, room for improvement.",0.399,"[""delivery"", ""equipment_quality"", ""communication""]",2026-03-20
431b54fc-baf0-4783-b48e-b8cb71d2aed0,2138c6c8-dd06-4493-96dd-1325c5d121f7,09ab8c96-8a7b-41fb-8a8a-0fcba19049fd,3,"Decent experience, room for improvement.",0.313,"[""service""]",2025-04-30
94786889-d5bf-49d2-9cf5-558c631a55a2,f56dc739-0cae-417b-b7b4-5b1b8a53c810,1a898b8e-6e94-4978-9f42-2bb1d257ef28,5,"Professional team, will rent again.",0.887,"[""pricing"", ""equipment_quality"", ""service""]",2025-09-14
dd59d083-46ec-40c7-9d09-1d681666be13,f6e95077-b010-4354-9b49-bc9b6f6deb5d,d2b8bdef-b130-4039-87a3-24239b845fe6,1,Customer support could be more responsive.,-0.812,"[""communication"", ""delivery"", ""pricing""]",2025-08-29
6d1167bd-681d-4ace-975e-0a1a8518f3fe,f29c5b00-a6fe-4b3e-aa63-d9cf9fd74d48,59996245-8cf6-44ac-96ef-e3c870a074e4,4,"Excellent equipment, worked perfectly on site.",0.993,"[""pricing"", ""equipment_quality"", ""delivery""]",2024-12-25
19298f4c-ca7c-47a1-9221-6d0620b99ab4,b0ceb5f8-ad0e-42f9-a554-1960a0ed8997,a3eb1501-6bc0-449e-8021-de7b4f537ac3,4,"Professional team, will rent again.",0.995,"[""communication"", ""delivery""]",2026-03-31
31da156a-50e3-4c17-beaf-9b14637052a1,3c7c2248-73d0-4b68-ab2a-0009500b2fc5,99e77c0a-ebcc-420f-9064-3f852e70ac98,2,Customer support could be more responsive.,-0.385,"[""equipment_quality"", ""pricing"", ""service""]",2024-09-09
00c0813e-c770-427e-a4ba-e0e8aaf064d9,4212e07a-0023-405f-9bf2-105bc07b5250,1df46b07-630b-45db-aa34-5539be4e4de1,5,Machine was in top condition.,0.749,"[""communication"", ""delivery"", ""equipment_quality""]",2026-06-30
da043ffc-ccc8-4213-9dba-aa4bd60f2242,95597854-a085-466e-a612-48423db319be,23f41486-fda3-4d95-80e3-cd21e57a4bad,5,"Excellent equipment, worked perfectly on site.",0.692,"[""service"", ""delivery"", ""communication""]",2024-09-15
a7b8f965-66fb-4cb5-a477-9d1b998bce74,6571075a-673b-49e1-ae95-2c30b0df2081,e158f676-1db8-4fbd-848d-37b30f10aa15,5,Machine was in top condition.,0.796,"[""service""]",2026-04-22
aa749777-425a-4d97-9657-73012c558c70,a8d63531-e89c-4faf-8671-b1dda0f09256,b88786cc-39bf-402b-9059-26f1c9e3d514,4,Very satisfied with the rental experience.,0.85,"[""service"", ""pricing"", ""communication""]",2025-10-07
9b634381-7901-43ea-8523-19d30368dfc1,4ecea141-5d6c-46e0-93f0-274c9ede4ec1,4723ff4e-440c-45bd-b260-0cf9cb30e9f5,4,"Excellent equipment, worked perfectly on site.",0.86,"[""communication"", ""service""]",2026-06-21
fbf120bf-9d34-42cd-ae31-42ea49f3258a,c952a0f2-7625-4b7e-b1c9-927504aba3d2,2077c6c3-ff4e-42d3-98ac-32afb25ccd3b,5,"Great service, delivery was on time.",0.948,"[""pricing"", ""communication""]",2024-11-15
48fccd82-b038-49e0-954c-9f21d6410b83,3d72e7ae-13d1-4ed5-aa94-9ef92f1ed0ab,c5e129b4-df09-40b0-beba-0462b5aba89a,2,Customer support could be more responsive.,-0.963,"[""pricing"", ""communication"", ""delivery""]",2026-01-04
67b52ede-4c96-4d47-add8-1a2127d7dfdf,c952a0f2-7625-4b7e-b1c9-927504aba3d2,19749f09-2cbd-40a3-8053-eb400fd55a03,4,Machine was in top condition.,0.914,"[""communication""]",2025-01-07
2e72b7a7-11ba-4cdc-a53d-7a3200d8651c,491f1311-7d04-417e-bd66-349490c29ded,cbb2c002-850a-4f75-a75f-24e05f02a29d,4,"Professional team, will rent again.",0.726,"[""delivery"", ""equipment_quality"", ""communication""]",2024-10-13
e5618ce3-06d7-46c0-a67e-1dc8e5b26649,50f7f647-fd6e-4699-96d0-2f4d2c435f9e,c309e77d-715d-43ca-ac23-d43b5fb93d77,3,"Decent experience, room for improvement.",0.577,"[""equipment_quality""]",2024-12-20
6e5f6e3a-6202-425b-a895-a2a426945625,0bd1b1eb-11c6-49df-88eb-31691f867bf5,c1191ada-b638-49df-86e3-fbdaf73b90c2,5,Very satisfied with the rental experience.,0.643,"[""service""]",2025-09-15
44a5fd56-1911-4d2f-b6b1-a015afb6f11f,84644143-a02b-4e48-a68d-4989cf2f8d7d,506512a7-55ed-4dc5-90e0-719973f9e607,5,"Excellent equipment, worked perfectly on site.",0.766,"[""pricing""]",2026-03-20
47b9e4e1-edf2-466d-bd37-5bea97304545,813bfadf-77e8-4be9-b0c6-16fae77e358c,99a44992-0c23-49d6-ae13-95dbe0b86caa,4,Very satisfied with the rental experience.,0.786,"[""delivery""]",2025-10-04
b8e792e0-8edf-441f-abe8-77ac41dae958,4236e673-ef5d-4ba1-94df-857605a8084d,f839fa07-42b0-4571-979d-1a74adea2a66,4,Very satisfied with the rental experience.,0.646,"[""equipment_quality"", ""communication""]",2026-02-28
23c99593-3d9e-4493-9e3c-8cb2ccf606f5,7429d915-b1c5-4534-9e4a-4ee79a9aa006,1ba38067-6184-4a6b-910d-e36ea1f4c99d,2,Pricing was higher than expected.,-0.089,"[""communication""]",2026-02-11
2aa165b0-825b-4768-8519-6dc8d24c4d57,82ea7a64-63ee-4c10-80a6-fdcc7d322da6,f5eef078-b14c-4193-9b43-586b3b60ff8d,2,Machine needed maintenance during rental.,-0.911,"[""service""]",2025-08-28
76e017c2-fd32-43e3-9479-0ef9fc6458e1,bba0a92a-9bde-4c8f-869f-eca467215e00,7f507568-64cb-487e-8c62-fae15dcdaa4d,3,"Decent experience, room for improvement.",0.361,"[""equipment_quality""]",2025-09-07
9c30204c-8fee-4777-b512-35c0adec2e7f,c0c51c25-3f97-4979-880b-2c73da0069c5,c79bcaf5-cc45-4c03-844b-30916e23a570,3,"Decent experience, room for improvement.",0.289,"[""communication"", ""service"", ""pricing""]",2024-11-05
a51d7d9f-b3a7-45ff-859c-1f9dfe1b65ea,2d5b73fb-3360-43e3-ac08-cf0358ca5966,2999e1e8-a1fd-483b-b383-73987d598c5d,3,"Decent experience, room for improvement.",0.394,"[""service"", ""equipment_quality""]",2025-11-28
8251b762-b82a-4cb3-8891-827f625f6311,82ea7a64-63ee-4c10-80a6-fdcc7d322da6,ee2b5b8c-9b2a-4807-8ae1-3aeb31126ac1,2,Machine needed maintenance during rental.,-0.443,"[""pricing""]",2025-09-08
65ff6911-cc9e-40a7-a4d4-150cce6b1656,d0420392-03f3-42b2-92a6-b48642f1eb9f,7e8cad85-2041-4849-b464-a005f57f03a7,4,"Professional team, will rent again.",0.652,"[""delivery""]",2025-07-30
4b6540b9-19c2-4c90-8766-223c3c3150d6,6beaae34-f8b5-48c9-8cf2-f3ccbacd1bbe,0358eda0-f7d3-4599-91fd-fe0d141d2d2f,5,"Professional team, will rent again.",0.903,"[""delivery""]",2024-10-25
641a33c2-a520-40a3-8fb5-bcf92ce7b74d,124bd83d-5184-4007-bb65-d189bf5495e8,1fd9e638-6a12-45bf-b408-fa0fb5caf2e2,5,Very satisfied with the rental experience.,0.644,"[""service"", ""communication""]",2025-10-03
a9cf33da-1cb5-4126-9cc0-b42a85dbc8ff,4aafaf10-24f7-4d03-90f9-189f498d73df,bf1f3cf3-56b5-423b-85cc-add46496d8ba,3,"Decent experience, room for improvement.",0.568,"[""pricing"", ""service"", ""communication""]",2024-08-27
d416ad92-2602-460f-bec7-ab46b1b25d3e,8a6e77c0-52cb-43a5-93a6-040dcddc850e,bf392c21-4606-447f-a386-1da0fd233ae1,5,"Professional team, will rent again.",0.815,"[""equipment_quality"", ""delivery"", ""pricing""]",2025-05-14
61ae1d73-6824-4710-96ff-e757ac2252b0,0cc7ed25-943f-419e-b55d-809703859fb0,16c4b7e5-f7df-4d1d-9f4f-b1e3069acea3,3,"Decent experience, room for improvement.",0.336,"[""pricing"", ""service""]",2025-03-06
aab6b364-0fad-4e45-b3ba-e7d0314d8906,694fca20-72e6-47d5-b246-acc57eb09b95,6e3c11d8-9078-490d-acea-a3bf012dd229,4,Machine was in top condition.,0.609,"[""pricing"", ""service""]",2024-10-25
c5973d48-1fbb-463f-8ac4-8b4fe4e95847,491f1311-7d04-417e-bd66-349490c29ded,ea456072-cf63-4c5f-8edf-cbbfbb92b114,5,"Excellent equipment, worked perfectly on site.",0.82,"[""communication"", ""service"", ""equipment_quality""]",2025-08-23
0711ce3b-f597-4b70-b5bc-75dd5b403ddc,df18fe4c-7ed9-4647-9f9e-eaf8a4c7c1a9,360a1946-8cc2-49f7-bec1-9f081e3c4966,4,"Professional team, will rent again.",0.724,"[""pricing""]",2025-02-28
90fae08b-402c-4494-922a-bcdda5a69ab1,3e2bc8c1-8cf5-40ff-afa7-fab4570ea542,985e2f16-5d98-4231-913b-529ed57a62c7,5,"Excellent equipment, worked perfectly on site.",0.756,"[""communication"", ""service"", ""delivery""]",2025-12-11
cad9d550-098d-46f4-8737-b0c176149fb9,6eff4e51-9b25-4fc1-896e-b88762a13160,365ee0d0-0da8-4171-a5ff-1a503cb7fedc,2,Equipment had some issues during operation.,-0.132,"[""communication"", ""service""]",2026-06-11
0ced8bec-8bce-48d5-ad2c-465540bb04b6,69807b72-e108-4d02-b81f-379de2691ce0,9dfce862-032c-42e4-9a42-ed708eb35bca,4,"Professional team, will rent again.",0.603,"[""pricing""]",2025-12-22
d0aa4037-8b30-4bc4-8172-131ce181527f,6e2e99a4-a052-4bbe-b097-030dc3c65633,32aa33ae-7f67-4a87-bcb7-3bdd99080e08,4,Very satisfied with the rental experience.,0.634,"[""communication"", ""equipment_quality"", ""pricing""]",2025-11-22
2c062b4d-a094-4aee-82f3-1e38c1c77742,a9117ef3-8e70-4b83-9d0f-977338ea94ee,55bc1981-882d-408f-a8ad-abd1519fd645,4,Very satisfied with the rental experience.,0.731,"[""service"", ""communication"", ""delivery""]",2025-02-26
9977245a-1c0f-4d50-8081-1f9aa2c20445,b2c31650-b23a-4c34-898a-70205c337192,733706a6-059a-4d84-a49c-060451514429,3,"Decent experience, room for improvement.",0.252,"[""delivery""]",2026-03-27
ee88b16e-4a7b-4e4f-961d-60371f71b57f,70c2eb70-4638-460d-8ab5-33be24e73ae9,210fcb48-20a3-430d-99e4-b5bb06e4ca39,4,Very satisfied with the rental experience.,0.804,"[""delivery"", ""pricing"", ""service""]",2026-07-03
67eacb06-c925-47bf-bec2-c24d45225b89,926a6948-12d2-420d-b960-eaaca6965dbd,74cbbe52-2ded-4112-a725-02df4550c461,5,"Excellent equipment, worked perfectly on site.",0.609,"[""delivery"", ""communication"", ""equipment_quality""]",2025-10-29
0e9f310c-8533-447b-8210-6fa6c6c0a078,a8d63531-e89c-4faf-8671-b1dda0f09256,48bef897-7aae-40fc-80cd-c1e364e5394c,4,"Professional team, will rent again.",0.822,"[""pricing"", ""equipment_quality""]",2025-09-21
bc990ae5-1db3-4280-b493-b7936d838edf,d1eb15d7-77f7-4b80-bd0d-9739aa82f636,e5ebf7b5-9517-4985-a673-bdb26ca58a77,2,Delivery was delayed by 2 days.,-0.004,"[""communication"", ""service"", ""equipment_quality""]",2024-11-16
d6242c5f-4f87-43cc-8d3c-6b2f842d636c,c6f3db6b-c7d1-4e65-93bc-535cf64e3e62,8868e33d-e081-4b42-9c3d-0e0769a59b41,5,"Great service, delivery was on time.",0.667,"[""pricing"", ""service"", ""delivery""]",2025-08-30
75cc92fe-1269-4236-babc-40cd0a8c6a58,23e0230e-4a39-4c08-b9b0-a6f965d67d7e,6620baca-1de0-49c5-a4a4-9bb917cf2eff,5,"Professional team, will rent again.",0.799,"[""pricing"", ""service""]",2025-05-20
7e06e3c8-cfaf-48fa-9f60-5e7821c63d3d,84428284-9b3a-43cd-a5fd-befb2cf188b7,53a6fd2d-962e-4643-bbf3-cc2ac4661f20,3,"Decent experience, room for improvement.",0.489,"[""communication"", ""delivery""]",2025-06-19
8658097c-39fa-4c39-93bf-cd4a4b12783e,c83f1960-2dde-43f1-971a-6c8d6cc13c53,a8f14069-4afd-418b-81cc-0621258cecbf,2,Delivery was delayed by 2 days.,-0.167,"[""communication"", ""delivery""]",2026-07-26
3dc99cc4-86e8-4150-a878-bfaf7ffebf94,1df6ab26-14c3-4d07-9930-529a540e9ff9,0fb3c435-a41f-49e4-82ae-95834e9bf756,3,"Decent experience, room for improvement.",0.312,"[""communication""]",2025-01-09
25849fcb-c779-43b0-9e9c-321b35882a9a,6b567828-70f9-42ea-aa79-c824a239f12b,052e782a-42ff-4926-ab99-1c95e263b913,4,Very satisfied with the rental experience.,0.94,"[""equipment_quality""]",2026-06-04
2426f011-f550-4693-864b-6a86f1918626,b66af76f-48bd-4406-837c-25c442ae34ae,71a68e89-0fb1-4ce1-bcce-84f615e078fb,1,Equipment had some issues during operation.,-0.609,"[""pricing"", ""equipment_quality""]",2025-11-01
c4e494ac-20e5-4d1e-93ea-ef713e953f84,6eff4e51-9b25-4fc1-896e-b88762a13160,cc6f5ee9-bc0b-46fc-9429-ff50f901e602,4,Machine was in top condition.,0.616,"[""equipment_quality"", ""communication""]",2025-10-18
e54da105-8171-471d-976f-5edb41adcf01,abb0a010-dc9d-46bf-ada3-b3cd0a1a2f0e,52342884-08ab-4477-87e6-e9516ddd44e3,4,Machine was in top condition.,0.653,"[""service""]",2026-06-18
353bc98b-4be1-4401-ad2a-efe67f19aef2,5229355e-2f81-4893-82cc-1a15fb16b26d,a3cc1eeb-baff-48c8-ae88-5563b74f5fd6,4,"Excellent equipment, worked perfectly on site.",0.839,"[""communication""]",2025-01-27
35105dc4-af82-4621-8227-dffc9c8d35e2,6af897a0-0616-4d81-8467-83711f26ec73,83e40590-8381-4142-93f9-65740aa21575,4,"Professional team, will rent again.",0.6,"[""pricing"", ""delivery""]",2026-07-29
3e604ff1-0b7e-45f6-b139-2e3fb46ae4de,930e80c5-5d08-4519-b58c-256246376e91,eb83f1cc-9466-4831-89f8-1c15ca018df3,5,"Great service, delivery was on time.",0.831,"[""equipment_quality"", ""communication"", ""pricing""]",2024-11-15
635800db-71b3-4413-98df-2209115a66d4,a5fcd9c2-0c09-4826-8cf7-928389e787ad,50893fc9-9d8a-4c88-a603-ada3df6762ca,3,"Decent experience, room for improvement.",0.239,"[""service"", ""delivery"", ""equipment_quality""]",2026-01-27
3ae6c59f-9e0a-4d2a-b5d8-9c4bca7b2722,66c02283-de0d-46f3-b44b-99873c9895d9,12d23c9b-ed1c-4b1e-82b5-aec5eef0da74,3,"Decent experience, room for improvement.",0.574,"[""delivery""]",2025-10-09
c29b57e9-4c95-4852-be55-97a3f45c8507,8647cf88-b986-493c-a5eb-e2954c813001,d88a6365-be37-4a8b-a69d-c6d61b7bede5,4,"Great service, delivery was on time.",0.68,"[""equipment_quality""]",2026-01-10
8f527ca5-18d2-46a6-be1d-0a0ee45e1b6d,76e7a621-003e-42cc-9f06-fea80a0747ca,e7de4170-8392-4c74-8e53-9a90b65d9feb,5,"Excellent equipment, worked perfectly on site.",0.972,"[""delivery"", ""pricing"", ""communication""]",2025-11-11
33d4e901-e4d6-458b-ab2a-814f8cda9824,421634a2-1632-4e68-8f4c-2c882284ce4a,2ec27ae0-17b7-41bf-806b-8bfd5320645a,2,Pricing was higher than expected.,-0.944,"[""service"", ""delivery""]",2024-12-26
ae9ae0f4-45d1-4557-bf4d-2ce863592342,ebdee9fd-d8e7-4a19-b327-be6d80cab435,50b3c30c-5851-40a8-8a86-e5509d6d4c82,4,"Great service, delivery was on time.",0.73,"[""service"", ""pricing"", ""equipment_quality""]",2026-06-30
ada62f74-8215-4f35-ad80-28e88755df78,930e80c5-5d08-4519-b58c-256246376e91,54204016-7af6-4ad6-97c6-169e6aa8dcc9,5,"Excellent equipment, worked perfectly on site.",0.793,"[""service"", ""communication"", ""pricing""]",2026-07-14
421571e0-9337-44c9-9d8b-5d9db01a8dbb,c0db902a-4c4a-460d-81d9-b5e8b3c907e5,3128e7a2-2953-4aa5-bbb3-33976d24f4b6,4,Machine was in top condition.,0.614,"[""equipment_quality"", ""communication"", ""pricing""]",2025-07-11
b2046b4e-a2f8-4495-98ec-12c266d9484b,035c0bf2-10b9-4eb6-aa15-b3f44f78f2e4,8e6feb46-c2da-4c89-b44f-b3d399a023d9,4,"Great service, delivery was on time.",0.686,"[""delivery"", ""pricing"", ""communication""]",2025-04-07
dc987872-57c8-45d3-aa29-a3684bd3cd59,4212e07a-0023-405f-9bf2-105bc07b5250,37059ee4-1a0f-4711-8969-e7e36d10cae4,4,"Excellent equipment, worked perfectly on site.",0.863,"[""delivery"", ""communication"", ""pricing""]",2026-01-24
b2fa1125-174d-4a57-9021-2c31928819ec,08205d3f-5e37-43de-aea8-0aca3ee7469d,43ec84d3-e663-446a-88b3-b7cbcfa81610,4,"Professional team, will rent again.",0.746,"[""equipment_quality"", ""pricing"", ""delivery""]",2024-10-16
f6e096ae-c56d-45c9-acab-c2ab6207b5cc,4cd3d45f-6184-4db5-b59f-ba7054a54284,73effbab-3c25-48df-85c6-18350253532e,3,"Decent experience, room for improvement.",0.411,"[""communication"", ""pricing""]",2024-10-27
e2b899ce-30d6-44b2-b035-dc3b8aa0bbe2,d5b53c1f-34b8-4676-b971-7229d4d85131,4113929b-7c99-4fcd-918b-873284385a99,4,"Excellent equipment, worked perfectly on site.",0.892,"[""communication""]",2024-10-02
30ef9c22-0ddd-4ce4-9dea-ef34bbf001a1,486f7b67-46cd-4cde-8fcb-3f41afe4fa22,68c22b3f-166f-4247-b104-83acbda81ff0,4,Very satisfied with the rental experience.,0.824,"[""communication""]",2025-02-20
b67023fb-a06d-4a04-91ef-6040aae085c1,4212e07a-0023-405f-9bf2-105bc07b5250,235b5e31-a5b8-4eca-8832-3956c2436521,5,"Professional team, will rent again.",0.693,"[""delivery""]",2026-07-17
ed98b3be-939a-4915-9f23-dfd8dff0770d,abd04790-170c-4c35-822f-32406f606ca5,8bac13dd-9ca6-428d-beec-c2b437284f57,4,"Excellent equipment, worked perfectly on site.",0.876,"[""equipment_quality""]",2025-01-04
03f61ef4-631e-41a7-96cf-00b0996eddfe,8d29907d-1109-404c-8316-4e748e853fa9,71ba2581-e5f2-45b7-9fce-ae7a3379d10c,3,"Decent experience, room for improvement.",0.385,"[""service"", ""equipment_quality""]",2025-12-01
1865d0ac-cd8f-42ce-951d-72052facadbd,1ca9595e-b927-4c8b-a17f-323e0c283060,29e92be7-033a-4485-a502-34399708c726,3,"Decent experience, room for improvement.",0.391,"[""service""]",2024-10-07
1f081a58-b8a9-4665-a44c-95f3c235dbc8,6e2e99a4-a052-4bbe-b097-030dc3c65633,d1251bf3-ac8b-4627-8238-f1f320fca078,3,"Decent experience, room for improvement.",0.307,"[""communication"", ""service""]",2024-09-05
d184546d-9949-48d0-a192-1d738bdb9523,95597854-a085-466e-a612-48423db319be,cceb4e13-3cdd-489e-8272-fabf40d88858,4,Very satisfied with the rental experience.,0.965,"[""delivery"", ""pricing""]",2025-12-27
e7ad7d4d-5742-48e1-a5cd-46cdaa07f270,051f3965-8927-4e21-aa88-d1eaccf7ff9b,cd935f6d-d7e8-49d0-acd7-18f8504cf91e,5,Machine was in top condition.,0.775,"[""equipment_quality"", ""pricing"", ""service""]",2025-08-06
85cd8101-6d07-4cf1-8bed-0bb3b9b3ea8b,66c02283-de0d-46f3-b44b-99873c9895d9,a4f3a806-9bc5-4409-b2f5-cd465efff080,4,"Professional team, will rent again.",0.857,"[""equipment_quality"", ""delivery""]",2025-10-24
8be6e070-b976-4027-bcef-0aaf5db56c2b,b0cfe83a-9793-4c65-8cc8-0cd6ce6d9bd1,d22c5d1a-8f78-4b2f-8bfb-b7313908ffd6,4,"Excellent equipment, worked perfectly on site.",0.764,"[""equipment_quality""]",2026-06-03
1f59991d-4f03-4c7f-ad83-0df0a78d4aef,abef463b-a7a9-4e1a-a64f-c53d41cebf1d,9257370a-a2fb-4ece-8819-970a9a956738,5,Machine was in top condition.,0.66,"[""pricing"", ""delivery""]",2026-05-17
c752163a-dd84-409a-841d-5e3bc5390aee,c952a0f2-7625-4b7e-b1c9-927504aba3d2,91e6882f-16d7-4874-8e9e-8a0e71352ed9,5,"Professional team, will rent again.",0.837,"[""delivery""]",2026-05-15
f012fac8-1bba-4b75-b0d4-3be1b4ccdb06,bba0a92a-9bde-4c8f-869f-eca467215e00,6e8b2398-9191-4ac6-88c6-855d90fe5550,5,Very satisfied with the rental experience.,0.667,"[""service"", ""equipment_quality"", ""pricing""]",2025-05-30
b2027b10-627b-44f1-b561-e0372e468198,a14deceb-f9b0-4286-a069-9c291a911000,d7afed7a-821f-4156-9545-b8459b6404e1,1,Equipment had some issues during operation.,-0.218,"[""pricing"", ""equipment_quality"", ""communication""]",2025-06-22
925faad3-f9de-4eb0-bdd9-f81a5b6461ff,37b3b1b8-ae9e-44c5-a5cc-4a5d8b3eb007,0fac1cf6-ae6f-42dd-bbb3-4b2b21746f98,5,Very satisfied with the rental experience.,0.651,"[""equipment_quality""]",2025-03-23
9753299e-9f79-4b50-8527-2638b7060b1e,b00e9788-a39e-4b89-81d7-403c66ee6f0a,461a9e82-2623-45af-8f7f-a6d76e77acce,5,Machine was in top condition.,0.643,"[""equipment_quality"", ""communication""]",2024-11-24
217eebfd-7914-4df6-b655-63494998df62,d0921577-6c43-4887-bb94-765c4c839e80,d92a0cfc-274b-43c4-bc5a-576f5690c482,4,Machine was in top condition.,0.907,"[""delivery""]",2026-07-19
6af9c2d0-e69c-431a-9005-44f20396ae91,694fca20-72e6-47d5-b246-acc57eb09b95,77701a14-bd6f-4876-a2ee-6dc811a41178,5,"Excellent equipment, worked perfectly on site.",0.663,"[""service"", ""communication"", ""equipment_quality""]",2026-05-17
146376e8-c339-4951-b6c0-7f4e119dfbaa,0a80258f-0814-4d45-819c-9430ed7647a6,9a325625-9018-4b23-ab36-ba86fcbc0188,5,"Professional team, will rent again.",0.749,"[""equipment_quality""]",2025-03-16
f5f11412-b96f-4aee-ab39-8a2a6e7c5cbe,95597854-a085-466e-a612-48423db319be,490ea1d8-552d-4e4b-bf98-e1f90d8501bd,2,Machine needed maintenance during rental.,-0.186,"[""equipment_quality""]",2026-04-28
49a032cc-1d19-4a85-986b-8c360a8fc46d,c0c51c25-3f97-4979-880b-2c73da0069c5,646319e2-82c7-428b-9b27-32d05d307f67,5,"Excellent equipment, worked perfectly on site.",0.621,"[""service"", ""equipment_quality"", ""communication""]",2026-02-24
8c47e6d8-bc2d-414d-a7c8-d703a4107bc2,3025331f-701b-4c35-8cf9-a3f2e3f9a422,49eee225-32f1-4fa7-85bd-22fa6c085c33,3,"Decent experience, room for improvement.",0.493,"[""equipment_quality""]",2026-05-28
2753fb1b-12d9-4191-a03e-9bfc96f63a09,2138c6c8-dd06-4493-96dd-1325c5d121f7,3f78d7b3-babe-44e9-bd4d-baefcdd699c8,4,Very satisfied with the rental experience.,0.956,"[""service""]",2024-12-10
7d05b1cc-eddc-483f-b84a-4ac6800637ec,7be78260-7d5a-4304-b7fa-6d79f4325c18,289a0b24-7813-48c3-a9c7-3981d8e51fd5,4,Very satisfied with the rental experience.,0.959,"[""communication"", ""service""]",2025-03-07
7a99c32d-77e7-4b0e-8462-5b2dca5fa6dd,6a9e9061-7336-48ff-bc33-3537b6f922a6,d7027265-52ad-410f-8d1a-fc53956b73d1,3,"Decent experience, room for improvement.",0.3,"[""communication""]",2026-05-19
2b99d36b-f9c1-4c4d-939a-40f3ed2b5610,707938a2-022a-47a4-8b9d-b4d50b26a0cc,d53f432b-7258-4861-87e5-9381daceb8ed,4,"Professional team, will rent again.",0.971,"[""service"", ""equipment_quality""]",2024-12-19
9f3aecf5-6ef2-4499-b48b-d506d6495488,08463e2c-bb4c-4072-9776-41809b410c82,23bc6c9f-5ee0-42d5-b26f-584ea185f49c,3,"Decent experience, room for improvement.",0.38,"[""delivery"", ""pricing""]",2025-09-02
18d56951-20df-4ce7-ab7a-0feb43898c55,8afccdd5-a2a5-4249-b270-330d173f26df,c266a3f7-225d-44e6-b0d5-8b34d34c0340,3,"Decent experience, room for improvement.",0.418,"[""communication"", ""delivery""]",2024-09-26
31dd77ae-8111-4f29-a884-e388d805c591,08463e2c-bb4c-4072-9776-41809b410c82,ecd1039c-bcdd-4450-8d11-17c3f4510ea2,3,"Decent experience, room for improvement.",0.535,"[""equipment_quality"", ""pricing"", ""service""]",2024-09-07
f8ebb4b9-a5b3-4191-b468-45b2b339af94,3de1dd21-eedf-4ff3-95ef-50dd9fc1147d,d8b3b23c-389e-4aba-9bed-f97dad495bac,5,Very satisfied with the rental experience.,0.76,"[""equipment_quality""]",2026-03-31
84fec776-e7aa-4bdc-a516-39888ec2e172,3af4598c-f599-45e0-b27b-8e366d645c50,fff5bd8d-4d99-408c-9507-d92e19e7126c,5,Machine was in top condition.,0.701,"[""service"", ""pricing""]",2025-01-12
c4b8a17d-31c0-4410-873e-d7db7a3ba701,08463e2c-bb4c-4072-9776-41809b410c82,ac477c20-9998-4581-997b-eea06651648d,5,Machine was in top condition.,0.863,"[""pricing""]",2025-09-13
62104a88-c00f-4c5f-9af2-278c0675b3c9,5bbb14cf-9dad-4bbf-8aed-4e2e30dfeb16,847353bd-004d-47b9-88de-f1ddabdb02fd,4,Machine was in top condition.,0.922,"[""communication""]",2024-12-12
7c36ad59-f4e2-4cd9-89cb-92b138ace5d4,7be78260-7d5a-4304-b7fa-6d79f4325c18,619e6e63-382a-40fe-8b96-69e3a30206a1,2,Machine needed maintenance during rental.,-0.188,"[""equipment_quality"", ""service""]",2025-11-13
99070f2d-ff4e-42e5-9c01-e7324a850af9,6a9e9061-7336-48ff-bc33-3537b6f922a6,e742dafa-ec40-4f22-82fb-4cc3886f3122,5,"Great service, delivery was on time.",0.972,"[""delivery"", ""service"", ""communication""]",2025-02-07
c570536e-eb0f-45ea-8e32-3dbfb4930952,813bfadf-77e8-4be9-b0c6-16fae77e358c,d5f8b9c3-ae75-4fd5-8d8f-af7bac83e70d,5,"Professional team, will rent again.",0.932,"[""pricing"", ""service""]",2025-07-24
2ebbf960-3d83-40c5-bab2-9bc830197c01,6977c136-837c-44cb-9bf0-0a3ee8532eb4,16d378d5-368f-43d0-8663-f8297d209509,3,"Decent experience, room for improvement.",0.455,"[""pricing"", ""equipment_quality"", ""communication""]",2024-09-30
cb7febd0-f631-4359-af3d-74ce22d8c73c,503ca1d3-a10d-40ee-a3fa-d96d29036cef,5be089a0-2d33-43ed-abf5-d51973d913b1,4,Machine was in top condition.,0.734,"[""delivery""]",2024-09-27
726cbf6f-4bae-4ad9-bdf4-5440d215b3d1,d4f0e86e-a355-434d-961a-b9597212aea3,be7f60f0-6888-41ae-8efb-b07e8ad4773e,2,Machine needed maintenance during rental.,-0.659,"[""communication""]",2026-05-30
eb5b9f59-c851-4745-a47c-54679706bdf2,a25f72b5-1730-44fd-b6c7-c769a3920171,65a9dc41-b86a-46d8-abd2-6af6d6e4a977,4,Very satisfied with the rental experience.,0.659,"[""equipment_quality""]",2025-02-14
94bd2710-1586-4d45-94c2-8a542e7388a5,b2c31650-b23a-4c34-898a-70205c337192,d4bb6ffb-75a3-46ed-8190-a3b0768c4600,5,Machine was in top condition.,0.676,"[""service""]",2026-05-17
92d8ab84-1b82-4804-a0ec-a0ddb4012078,4aafaf10-24f7-4d03-90f9-189f498d73df,d760903e-9b3b-409b-a28e-dd5d291531f3,5,Machine was in top condition.,0.709,"[""pricing"", ""communication""]",2025-12-18
ad68d011-67a5-4912-937d-3d81655ea6b1,7225b43f-3e06-47ce-8a9a-fafcacf310b6,d8b8f1c6-c865-4d28-9e2c-817010373053,4,Machine was in top condition.,0.681,"[""pricing"", ""equipment_quality""]",2025-06-16
333fffbf-c416-41b6-ab2d-3699e2d7ed45,edcd7270-7c38-4e2b-a544-37d79eae44b4,7e60622c-3aef-42e3-9aec-9ef02a24f930,5,Very satisfied with the rental experience.,0.924,"[""service"", ""communication""]",2026-06-13
a5ab7543-2d31-474a-b16f-d97cb4455468,491f1311-7d04-417e-bd66-349490c29ded,8de073f3-5b3f-4852-b7ad-e2f77fc75ab6,4,"Professional team, will rent again.",0.88,"[""communication""]",2025-03-16
9887a0f3-ce15-4f31-a194-008a5cd6f38b,c0db902a-4c4a-460d-81d9-b5e8b3c907e5,a5bf8cf7-5a73-4171-9c1c-8fff7ab2965b,4,"Professional team, will rent again.",0.892,"[""equipment_quality"", ""service""]",2026-05-15
9706385f-7da4-4125-8f03-6292188c5b70,b3dd61ee-5291-46c4-84e8-acaebddc7ed1,47201d77-0306-49e0-b730-15be8cdec8a8,5,"Great service, delivery was on time.",0.915,"[""communication"", ""delivery"", ""equipment_quality""]",2025-01-20
2239c586-10a6-4f32-a801-c5e16b033ec3,30012bd6-63e1-4c37-9f7c-71cb2aede345,fbaa56b5-53b5-446c-a5c3-be30519bf75e,5,"Excellent equipment, worked perfectly on site.",0.904,"[""pricing"", ""equipment_quality"", ""delivery""]",2025-02-19
5e39e0af-d7f6-40c8-bf43-c12cb2b6d125,17a3dd98-8ad3-4bb9-8be0-49f3d54b5163,a3f9a027-daa7-435e-a8b5-32f8b68653eb,2,Pricing was higher than expected.,-0.401,"[""delivery""]",2024-10-13
0b4a6b3c-2f1a-4c08-8955-0151bfcbf326,fa1aba87-5e36-4b91-8fe6-51843a62ecd6,b6d4c88b-44ee-4060-bd53-7801db6331ef,5,"Professional team, will rent again.",0.933,"[""pricing"", ""delivery"", ""communication""]",2025-12-05
d4c3b857-a34c-46f3-abfe-274bec71159b,8e18bd5f-b41a-4396-b73a-ea2c053d6a63,2e5cf44b-b8c6-421c-8152-f822be78f29b,3,"Decent experience, room for improvement.",0.588,"[""pricing""]",2025-02-15
f64215b0-6846-4d57-8124-9ee602db70ea,d5b53c1f-34b8-4676-b971-7229d4d85131,f86c6922-e1dc-4b85-b14e-432bc4033b5b,4,Very satisfied with the rental experience.,0.927,"[""equipment_quality"", ""pricing""]",2025-01-08
e6c6f5b3-3ef6-4991-938e-6374ae81d21f,0f13ce4b-33a8-4e88-aa71-9d5000ba5158,d8d9a805-25a3-47c2-898a-cd8a9d694acc,4,"Great service, delivery was on time.",0.713,"[""service""]",2025-01-19
cb62878d-3ae9-42cb-b321-7a02e7e1b122,a1601b20-3206-4485-8d36-acd9f25d2813,d450ad52-4c14-45d3-ae62-51c6ce581c0c,5,"Excellent equipment, worked perfectly on site.",0.692,"[""communication"", ""pricing"", ""equipment_quality""]",2025-12-08
7cfe8d0f-29a6-4527-8d82-7c5fe32d7226,b9c115e9-ca7b-47d9-8da3-3bcc260b618a,856572aa-53c0-45f1-b851-ae38716022b6,4,Machine was in top condition.,0.726,"[""communication"", ""service"", ""equipment_quality""]",2024-09-30
a87acadb-5b24-4cb3-bcda-dba9f4dd9815,4236e673-ef5d-4ba1-94df-857605a8084d,13084e90-5b15-4542-9ace-6dd8ee20ae68,4,"Excellent equipment, worked perfectly on site.",0.802,"[""communication"", ""pricing""]",2026-02-18
7374f2c4-393a-47b9-9f7e-bb3bbd997cc7,b66af76f-48bd-4406-837c-25c442ae34ae,764e0866-7e08-4015-ad6b-123e082b993a,3,"Decent experience, room for improvement.",0.345,"[""pricing""]",2025-11-08
f28c314b-5a40-4135-9cbe-19ef52318104,f29c5b00-a6fe-4b3e-aa63-d9cf9fd74d48,da25a521-2e6f-489f-b18a-bcbc6320c04e,3,"Decent experience, room for improvement.",0.547,"[""pricing""]",2024-10-11
31d16748-7793-4f33-ace4-be85212c5fd3,9ad4451e-ad14-4dad-a808-cd0a259d20eb,871e0754-8420-4d8c-acbd-dc4777993ca8,3,"Decent experience, room for improvement.",0.397,"[""delivery"", ""pricing""]",2025-01-29
906e9343-3f59-4482-ac8f-17cee21a0d73,3af4598c-f599-45e0-b27b-8e366d645c50,054f2d2e-51e1-46f4-af6e-de03129dbfe0,3,"Decent experience, room for improvement.",0.472,"[""equipment_quality"", ""pricing""]",2025-11-23
c7de0253-8746-4baa-afd3-52c917a5d6c3,dadc1591-c166-4ef7-a23b-43a8cb2c1dba,08ba5b62-f922-4914-96b1-6743ae69a016,2,Pricing was higher than expected.,-0.788,"[""service"", ""communication"", ""delivery""]",2025-07-05
137e92f8-1d2f-4539-afd5-b3f58fb53560,fb0c3e25-1d16-4efd-8056-2fdcdd4dd869,894cb4d7-2f77-4d2c-bcdf-b5c2397ecc12,5,"Professional team, will rent again.",0.736,"[""service"", ""delivery""]",2026-01-02
da93e57a-9dfc-49e4-9576-755ba15d6a39,5a50c836-ec68-4aeb-9182-abd10c298a3c,05718bf7-1295-4f5c-ab5b-daacacdedd71,4,Very satisfied with the rental experience.,0.918,"[""delivery"", ""pricing""]",2024-12-18
bef324e3-25f8-49d5-9550-985b214566f7,04b23723-2b58-4f4d-adc4-05e0ea43c46c,019d0979-2f8c-499b-b8a9-3c90b03a4904,4,Very satisfied with the rental experience.,0.719,"[""pricing""]",2025-07-12
c5469933-1ef1-41d8-92fb-313631d2a7ed,84428284-9b3a-43cd-a5fd-befb2cf188b7,ffd51e96-3dc7-427f-ad3d-54574dcade53,4,"Professional team, will rent again.",0.632,"[""pricing"", ""service"", ""equipment_quality""]",2025-10-10
f5d7e279-6284-4f18-90df-c84718822050,62ff3973-e6e5-498c-96e4-248eb59183e3,49f1c152-f3e7-47b1-9610-6bdd606b1e4d,1,Delivery was delayed by 2 days.,-0.809,"[""equipment_quality"", ""delivery"", ""pricing""]",2024-12-07
591dd7df-73d1-4f20-adee-c5439d4e10fb,33411ea5-6f70-4054-81aa-fb7279cc456e,885bcd6b-2f16-454c-b369-0e0d3cba4f4c,5,"Excellent equipment, worked perfectly on site.",0.77,"[""pricing"", ""equipment_quality"", ""delivery""]",2025-09-27
975f92f0-c12a-4a99-8ffa-1986da3c8d63,b00e9788-a39e-4b89-81d7-403c66ee6f0a,79d4e9b9-d1ec-4596-a3f9-7a0eaf19d00e,3,"Decent experience, room for improvement.",0.583,"[""delivery""]",2026-01-25
ef891ad1-4738-4ba0-a168-0178eba4f179,6beaae34-f8b5-48c9-8cf2-f3ccbacd1bbe,7cb46ad9-6022-43d7-8ea4-f06e8f3a77ec,4,Very satisfied with the rental experience.,0.837,"[""communication"", ""service""]",2025-03-09
f0812d7e-4060-48bf-af7a-25f2bae66ef5,b9c115e9-ca7b-47d9-8da3-3bcc260b618a,84c58b17-2b8e-41fc-853e-e764d23213aa,4,Very satisfied with the rental experience.,0.779,"[""pricing"", ""service"", ""communication""]",2026-05-07
177f7ffe-1a45-4c75-a1f2-6896b5793e11,04b23723-2b58-4f4d-adc4-05e0ea43c46c,12edcb4a-a53d-4a45-87c9-52dc9fa73892,5,Very satisfied with the rental experience.,0.953,"[""delivery"", ""equipment_quality"", ""service""]",2026-02-06
29bf80a7-d6b2-4b10-838f-3f1dcb087420,84644143-a02b-4e48-a68d-4989cf2f8d7d,f4f8a703-47a8-4ed7-ae3d-e6dae3d6053a,2,Equipment had some issues during operation.,-0.73,"[""delivery""]",2025-10-26
69a39b7a-b173-4593-9ba9-55ef497b121f,528d5dc5-fa22-4054-9dfb-5f7a8114c6cd,dffac4f7-7a5b-4223-9c62-bbfdd48a2260,2,Pricing was higher than expected.,-0.884,"[""service""]",2024-08-28
302dfe76-aa0b-49ce-9a0c-512dc6f0b347,ab04e845-df18-47cc-a8ce-c436e66303d8,6a40089d-9f11-4676-a1c1-c02d0fe3c857,4,"Excellent equipment, worked perfectly on site.",0.827,"[""pricing"", ""delivery"", ""equipment_quality""]",2025-05-16
00fec9ac-f4f8-449b-945c-bc8bfc2b8b57,abdec9da-09ae-4e7c-9e1a-2021fa40b6fb,375fec12-1b27-46a9-848e-7dcccf668461,3,"Decent experience, room for improvement.",0.507,"[""service"", ""pricing"", ""communication""]",2025-07-04
a93b95d0-7adc-41fb-9ef2-0c03d1774fae,f29c5b00-a6fe-4b3e-aa63-d9cf9fd74d48,b9833401-ae61-4b67-99dc-84ce2d72412d,3,"Decent experience, room for improvement.",0.202,"[""service"", ""equipment_quality""]",2025-12-21
19f9f7ca-f961-4ffb-af8b-9b707bb06a40,56293ff7-3050-4f6b-8df0-cef39f0c8800,6fc050cb-2349-480c-a7e4-a1af368f2b7f,1,Equipment had some issues during operation.,-0.074,"[""equipment_quality""]",2025-12-20
3c96da55-01cc-49ed-86f8-39b9c4090d74,1df6ab26-14c3-4d07-9930-529a540e9ff9,f0676f24-ef7a-4242-a53b-eee3f2e24137,3,"Decent experience, room for improvement.",0.401,"[""pricing"", ""equipment_quality""]",2025-07-16
25509466-f5cf-4e2a-9afb-198c0255a5c7,76a223e8-47e7-451d-aa7e-11ea4bd8b7fc,081977c0-0bd8-49d9-87fb-cbe0251a14c7,2,Delivery was delayed by 2 days.,-0.437,"[""delivery"", ""pricing"", ""communication""]",2025-04-03
302b2f9a-d82e-424d-be22-37e7eeb8a750,d6aa75f7-44c7-4fd7-9ef1-afc61e81fed5,f5699870-f042-45c5-8448-91a543f32875,3,"Decent experience, room for improvement.",0.259,"[""pricing""]",2026-05-13
085a34d2-148d-496e-b37b-d23dea8df03c,84428284-9b3a-43cd-a5fd-befb2cf188b7,20051ac9-04f6-4c1f-a53e-6af71d83b4b0,4,"Great service, delivery was on time.",0.854,"[""pricing"", ""delivery"", ""equipment_quality""]",2025-08-27
04534e56-9405-4e8d-ad68-c16423f20743,6eff4e51-9b25-4fc1-896e-b88762a13160,c631eaaf-78bd-42ad-bfdb-941de011bdde,5,"Great service, delivery was on time.",0.651,"[""equipment_quality"", ""communication"", ""pricing""]",2026-02-10
d22d29c3-ff18-41e3-ae65-2f2ac42da2d2,9ad4451e-ad14-4dad-a808-cd0a259d20eb,48b07ed2-0f41-4a94-bf14-db56434d3a1c,4,"Professional team, will rent again.",0.989,"[""pricing"", ""service"", ""delivery""]",2025-08-09
3411357c-3e6b-4b23-a73d-ae62de1e83bb,04b23723-2b58-4f4d-adc4-05e0ea43c46c,80a62b2a-92b5-4276-a2e8-9740f2708882,1,Pricing was higher than expected.,-0.629,"[""communication""]",2026-05-31
987494a8-c73f-472e-b99e-c07330f33e57,1df6ab26-14c3-4d07-9930-529a540e9ff9,83130e80-59cb-461e-9dd9-27c43fe3c4f0,2,Equipment had some issues during operation.,-0.638,"[""communication"", ""pricing""]",2026-01-14
bf1e0760-0942-46cd-9339-2b2b99354ecf,503ca1d3-a10d-40ee-a3fa-d96d29036cef,8c52dbd2-eda6-49ce-a735-8aba661dfd9a,4,"Great service, delivery was on time.",0.882,"[""communication""]",2025-08-18
2a99ac7b-642d-44c9-9598-47bd10c9731c,41143a63-c315-4909-8012-ac3adcf17520,52b81355-ae2c-4d7c-a0d4-df5f71dbdb00,4,"Great service, delivery was on time.",0.79,"[""communication"", ""service"", ""equipment_quality""]",2024-11-21
8a24db59-7089-4ac2-b9d1-87aee90a369a,cb30a089-6b70-4abd-b732-eb89a8b5902d,139599b2-f5f7-4cd4-b264-d027ea0591b4,3,"Decent experience, room for improvement.",0.533,"[""delivery"", ""pricing"", ""communication""]",2026-03-31
32c5e1a4-640e-44ec-ae39-726eca7b4397,528d5dc5-fa22-4054-9dfb-5f7a8114c6cd,f69d9241-a015-4853-bd4a-6d421279239d,2,Pricing was higher than expected.,-0.455,"[""service"", ""pricing""]",2025-10-15
a4c606de-0d32-43d9-ad8f-74a81210a02e,3d8caf5e-9d53-4f05-b29e-946dfba7efc1,d2888e36-16c0-45db-b2bf-4e7042dcd2bb,4,"Great service, delivery was on time.",0.625,"[""delivery"", ""equipment_quality"", ""pricing""]",2024-10-16
7aceb124-53d2-4ded-9542-31101a5732b7,41143a63-c315-4909-8012-ac3adcf17520,a011bb52-cbb5-450c-83ec-a48c7d4bcb54,5,"Excellent equipment, worked perfectly on site.",0.723,"[""equipment_quality""]",2026-05-21
2a17e65d-d5a5-4c68-89fa-420f96db30b1,a25f72b5-1730-44fd-b6c7-c769a3920171,7afb4800-d92e-4370-ad3a-b9254f8d42cf,5,Machine was in top condition.,0.946,"[""service"", ""communication""]",2025-10-11
330bc48f-5553-4df2-9f9c-0eb2a09c510f,80dd0ed4-9c7d-48c0-8339-6e503fe87e92,8eb1a2a0-f0df-4301-836f-2f86b2cbb691,4,Machine was in top condition.,0.829,"[""service"", ""pricing""]",2025-11-15
31565b8e-a487-4484-b99c-50fe3a4c8917,76647c96-3126-4cc2-b315-7941cdbca7f7,98122885-42d1-40b0-acde-321a0a59db97,4,Machine was in top condition.,0.608,"[""pricing""]",2025-12-21
d90b8dbd-975d-4198-b03a-acf10846b4e2,5a50c836-ec68-4aeb-9182-abd10c298a3c,a2eb7db0-8d16-4df3-8303-a8e8b9854573,5,"Great service, delivery was on time.",0.646,"[""delivery""]",2025-07-08
b2e8ee43-71e8-47d5-9ed2-43dc901ec5d2,6a9e9061-7336-48ff-bc33-3537b6f922a6,cfe9cff2-c377-4709-b344-e8b2072f1f75,3,"Decent experience, room for improvement.",0.251,"[""communication""]",2024-11-18
f1818ec2-27ed-4320-b2ae-e45aa495ad28,c0c51c25-3f97-4979-880b-2c73da0069c5,01681f1b-5b81-4c1a-a07f-32faab78cd1c,5,"Excellent equipment, worked perfectly on site.",0.758,"[""delivery"", ""communication"", ""pricing""]",2026-06-20
8baa7c58-53ec-4329-b0fe-37b75786d1a8,cb30a089-6b70-4abd-b732-eb89a8b5902d,737005b7-2e9e-463b-96c6-6bca033e6eee,5,Machine was in top condition.,0.663,"[""communication""]",2025-09-27
e1458912-28cd-49d9-b22b-42f8032b63df,658a2bd5-925b-42d9-823c-60e9272f02b9,01ebe65d-1e94-45b4-af00-f7aa90b4ff45,2,Pricing was higher than expected.,-0.336,"[""communication"", ""delivery"", ""equipment_quality""]",2025-08-07
4d7f9f97-2aa1-416d-a31b-6fb68b4096f7,4cd3d45f-6184-4db5-b59f-ba7054a54284,8f0b9a0a-9e74-442e-8b53-89f45ce5aa7c,5,Very satisfied with the rental experience.,0.7,"[""service""]",2024-12-26
bd879207-2a4d-41ca-b063-91c043adbbdd,6a9e9061-7336-48ff-bc33-3537b6f922a6,98e8cccd-d387-4b6d-8d83-1f8b8ba8670a,3,"Decent experience, room for improvement.",0.202,"[""pricing"", ""communication""]",2026-06-25
761699ae-fcf2-4577-ac5d-03554ea1bef8,813bfadf-77e8-4be9-b0c6-16fae77e358c,ee69e441-0b13-418e-87e2-a10e059c3ca1,5,"Professional team, will rent again.",0.943,"[""communication"", ""pricing"", ""equipment_quality""]",2025-01-25
b3b6cef8-4abb-4977-9644-367586916b2d,bba0a92a-9bde-4c8f-869f-eca467215e00,ae6fb8de-71f4-4128-bc1e-cdc83df660d8,1,Equipment had some issues during operation.,-0.45,"[""pricing"", ""equipment_quality"", ""delivery""]",2025-03-12
4dc75219-e4b1-4578-86f0-d12f16db79c4,69a242bb-b019-4dae-9df7-31f6202caabe,da8a6ed5-4cbf-4c06-9182-9b0205488967,5,"Excellent equipment, worked perfectly on site.",0.933,"[""service"", ""pricing"", ""equipment_quality""]",2024-12-25
6b139b8f-65b5-4eb2-b3b8-fbb6e717a2e8,5d9f6cae-2fb3-41ea-9f08-fbc1573ee862,662a8540-5037-4224-b643-a3aaebd9d007,3,"Decent experience, room for improvement.",0.248,"[""service"", ""delivery"", ""pricing""]",2026-06-21
bda09875-041c-4ed8-bb09-e8c03c15123c,6571075a-673b-49e1-ae95-2c30b0df2081,b85e4004-55de-4146-8c3b-42617fa3e6b2,4,Very satisfied with the rental experience.,0.994,"[""equipment_quality"", ""pricing""]",2025-11-16
ba3df686-7012-4df8-8f39-bf6d0911f3aa,abb0a010-dc9d-46bf-ada3-b3cd0a1a2f0e,7f5a69db-5241-4fd1-a0e6-fef1e7310ddf,2,Machine needed maintenance during rental.,-0.475,"[""equipment_quality""]",2025-11-08
b1a55cc2-ba6c-4c07-98a4-f090f5de17d2,cd65fec9-7248-44f5-bcb2-10f5841b02bc,18f49dc5-258b-4fc8-85e4-f796339e8386,3,"Decent experience, room for improvement.",0.323,"[""equipment_quality"", ""communication"", ""delivery""]",2025-01-29
d1b3e351-e439-45cd-aadf-7237229723ff,2138c6c8-dd06-4493-96dd-1325c5d121f7,06da8e13-60ed-48e6-abef-7684633c7aa7,5,Very satisfied with the rental experience.,0.982,"[""equipment_quality"", ""delivery"", ""pricing""]",2024-08-19
9d6325ba-dd99-47f7-b15d-9636f2685f21,23edac92-2354-4178-a4a0-5d165c377eb8,c904722b-7472-40d1-818a-b7763882d785,5,"Excellent equipment, worked perfectly on site.",0.821,"[""delivery"", ""equipment_quality"", ""pricing""]",2024-12-23
6da01d0a-f6b4-462a-94bd-87fa712e9528,f6e95077-b010-4354-9b49-bc9b6f6deb5d,5ebaf82d-bcd0-4721-b527-61e868309ebd,5,"Excellent equipment, worked perfectly on site.",0.957,"[""service"", ""delivery"", ""pricing""]",2026-07-04
d479b4a5-46dd-4cef-a2bc-6d43d901ace8,1e991cc8-c30a-4746-820d-c630e21ff5be,24d6c554-83f7-4699-b142-7f28de54a991,5,"Great service, delivery was on time.",0.842,"[""communication"", ""service""]",2024-10-17
ae1d7724-bb73-4c41-8933-fa1358242e93,662051b8-fb78-407a-b951-c5ff0ea3c966,59f34050-917b-45ad-b79f-f0009a322dde,5,"Great service, delivery was on time.",0.638,"[""service"", ""communication""]",2024-11-16
72f5979e-8680-4ee9-ae8b-8ff0d4f9e2f7,cfda6bfa-1868-40a5-b8ca-6081459e10d8,44e208a0-c62e-4281-842f-02c0b1944a8d,5,"Great service, delivery was on time.",0.759,"[""communication"", ""equipment_quality""]",2026-07-25
1f211647-c7bd-4fc6-aae9-46973149938e,3de1dd21-eedf-4ff3-95ef-50dd9fc1147d,483adfd1-e3ea-4381-b84a-2489c995419d,4,"Professional team, will rent again.",0.816,"[""pricing"", ""delivery"", ""service""]",2025-06-27
518ecae4-971a-4fd0-a240-927c4a7e78da,7b3f1125-9009-477e-a350-b52a7884ddc7,7f1b88f9-adda-458f-bb74-10d60aab43bd,1,Pricing was higher than expected.,-0.572,"[""service"", ""communication"", ""delivery""]",2026-05-07
f90c8dcb-784a-4328-8c44-e65f6e3ec059,cfda6bfa-1868-40a5-b8ca-6081459e10d8,80e4edd5-4c7d-482a-98f6-446e9fad2298,4,"Professional team, will rent again.",0.897,"[""equipment_quality"", ""communication""]",2025-03-02
0b56712d-d6b0-4998-9524-2c338031b26c,6a811073-bf7a-4c4e-98fb-ab063f5c9805,921ac46b-9c5d-4233-8021-de7c3c3700c4,4,"Professional team, will rent again.",0.819,"[""service"", ""equipment_quality""]",2025-03-15
6a26d01f-d8a2-4072-8b9c-a9cbda8d9753,5229355e-2f81-4893-82cc-1a15fb16b26d,ab649358-7a4c-40d3-b0b2-119007aa18b4,5,"Great service, delivery was on time.",0.901,"[""communication"", ""equipment_quality"", ""service""]",2025-04-05
3b47f5c2-003d-4f35-aff9-a19fdcdf66ac,4cf6ec55-a7f7-463a-b26c-5fa9ecff193c,399ff304-eb2f-4fd0-a6ed-0f21da0cc050,4,"Great service, delivery was on time.",0.939,"[""delivery"", ""pricing""]",2024-11-30
4730caaf-d870-4f42-876b-b112f7bba662,1df6ab26-14c3-4d07-9930-529a540e9ff9,7a8016e5-5d75-4607-ab1d-51e67b9f61e2,5,Machine was in top condition.,0.956,"[""service"", ""equipment_quality"", ""pricing""]",2025-09-10
1c3fa262-b8bc-4b23-b967-a56763830c2b,7be78260-7d5a-4304-b7fa-6d79f4325c18,bffd1381-ec12-464b-9118-3453dca441f3,3,"Decent experience, room for improvement.",0.559,"[""delivery"", ""communication"", ""service""]",2025-08-22
989712d5-db8f-4caf-ad11-708ab49c177c,fb0c3e25-1d16-4efd-8056-2fdcdd4dd869,a768f127-422a-42cc-b98b-ba9c7ca91b8c,3,"Decent experience, room for improvement.",0.571,"[""equipment_quality"", ""pricing""]",2024-12-07
9a57069d-dac1-4523-90d4-6fd09f8c8fce,903f381d-cf42-442d-b02b-9a4b7e7495cd,92e36c56-be4c-4943-8dfe-16e7d19875d0,5,Very satisfied with the rental experience.,0.748,"[""service"", ""communication""]",2026-06-08
942017cf-aca4-42a4-b952-e165d9603eff,4212e07a-0023-405f-9bf2-105bc07b5250,1de6b64d-44c8-47c1-a490-ab90ed57aaf7,4,Machine was in top condition.,0.669,"[""pricing""]",2025-01-15
27f9309a-dae0-442f-b762-d79440a1cf44,ce90fa9e-b930-467c-afb9-2c0c3f5a31a8,34c0a209-8e9f-47f8-ae6c-d2daf5e0cd57,2,Pricing was higher than expected.,-0.518,"[""communication""]",2025-11-02
3d551dc1-ed70-485f-a543-04823456c63f,6ff51d1a-5577-4866-93bf-ecc7450b9784,1af6fc2a-b37e-466a-a506-c11f9b4a053c,4,"Great service, delivery was on time.",0.814,"[""service"", ""communication"", ""pricing""]",2025-11-27
efbed02f-7977-4a18-9e2d-e1a3f57aed95,0a80258f-0814-4d45-819c-9430ed7647a6,ebfd8cbd-d260-4679-9e60-d4c88ef72376,5,"Great service, delivery was on time.",0.982,"[""pricing""]",2025-06-04
4d06d0d1-568b-49e7-beb7-4ae4303e535d,7225b43f-3e06-47ce-8a9a-fafcacf310b6,f5264fd3-1a8e-4320-a17b-4104ca6dd5b4,5,"Professional team, will rent again.",0.653,"[""delivery"", ""communication""]",2025-09-07
0f8646ea-2bfc-488c-a4f2-5ec76e7261e4,1e991cc8-c30a-4746-820d-c630e21ff5be,fde69814-d7a8-4e5d-a29f-74c4119bcfa9,5,"Great service, delivery was on time.",0.709,"[""pricing"", ""service"", ""equipment_quality""]",2024-08-02
e50b0135-b2be-4ecf-844c-44c1ce6b868f,713a8773-913e-4531-a453-18bf5e372f56,971547f0-092b-44db-a478-bcd232d7562b,3,"Decent experience, room for improvement.",0.365,"[""delivery"", ""equipment_quality""]",2026-06-10
4f1a6e5b-77e1-4dad-9de3-8e73a8b7dc4e,6977c136-837c-44cb-9bf0-0a3ee8532eb4,61f607e4-cb1d-4c84-9c6f-6a7b64e7d04f,5,"Excellent equipment, worked perfectly on site.",0.902,"[""service"", ""delivery""]",2025-02-19
7ca364ff-8ae0-42b3-be69-021a53878640,d0bda241-2bb1-4a4d-9ebb-a56c96f85c7b,979cf8b5-7db4-4f1a-ae96-5a00c9367aee,4,Very satisfied with the rental experience.,0.818,"[""equipment_quality"", ""delivery"", ""service""]",2026-02-24
3f1d195e-27e3-4d7f-ad1b-b4aa4c7919f8,e189db02-47bd-4155-9ff0-f1b42d8b0d45,3900e53b-481c-4cbb-ae1b-78b1c29ba7a6,5,"Great service, delivery was on time.",0.8,"[""delivery""]",2024-10-26
56c946f5-be14-42d4-8b07-fe592bbbac46,6e2e99a4-a052-4bbe-b097-030dc3c65633,0429743d-d58e-47c5-a0b3-25c7fc0d32e9,4,"Professional team, will rent again.",0.628,"[""communication""]",2024-09-21
2740502d-0998-486f-a85e-f0e4d4814628,5a50c836-ec68-4aeb-9182-abd10c298a3c,ea31b98a-6073-476d-8588-8cd693b59510,5,Machine was in top condition.,0.786,"[""pricing"", ""delivery""]",2025-12-14
e556c6dc-9050-4bf7-9a8f-6011c037d6ee,d6167d47-7515-46db-9313-a2084b507ebc,68938e4c-044e-4138-ad92-74602dc066e7,5,"Professional team, will rent again.",0.8,"[""service"", ""pricing""]",2024-12-19
d5045f85-b929-4762-ae95-b73b4f801523,ab04e845-df18-47cc-a8ce-c436e66303d8,023a2b08-ad17-4a32-b4df-f262927d81f0,5,"Excellent equipment, worked perfectly on site.",0.728,"[""pricing"", ""communication"", ""equipment_quality""]",2026-02-27
61a96032-4c14-4e42-a698-744c84b0f87b,199ab532-fb75-4ff6-bfbc-e060064f2799,dfa6d851-fa30-435f-840b-4dd3a9235435,4,"Professional team, will rent again.",0.952,"[""communication""]",2024-11-11
2cd37603-bcd2-496e-b451-292a8e356021,6571075a-673b-49e1-ae95-2c30b0df2081,a825b9ea-9b42-4937-8042-4e0c40f44b1b,5,Very satisfied with the rental experience.,0.746,"[""equipment_quality"", ""delivery"", ""pricing""]",2026-06-01
6bfea2d0-f2b5-41b3-9930-b46b46d5c3c0,3af4598c-f599-45e0-b27b-8e366d645c50,a1d5c1d4-cdfb-4ede-acf7-3ec9f8004e79,4,"Professional team, will rent again.",0.648,"[""pricing""]",2024-12-11
be513159-68e3-4fc5-8e2c-fd9e71fae638,08205d3f-5e37-43de-aea8-0aca3ee7469d,9c1c9ab6-4e70-4624-82eb-aa3a08cf305d,5,"Great service, delivery was on time.",0.702,"[""delivery"", ""service""]",2025-08-20
5be8cbe0-b253-41b2-9dac-4cf0ddf77f39,d6aa75f7-44c7-4fd7-9ef1-afc61e81fed5,79c9af39-c497-413e-913b-8dd35e67f9d6,4,"Professional team, will rent again.",0.716,"[""equipment_quality"", ""pricing"", ""communication""]",2025-12-13
466af3f7-173a-4596-b4ff-4fd0a1a46676,713a8773-913e-4531-a453-18bf5e372f56,d281e73e-bd68-4291-99cf-73841fb322c6,4,"Excellent equipment, worked perfectly on site.",0.724,"[""pricing"", ""communication""]",2024-08-26
ddcd08c0-df6d-4807-8cfa-0135949b2f74,c952a0f2-7625-4b7e-b1c9-927504aba3d2,5b760381-00b8-4589-b709-3a5a450bbbb8,2,Equipment had some issues during operation.,-0.33,"[""pricing"", ""delivery""]",2025-06-10
6367d1bc-e37e-488c-bcaa-32a8326ec36a,d299015a-a646-4e51-a52e-955471ad806a,a4a0a104-0047-4619-8703-7a3ce4eb59c5,2,Equipment had some issues during operation.,-0.221,"[""pricing""]",2025-10-12
e5211f96-229d-4073-8e4c-a48fb684948d,04b23723-2b58-4f4d-adc4-05e0ea43c46c,166f9723-1b94-4110-95f5-27e96eae87c7,2,Delivery was delayed by 2 days.,-0.918,"[""delivery"", ""equipment_quality"", ""communication""]",2026-01-02
89e3a916-bbcb-483f-a4a1-498586c1b046,486f7b67-46cd-4cde-8fcb-3f41afe4fa22,1082705c-afe7-4442-80dd-bf513ffff0f6,3,"Decent experience, room for improvement.",0.259,"[""delivery"", ""communication""]",2024-10-16
00402d38-fc18-47e5-a044-a156f1ba43b9,76a223e8-47e7-451d-aa7e-11ea4bd8b7fc,fba51b31-51d6-40c9-a257-d420028c6fcf,4,"Excellent equipment, worked perfectly on site.",0.661,"[""communication"", ""service""]",2026-06-10
ddcba32b-833b-4729-9132-a7d482b8fd17,1df6ab26-14c3-4d07-9930-529a540e9ff9,7c48ab6b-f317-4227-9f70-397e3e46c333,3,"Decent experience, room for improvement.",0.584,"[""communication"", ""pricing""]",2024-08-06
36ecb8b7-140c-41c2-a339-dbe864e1c5e2,3b4c197c-5f64-405f-998b-18fed0deefea,2d7f86b8-f8fb-43f9-b0e4-427151d0a584,4,"Excellent equipment, worked perfectly on site.",0.648,"[""pricing"", ""equipment_quality""]",2025-04-03
4dc34fab-5358-4ce4-9ae9-1baf7f522907,6b567828-70f9-42ea-aa79-c824a239f12b,b428ebca-be3d-4f8d-8afc-7a08ab3897bc,3,"Decent experience, room for improvement.",0.367,"[""service""]",2025-08-03
e4f61bb7-375d-435d-b64a-a9864e72b6d6,d0bda241-2bb1-4a4d-9ebb-a56c96f85c7b,92e2a1d8-0b8b-479b-baf3-a91a39fab5b0,4,"Great service, delivery was on time.",0.743,"[""pricing"", ""communication"", ""equipment_quality""]",2025-03-19
cea24e57-2709-4108-b302-af327152209e,0563024d-7b54-43f3-87f4-cbae099dfd04,9154ae96-b753-4687-8bcd-7ec06d25e44a,5,"Excellent equipment, worked perfectly on site.",0.981,"[""delivery"", ""equipment_quality"", ""service""]",2024-09-24
1452eaed-53d5-409d-9707-650b28d8d218,1b90b616-f317-4e8d-80cc-ebc097f2b812,301eb5ef-d6ca-4c61-9b67-13ac370518c9,4,"Professional team, will rent again.",0.888,"[""delivery"", ""communication"", ""equipment_quality""]",2026-01-27
75d3de56-7d2c-4976-b4ba-d072ef5b4477,8d29907d-1109-404c-8316-4e748e853fa9,517a52d1-b432-42a2-b6da-cba3603eed01,2,Customer support could be more responsive.,-0.888,"[""delivery""]",2025-01-02
56993e97-2a01-4da8-9e34-68f6f95042c6,d0921577-6c43-4887-bb94-765c4c839e80,84e058c7-ef26-4ca8-a5a7-928210ff798c,2,Pricing was higher than expected.,-0.158,"[""equipment_quality"", ""communication""]",2026-06-01
ea3422d9-9259-4eba-95af-ce8c2042c888,b2c31650-b23a-4c34-898a-70205c337192,8482a339-7be7-47ca-bca8-230696d0abc9,5,"Professional team, will rent again.",0.876,"[""communication"", ""equipment_quality""]",2026-06-05
3da5ba6c-d7c4-4a15-a09f-cfaa14916f2a,f2097674-89c1-4f81-8ddc-810c9bf9a0e0,e8a30224-4918-48d1-a545-5a3945a51d92,4,"Great service, delivery was on time.",0.642,"[""communication"", ""equipment_quality""]",2025-08-30
95e96e51-8afb-435c-99c1-a99bfd8dc9a7,0cc7ed25-943f-419e-b55d-809703859fb0,6e507535-b664-4c2e-8eb0-ab36702658fc,5,Very satisfied with the rental experience.,0.745,"[""delivery""]",2025-12-20
22d6138f-4b06-414c-843c-d91cd04acebb,d6167d47-7515-46db-9313-a2084b507ebc,46d85d57-8f04-43c2-8b4c-505853a8a229,4,Very satisfied with the rental experience.,0.697,"[""service"", ""communication""]",2025-09-02
b0ec4c21-a26d-47a3-a7bf-2771185ba5a6,abdec9da-09ae-4e7c-9e1a-2021fa40b6fb,3f4415d1-83eb-42d4-8e59-80fa995d49cd,4,Machine was in top condition.,0.747,"[""communication"", ""service"", ""equipment_quality""]",2026-07-24
59ef3643-1c64-4904-9acc-40e67bcb0016,41143a63-c315-4909-8012-ac3adcf17520,c21ef972-9bd5-462c-9f1e-3c6b6f8a962e,4,"Great service, delivery was on time.",0.664,"[""delivery""]",2026-01-09
5453569a-2d81-4ab7-93f8-d50ee17d749b,c3770f50-7096-4ffa-8ec8-3df91ff0f2c8,5cc264b0-e248-4065-8ac4-254908683248,5,"Great service, delivery was on time.",0.876,"[""equipment_quality""]",2025-03-10
7e0acca2-ffb8-4afb-b0cf-4a790d68e0db,ce90fa9e-b930-467c-afb9-2c0c3f5a31a8,031c6423-8dc0-4950-90c9-cac5e94ac533,2,Customer support could be more responsive.,-0.866,"[""service"", ""pricing""]",2025-06-06
8ded3bc0-342b-4299-b21b-5578a1caec53,4236e673-ef5d-4ba1-94df-857605a8084d,3f0924f0-edb0-48e6-bb83-2bfc97031d85,2,Customer support could be more responsive.,-0.906,"[""equipment_quality"", ""delivery""]",2026-03-29
f4718dfa-2f43-4a39-aa55-26325566c876,82ea7a64-63ee-4c10-80a6-fdcc7d322da6,5aca454c-58ef-4154-99e3-ef969ec9c8a9,5,Very satisfied with the rental experience.,0.726,"[""pricing""]",2026-04-15
0c9adfad-3669-421e-9696-3a9f834177ba,828d1746-672a-4755-a85d-fc6f8869d1f2,331e59e7-a7b0-4c5d-81fd-349cf406d900,4,Machine was in top condition.,0.983,"[""delivery""]",2025-02-13
63da390b-323b-45ca-8181-8ff99568f088,82ea7a64-63ee-4c10-80a6-fdcc7d322da6,f5c7a542-5cb2-4586-b213-9966978898b3,4,"Professional team, will rent again.",0.618,"[""service""]",2025-09-04
42c795f8-810c-4254-8c98-b6d6ebcf037c,813bfadf-77e8-4be9-b0c6-16fae77e358c,9ffccb00-74f3-4dce-a485-e94969b531c4,4,Machine was in top condition.,0.701,"[""service"", ""communication""]",2024-09-13
6c4f933e-3e92-4117-9081-c4797f51ea1b,3d8caf5e-9d53-4f05-b29e-946dfba7efc1,34da084d-9185-42d6-be60-fde15cdfd3ab,4,"Excellent equipment, worked perfectly on site.",0.688,"[""equipment_quality"", ""delivery""]",2026-05-10
ad0aa955-d4c5-4f80-8111-195a5fb4ecaf,926a6948-12d2-420d-b960-eaaca6965dbd,33bf2cd6-1b1c-4f5c-966b-da702cf2c91c,5,Machine was in top condition.,0.686,"[""delivery"", ""communication"", ""pricing""]",2025-01-03
a4bbd356-b6c2-4aa1-9da5-4ddeff9f6148,41143a63-c315-4909-8012-ac3adcf17520,d2caa426-bdfa-425e-9671-2b704f0a8247,5,Machine was in top condition.,0.768,"[""service""]",2026-06-20
6b4dfa66-f42e-4800-b397-f4e49afb7c66,66ac95a5-e673-4803-b91d-4c51a3e177ec,dd859b8c-7a96-48f0-87dc-574f5925090d,4,"Professional team, will rent again.",0.98,"[""pricing""]",2025-11-22
dae309fb-bccc-422d-a9c3-e3d201fcf490,62ff3973-e6e5-498c-96e4-248eb59183e3,b7a5fbae-37ae-4e6d-b1cd-95db11293f03,3,"Decent experience, room for improvement.",0.343,"[""pricing""]",2025-09-21
b76dfbd7-1961-454d-b048-9d763bd3c3f1,4dc709ad-2e2f-4b45-b074-916f303a400a,b2a4d848-ee1e-4b9b-a9a2-b7b973fd797d,5,"Excellent equipment, worked perfectly on site.",0.856,"[""equipment_quality""]",2025-11-25
78bb6a5f-274d-4672-818c-741ac81b82f4,0cc7ed25-943f-419e-b55d-809703859fb0,702f924e-df4b-43df-a8b6-a318ae553d0d,4,"Professional team, will rent again.",0.971,"[""communication"", ""service""]",2025-09-28
f6db0e3d-0e0c-4de0-b4e6-7e352ea5c572,76647c96-3126-4cc2-b315-7941cdbca7f7,a7e1c64d-a62b-4d9a-be94-aa81198f0db0,5,"Excellent equipment, worked perfectly on site.",0.903,"[""service"", ""communication"", ""delivery""]",2025-01-08
43410425-3298-46e0-a93b-949ddc30547c,fa1aba87-5e36-4b91-8fe6-51843a62ecd6,cba97821-c665-411d-b269-b0b178f8ea0e,4,"Great service, delivery was on time.",0.668,"[""pricing""]",2025-10-27
989ace73-be04-4742-888a-ac4952f95bd6,b0cfe83a-9793-4c65-8cc8-0cd6ce6d9bd1,25cc8151-a7d1-4fef-bfed-74bf875f00ff,5,"Excellent equipment, worked perfectly on site.",0.649,"[""service"", ""communication""]",2026-03-31
d60bfc71-7ee1-48e3-8e6c-388be853f5db,33837d43-76dd-4f9e-b1e3-f1845b7bbc95,ec87f00a-ddad-4405-863d-357c3597fb35,5,"Excellent equipment, worked perfectly on site.",0.637,"[""delivery"", ""pricing""]",2026-06-28
54ed0c4a-02e3-45e9-b57d-62e62db1b571,d5b53c1f-34b8-4676-b971-7229d4d85131,f57d1b61-9513-4481-af60-004148b06380,4,"Excellent equipment, worked perfectly on site.",0.818,"[""service""]",2025-06-02
204f779f-5131-4cec-a6a0-e32843f05b25,f6e95077-b010-4354-9b49-bc9b6f6deb5d,cf402604-4a27-4a0f-97e8-c3ffa25f3b5e,4,"Professional team, will rent again.",0.686,"[""delivery"", ""service"", ""equipment_quality""]",2025-06-06
87d4e8d1-d567-4e04-8f25-59182f638ceb,23edac92-2354-4178-a4a0-5d165c377eb8,7e13fb99-9aa9-4806-9a64-1831eb0863d9,3,"Decent experience, room for improvement.",0.347,"[""delivery"", ""communication""]",2025-02-18
7acf8fb3-2075-4761-ac36-9d6e0c7dbaf8,903f381d-cf42-442d-b02b-9a4b7e7495cd,1b9c89cf-ad57-4470-90d7-d473fb4be2b3,2,Machine needed maintenance during rental.,-0.523,"[""delivery"", ""service""]",2024-10-08
c892342b-308c-4b76-a7d2-d3005ff72cd2,db1ad761-4a3e-4989-8438-2dd4c3027c12,d9a418ea-c1f4-4e86-9205-648edf7eea36,4,"Great service, delivery was on time.",0.874,"[""delivery"", ""communication""]",2025-11-17
04d86c0e-475b-472f-a81e-5dc31ba58234,f2097674-89c1-4f81-8ddc-810c9bf9a0e0,4ef4744d-2918-42e1-b901-08e4900b63cc,4,"Excellent equipment, worked perfectly on site.",0.885,"[""equipment_quality"", ""communication""]",2026-01-04
b1d1763b-60f5-4af4-a083-5d46357790df,5d9f6cae-2fb3-41ea-9f08-fbc1573ee862,bcc6c4bb-69fe-4e7a-b776-b567c45ec2e2,5,"Excellent equipment, worked perfectly on site.",0.856,"[""delivery"", ""pricing"", ""service""]",2026-05-31
0f3593a4-4a56-46bb-92e1-ecb5c3feb91c,4aafaf10-24f7-4d03-90f9-189f498d73df,8b4d3759-4b70-41f6-a37c-2728e90224c7,5,"Professional team, will rent again.",0.983,"[""communication""]",2025-07-16
e122ff32-1445-425b-a801-d42812c55834,82ea7a64-63ee-4c10-80a6-fdcc7d322da6,05504a00-86b1-477e-b000-5e64625f97ca,3,"Decent experience, room for improvement.",0.421,"[""delivery"", ""pricing""]",2024-10-23
34734684-85eb-46aa-b39b-ad9399408c40,d0420392-03f3-42b2-92a6-b48642f1eb9f,21c9eca0-8b59-407e-87c1-c81a54df29a1,1,Pricing was higher than expected.,-0.57,"[""delivery""]",2025-05-24
3b96fddd-4b0d-4156-8bb2-4bfef41ef3c3,3af4598c-f599-45e0-b27b-8e366d645c50,088be2be-deff-44fb-8eb7-ec53885d88f0,4,"Professional team, will rent again.",0.717,"[""pricing"", ""service"", ""equipment_quality""]",2024-09-11
52439c28-4160-4853-8e5a-fc1fafcd7d62,6beaae34-f8b5-48c9-8cf2-f3ccbacd1bbe,ea528dd7-099a-40c8-9126-7bcc33828c1e,5,Very satisfied with the rental experience.,0.849,"[""communication"", ""delivery""]",2026-06-19
61dcc2fa-081e-4092-9e52-70a6029fab25,4cd3d45f-6184-4db5-b59f-ba7054a54284,af3d711a-e04f-4666-85e6-4c974572da2b,5,Machine was in top condition.,0.603,"[""communication"", ""delivery""]",2026-04-23
056e6a57-bbab-42ed-a439-72f17888a506,39fee45e-547c-4ea0-aa42-fdb317c7996a,d4f0d97a-b899-4b2c-812e-321e55d6d5b5,4,Very satisfied with the rental experience.,0.884,"[""communication""]",2025-10-25
5e2dbed4-aed3-4b27-a51a-158611ffccec,6af897a0-0616-4d81-8467-83711f26ec73,4f949a3b-4218-455e-9641-e84948cd810b,5,Very satisfied with the rental experience.,0.937,"[""equipment_quality""]",2025-06-15
8d4ecdd1-5864-477c-bb6e-629b3b9327c5,199ab532-fb75-4ff6-bfbc-e060064f2799,665baac7-aa40-44a2-895b-f98288250146,5,Machine was in top condition.,0.834,"[""pricing"", ""communication"", ""delivery""]",2025-05-01
42f50921-8a83-4a8e-9e6e-0b61e02defe3,3d8caf5e-9d53-4f05-b29e-946dfba7efc1,ac3c28a4-0b94-415a-8327-7d716438ba31,4,Very satisfied with the rental experience.,0.895,"[""delivery""]",2024-12-01
9c309433-6a7e-43fc-be45-1a9f54b86e6b,cb30a089-6b70-4abd-b732-eb89a8b5902d,e0238b1c-3a4e-4090-9555-16b710cb1a62,4,Very satisfied with the rental experience.,0.808,"[""communication"", ""pricing""]",2024-10-04
23a6948b-d637-4c1c-8d6f-e1b3c681043e,c200ec03-44b1-4949-8427-a625ec4741bf,5b711adb-6bec-4c7b-b3ea-e25172f99276,2,Equipment had some issues during operation.,-0.815,"[""pricing"", ""equipment_quality""]",2025-08-05
508d7a75-2f10-4132-9be1-62cf258528bb,3e2bc8c1-8cf5-40ff-afa7-fab4570ea542,854a51f1-5702-4ab9-b946-d4518486aaae,2,Delivery was delayed by 2 days.,-0.938,"[""communication""]",2026-04-14
1f823c1b-bb83-45fd-82c7-6fd187ca72c7,cfda6bfa-1868-40a5-b8ca-6081459e10d8,98080618-0300-4d67-a0a5-789d24cd3764,4,"Professional team, will rent again.",0.969,"[""pricing""]",2025-03-12
fb54a44c-575d-476c-b560-cdb7a9b57741,4aafaf10-24f7-4d03-90f9-189f498d73df,9e882e2b-e0ea-4a7b-8e8a-8b43f9650bb2,4,Very satisfied with the rental experience.,0.972,"[""delivery"", ""equipment_quality""]",2025-02-20
271415e7-31d4-47b0-a0ca-1e113946bb90,528d5dc5-fa22-4054-9dfb-5f7a8114c6cd,314f2189-14ad-49c4-9426-966590e03a94,4,Machine was in top condition.,0.947,"[""pricing""]",2025-05-06
87659a26-aeeb-44c0-9ad0-c618e91640ba,08205d3f-5e37-43de-aea8-0aca3ee7469d,a1977018-6f9f-47b1-b6ef-296043e8e288,1,Pricing was higher than expected.,-0.846,"[""service"", ""communication"", ""pricing""]",2026-02-10
d3ac47bf-4b4b-4992-94a6-a62f37bd1e0f,903f381d-cf42-442d-b02b-9a4b7e7495cd,3fe84857-0e0c-4970-b4ec-f198f4baffe3,3,"Decent experience, room for improvement.",0.27,"[""pricing"", ""service"", ""equipment_quality""]",2025-07-25
b1296b8a-b438-4654-a042-5ca70db38900,8e18bd5f-b41a-4396-b73a-ea2c053d6a63,b9a7b6a0-8ed0-4dcc-aab5-fdd1dd53a754,4,"Professional team, will rent again.",0.985,"[""delivery""]",2026-03-20
d1f1b6f9-e411-4b4c-9f5d-95808dfc7f8f,3025331f-701b-4c35-8cf9-a3f2e3f9a422,7571fa2d-28f4-4e26-b250-14cc186d79a3,5,"Excellent equipment, worked perfectly on site.",0.684,"[""pricing"", ""service"", ""communication""]",2025-07-21
c23ed3a8-f655-4125-9003-019ba5267ab2,7b3f1125-9009-477e-a350-b52a7884ddc7,8b0f9ec4-7418-4edd-b849-fb86b9e93a97,5,Very satisfied with the rental experience.,0.736,"[""communication"", ""service""]",2026-02-28
24bc35f0-b78b-4412-9ad4-dd8a5c2c535b,797a670a-c348-437e-b9f4-75e2b92ba55d,b69705aa-a20e-4ac1-9184-e79cc45026c2,5,"Great service, delivery was on time.",0.808,"[""equipment_quality"", ""delivery""]",2025-08-12
b44ab4d6-ec6e-4348-bb08-6ffad6e2506a,82ea7a64-63ee-4c10-80a6-fdcc7d322da6,c75bdc00-16dc-4319-8c6b-3a6bc475a206,2,Delivery was delayed by 2 days.,-0.17,"[""service"", ""communication""]",2024-10-21
0f6aa694-63de-415c-8d1f-21eab0e089f0,c0c51c25-3f97-4979-880b-2c73da0069c5,bd50f5bc-8f17-48ae-af86-510b219c8b43,5,"Excellent equipment, worked perfectly on site.",0.993,"[""service"", ""equipment_quality"", ""pricing""]",2025-03-01
7b89a221-37b9-4b2b-946d-58ed2b85c27d,abd04790-170c-4c35-822f-32406f606ca5,0db36739-f4da-44e5-833b-2461b06be36e,4,"Excellent equipment, worked perfectly on site.",0.829,"[""service"", ""equipment_quality""]",2024-11-13
370854be-2b4f-4386-bf99-da4f648f5d16,694fca20-72e6-47d5-b246-acc57eb09b95,61b4cc2c-cbb2-4ce7-b2db-1a3e3d8e10c5,3,"Decent experience, room for improvement.",0.532,"[""service"", ""equipment_quality"", ""pricing""]",2026-06-06
e7998c67-bb8e-4d2c-89ba-a743263a32f2,76647c96-3126-4cc2-b315-7941cdbca7f7,d4e483ed-515f-47f6-a7ed-b00faed6b318,1,Delivery was delayed by 2 days.,-0.142,"[""communication"", ""delivery""]",2024-11-08
9eeca1da-126e-43b5-9116-5c323d2472c8,62ff3973-e6e5-498c-96e4-248eb59183e3,c8141fe6-79a5-48ab-b483-2714cfa00bf9,5,"Excellent equipment, worked perfectly on site.",0.777,"[""service"", ""equipment_quality""]",2025-05-11
0e49401c-b2dd-44ce-bf1d-2b066573336c,62ff3973-e6e5-498c-96e4-248eb59183e3,3cf2fb75-bd1d-4dc2-b981-1488893b8677,5,"Excellent equipment, worked perfectly on site.",0.95,"[""equipment_quality""]",2025-08-03
269ece5e-4a03-479b-9539-d3969610d179,491f1311-7d04-417e-bd66-349490c29ded,056a3a7d-0f0d-4eb6-8fd4-e43254c01640,4,"Great service, delivery was on time.",0.785,"[""equipment_quality"", ""communication"", ""service""]",2024-09-30
f281440f-0338-4089-b1c2-29073d9335c7,e7def941-4235-4802-83bb-ab6146c36cda,180a4c2a-359a-43e6-8977-fdf1c5ba2ba4,5,Very satisfied with the rental experience.,0.987,"[""communication"", ""service"", ""delivery""]",2026-04-21
eaeb0aea-cf1e-4ed8-88d9-b18af21f3904,b2c31650-b23a-4c34-898a-70205c337192,bea6b9e5-d5d4-4330-a409-03240431b909,3,"Decent experience, room for improvement.",0.365,"[""pricing""]",2025-08-22
a982f09f-206b-4472-9447-d417d913f194,491f1311-7d04-417e-bd66-349490c29ded,acccee9f-0596-4232-abca-92b3e7b07413,3,"Decent experience, room for improvement.",0.379,"[""communication"", ""pricing"", ""service""]",2026-07-09
eb23fef8-7979-485e-9892-3cdb5a5c6147,1b90b616-f317-4e8d-80cc-ebc097f2b812,3f97b369-7866-499c-9953-4c250ad04312,5,"Professional team, will rent again.",0.715,"[""service""]",2026-01-09
3bbfee8a-3c91-4aba-a9b8-1c6710083fce,80dd0ed4-9c7d-48c0-8339-6e503fe87e92,9f1e4215-7458-4180-8b52-c3662a5ee555,1,Delivery was delayed by 2 days.,-0.392,"[""service"", ""communication""]",2025-10-07
4eee4284-9770-4193-b179-33b805088ac6,199ab532-fb75-4ff6-bfbc-e060064f2799,744baec5-a3cf-4f4c-874f-66e60484657b,2,Delivery was delayed by 2 days.,-0.375,"[""pricing"", ""equipment_quality"", ""service""]",2025-09-22
43f718f8-cd51-4c09-a088-b80874975c52,903f381d-cf42-442d-b02b-9a4b7e7495cd,82fe7f7f-2792-4f69-a8b0-64e995b184e5,1,Delivery was delayed by 2 days.,-0.466,"[""equipment_quality""]",2025-04-15
13e8c202-b870-4198-a180-ba75c7770e72,1df6ab26-14c3-4d07-9930-529a540e9ff9,4bd16230-e7fd-47cb-9f70-478b6d4d630b,5,"Professional team, will rent again.",0.889,"[""service"", ""equipment_quality""]",2026-02-17
5c5da769-5eeb-47fe-9ea5-0212605338d9,051f3965-8927-4e21-aa88-d1eaccf7ff9b,ff0103bf-d2de-4bf2-ac0f-e3836d4f07a2,4,"Excellent equipment, worked perfectly on site.",0.858,"[""pricing"", ""delivery"", ""communication""]",2025-01-22
ac6371d9-ab0a-485e-b4fe-330ebece3e41,797a670a-c348-437e-b9f4-75e2b92ba55d,2c346434-aae6-4ab2-92a8-fc1cebf86d9e,4,"Great service, delivery was on time.",0.946,"[""delivery"", ""equipment_quality""]",2025-11-09
922e333e-4f9a-4b70-88d1-d19d8af6981e,3b4c197c-5f64-405f-998b-18fed0deefea,5330afd5-2ea0-4fc9-8e61-f3f92287d6e8,5,"Great service, delivery was on time.",0.658,"[""service"", ""communication"", ""delivery""]",2025-08-11
312fb3cf-524d-45fa-97a7-bf366167e14d,df18fe4c-7ed9-4647-9f9e-eaf8a4c7c1a9,e7c941dd-88c6-45f6-99bb-d582225d1215,4,Very satisfied with the rental experience.,0.827,"[""communication""]",2026-02-03
5bcd9ee0-66e4-4fd3-989e-ca3e9ac90a4d,70c2eb70-4638-460d-8ab5-33be24e73ae9,91d0dca1-d584-4d90-ac31-ab21963ac9cd,3,"Decent experience, room for improvement.",0.433,"[""pricing""]",2026-01-21
1c105950-d58f-4d2e-955a-3a458e043b78,abef463b-a7a9-4e1a-a64f-c53d41cebf1d,a84f0bdf-decf-4240-8a9d-c28e65c33e3c,4,"Excellent equipment, worked perfectly on site.",0.781,"[""service"", ""equipment_quality""]",2025-04-26
889edd13-df8b-4522-a76b-699a3b744700,82ea7a64-63ee-4c10-80a6-fdcc7d322da6,2bc77ba0-ef90-4504-926b-3c4c46b16ab0,4,"Excellent equipment, worked perfectly on site.",0.77,"[""communication"", ""pricing""]",2025-11-05
be19b499-bb8a-46a8-ad17-ea0f3e34d265,6977c136-837c-44cb-9bf0-0a3ee8532eb4,54bf5ff3-b3d7-480b-ae17-b250106d5209,3,"Decent experience, room for improvement.",0.451,"[""pricing""]",2026-02-16
32d8ae29-7bc1-4446-ad10-3ce42f8e8c62,62ff3973-e6e5-498c-96e4-248eb59183e3,e79b2b0f-afe5-4ba0-96e8-5c5665047ee0,2,Customer support could be more responsive.,-0.059,"[""pricing"", ""service""]",2026-02-18
7c5f98ab-b17e-4559-ae73-40a5e765002b,503ca1d3-a10d-40ee-a3fa-d96d29036cef,a799e75c-2fa1-4bb7-ad08-774222522d8a,3,"Decent experience, room for improvement.",0.254,"[""service"", ""communication""]",2026-01-08
92d545af-360b-4b2a-949f-eb2e74181075,3025331f-701b-4c35-8cf9-a3f2e3f9a422,8ac42b3f-377c-4dfa-acaa-0558c711bf77,5,"Great service, delivery was on time.",0.783,"[""communication"", ""pricing""]",2024-08-14
03c02166-1e3f-4a33-a030-4a262cb7cb57,84428284-9b3a-43cd-a5fd-befb2cf188b7,3ce26559-550a-43a2-bdaf-3c0f2e0741cf,4,Very satisfied with the rental experience.,0.641,"[""equipment_quality"", ""delivery"", ""communication""]",2026-06-29
6f59ebd8-52bf-46b0-b7dc-b69f11b9892c,f110fe84-2852-439f-b05d-e68449065be4,04fef833-0fa4-499f-b760-2a5156f6ec9c,2,Equipment had some issues during operation.,-0.415,"[""equipment_quality"", ""pricing""]",2025-05-15
638399bd-d28b-485c-a59d-d6c5057a30a6,c83f1960-2dde-43f1-971a-6c8d6cc13c53,6dd209af-52c7-48c8-828e-74c43d380621,1,Machine needed maintenance during rental.,-0.967,"[""communication"", ""delivery"", ""pricing""]",2025-10-31
4edef2fa-3ab7-48aa-87d2-45ada6934dd8,6977c136-837c-44cb-9bf0-0a3ee8532eb4,b1f488b1-868e-4138-85ac-9478096ac2b1,3,"Decent experience, room for improvement.",0.373,"[""equipment_quality"", ""communication"", ""delivery""]",2024-11-05
06f0f30d-6ac9-40ff-9772-b40a5a2ecbb4,17a3dd98-8ad3-4bb9-8be0-49f3d54b5163,45d6b71b-5b13-4b24-ba01-307cc25c0dac,5,"Excellent equipment, worked perfectly on site.",0.755,"[""delivery"", ""service""]",2025-10-31
d0cf150e-ca97-4eff-9d1c-edb025238b5b,b66af76f-48bd-4406-837c-25c442ae34ae,f97eef3b-0958-4917-8ac7-e14f14792bf3,5,"Great service, delivery was on time.",0.805,"[""equipment_quality"", ""delivery""]",2025-08-17
2b7b38ef-b658-48fb-8f24-6b22d260ecfe,0f13ce4b-33a8-4e88-aa71-9d5000ba5158,170a344b-c470-4b1f-942e-0071d46e371c,5,Machine was in top condition.,0.905,"[""pricing"", ""communication""]",2025-02-14
68037cd6-b6eb-49fc-be7a-1049569e6c0f,f6e95077-b010-4354-9b49-bc9b6f6deb5d,5970b38e-66ce-4f6d-badf-8baaf823441c,4,"Great service, delivery was on time.",0.639,"[""delivery"", ""pricing"", ""service""]",2025-08-03
b3c8adfa-4db8-4040-878d-73a6ec634a7c,a5fcd9c2-0c09-4826-8cf7-928389e787ad,96ccdbc4-edc4-4bb3-8e9a-e3596ae55ae8,4,Very satisfied with the rental experience.,0.746,"[""service"", ""equipment_quality""]",2025-03-06
43cfb0a6-0f16-4d30-b512-896ae7476852,cb30a089-6b70-4abd-b732-eb89a8b5902d,cb96b4c8-415e-46ad-b7d5-0cbdaab1f3d9,5,"Great service, delivery was on time.",0.653,"[""delivery"", ""communication""]",2025-09-28
89003cc9-2949-4687-9918-a2d9ca4d846c,cb30a089-6b70-4abd-b732-eb89a8b5902d,7b20e96e-136d-4691-b3c9-5f4c62ae66fe,3,"Decent experience, room for improvement.",0.344,"[""delivery"", ""service""]",2026-07-07
3d26e6fa-4b12-4c0c-bd35-cfb10a6d7667,fa5b0920-dbe9-4b44-a70c-393ffab78137,5d8f21a5-2c31-48ca-86b9-79aeeda2d82a,5,Very satisfied with the rental experience.,0.779,"[""service"", ""pricing""]",2025-07-04
d5e0dae5-badf-48c3-b88b-65a46103e8fe,b3dd61ee-5291-46c4-84e8-acaebddc7ed1,7b59dbcb-aae7-4c8b-82de-f98d7c8b1812,2,Pricing was higher than expected.,-0.074,"[""service"", ""pricing""]",2025-01-05
31180146-93e8-4f94-934a-6a65d253fc7f,528d5dc5-fa22-4054-9dfb-5f7a8114c6cd,3f2f79bd-1d93-45d2-a2a1-4d71f5d48a6d,4,Very satisfied with the rental experience.,0.817,"[""service"", ""pricing""]",2026-06-06
a829f1c8-885d-44df-b03e-0e807cca8580,d1eb15d7-77f7-4b80-bd0d-9739aa82f636,8caebde4-2f38-48d4-9bcf-6586c18a56e2,4,"Excellent equipment, worked perfectly on site.",0.731,"[""equipment_quality"", ""delivery"", ""communication""]",2025-06-05
ec0fd651-891b-4b2f-9edf-641d82466963,ab04e845-df18-47cc-a8ce-c436e66303d8,582405d0-3091-4abb-8b95-3548f2e696f3,2,Machine needed maintenance during rental.,-0.56,"[""pricing"", ""service""]",2026-05-22
0ac36340-5c6c-4939-8e47-d1029129643d,86c3a2ec-f32e-4da3-8174-6e60c5702ac8,612ec8e0-9c84-48c6-8e02-0d91602dd126,5,"Excellent equipment, worked perfectly on site.",0.675,"[""delivery"", ""equipment_quality"", ""pricing""]",2024-12-21
07f48229-633d-45de-a4dc-d17a7c96237e,abdec9da-09ae-4e7c-9e1a-2021fa40b6fb,5087e3f0-2253-4e2c-8d91-6be391be70c2,5,"Professional team, will rent again.",0.612,"[""service""]",2025-03-24
952d83aa-8ca1-4a66-acd1-32143e84a122,a25f72b5-1730-44fd-b6c7-c769a3920171,02e761d6-7f88-4736-9e44-bc8a73a778fe,3,"Decent experience, room for improvement.",0.304,"[""equipment_quality""]",2025-05-18
9492bbe3-6f55-4de5-b08a-799e4fb44ed2,6c9fc10c-2676-4cb2-a180-6b6c7d05b723,22ddc2b1-f6af-4b0d-8616-2984319441db,3,"Decent experience, room for improvement.",0.487,"[""communication""]",2025-02-11
630a4847-b319-4262-8f17-b066e9ee98d2,95597854-a085-466e-a612-48423db319be,828dbde0-caec-4ccf-8fa5-3671fe0fdf9e,5,Very satisfied with the rental experience.,0.917,"[""communication"", ""equipment_quality"", ""service""]",2026-02-13
124be17f-dcb1-4d38-a4d8-3f4162f443e3,538aca8e-9280-478d-8ee0-abab8238c773,dc322599-7ff5-4a43-a0f8-296828fbf99e,4,"Great service, delivery was on time.",0.95,"[""equipment_quality""]",2025-07-26
7866a9cc-9b32-47fa-bcac-0f4c7381afa4,80dd0ed4-9c7d-48c0-8339-6e503fe87e92,b8ce952f-63a4-4a58-8ec5-84d2a5299c58,5,"Great service, delivery was on time.",0.875,"[""equipment_quality""]",2025-07-28
eb01c2be-a1f2-44ae-bf2f-15032c54ab78,b00e9788-a39e-4b89-81d7-403c66ee6f0a,49b9c861-4cb1-4b7f-a677-6b809af48612,4,"Professional team, will rent again.",0.733,"[""delivery"", ""communication""]",2025-07-07
0f3e213d-51a6-4323-9df2-6aaecba1ee07,37b3b1b8-ae9e-44c5-a5cc-4a5d8b3eb007,9eae2f01-49ad-45f6-a7c5-e0954ae6f5a2,4,"Great service, delivery was on time.",0.62,"[""service"", ""pricing"", ""communication""]",2026-06-26
0b866631-6886-4bad-bb07-3d1387986435,3025331f-701b-4c35-8cf9-a3f2e3f9a422,d957db1d-6bab-4baf-a20e-2487069b43e0,4,"Professional team, will rent again.",0.652,"[""communication""]",2026-06-24
c0f5ba88-ae3c-4d5b-9757-028f664e707f,486f7b67-46cd-4cde-8fcb-3f41afe4fa22,1539b7ac-5d33-4e48-9aa6-6f543d30ca42,4,Very satisfied with the rental experience.,0.863,"[""communication"", ""equipment_quality"", ""delivery""]",2025-04-13
69642810-7745-4ae8-bc51-d430c72dcd08,9888ccc8-2785-40b0-85db-04f4d4a34792,3bf0f3df-cdb4-4814-b512-9261ba0f9827,5,Machine was in top condition.,0.948,"[""equipment_quality""]",2025-02-13
a3deff61-6786-425f-8f1f-19c1129266f0,f29c5b00-a6fe-4b3e-aa63-d9cf9fd74d48,03ead25e-f093-4323-8e52-43c8882bec6f,5,"Great service, delivery was on time.",0.961,"[""communication"", ""pricing"", ""equipment_quality""]",2026-03-08
d2442390-591e-4102-8751-7660d4c2701c,503ca1d3-a10d-40ee-a3fa-d96d29036cef,b79c3ac0-a908-4381-b72e-29b1f3a5c1b6,3,"Decent experience, room for improvement.",0.415,"[""delivery"", ""equipment_quality"", ""pricing""]",2026-03-09
6cf5d19e-4b0d-4a8c-b4e8-9317b57e4c46,5229355e-2f81-4893-82cc-1a15fb16b26d,825c5592-4068-4ed3-b476-df0a0fc50a48,5,"Professional team, will rent again.",0.615,"[""communication"", ""pricing"", ""equipment_quality""]",2025-01-04
c0ec51e1-187a-4e6d-ab54-2e9244c28bc6,9888ccc8-2785-40b0-85db-04f4d4a34792,8843c558-ff0e-490c-b0b7-47dee75b25a8,2,Customer support could be more responsive.,-0.541,"[""communication"", ""equipment_quality"", ""pricing""]",2025-11-26
1f0cb32e-b512-4b55-a82f-3000f474ab02,c952a0f2-7625-4b7e-b1c9-927504aba3d2,a5f06fba-e948-4c34-b929-473539484d1e,3,"Decent experience, room for improvement.",0.444,"[""delivery""]",2024-12-23
8432e91a-57e4-4d4b-94f8-af5c2388878f,4ecea141-5d6c-46e0-93f0-274c9ede4ec1,e503aef8-1ebd-49a4-8109-0ffef12b3037,4,Machine was in top condition.,0.8,"[""delivery""]",2024-11-09
60468e1f-dd2b-476a-be61-51ffa5b8d2d2,37b3b1b8-ae9e-44c5-a5cc-4a5d8b3eb007,72bd8450-5e29-4ba1-91ea-af37a7d4db93,2,Customer support could be more responsive.,-0.934,"[""pricing""]",2025-02-06
04039555-2362-4049-a76e-825007928c33,bd93a9bb-94e7-4f6d-8f65-2dcf2da5d86b,8d0e78ad-e53a-4a5a-b086-a921a4eca94d,3,"Decent experience, room for improvement.",0.556,"[""delivery"", ""equipment_quality""]",2025-04-03
8593d6cf-bd54-424b-88de-70e181d5b591,930e80c5-5d08-4519-b58c-256246376e91,7ca6be8f-7efd-4e40-ba70-c417fd737578,4,"Professional team, will rent again.",0.843,"[""service""]",2025-06-10
a1f2d2e0-92be-462c-a74d-e5d8217c13d6,1b90b616-f317-4e8d-80cc-ebc097f2b812,cbbb4a45-47ff-4ef8-a00d-731b3b842e2c,3,"Decent experience, room for improvement.",0.41,"[""equipment_quality"", ""pricing""]",2025-09-23
fb4f3519-e528-4b3f-a015-e6cd8c46e961,b66af76f-48bd-4406-837c-25c442ae34ae,e0d2f879-d899-471a-ac5c-5c218823b0d0,4,"Great service, delivery was on time.",0.688,"[""pricing""]",2025-05-20
37c9bc05-d6f2-47cb-8d0c-21119a3db1f9,95597854-a085-466e-a612-48423db319be,ca7ba327-c435-47c8-9c78-5a29391118a6,4,Machine was in top condition.,0.964,"[""communication"", ""equipment_quality"", ""delivery""]",2025-07-31
d4b73cbf-c0bd-4cb0-b189-3474832b8082,07a4a12a-4581-419a-8701-06d37ea6bd3b,56f3d090-9c26-4083-b5d2-48aa11925dd5,2,Pricing was higher than expected.,-0.901,"[""service""]",2025-04-27
5b3da3e0-1f05-4619-a11a-b8365ca72913,1d6b8257-1728-4d7c-8d72-7d1224245aeb,e795cb9d-de2a-48b9-bdae-9db1d2c5b9d8,3,"Decent experience, room for improvement.",0.562,"[""service"", ""pricing"", ""communication""]",2024-12-12
f77ee8fd-d0a8-4341-8c7c-48cd29299db1,8a6e77c0-52cb-43a5-93a6-040dcddc850e,1151a291-ad70-4b8e-9f69-7ddb9e0bc964,4,Machine was in top condition.,0.853,"[""pricing""]",2025-10-20
b60b2e61-12a3-4ce3-8209-889f6635c60d,6977c136-837c-44cb-9bf0-0a3ee8532eb4,a5b8b8e0-99aa-4349-bb04-7787057b5f16,5,"Excellent equipment, worked perfectly on site.",0.802,"[""communication""]",2026-06-18
bc300451-9f68-4e65-914e-ee7ab95158f2,4136fcc5-d418-41b8-ae83-3c128d430cf9,c05b6e9b-64a3-4eaa-b671-9cbe55bac68e,4,"Excellent equipment, worked perfectly on site.",0.8,"[""communication"", ""pricing"", ""equipment_quality""]",2025-08-19
06f42617-2906-40c7-8aa9-e5ee94a97420,c0db902a-4c4a-460d-81d9-b5e8b3c907e5,2612ada8-ec56-4edf-ac2b-188f4b0beab3,2,Machine needed maintenance during rental.,-0.224,"[""service"", ""communication""]",2025-09-07
66e47781-4b1b-42fc-baae-ad202bee5a83,3d8caf5e-9d53-4f05-b29e-946dfba7efc1,3343a301-086f-4b57-99ac-2a7f8f68f2df,5,"Great service, delivery was on time.",0.673,"[""equipment_quality"", ""service"", ""communication""]",2024-09-28
9dc6456d-a641-41c3-bd46-b484fab4c6ea,4aafaf10-24f7-4d03-90f9-189f498d73df,e37b00a3-2a17-4b7c-9f12-be0909b53580,4,"Professional team, will rent again.",0.968,"[""communication"", ""pricing""]",2026-03-29
b5b909ec-2895-41f7-b2bb-832b1024282c,f28f4751-3cf3-4c7f-ac99-d9e9df03a0bc,18b4abf9-261d-4332-9fe0-1e8e90d3eba5,3,"Decent experience, room for improvement.",0.211,"[""service"", ""pricing""]",2025-04-26
2a09a55f-3ecd-4cb7-ad15-fc864b8fe24a,4aafaf10-24f7-4d03-90f9-189f498d73df,2b76c5b6-c6af-48b7-8680-5a60630c284f,4,"Great service, delivery was on time.",0.76,"[""pricing"", ""equipment_quality"", ""communication""]",2025-07-16
09c1232a-bb1a-44f7-a512-6092ce8f67e1,23e0230e-4a39-4c08-b9b0-a6f965d67d7e,ea606024-6954-4597-87d0-d6cf49cbace7,4,"Professional team, will rent again.",0.633,"[""pricing""]",2024-12-09
0660ae49-6c6e-42b3-afb3-f83127014090,654dddf4-fb54-4de8-bed2-79ced8278028,59667d86-d90f-48f4-aefb-fe8f502da51b,3,"Decent experience, room for improvement.",0.231,"[""delivery"", ""pricing""]",2025-08-24
57b5e19f-80e7-4af6-bcc3-66229c006576,d299015a-a646-4e51-a52e-955471ad806a,4b6ba4e5-4e37-4c2e-b662-9237c93c623e,1,Machine needed maintenance during rental.,-0.696,"[""equipment_quality""]",2025-07-23
db756817-bcb4-48b9-9c3c-6f2a76f12be6,dadc1591-c166-4ef7-a23b-43a8cb2c1dba,3c514d68-d7c0-483e-a30b-fd4126809907,5,Machine was in top condition.,0.952,"[""service"", ""equipment_quality""]",2024-09-19
eb323112-75ed-45d7-8b63-c357a6a2b6d6,da67d85f-a261-4fb5-9a01-a173c4464f0f,254d4e8c-7ab3-4f39-b9ee-61adc854192c,4,"Great service, delivery was on time.",0.622,"[""pricing"", ""delivery""]",2025-09-17
8406ec16-b66a-4612-a06c-94e42212ed7b,09736450-0e25-4edf-a45e-d720556b1e1f,86d41897-3fce-4e20-8cee-a2704d0a1f3a,3,"Decent experience, room for improvement.",0.551,"[""service"", ""equipment_quality""]",2025-07-17
ca2de06f-94a0-48e1-ad5d-f7dcbca8cb37,50f7f647-fd6e-4699-96d0-2f4d2c435f9e,42741ec4-db50-4f3c-881a-559f1dddb030,5,"Professional team, will rent again.",0.996,"[""service"", ""delivery"", ""equipment_quality""]",2025-09-27
1502b69c-11e2-46a5-9749-6b77f4592ebe,84644143-a02b-4e48-a68d-4989cf2f8d7d,5ff19e49-ca95-41bb-974a-aae9ada82e4c,5,"Professional team, will rent again.",0.937,"[""equipment_quality"", ""communication""]",2025-06-27
47afe70b-6d18-4ec1-8f1b-60bb88f197f5,4dc709ad-2e2f-4b45-b074-916f303a400a,ebe12e3f-5efd-4e25-b87f-54c1bb84e14f,2,Equipment had some issues during operation.,-0.051,"[""delivery"", ""equipment_quality""]",2025-05-28
636b9118-34b3-4d0f-855a-80d9edc0989c,70fc6cc4-7bba-43b6-8cd8-314987426792,6267711e-4459-4da9-b09a-f517f1a58852,5,Very satisfied with the rental experience.,0.834,"[""service""]",2026-06-07
d8914e07-9d9c-4bfb-b5e0-912417c92597,c0c51c25-3f97-4979-880b-2c73da0069c5,3f2601f7-3518-4efe-85a8-6384f1a2f67e,3,"Decent experience, room for improvement.",0.477,"[""equipment_quality"", ""service"", ""communication""]",2025-10-11
5e180852-c9b4-4000-9bd9-fe1165565666,bd93a9bb-94e7-4f6d-8f65-2dcf2da5d86b,ac3f665e-db18-44f7-81d7-8a4b20d0c91b,3,"Decent experience, room for improvement.",0.405,"[""equipment_quality"", ""delivery""]",2025-02-26
0de0eec7-3d2f-4c30-a492-26186dbd5d4b,1df6ab26-14c3-4d07-9930-529a540e9ff9,a3e0333b-b51a-4caf-af8e-bb7a1759606c,3,"Decent experience, room for improvement.",0.592,"[""equipment_quality""]",2024-09-14
70372411-878b-4dbb-a307-501bd286fb07,707938a2-022a-47a4-8b9d-b4d50b26a0cc,6735245d-6b5f-4185-91b7-54092ac44942,5,"Professional team, will rent again.",0.897,"[""communication"", ""service"", ""pricing""]",2025-01-24
c8f47196-22a6-4dcd-acfc-93ab9c51bb34,bba0a92a-9bde-4c8f-869f-eca467215e00,7b80ecb2-f392-4fa8-a49b-05ec8144f103,4,"Excellent equipment, worked perfectly on site.",0.708,"[""pricing""]",2025-08-16
a4ade902-0478-4b09-a788-a13588aa1911,e189db02-47bd-4155-9ff0-f1b42d8b0d45,144361f0-e0c5-40e7-bafe-b837c14fbcc8,4,Machine was in top condition.,0.796,"[""communication"", ""service""]",2024-09-07
9bdd9354-b001-4d44-8783-f9a7ab58ade1,030c22a0-4626-433f-94aa-74d48d9cb4df,9905266c-1c84-4471-9f7c-1ca69d17f0a8,5,"Professional team, will rent again.",0.795,"[""service"", ""pricing"", ""communication""]",2026-03-25
90da3838-5373-4789-a37f-36e5e53c68a3,030c22a0-4626-433f-94aa-74d48d9cb4df,1051dfdd-1bc6-409a-88b3-2156216767c3,5,"Professional team, will rent again.",0.904,"[""service"", ""delivery""]",2024-10-25
bd01f662-1fcc-4f97-b55e-7b53a4370ad1,66ac95a5-e673-4803-b91d-4c51a3e177ec,7c20f9da-6a11-422b-8243-c0fc6fd40ffe,5,Machine was in top condition.,0.961,"[""service""]",2026-05-01
d8fc91e8-fc15-4b2f-a5ca-842097bb0520,fa1aba87-5e36-4b91-8fe6-51843a62ecd6,11bac3ec-d5c1-49c3-a01c-077a03beefa9,4,"Great service, delivery was on time.",0.764,"[""communication""]",2025-04-09
4f31e13a-a4d6-4a6f-8088-6c80e0e255cc,08463e2c-bb4c-4072-9776-41809b410c82,a52ec6ff-3dc5-4a63-8799-1f705966123d,5,Very satisfied with the rental experience.,0.935,"[""communication""]",2025-05-15
6c775ac6-b324-44e9-8bc3-4e62c44eae3d,6a9e9061-7336-48ff-bc33-3537b6f922a6,21918e93-b9d4-496d-9b0d-1e60f79ccd58,1,Customer support could be more responsive.,-0.319,"[""service"", ""equipment_quality"", ""communication""]",2025-03-13
5bae1d31-eb23-47b9-8bca-abf88bc8c6b7,d6aa75f7-44c7-4fd7-9ef1-afc61e81fed5,5d58f979-7f19-48da-a2b5-26573aecf8d9,3,"Decent experience, room for improvement.",0.366,"[""service"", ""pricing"", ""communication""]",2026-06-17
af4661c3-d3ad-48b0-b1a7-2e93361bfc7f,0bd1b1eb-11c6-49df-88eb-31691f867bf5,adf4eafc-1b2d-432c-aa39-68f4f9845684,4,"Professional team, will rent again.",0.923,"[""communication"", ""delivery"", ""service""]",2025-05-04
73f9f416-a94e-4b4f-851f-a053f21b625f,bba0a92a-9bde-4c8f-869f-eca467215e00,cf0c557a-c102-43d0-9463-b896578b0521,2,Customer support could be more responsive.,-0.385,"[""pricing"", ""service""]",2025-10-20
786f5027-cdac-4384-99df-f2d1acbe00a5,3af4598c-f599-45e0-b27b-8e366d645c50,9dd9c880-4409-4cef-8a24-514a4d84116a,4,Machine was in top condition.,0.861,"[""equipment_quality"", ""delivery""]",2025-10-12
d9a9bceb-97e1-499e-aa09-800f6f48a727,9888ccc8-2785-40b0-85db-04f4d4a34792,94d4a09d-7135-4c75-ab78-2280d8fac18e,1,Delivery was delayed by 2 days.,-0.189,"[""equipment_quality""]",2025-12-06
b6d37775-3ea9-4a54-9bbe-5124f0b55022,503ca1d3-a10d-40ee-a3fa-d96d29036cef,ec9f0d99-5361-40bc-b727-50acb5190e8b,4,Very satisfied with the rental experience.,0.916,"[""pricing""]",2026-05-24
cf1628b4-af7e-4e92-b510-7bcddbfaca73,0f13ce4b-33a8-4e88-aa71-9d5000ba5158,311ceedd-eefc-49ab-863e-d6e6444f2bcf,2,Equipment had some issues during operation.,-0.424,"[""communication""]",2026-03-15
3ca0c17f-b2d3-4ce3-a5dc-4ea0159f22a7,3bdc9a49-d23d-462a-81fc-e0a0c85272e3,66d65603-3528-4f04-8408-f5040baf88ea,2,Pricing was higher than expected.,-0.908,"[""equipment_quality""]",2025-02-01
58b93068-a3fb-4406-a454-5fb01b76e2df,d6167d47-7515-46db-9313-a2084b507ebc,3b9997de-3ece-4916-9226-2fd2447170e9,4,"Excellent equipment, worked perfectly on site.",0.837,"[""communication"", ""delivery""]",2025-05-29
eb61c8d8-56d2-4a5c-a03b-1a1bb8987e35,903f381d-cf42-442d-b02b-9a4b7e7495cd,7d28ce10-a16f-44c7-842d-e69e0ebce81e,2,Customer support could be more responsive.,-0.823,"[""pricing""]",2024-09-25
ac550bf6-b6d5-443e-8373-bd5cabb84367,a8d63531-e89c-4faf-8671-b1dda0f09256,380a1a29-4e6d-458b-8943-d920c744d832,4,"Professional team, will rent again.",0.854,"[""equipment_quality"", ""pricing"", ""service""]",2025-06-18
3d7c9dab-48f0-49d2-bdfe-abfd55b0bad4,2138c6c8-dd06-4493-96dd-1325c5d121f7,2c4c3ef2-3138-4361-bcce-a159b9156f8a,3,"Decent experience, room for improvement.",0.333,"[""service""]",2025-05-02
44a8f7d4-4125-46aa-98e3-18ba7c7a5812,5bbb14cf-9dad-4bbf-8aed-4e2e30dfeb16,f5a89140-bbe2-43a3-9625-726932ec2c01,4,"Excellent equipment, worked perfectly on site.",0.985,"[""delivery"", ""service""]",2026-03-15
6bbf8242-83c4-4290-937f-73073abcfb7e,3d72e7ae-13d1-4ed5-aa94-9ef92f1ed0ab,1bd8204d-f001-4a64-ab88-5d4e78f78435,4,"Excellent equipment, worked perfectly on site.",0.951,"[""equipment_quality"", ""communication"", ""delivery""]",2026-06-26
a6ea7deb-e9e4-46e1-b0fd-f179914068c3,86c3a2ec-f32e-4da3-8174-6e60c5702ac8,204f2612-6777-4c65-8ee7-88419273e28f,3,"Decent experience, room for improvement.",0.471,"[""delivery"", ""service""]",2026-06-16
f43f1f41-63a5-49de-9e53-4f819b4f7315,4cf6ec55-a7f7-463a-b26c-5fa9ecff193c,55175fdc-2169-4d03-bc71-8ed2a385438d,4,"Professional team, will rent again.",0.892,"[""pricing"", ""service"", ""communication""]",2024-07-31
98303555-becd-4c9d-b761-3e71b180452e,538aca8e-9280-478d-8ee0-abab8238c773,7ca87dbf-c1ff-4680-a518-476eb0758a76,4,"Professional team, will rent again.",0.824,"[""delivery"", ""communication"", ""pricing""]",2024-10-02
92fe0b38-d97c-4535-8ea0-4684feb343df,1ca9595e-b927-4c8b-a17f-323e0c283060,48014e7a-96d8-4e62-9401-d756cb32dfef,5,Very satisfied with the rental experience.,0.608,"[""pricing""]",2025-01-11
06fc9bb1-b586-4743-a0e9-219db0223838,82ea7a64-63ee-4c10-80a6-fdcc7d322da6,754d91f5-f1a1-4206-ac66-608ae9b446fa,4,Very satisfied with the rental experience.,0.732,"[""delivery"", ""communication"", ""pricing""]",2025-10-16
e188ed4d-1049-41f3-a88b-b274241a9c91,654dddf4-fb54-4de8-bed2-79ced8278028,98f783c3-378d-46b9-b1f1-189e9451d16a,3,"Decent experience, room for improvement.",0.52,"[""communication""]",2025-11-27
e1876c7d-c078-4c67-a3ce-e444ed6b51e4,50f7f647-fd6e-4699-96d0-2f4d2c435f9e,88042db1-3666-42ef-9c83-282de092a0e3,5,Very satisfied with the rental experience.,0.684,"[""delivery"", ""pricing"", ""communication""]",2025-02-02
535d361e-a82e-4f79-97f2-838e59eaee4b,1ca9595e-b927-4c8b-a17f-323e0c283060,ce554ce9-fa74-4d92-a734-9b841f402b6b,4,Machine was in top condition.,0.699,"[""delivery"", ""pricing""]",2025-10-16
a7694f1e-1882-4bb9-b78b-9774d05a8fc7,a5fcd9c2-0c09-4826-8cf7-928389e787ad,a37a260d-13cd-4a85-a01f-1631c05b4827,4,"Excellent equipment, worked perfectly on site.",0.792,"[""service""]",2025-05-26
4d83661f-bb53-427c-a402-002dc1697214,6af897a0-0616-4d81-8467-83711f26ec73,54d62d0f-4ae4-4f3d-96b4-fede2cb0f70f,4,Very satisfied with the rental experience.,0.723,"[""delivery"", ""pricing"", ""communication""]",2026-04-13
d8526c50-eaed-4d52-b319-10dbfad56113,503ca1d3-a10d-40ee-a3fa-d96d29036cef,604fd84f-03a8-4818-8e09-bad8a3d9c785,1,Equipment had some issues during operation.,-0.307,"[""pricing""]",2026-07-26
28d497a5-8270-4494-b2ed-ef1999487083,6af897a0-0616-4d81-8467-83711f26ec73,0316880f-44f1-4a18-ae25-e9fb32673108,4,"Great service, delivery was on time.",0.96,"[""service"", ""pricing"", ""equipment_quality""]",2026-04-12
bba52a09-2c65-4c5b-9a01-bf40bc884827,1d6b8257-1728-4d7c-8d72-7d1224245aeb,0dc3bc65-7d11-4516-b94f-81b258c531c9,4,"Professional team, will rent again.",0.872,"[""service"", ""delivery""]",2025-03-19
a9160e65-6084-43c6-9f00-b03ea58a25a8,b3dd61ee-5291-46c4-84e8-acaebddc7ed1,de1c7b25-ba5f-47be-a2b5-8511b9842739,5,"Professional team, will rent again.",0.719,"[""delivery""]",2025-01-19
d355fbdd-f10e-4c0c-85c4-6539cdd8643d,0947586f-39c5-4479-a564-3d1a8d05415a,dc764f86-31e8-4a3a-8dce-b91e79688b89,5,"Excellent equipment, worked perfectly on site.",0.933,"[""pricing"", ""delivery"", ""communication""]",2025-10-22
7f09193e-23aa-4e27-af3d-c8d460e9f848,503ca1d3-a10d-40ee-a3fa-d96d29036cef,df5641af-4141-4ac2-b972-e3f594e99858,4,"Excellent equipment, worked perfectly on site.",0.703,"[""pricing"", ""equipment_quality"", ""delivery""]",2024-12-13
a597b4ec-2c8d-496c-8fb9-d0f58a89a2e1,0b0f5fd2-9141-4623-9ab3-7b9414d43046,126e70b1-08b6-4164-8144-8c4de9c21b21,4,"Excellent equipment, worked perfectly on site.",0.77,"[""pricing"", ""service""]",2025-06-17
011c7196-4970-4229-a742-f86254a9ceb4,50f7f647-fd6e-4699-96d0-2f4d2c435f9e,e375e762-80f0-4bb9-86df-3b3a2bc0ef2e,4,"Great service, delivery was on time.",0.696,"[""equipment_quality"", ""delivery"", ""service""]",2025-03-26
cab7ff5e-b9e4-4acb-9ad9-a55d3fff9d7a,903f381d-cf42-442d-b02b-9a4b7e7495cd,d1a3f6d7-7386-47c6-bd62-d5607402c567,4,Machine was in top condition.,0.989,"[""communication"", ""equipment_quality""]",2025-02-05
01454245-5253-4f28-8d6e-c478e3981e1b,6977c136-837c-44cb-9bf0-0a3ee8532eb4,477ef1f5-c002-4e4b-9efc-711d3799cf55,3,"Decent experience, room for improvement.",0.347,"[""equipment_quality"", ""delivery""]",2025-10-10
6f5765f4-9fb6-40e0-83fa-15b04698f589,0afc5ef1-d838-4cba-848e-160931cb192f,7218fd6e-a231-4ec1-8d28-4b165e49af5f,4,"Excellent equipment, worked perfectly on site.",0.723,"[""pricing"", ""equipment_quality"", ""communication""]",2026-03-08
262878c7-b606-4bdf-b268-dedd9a284e52,662051b8-fb78-407a-b951-c5ff0ea3c966,628872d9-8ed9-4509-9881-29358a3db356,3,"Decent experience, room for improvement.",0.246,"[""communication""]",2025-03-18
c48a632e-47d6-4a61-84e5-98d560dbce84,37b3b1b8-ae9e-44c5-a5cc-4a5d8b3eb007,3e5b9c29-ccee-492a-8fff-f0736ee27308,4,"Excellent equipment, worked perfectly on site.",0.794,"[""pricing""]",2026-07-26
4ba4ec59-fdc3-41d3-8d49-cfb4468adc06,a14deceb-f9b0-4286-a069-9c291a911000,4e79a2c5-7848-4968-a907-b53c85ec6102,4,"Excellent equipment, worked perfectly on site.",0.922,"[""service"", ""pricing""]",2026-07-08
8dbf20f1-e86f-4a07-8579-e81574910087,4dc709ad-2e2f-4b45-b074-916f303a400a,b339e932-95de-4535-baf6-5dff0619098d,2,Pricing was higher than expected.,-0.014,"[""pricing""]",2025-08-29
76e2b2e3-0fe5-41b3-b4f2-e4260ebbfa37,d6aa75f7-44c7-4fd7-9ef1-afc61e81fed5,be95cb5e-3238-4a62-8b6b-cb61f6d24bc5,3,"Decent experience, room for improvement.",0.448,"[""delivery"", ""service""]",2025-05-25
98df0eed-997d-471e-99cf-f5cf1ff9f2aa,8a6e77c0-52cb-43a5-93a6-040dcddc850e,80c686d5-45be-486e-9e96-32ce846edc9b,2,Customer support could be more responsive.,-0.745,"[""equipment_quality""]",2026-03-07
d453320a-7a3d-4a6a-89f1-d66e6017d586,ab04e845-df18-47cc-a8ce-c436e66303d8,544ce897-3c87-43f3-a4ff-d08bc0fc2ae9,5,"Great service, delivery was on time.",0.816,"[""communication""]",2026-07-05
41fb982e-d62c-482d-a7ca-f4b868cb8bf5,f110fe84-2852-439f-b05d-e68449065be4,03dd5ed0-6d26-45a0-8480-998149600c07,4,Very satisfied with the rental experience.,0.94,"[""delivery""]",2025-12-20
7c5728b8-c4bc-4041-af19-74fde51732d5,f29c5b00-a6fe-4b3e-aa63-d9cf9fd74d48,b6b00f03-58f1-494d-bccc-a680f6e3dd5d,4,Very satisfied with the rental experience.,0.697,"[""service""]",2024-10-17
50023782-85c3-4082-9de1-2ad9feb1a3aa,f12b1437-9c22-4bfa-b116-3f739dea41e7,a2882a5a-3463-4ed5-a960-65fa8c4cfcea,1,Pricing was higher than expected.,-0.452,"[""service"", ""pricing""]",2025-11-18
863717ee-a9ae-41fb-afc5-fa37e3cc0e9b,c9300334-c177-4f75-8b92-06f96c003057,cdf44c18-6fdf-4c78-b142-3b6edc411796,2,Equipment had some issues during operation.,-0.637,"[""equipment_quality""]",2025-06-25
e37a9fc9-1480-4f17-9f23-b3b8eec62270,0a80258f-0814-4d45-819c-9430ed7647a6,a82d1669-042f-44fc-81f0-0c8331ffcad1,4,"Professional team, will rent again.",0.608,"[""communication""]",2026-06-04
2836631b-3e5f-4888-9e3b-9420c772ff84,1ca9595e-b927-4c8b-a17f-323e0c283060,5b43ee60-ba6c-4474-9f2a-76bceb246a55,4,"Excellent equipment, worked perfectly on site.",0.8,"[""pricing""]",2025-03-19
e35e7b08-4a07-4320-95c0-df2647aa21dd,903f381d-cf42-442d-b02b-9a4b7e7495cd,8fa611a5-e947-4b17-9a46-ae3a78dbdb49,3,"Decent experience, room for improvement.",0.406,"[""communication""]",2026-04-27
fa91cd72-b66a-4017-a54e-830116115e22,6af897a0-0616-4d81-8467-83711f26ec73,9f875ee5-aa07-4ff1-8ec3-dace6caf6220,4,Machine was in top condition.,0.72,"[""service"", ""pricing""]",2026-03-12
21adcae4-0498-45e9-b2e2-a14d71b02e97,33837d43-76dd-4f9e-b1e3-f1845b7bbc95,c6a0eac6-779e-4c84-a09b-481405b500c0,5,"Excellent equipment, worked perfectly on site.",0.72,"[""delivery"", ""communication""]",2026-01-21
a9de91b1-5e4b-4020-90c6-e0929bb8f797,4cd3d45f-6184-4db5-b59f-ba7054a54284,e12cf088-1f31-49c8-b118-3cd0135738bf,5,"Professional team, will rent again.",0.805,"[""service"", ""equipment_quality"", ""communication""]",2024-10-12
e8b3ce01-b225-4e29-9721-b9016f68cab7,5229355e-2f81-4893-82cc-1a15fb16b26d,b1abac9e-63e7-4027-a97f-9096f179d301,2,Pricing was higher than expected.,-0.262,"[""pricing"", ""equipment_quality""]",2025-07-17
92e4e253-d095-424f-8d46-327be824e084,8647cf88-b986-493c-a5eb-e2954c813001,628b5e42-9fce-49e0-bd1a-12b3bf29cf68,4,"Professional team, will rent again.",0.628,"[""delivery"", ""pricing"", ""service""]",2025-12-05
84ed24ff-5b7b-4077-b8b3-43e65ee8971e,e538d010-b52c-4c23-afe0-077b50aabbfa,36808888-b9d0-408c-8068-051bd209ded4,5,Very satisfied with the rental experience.,0.739,"[""pricing""]",2024-11-11
f3bb6df9-f5db-43bb-a781-40db6fa31161,528d5dc5-fa22-4054-9dfb-5f7a8114c6cd,82857e5e-4d6b-4d71-ab90-3d4e58c95c75,4,Very satisfied with the rental experience.,0.879,"[""service"", ""communication""]",2025-06-02
1d46341d-6c4a-4377-8f95-f7176d80772e,2c6b1689-bda3-4937-9079-0d528e35dbbd,d99f16aa-17cc-4f94-a08b-69c5b88bdb4e,3,"Decent experience, room for improvement.",0.213,"[""delivery""]",2024-10-14
af73051b-c289-470e-80ed-1b208bcb3376,903f381d-cf42-442d-b02b-9a4b7e7495cd,1e1fe02e-fe8c-4922-bfa6-669cf8d29646,3,"Decent experience, room for improvement.",0.232,"[""service""]",2024-09-16
d6b90926-03d9-4261-94d5-e292a24b8c40,713a8773-913e-4531-a453-18bf5e372f56,2d6e5ece-6ecd-4823-9f3a-282326c7959c,4,"Professional team, will rent again.",0.799,"[""communication"", ""pricing"", ""equipment_quality""]",2026-06-21
7f90b521-6b03-457b-b79f-9a135ae9c2b3,a8d63531-e89c-4faf-8671-b1dda0f09256,0c12dabd-09c2-4f42-b130-e362d3751996,5,"Excellent equipment, worked perfectly on site.",0.618,"[""service"", ""delivery"", ""equipment_quality""]",2025-03-29
b38564ef-a8f2-4d28-88b9-851675d800e4,3c7c2248-73d0-4b68-ab2a-0009500b2fc5,d1bec82d-5f4e-476c-8b21-2267cfb99883,4,Machine was in top condition.,0.725,"[""delivery"", ""service""]",2024-12-07
183dff21-5413-4c60-85bd-f75f1bd4626d,6a811073-bf7a-4c4e-98fb-ab063f5c9805,6ebe3885-4425-42c9-b6a4-80ac1cd6d09c,4,"Professional team, will rent again.",0.609,"[""equipment_quality""]",2025-11-10
0e587d1a-09a5-4248-abca-422ba63bfba8,1b90b616-f317-4e8d-80cc-ebc097f2b812,ca487591-4446-413e-a7bb-b92f740b4401,5,"Great service, delivery was on time.",0.743,"[""pricing"", ""service"", ""equipment_quality""]",2026-05-17
3f74dfc3-f615-4d30-866c-cacc279379f6,030c22a0-4626-433f-94aa-74d48d9cb4df,2cfc4a44-a770-4815-b438-c8379b395aa4,3,"Decent experience, room for improvement.",0.406,"[""pricing"", ""service"", ""equipment_quality""]",2025-02-23
23ac2693-941c-4ba7-9064-3c52fa973ef3,ebdee9fd-d8e7-4a19-b327-be6d80cab435,38b5bfe6-a73d-427d-8059-88b660c9f8be,5,"Excellent equipment, worked perfectly on site.",0.942,"[""pricing""]",2025-02-20
aaa13439-edb4-4a99-92d7-54a998e3aff7,09736450-0e25-4edf-a45e-d720556b1e1f,6e1a8b00-ccbe-4d69-8455-582a0100e950,4,"Excellent equipment, worked perfectly on site.",0.776,"[""equipment_quality"", ""communication"", ""service""]",2024-12-23
cf42b9e3-4866-4caf-9562-ea210f1cab87,cfda6bfa-1868-40a5-b8ca-6081459e10d8,318a4460-5f51-4c25-9af5-be2ad21a45d4,3,"Decent experience, room for improvement.",0.33,"[""equipment_quality""]",2026-03-31
2ed2338c-0231-4e88-82d1-51ea5a52a161,7b3f1125-9009-477e-a350-b52a7884ddc7,8a4cb96b-972f-4293-8eac-38c7264976b9,5,"Professional team, will rent again.",0.954,"[""delivery"", ""communication""]",2024-09-01
f3278a6a-0ba9-4216-9f1e-447d65164bb1,217454e0-ca62-4221-8833-9a8a0541a408,9e23a832-5336-4ae5-a415-e6e05d1ccd0d,3,"Decent experience, room for improvement.",0.259,"[""delivery""]",2025-04-03
3d6c35ec-0e72-440f-9334-cdbdcef55166,76647c96-3126-4cc2-b315-7941cdbca7f7,65ef4b9c-eca9-4ffb-92f4-679a863d5a38,4,"Professional team, will rent again.",0.768,"[""service"", ""equipment_quality""]",2025-07-31
68e9ddd6-8194-4a69-8d75-3ce4900bc337,db1ad761-4a3e-4989-8438-2dd4c3027c12,10e1e33c-79c5-4e5b-b72c-1f2ee04f5300,4,"Professional team, will rent again.",0.791,"[""service""]",2025-04-27
21bb8160-e1b0-45a5-ba3b-f06c9e7f32dc,08205d3f-5e37-43de-aea8-0aca3ee7469d,7fa15726-2ab0-42ec-b851-169a78aaa91b,5,"Professional team, will rent again.",0.715,"[""communication"", ""delivery"", ""pricing""]",2026-06-20
a01df327-bd01-4a98-8557-9e9aeec99355,c9300334-c177-4f75-8b92-06f96c003057,dca9dec0-ab78-4330-b226-0a7226813403,2,Machine needed maintenance during rental.,-0.842,"[""pricing""]",2026-04-14
05b8f49a-6a2c-41e7-9881-821558b1b92f,08205d3f-5e37-43de-aea8-0aca3ee7469d,fbd61e62-747c-4490-8bc0-29934d3302e6,4,"Professional team, will rent again.",0.847,"[""delivery"", ""communication""]",2025-07-14
32151fc8-14be-4c32-ac6c-9ae33896ae2f,07f4921e-099c-4d48-9e53-ec1b8c15bf6f,84640db2-f945-4b49-9d9e-c197654714f1,2,Customer support could be more responsive.,-0.945,"[""service"", ""equipment_quality"", ""delivery""]",2026-04-21
e485c631-7d9e-4f47-bd06-96e3d33e9fd3,8d29907d-1109-404c-8316-4e748e853fa9,e2fb3898-1827-4179-b9ea-9bc8790729b1,4,Machine was in top condition.,0.891,"[""communication"", ""delivery""]",2026-05-29
742d1f62-c868-4b9e-929d-347238ae2570,d1eb15d7-77f7-4b80-bd0d-9739aa82f636,d69d75fe-d149-47cb-ac3b-10ebf3f5b7ef,4,Machine was in top condition.,0.677,"[""pricing"", ""communication"", ""delivery""]",2025-05-10
d3ece61d-60be-4b0b-94a3-08ea17bf2bc3,cfda6bfa-1868-40a5-b8ca-6081459e10d8,0293ac4b-9a01-4b5c-baaf-7b4edd30b143,3,"Decent experience, room for improvement.",0.443,"[""communication"", ""equipment_quality""]",2025-11-07
49422362-0996-48ac-a815-68c0a7f17c46,b4345950-dd8c-497b-acdd-5ee00e70b96d,8a2f1737-1a8b-4b82-9c41-78b689cfd17f,4,"Great service, delivery was on time.",0.859,"[""communication"", ""service""]",2025-09-22
d92e1748-2553-47ec-a309-2464275ccecc,69a242bb-b019-4dae-9df7-31f6202caabe,3b603193-af08-4a01-ad2b-b9deba59ce1d,5,"Excellent equipment, worked perfectly on site.",0.807,"[""pricing""]",2026-06-08
a317e52b-3590-4781-8c6e-3b431aa28aac,feb70aa7-dde2-4469-9d0f-22e7187f8fd7,606dce0e-48d5-4944-a2b4-2d6096c16c2a,4,"Professional team, will rent again.",0.984,"[""pricing"", ""delivery""]",2025-11-30
ca719cec-838a-4ff7-8003-6ca6ec771a62,2138c6c8-dd06-4493-96dd-1325c5d121f7,4cd1db43-a130-44b8-881c-b85b474f2a84,4,Machine was in top condition.,0.713,"[""service"", ""communication"", ""pricing""]",2025-03-13
cc7d3b01-6a76-4b37-9d3d-d152a688e2b5,74166b54-578d-4e44-882b-45c9694a9729,5e28d30e-e804-4f5b-bf3e-d2979a985323,4,"Professional team, will rent again.",0.869,"[""communication"", ""pricing"", ""delivery""]",2025-07-24
4db2aaf8-cb18-4d4d-9812-f0ff5ee7655a,abdec9da-09ae-4e7c-9e1a-2021fa40b6fb,7376ddf4-875f-4f7c-b9de-ab5535d4e156,5,Very satisfied with the rental experience.,0.674,"[""delivery"", ""communication""]",2025-02-28
ba11393a-5404-4c2e-ac17-1c8f548f91e6,486f7b67-46cd-4cde-8fcb-3f41afe4fa22,3a5f5378-b565-4550-9bc7-f2a8518f5e2e,1,Pricing was higher than expected.,-0.771,"[""pricing"", ""equipment_quality""]",2026-01-11
8fccdf15-a36f-4796-b1d8-58dc713f68f2,74166b54-578d-4e44-882b-45c9694a9729,9140b962-e47b-4bfc-b31b-b0b7744407de,4,Very satisfied with the rental experience.,0.676,"[""communication""]",2026-02-22
62dc254d-2672-4f19-a0f7-cf65f44932ea,3025331f-701b-4c35-8cf9-a3f2e3f9a422,8e5dad0e-c1e2-4e0c-96a6-8186a1270fb8,4,"Professional team, will rent again.",0.842,"[""equipment_quality""]",2026-06-23
0287e939-f311-4ce1-9958-5d94acd647a1,d0bda241-2bb1-4a4d-9ebb-a56c96f85c7b,45ba1f65-3797-4419-b7f0-1fcc57d2623b,4,"Great service, delivery was on time.",0.613,"[""equipment_quality"", ""service"", ""communication""]",2025-01-14
9d8c12b1-3fa3-4032-b644-0156080af9d6,7be78260-7d5a-4304-b7fa-6d79f4325c18,ab741336-49b9-4897-a185-6611ab887838,5,"Professional team, will rent again.",0.695,"[""service""]",2025-10-01
d0191651-fc9f-4644-b0ff-aa30855464ea,edcd7270-7c38-4e2b-a544-37d79eae44b4,60b8c262-a1ba-4af8-8557-34251887b0ea,4,"Professional team, will rent again.",0.709,"[""delivery"", ""service""]",2025-10-17
7a4c815d-ba63-4ac2-b8ea-ae1e9a20d8a0,08f9d987-3b7f-4396-91af-3e88dba71842,abe35b41-6fe6-4c5f-a9e1-8111c9090b62,5,"Great service, delivery was on time.",0.929,"[""communication""]",2025-10-28
555114a3-0c65-4e8b-a66a-db963aa3ca68,7225b43f-3e06-47ce-8a9a-fafcacf310b6,feb4fe46-6bca-4258-b8e5-2f420a6d0c4b,3,"Decent experience, room for improvement.",0.583,"[""pricing""]",2025-05-09
1b7757e6-2662-47c2-a09e-19100dc97a0b,41143a63-c315-4909-8012-ac3adcf17520,61789673-dd80-44c8-bf31-fb4d5cd9d462,5,"Great service, delivery was on time.",0.813,"[""communication"", ""delivery"", ""equipment_quality""]",2025-06-07
557bd2fc-5afb-4d48-9930-7605a9335655,62ff3973-e6e5-498c-96e4-248eb59183e3,3bd1c097-3928-43c7-bb69-4296c8226ab7,3,"Decent experience, room for improvement.",0.309,"[""delivery"", ""pricing""]",2025-08-03
b6a24310-9efa-4a72-af26-de649d22fd7a,fa1aba87-5e36-4b91-8fe6-51843a62ecd6,348a3208-6667-4a80-a2f6-5bfecd763fc1,1,Machine needed maintenance during rental.,-0.153,"[""communication"", ""service"", ""equipment_quality""]",2024-11-18
c5c29af8-6185-406f-8ee8-380a4ddda9d0,c952a0f2-7625-4b7e-b1c9-927504aba3d2,f66d7608-be0d-47c3-a374-019efd9c9299,4,Machine was in top condition.,0.893,"[""communication"", ""service""]",2026-04-11
49084420-4682-4e29-89f1-a038d34d93f2,5229355e-2f81-4893-82cc-1a15fb16b26d,bc66ba30-6184-4b3f-bd52-a978f4178a7f,2,Machine needed maintenance during rental.,-0.816,"[""communication""]",2026-02-07
18d0ede0-0007-435b-b1a8-cd508d3f8541,abdec9da-09ae-4e7c-9e1a-2021fa40b6fb,4f1fe08f-634f-4f6a-bdd7-0bd8a2adcf2d,4,"Excellent equipment, worked perfectly on site.",0.93,"[""equipment_quality"", ""pricing""]",2025-07-23
9399ad90-a7b9-4cfb-ac76-19d28b77508a,f110fe84-2852-439f-b05d-e68449065be4,5abfff03-672d-4f1c-b1c9-de1ef282ccf9,4,"Professional team, will rent again.",0.939,"[""pricing"", ""equipment_quality"", ""communication""]",2025-03-21
42e7631c-3509-46f0-9bd4-41b5dbe3ee83,1ca9595e-b927-4c8b-a17f-323e0c283060,9e6cb108-b125-4b8c-a58b-c3a30a63740f,4,"Professional team, will rent again.",0.651,"[""communication"", ""delivery"", ""equipment_quality""]",2025-10-14
222e1e86-7db7-4442-84d9-fc44990836a5,538aca8e-9280-478d-8ee0-abab8238c773,27eca1ed-0a0a-45f8-89e4-06db74fba057,5,"Professional team, will rent again.",0.656,"[""pricing"", ""communication"", ""equipment_quality""]",2026-04-11
dda17111-9c23-4f18-877c-297b896a86e9,c3770f50-7096-4ffa-8ec8-3df91ff0f2c8,d73e91b2-c79f-4311-a162-0b4098e77e39,4,Very satisfied with the rental experience.,0.644,"[""equipment_quality"", ""pricing""]",2025-12-26
5d8ab515-28ed-4ad7-9f0c-6e030a4e3651,491f1311-7d04-417e-bd66-349490c29ded,3a7ca090-7853-4a64-9bef-ffc6227d0821,3,"Decent experience, room for improvement.",0.243,"[""communication"", ""pricing"", ""delivery""]",2025-02-22
e8d8ea29-0706-4499-b578-7538256f4e0c,3b4c197c-5f64-405f-998b-18fed0deefea,44f4c7ee-e7f4-4809-b6c5-692a15ac7357,1,Pricing was higher than expected.,-0.315,"[""pricing"", ""delivery""]",2024-12-22
39d5a86b-28d4-4ef6-b0e4-6392bb45572e,051f3965-8927-4e21-aa88-d1eaccf7ff9b,ca3e8ad2-478a-401e-af31-7c23979c7a24,4,"Professional team, will rent again.",0.726,"[""communication"", ""equipment_quality""]",2025-05-17
e2fdd774-1b06-430b-8104-3f313f3db21a,41143a63-c315-4909-8012-ac3adcf17520,f7783e12-7977-4831-8692-c3e45188ca55,2,Customer support could be more responsive.,-0.991,"[""service"", ""delivery"", ""communication""]",2024-10-02
d1de2702-8e43-44c1-9343-8e4e5e450d98,2138c6c8-dd06-4493-96dd-1325c5d121f7,31a9c434-1871-4187-b382-be2722ae5583,4,Very satisfied with the rental experience.,0.709,"[""communication"", ""equipment_quality""]",2026-07-03
5c94dbb4-08ee-4292-a358-1e0b3894d804,f28f4751-3cf3-4c7f-ac99-d9e9df03a0bc,c1ab9533-a0d5-44a1-ad41-9f1cb66fbfc1,2,Machine needed maintenance during rental.,-0.594,"[""delivery"", ""equipment_quality""]",2025-07-10
f0b533b6-013d-4288-b959-1bf3c29b2ac2,199ab532-fb75-4ff6-bfbc-e060064f2799,9ba20a97-e46e-4f53-a7ed-cc3513e789d0,3,"Decent experience, room for improvement.",0.33,"[""service"", ""equipment_quality""]",2026-07-22
237e68be-2bb0-43c3-ace6-8770ddb0593b,da67d85f-a261-4fb5-9a01-a173c4464f0f,ca77b14b-4c34-4856-bb2d-0647734766c8,4,Machine was in top condition.,0.65,"[""delivery""]",2025-02-15
78918fbe-eb67-4202-83d7-e31c3655b05c,3d8caf5e-9d53-4f05-b29e-946dfba7efc1,8e65395f-c9e6-4552-b09f-878ccafcd10c,3,"Decent experience, room for improvement.",0.443,"[""communication""]",2026-04-23
2431e8d1-45af-456d-875b-bcd6dd149c41,e538d010-b52c-4c23-afe0-077b50aabbfa,e6174de3-8d0d-47ab-a511-73336f32c9de,5,"Excellent equipment, worked perfectly on site.",0.884,"[""equipment_quality"", ""service"", ""delivery""]",2026-06-23
8226366b-ee55-4ad0-b510-565a5dcb0cf0,1e991cc8-c30a-4746-820d-c630e21ff5be,9af1053b-b882-40cc-9b91-cdb1307a71b5,1,Equipment had some issues during operation.,-0.882,"[""equipment_quality"", ""pricing"", ""communication""]",2024-11-19
b604e251-5637-438c-9902-a40e3540c286,08463e2c-bb4c-4072-9776-41809b410c82,0a478104-7a95-404f-853e-28438ff52d11,3,"Decent experience, room for improvement.",0.582,"[""service""]",2025-01-13
8d400a36-37be-44b3-b652-03cd6777684b,70fc6cc4-7bba-43b6-8cd8-314987426792,783d79fc-1d51-4856-8c72-f415eaa87d49,3,"Decent experience, room for improvement.",0.274,"[""pricing""]",2026-05-26
bd80447f-9f23-4bbc-b23b-892212f060e3,82ea7a64-63ee-4c10-80a6-fdcc7d322da6,48320c20-f088-4dbc-8211-a7309a0d3b61,5,"Great service, delivery was on time.",0.764,"[""equipment_quality""]",2026-03-04
6a620b75-2938-4e62-87dd-17660ca2edd5,4ecea141-5d6c-46e0-93f0-274c9ede4ec1,69912cd5-e633-49f7-8af0-a8b1219a0ee2,3,"Decent experience, room for improvement.",0.209,"[""delivery"", ""equipment_quality""]",2024-09-05
0c5a1504-4a0d-4d22-9772-b4ab6b5726c8,d6aa75f7-44c7-4fd7-9ef1-afc61e81fed5,7d442eb2-6128-4c94-845f-eac4aa4026da,2,Delivery was delayed by 2 days.,-0.505,"[""equipment_quality"", ""communication""]",2025-08-30
89275544-71c0-40d2-8b58-49e2f0d5d89f,03bbff31-a890-4d49-a6df-3269f635750c,63fcf1e8-9378-461a-a90a-dbc4404dc230,3,"Decent experience, room for improvement.",0.509,"[""equipment_quality"", ""pricing""]",2025-12-09
e898e614-ef8e-42b5-97c3-928e4790aef9,a14deceb-f9b0-4286-a069-9c291a911000,7d39b673-f8da-4747-bf72-cc3839ab3e45,3,"Decent experience, room for improvement.",0.538,"[""service"", ""delivery""]",2026-01-18
87525bfe-2f65-49ba-98be-dcf9ea03e488,199ab532-fb75-4ff6-bfbc-e060064f2799,7ea5bdf9-f605-4bdc-a5fb-4d8c9ceb39c0,4,Machine was in top condition.,0.62,"[""service"", ""communication"", ""equipment_quality""]",2025-04-20
3dac8d89-f36b-41f5-8e62-a7c551fab5c4,4ecea141-5d6c-46e0-93f0-274c9ede4ec1,ddff1d5b-46a1-4ad7-9d5e-fb88a317c4e9,3,"Decent experience, room for improvement.",0.285,"[""pricing"", ""communication""]",2024-12-15
3072029e-cdeb-4e18-add4-93960191a834,0947586f-39c5-4479-a564-3d1a8d05415a,97e892f6-9322-4861-aeb2-77eab43b0646,3,"Decent experience, room for improvement.",0.474,"[""service""]",2026-06-18
a35058b5-e43c-4476-bb4f-e56118e3313c,d1eb15d7-77f7-4b80-bd0d-9739aa82f636,1f773696-6334-4c3f-bc44-4dcfcb3d179c,1,Customer support could be more responsive.,-0.982,"[""pricing"", ""delivery"", ""equipment_quality""]",2025-10-21
d2e25f6b-b5aa-4d8e-a390-16fa87736442,713a8773-913e-4531-a453-18bf5e372f56,fb8916ff-20b4-4061-b450-f00c9037d658,5,Very satisfied with the rental experience.,0.94,"[""communication"", ""delivery"", ""service""]",2025-07-23
abd52b41-9ceb-408e-abc1-b7093cb865c9,5229355e-2f81-4893-82cc-1a15fb16b26d,b664165a-72dd-45c5-aa69-9a86b528be23,5,Machine was in top condition.,0.721,"[""pricing"", ""equipment_quality"", ""delivery""]",2025-07-04
3d830819-0c17-405b-9c31-7b7ec547fb98,80dd0ed4-9c7d-48c0-8339-6e503fe87e92,9fdd9b7d-4087-4b76-89e3-741e7015d0b4,5,Machine was in top condition.,0.61,"[""pricing"", ""service"", ""delivery""]",2024-08-21
52d76c4a-d63b-42e5-97a9-27a8d993f667,17a3dd98-8ad3-4bb9-8be0-49f3d54b5163,987bec4b-2550-48f9-be51-f11a5ed1aa61,5,"Excellent equipment, worked perfectly on site.",0.908,"[""equipment_quality"", ""delivery""]",2024-12-25
262252e4-d98f-4417-b6b1-de6235d63e97,4212e07a-0023-405f-9bf2-105bc07b5250,345329a4-59ed-4794-908b-78bf568ce637,2,Pricing was higher than expected.,-0.945,"[""communication"", ""equipment_quality"", ""service""]",2024-08-24
456a0822-e3a7-4e05-a381-617569a4b062,82ea7a64-63ee-4c10-80a6-fdcc7d322da6,b5f7aafa-da39-4b3a-a16d-4bbee7a281fa,5,Machine was in top condition.,0.611,"[""equipment_quality"", ""pricing"", ""communication""]",2024-10-14
2748d867-095a-4606-a303-117a8e384113,4dc709ad-2e2f-4b45-b074-916f303a400a,2fd39a6e-941e-48b5-8d19-67d73fbc0845,3,"Decent experience, room for improvement.",0.527,"[""service""]",2026-01-24
18f47c45-88e2-4881-92b2-22eb712b7585,0afc5ef1-d838-4cba-848e-160931cb192f,cf4de742-623d-415a-a823-887790cd5486,1,Machine needed maintenance during rental.,-0.163,"[""equipment_quality"", ""pricing"", ""service""]",2024-10-15
a91e833b-5eaa-4f3e-a734-7597173483c7,2b04ea90-4ead-4b58-912d-a64ec9694a0c,f365006f-1f95-4a0d-932c-db64213ddcfa,4,"Professional team, will rent again.",0.754,"[""communication""]",2024-08-14
20c84bff-815e-40db-9e12-2c6e7d25d36f,d5b53c1f-34b8-4676-b971-7229d4d85131,4183043d-0bd1-4dd6-8834-84edcb0b0731,3,"Decent experience, room for improvement.",0.531,"[""service"", ""communication"", ""equipment_quality""]",2025-02-22
c421577c-0a42-41b4-a5d0-2622378b12a5,cd65fec9-7248-44f5-bcb2-10f5841b02bc,17afea9b-ca27-4e44-8fd1-d2a74f7f215b,5,Machine was in top condition.,0.867,"[""communication"", ""delivery"", ""equipment_quality""]",2024-09-21
eebf9ca2-ae0d-4ac1-9f96-a47167f9f86e,694fca20-72e6-47d5-b246-acc57eb09b95,3ae28dfb-b8a6-400a-9791-5c98f22048e3,1,Delivery was delayed by 2 days.,-0.185,"[""service""]",2025-05-06
279842fb-31eb-4d8f-9b7e-918bda4dd4e4,e7def941-4235-4802-83bb-ab6146c36cda,8ebc54d1-80ce-4d9c-a64a-5c1c81acfe08,5,"Excellent equipment, worked perfectly on site.",0.797,"[""pricing""]",2026-01-31
d7c2669b-091f-4b30-ba3a-f61ed3477ebd,2fec9e6e-b82b-481d-ad04-917244574aca,063dfe9b-7837-46d7-9a5f-c540fc77ed3e,5,"Excellent equipment, worked perfectly on site.",0.971,"[""pricing"", ""delivery""]",2026-06-08
760f6a4a-da09-4766-9ab9-385eb54cc575,8a6e77c0-52cb-43a5-93a6-040dcddc850e,b75f3783-4a6d-477f-8fcc-c7a987f4c5eb,3,"Decent experience, room for improvement.",0.215,"[""communication""]",2025-08-08
6e86f58d-5850-4e4f-822b-76d2f7500c32,c0c51c25-3f97-4979-880b-2c73da0069c5,5f31d65b-ea4f-4203-9d89-eb0357d173cb,3,"Decent experience, room for improvement.",0.46,"[""pricing"", ""delivery""]",2026-07-09
5e6675c5-d521-4636-842e-b74b4797c74c,23edac92-2354-4178-a4a0-5d165c377eb8,9cb9d651-c7cf-4716-b9d4-e48415196c99,5,"Professional team, will rent again.",0.638,"[""delivery"", ""pricing""]",2026-04-20
6dfecba3-ce1c-4af0-8b09-2cef5fa8f426,b00e9788-a39e-4b89-81d7-403c66ee6f0a,93254571-3a93-49ff-bc1c-a4e2e4991c26,4,"Excellent equipment, worked perfectly on site.",0.896,"[""delivery"", ""equipment_quality""]",2025-12-13
e73a8b1b-b970-43e2-afae-8867daff26cb,f2097674-89c1-4f81-8ddc-810c9bf9a0e0,149e4ef5-c030-4878-8d44-d6691fae0f1e,4,Very satisfied with the rental experience.,0.837,"[""equipment_quality"", ""service"", ""pricing""]",2026-02-13
abc16327-1e6e-4247-b03f-98b10cf8d6a0,c952a0f2-7625-4b7e-b1c9-927504aba3d2,9734f780-e19f-45ab-9eaa-349d17489999,5,"Excellent equipment, worked perfectly on site.",0.813,"[""equipment_quality"", ""delivery""]",2024-12-31
099f4b9d-6d7c-448e-bd0b-d9fa27f529ea,5bbb14cf-9dad-4bbf-8aed-4e2e30dfeb16,30195f31-d9e7-498f-8f43-362b2a70962c,2,Equipment had some issues during operation.,-0.828,"[""delivery"", ""pricing"", ""equipment_quality""]",2024-10-30
04f898f0-f37d-4881-b4aa-ebe3771e09f5,fb0c3e25-1d16-4efd-8056-2fdcdd4dd869,ed751ad0-8625-4f39-a9e4-f8ec77e9c10e,1,Pricing was higher than expected.,-0.386,"[""pricing"", ""equipment_quality"", ""communication""]",2024-09-22
f7c51bf2-fa11-4645-a2b5-b793945c611c,f3e717f8-eb3a-44a2-b0ba-922a53b43780,474fde39-e33b-4a1c-8d28-a5c367504216,4,"Professional team, will rent again.",0.851,"[""service"", ""communication""]",2024-10-12
be7b7b56-30f6-43c9-a63e-ee11b21d3470,694fca20-72e6-47d5-b246-acc57eb09b95,5673570c-4611-40ac-827d-26ed1cc91abc,3,"Decent experience, room for improvement.",0.319,"[""communication""]",2026-03-09
c95d7229-11ae-4bbd-9b45-0c738b20bab2,f110fe84-2852-439f-b05d-e68449065be4,24b5cfd9-1c5a-4373-9394-e6bc18a01c3b,3,"Decent experience, room for improvement.",0.549,"[""communication"", ""service""]",2025-04-03
12ee716b-83da-4618-a571-e562d3ca0513,4cf6ec55-a7f7-463a-b26c-5fa9ecff193c,0f4dc203-39c6-47b9-8dd1-bc50c954757f,5,"Excellent equipment, worked perfectly on site.",0.955,"[""delivery"", ""pricing"", ""service""]",2025-12-14
e0ddf382-d70b-44d4-920b-e9be915cf0e8,6c9fc10c-2676-4cb2-a180-6b6c7d05b723,77f5b611-0627-450b-b8d5-fa07921577f7,4,Machine was in top condition.,0.942,"[""equipment_quality"", ""delivery""]",2024-09-08
abcbb71d-ef33-43bf-b2fc-18aefff2d25e,4aafaf10-24f7-4d03-90f9-189f498d73df,38f37610-32b7-4edc-b8c7-60fc2ea8a8b2,4,Machine was in top condition.,0.906,"[""service"", ""delivery""]",2025-01-08
87eae612-e58a-4254-8d4b-c5be3a94f045,4cd3d45f-6184-4db5-b59f-ba7054a54284,9eeb704f-9a3d-4265-833c-77a0a89a3f1d,4,"Excellent equipment, worked perfectly on site.",0.807,"[""service"", ""communication"", ""delivery""]",2026-04-10
4e57c26f-5bf8-450e-9c6a-4c20359a868e,2138c6c8-dd06-4493-96dd-1325c5d121f7,f176e36e-5982-4b21-b773-263a4506d56a,4,"Excellent equipment, worked perfectly on site.",0.628,"[""equipment_quality""]",2026-03-25
f72516de-0a4e-4df2-bfa1-bbe49202ab16,b9c115e9-ca7b-47d9-8da3-3bcc260b618a,630b74ae-2fb0-4b9d-b4ff-a564530465d1,4,Very satisfied with the rental experience.,0.605,"[""delivery"", ""equipment_quality"", ""service""]",2025-06-03
15e36182-04fc-4fa4-a73f-234ecba34867,707938a2-022a-47a4-8b9d-b4d50b26a0cc,03c7c96e-2e64-4188-b40e-c67bcf3c894c,1,Equipment had some issues during operation.,-0.392,"[""service"", ""pricing""]",2025-11-25
a4cbc0d2-13dc-4165-995b-50083b181e25,c6f3db6b-c7d1-4e65-93bc-535cf64e3e62,16f8f5b4-0506-498a-8a79-297bdbf78aab,3,"Decent experience, room for improvement.",0.336,"[""communication""]",2025-11-19
2a2d4296-d29c-4236-8adc-3b6ab72ad5dd,903f381d-cf42-442d-b02b-9a4b7e7495cd,ef951b0e-e3ef-4bd1-a571-42c15b2696ea,3,"Decent experience, room for improvement.",0.517,"[""delivery""]",2025-07-21
dc38e5e1-4bcf-4111-b321-848724009991,6571075a-673b-49e1-ae95-2c30b0df2081,e0eca8da-8c2c-4b85-8df3-87f07f8841d8,2,Equipment had some issues during operation.,-0.726,"[""equipment_quality"", ""delivery"", ""pricing""]",2024-09-11
13b2ff3b-7bc2-47c5-a94f-25496b65cdbb,70c2eb70-4638-460d-8ab5-33be24e73ae9,69b9172c-edb1-4409-b0a0-ecbf2e5f4e58,1,Machine needed maintenance during rental.,-0.742,"[""equipment_quality""]",2024-11-26
64bc4cb2-fd0a-4d34-9258-3564d08ae3f9,5b32d7b1-04db-48ac-aaf5-d121a60ded76,2ccfed9b-3764-43fe-b37a-2da2b437a76b,4,Very satisfied with the rental experience.,0.742,"[""delivery"", ""communication"", ""service""]",2025-09-12
0e4b62e3-5cce-474d-9206-58618e07dd13,66c02283-de0d-46f3-b44b-99873c9895d9,32e8586c-bb42-4745-8781-125e7a80d923,4,Very satisfied with the rental experience.,0.946,"[""pricing"", ""service"", ""equipment_quality""]",2025-09-19
96ec8eb2-6432-427d-a57c-b82ade876c5a,50f7f647-fd6e-4699-96d0-2f4d2c435f9e,8274910b-838f-4b08-8200-c32410f3494d,4,"Great service, delivery was on time.",0.646,"[""service""]",2026-03-27
5adaf561-8f5e-4efe-8232-9b22de4f3129,f3e717f8-eb3a-44a2-b0ba-922a53b43780,e5d31b78-7bd7-4e47-ad11-b689d59b3ff7,5,"Excellent equipment, worked perfectly on site.",0.944,"[""service"", ""delivery"", ""equipment_quality""]",2025-07-17
67858eb7-d02a-4b7e-8729-2063340ad8f8,3b4c197c-5f64-405f-998b-18fed0deefea,2e493232-b96b-41f5-9e12-28adf2bc8433,2,Customer support could be more responsive.,-0.586,"[""service""]",2025-10-09
b0ef47d0-fe0d-4f74-9cf1-f0be0191e2d2,56293ff7-3050-4f6b-8df0-cef39f0c8800,b9ddc5ff-cae6-4ded-b4ba-bf2e2c0ea63c,5,Very satisfied with the rental experience.,0.857,"[""delivery"", ""communication""]",2024-11-27
a3907c29-22e6-4ec6-9f7d-f917c9e681d2,6c9fc10c-2676-4cb2-a180-6b6c7d05b723,999285e1-5eb7-4d78-a7b4-451e6ae56bbd,4,"Great service, delivery was on time.",0.96,"[""delivery"", ""communication""]",2025-08-05
b6546c41-7152-438b-bd5e-e50ccb2eb475,4212e07a-0023-405f-9bf2-105bc07b5250,df092c69-debd-4a9c-8f53-347e2c048986,4,"Excellent equipment, worked perfectly on site.",0.788,"[""pricing""]",2025-02-27
3cd91635-75dd-45c4-9aac-cec9507762cd,6a9e9061-7336-48ff-bc33-3537b6f922a6,f88e086c-b420-4ff9-8935-3b39afc70bd1,5,Very satisfied with the rental experience.,0.966,"[""communication""]",2025-05-12
e05396d1-42b5-4abd-a4e9-6740a9be4f0d,f29c5b00-a6fe-4b3e-aa63-d9cf9fd74d48,16b1dab6-f423-4488-8c8d-27fbdb21a5df,4,"Professional team, will rent again.",0.635,"[""equipment_quality"", ""communication""]",2025-03-22
4796387f-b14a-4dd4-bdcb-67f22f43d4f1,30012bd6-63e1-4c37-9f7c-71cb2aede345,e6e67636-9d2f-4022-bff1-a227b2534b05,3,"Decent experience, room for improvement.",0.574,"[""equipment_quality""]",2025-02-16
b6a76ece-ace7-45aa-957f-6973d51e0c65,4136fcc5-d418-41b8-ae83-3c128d430cf9,814d6a84-85ff-4b5b-b61d-4d1651fb78bf,4,"Great service, delivery was on time.",0.936,"[""communication"", ""pricing"", ""delivery""]",2026-04-06
8a5ab444-e4ed-47c9-be33-90f87f8ebb1e,a5fcd9c2-0c09-4826-8cf7-928389e787ad,76ad1045-9f8b-421c-8689-87ef6e940566,5,Machine was in top condition.,0.683,"[""communication"", ""equipment_quality""]",2025-12-04
4007c518-d73e-41c6-a42c-b544935ce16f,bba0a92a-9bde-4c8f-869f-eca467215e00,c0800981-30cc-4bdd-b15b-15e90a11ad5a,5,Machine was in top condition.,0.851,"[""equipment_quality"", ""service"", ""communication""]",2024-09-03
b3988630-5198-489c-8903-473b75a6b26c,9888ccc8-2785-40b0-85db-04f4d4a34792,fe13ea83-ed03-4312-863c-7f1a31930985,4,"Excellent equipment, worked perfectly on site.",0.836,"[""service"", ""delivery"", ""pricing""]",2025-10-10
f3a4b157-4ce8-46a4-ac6d-23205f56e96e,d6167d47-7515-46db-9313-a2084b507ebc,6956f212-8c7e-4bb1-a1c4-3e9dc1d0b633,4,"Great service, delivery was on time.",0.894,"[""service""]",2024-11-01
787c7101-70ef-4513-8edb-9be7a7940d1d,503ca1d3-a10d-40ee-a3fa-d96d29036cef,7bda8818-24ec-4f19-9f85-2c640dbb8563,2,Delivery was delayed by 2 days.,-0.851,"[""delivery""]",2026-07-07
8914d17a-fc3b-49bc-b32b-16493b0ed429,84428284-9b3a-43cd-a5fd-befb2cf188b7,e0dca290-4312-4e7c-9e5c-3f9cc8ca5728,2,Customer support could be more responsive.,-0.43,"[""delivery"", ""equipment_quality""]",2024-10-01
753707c7-9ab4-428e-8923-fdd8bb30ecb1,bd93a9bb-94e7-4f6d-8f65-2dcf2da5d86b,05c6e11f-bae9-42cf-be63-611cb27d417c,5,"Excellent equipment, worked perfectly on site.",0.902,"[""equipment_quality"", ""service"", ""delivery""]",2024-11-24
8199804a-446e-480a-a48a-166224ead0ba,2c6b1689-bda3-4937-9079-0d528e35dbbd,c79089a0-442a-48f8-a740-c4d164eea370,4,"Excellent equipment, worked perfectly on site.",0.877,"[""pricing""]",2025-02-02
efae8351-5848-45b5-a90c-183e7bf035e9,3bdc9a49-d23d-462a-81fc-e0a0c85272e3,2d2097c0-bfea-43b7-871b-c4d6405d4406,4,"Excellent equipment, worked perfectly on site.",0.618,"[""equipment_quality"", ""delivery""]",2025-09-21
2cbe3975-5632-4d53-b512-947347023c48,012b7f96-c4b3-41ee-ab40-fa4c408c1e1e,bece9470-8ed8-46cd-9f83-b1804519242c,5,"Excellent equipment, worked perfectly on site.",0.82,"[""pricing""]",2024-10-26
d40170be-00cf-4e72-bf5c-721e57a58f4b,ab04e845-df18-47cc-a8ce-c436e66303d8,a287667f-5168-44ee-b880-0fa3b5d62aa1,5,Machine was in top condition.,0.943,"[""service"", ""communication""]",2025-07-05
3e3da6fa-0693-4e11-a5cd-8eaf23acf206,c83f1960-2dde-43f1-971a-6c8d6cc13c53,1268f582-abb4-479f-b4f5-98ed5709650e,3,"Decent experience, room for improvement.",0.211,"[""equipment_quality"", ""pricing""]",2024-10-13
8223d63f-6f83-4a15-a100-2693625e5a77,3b4c197c-5f64-405f-998b-18fed0deefea,3b5e80d9-f2fd-47c1-8a4b-ae69c3abdf49,4,"Excellent equipment, worked perfectly on site.",0.726,"[""service""]",2026-06-22
5ae50c92-100d-462f-b662-87b7f6bd4d3e,fa5b0920-dbe9-4b44-a70c-393ffab78137,3977c6ef-a173-47b8-8256-34556c6cdf72,3,"Decent experience, room for improvement.",0.505,"[""pricing""]",2024-09-11
39d930d4-851a-4f53-b123-8ce8e99d6375,4cf6ec55-a7f7-463a-b26c-5fa9ecff193c,a0eed80b-7bce-4fac-921a-db40ed31689e,5,"Great service, delivery was on time.",0.769,"[""delivery"", ""equipment_quality"", ""pricing""]",2026-01-31
01414519-c1ca-41b2-b23d-433f474586f5,d0bda241-2bb1-4a4d-9ebb-a56c96f85c7b,9024875b-9e47-4aa4-9878-8581c92e1cec,4,Machine was in top condition.,0.905,"[""service""]",2025-08-11
a6cdb5ad-75b9-46e2-a296-3c21625f84cf,33411ea5-6f70-4054-81aa-fb7279cc456e,8a661a26-0cd3-443f-8b54-24e92ced5d36,4,"Excellent equipment, worked perfectly on site.",0.69,"[""equipment_quality"", ""communication""]",2025-07-16
31e6e8ca-f34f-4353-ab61-debe1a7a3258,d4f0e86e-a355-434d-961a-b9597212aea3,b9713533-8993-432f-8850-70d4ea6dc548,5,Machine was in top condition.,0.979,"[""service"", ""delivery""]",2026-01-29
17cb65a2-237f-4fba-933c-88e510e92f47,c200ec03-44b1-4949-8427-a625ec4741bf,9d003a33-c966-42e7-be95-b80d0b2ee8db,4,Very satisfied with the rental experience.,0.782,"[""pricing"", ""service""]",2025-07-20
e30f1032-ccf2-41f0-aa9d-e93d0501f7d5,0947586f-39c5-4479-a564-3d1a8d05415a,b4313844-ca4e-4849-bd2f-4a94459bd78d,5,"Professional team, will rent again.",0.657,"[""equipment_quality"", ""delivery"", ""communication""]",2024-10-27
44977e9d-95e6-4139-b7e3-693c0e53657c,6beaae34-f8b5-48c9-8cf2-f3ccbacd1bbe,d030f3e5-5490-4fdd-8058-62e30780d7e3,3,"Decent experience, room for improvement.",0.218,"[""equipment_quality"", ""communication"", ""delivery""]",2024-10-30
7d1be3cd-23d6-473b-a67a-12bc397f7913,421634a2-1632-4e68-8f4c-2c882284ce4a,2946d1ab-caa2-4f9e-8d01-f6a56a20712f,5,Machine was in top condition.,0.945,"[""pricing"", ""delivery""]",2025-05-22
d49058fa-14e7-408a-8295-ccc22205373c,6e2e99a4-a052-4bbe-b097-030dc3c65633,4a2bd7c2-eb54-4997-9374-c83253b12274,5,Machine was in top condition.,0.696,"[""pricing""]",2026-02-28
ecef26b6-7165-440f-ae12-cb1acd81b978,2b04ea90-4ead-4b58-912d-a64ec9694a0c,c840438d-77b7-4917-89e5-386e004ae7a6,5,Very satisfied with the rental experience.,0.952,"[""service"", ""pricing"", ""communication""]",2026-02-19
f5c9fbfb-c52c-45b4-8326-4fa5b080ccb3,875ba428-18a8-4688-8ae3-6f0274a5017b,b40472df-73e0-4805-bfd4-0aa6d17d5e56,2,Customer support could be more responsive.,-0.21,"[""delivery"", ""communication"", ""equipment_quality""]",2026-06-27
caa87263-efd4-4cb3-b670-062b0b9fd0a4,199ab532-fb75-4ff6-bfbc-e060064f2799,9ba0d419-5e0e-4bc2-8db1-e3a12fe82e09,5,"Great service, delivery was on time.",0.832,"[""communication"", ""equipment_quality""]",2025-06-13
ffd60d85-8fb3-459a-bae7-86f5635f31d4,a5fcd9c2-0c09-4826-8cf7-928389e787ad,8f842a97-b42a-4cd3-9d60-c8e8ab03f586,4,"Excellent equipment, worked perfectly on site.",0.718,"[""service"", ""communication""]",2025-12-18
6d940573-52cf-4e8d-b2f5-3c03a9581ce4,4136fcc5-d418-41b8-ae83-3c128d430cf9,b13f49b1-b770-44cc-8f25-eb060acc4b97,3,"Decent experience, room for improvement.",0.441,"[""equipment_quality"", ""delivery"", ""pricing""]",2025-04-16
29433550-e9ba-4368-a48b-492f1cbbb133,2fec9e6e-b82b-481d-ad04-917244574aca,11898e18-5807-4ce7-b2d6-b743fc11da18,2,Delivery was delayed by 2 days.,-0.102,"[""pricing"", ""service""]",2024-10-20
59e5e6dd-ff10-4a75-8cb5-db38b87bc06d,3b4c197c-5f64-405f-998b-18fed0deefea,21f2b9c6-5905-49af-b00a-851938ead1af,4,"Professional team, will rent again.",0.692,"[""equipment_quality""]",2026-06-05
0f3cd3ca-997d-4be9-9dc2-2f4768da9475,f56dc739-0cae-417b-b7b4-5b1b8a53c810,2163c896-95d1-4452-b318-fc65ac845777,5,Machine was in top condition.,0.821,"[""service"", ""equipment_quality"", ""communication""]",2025-09-30
649ae318-40b0-4c38-81cf-1de1baeeb09a,421634a2-1632-4e68-8f4c-2c882284ce4a,9e73c006-2979-483e-be20-81006d2ec763,4,Machine was in top condition.,0.635,"[""delivery""]",2024-11-30
14468abc-0d83-48c9-a3b9-f95d893ac60d,4cf6ec55-a7f7-463a-b26c-5fa9ecff193c,ff974490-1cd5-4935-8723-772c4e70cceb,4,Machine was in top condition.,0.744,"[""equipment_quality""]",2025-07-08
7474c754-a36b-4652-9afa-a6b117f2127e,d1eb15d7-77f7-4b80-bd0d-9739aa82f636,283ccdef-3ba2-4f2c-a9f1-b5dcc19a98b6,5,"Professional team, will rent again.",0.881,"[""service"", ""equipment_quality"", ""delivery""]",2025-02-01
eca06ccd-50be-4001-a2ad-a9a36e34118f,4212e07a-0023-405f-9bf2-105bc07b5250,7cf265b1-0577-4e7e-ab00-80011089ec2c,5,Very satisfied with the rental experience.,0.868,"[""service"", ""pricing""]",2026-05-18
67420a39-f17c-4c5e-b58e-dcd65cbe8990,5a50c836-ec68-4aeb-9182-abd10c298a3c,910d96b0-a0c5-4de3-859c-ecb8599cafa8,2,Customer support could be more responsive.,-0.552,"[""delivery"", ""pricing"", ""communication""]",2025-10-16
32289caf-f61c-49a6-ae4c-e0e093b367c6,3d8caf5e-9d53-4f05-b29e-946dfba7efc1,f6b8cb22-bc7a-48c5-918a-9a2aacac5430,4,"Professional team, will rent again.",0.819,"[""delivery""]",2025-06-05
ccf6c289-a930-4304-8a07-2ed793d53f2b,abd04790-170c-4c35-822f-32406f606ca5,ee59e90d-d139-493a-937e-220471981d00,3,"Decent experience, room for improvement.",0.223,"[""communication"", ""equipment_quality""]",2025-08-07
0c57ce27-39b2-4730-8f17-9a31361a2172,a8d63531-e89c-4faf-8671-b1dda0f09256,abed0d77-1186-4ee5-a7ba-4bd9fbdfb0d8,4,Very satisfied with the rental experience.,0.917,"[""pricing""]",2025-02-02
44efbfae-0c0d-4c2d-9240-d597a251fc58,7225b43f-3e06-47ce-8a9a-fafcacf310b6,8ff601bd-3f4c-43a2-8551-20430ed1e064,3,"Decent experience, room for improvement.",0.278,"[""equipment_quality"", ""service""]",2026-03-28
c5581dbe-aecf-4b3b-9a05-17361b4c1ce0,926a6948-12d2-420d-b960-eaaca6965dbd,aed9df39-6da3-4eb3-b3e4-a062d119ea9b,3,"Decent experience, room for improvement.",0.531,"[""communication"", ""equipment_quality"", ""service""]",2026-05-01
9050d36e-07e7-4835-ad4d-c5f21a703341,4dc709ad-2e2f-4b45-b074-916f303a400a,4d9fc765-2593-4d2d-a114-8f0fca0b56d7,1,Delivery was delayed by 2 days.,-0.673,"[""service"", ""equipment_quality""]",2025-09-26
aa6c98cf-6997-4ee5-b776-d774c4b4bf93,86c3a2ec-f32e-4da3-8174-6e60c5702ac8,a78ab07a-96e7-47a4-93da-36c33d6339d1,5,"Professional team, will rent again.",0.915,"[""equipment_quality"", ""service"", ""delivery""]",2026-04-12
7f7a037b-8a60-4046-8030-caff70e84bf5,9888ccc8-2785-40b0-85db-04f4d4a34792,17ef5bc5-6b14-47e9-aecc-c5eb0a560f0e,5,"Great service, delivery was on time.",0.741,"[""delivery""]",2024-12-03
ce3c640a-9c67-44e9-a3ba-0a2d60da818f,04b23723-2b58-4f4d-adc4-05e0ea43c46c,2d99878a-965f-4020-930a-4a02f82d4d11,4,"Professional team, will rent again.",0.967,"[""communication"", ""delivery"", ""equipment_quality""]",2024-08-28
82ff4613-3818-4d8b-8fc9-fd44df7fd36c,8afccdd5-a2a5-4249-b270-330d173f26df,de122d59-282f-4ef6-84a5-53c25cedaf75,4,"Excellent equipment, worked perfectly on site.",0.736,"[""equipment_quality"", ""pricing""]",2026-02-14
d37b306b-4add-4a86-9453-16623d9433ad,1ca9595e-b927-4c8b-a17f-323e0c283060,9cdd9f1c-5209-487b-a6af-ea2b7a87282c,4,"Great service, delivery was on time.",0.767,"[""pricing"", ""communication"", ""equipment_quality""]",2025-04-13
5ac73a2b-fe10-4537-921e-20334fd56430,694fca20-72e6-47d5-b246-acc57eb09b95,b8195404-40a6-4fdd-a7c1-a6bba5b89527,4,"Great service, delivery was on time.",0.809,"[""delivery"", ""communication""]",2025-06-18
9647a5c8-4dff-45c4-b7fa-1ef19e9eebad,2138c6c8-dd06-4493-96dd-1325c5d121f7,9979cdd7-93c1-47e2-adc9-e6fd6cf4c152,5,"Professional team, will rent again.",0.671,"[""pricing"", ""delivery"", ""communication""]",2024-08-06
4ce60d4f-17e2-4e72-a4ff-5118a38ffbc8,654dddf4-fb54-4de8-bed2-79ced8278028,b847cbfd-11a9-43f9-b241-7ce73399a772,1,Pricing was higher than expected.,-0.37,"[""pricing"", ""delivery"", ""communication""]",2026-06-03
23a2bedc-39e0-43fb-a064-5f7c0ab6decd,09736450-0e25-4edf-a45e-d720556b1e1f,0645e07d-9ac4-46c7-a562-18db830547f4,4,"Excellent equipment, worked perfectly on site.",0.758,"[""delivery""]",2024-10-19
139a0795-24ac-4598-8b29-221f5d160c8c,d6167d47-7515-46db-9313-a2084b507ebc,d63b505f-3830-4751-8d06-32aa528a33bc,5,Machine was in top condition.,0.724,"[""pricing"", ""communication"", ""equipment_quality""]",2024-09-05
e506810d-44f0-4b8e-a6c2-7d4511e5cf5a,95597854-a085-466e-a612-48423db319be,67dc205a-af27-4079-8023-882302715c2c,4,"Excellent equipment, worked perfectly on site.",0.69,"[""pricing""]",2025-06-21
2a903b47-d93f-412f-99eb-1285a8f79664,3f483723-85eb-43fc-aa06-a41e4b92850a,ab3d8925-6f45-497b-8a8b-51ff89dfd469,4,"Great service, delivery was on time.",0.734,"[""delivery"", ""pricing"", ""equipment_quality""]",2026-03-06
1b6125c4-b8a3-4bca-a7ba-0c09581a6579,3de1dd21-eedf-4ff3-95ef-50dd9fc1147d,8ef2a372-8951-45f2-86fe-df86ccf16dca,4,"Professional team, will rent again.",0.685,"[""pricing"", ""delivery""]",2025-08-14
ff362bd7-0e14-4e19-b24e-121f5816c548,70c2eb70-4638-460d-8ab5-33be24e73ae9,8d92e4d8-fb9b-46de-9f70-070dfbca1928,4,"Excellent equipment, worked perfectly on site.",0.81,"[""delivery"", ""equipment_quality"", ""pricing""]",2025-02-04
1c6c028e-6ed1-4c8b-9cf5-e19d8a800233,0bd1b1eb-11c6-49df-88eb-31691f867bf5,5ad98ea0-ff57-4496-a973-30c71a5a2ad8,1,Machine needed maintenance during rental.,-0.354,"[""equipment_quality"", ""delivery"", ""communication""]",2025-05-01
5560c0ce-32fb-4552-9f72-c4bc4c4809b5,84644143-a02b-4e48-a68d-4989cf2f8d7d,909e2810-317b-4143-b2d2-efa44c490f45,4,"Excellent equipment, worked perfectly on site.",0.978,"[""service"", ""communication"", ""pricing""]",2024-09-21
5160debd-1261-4092-bf53-b996f15b60ff,56293ff7-3050-4f6b-8df0-cef39f0c8800,417cce24-03f2-48fb-8e87-2747ca1e5665,4,"Professional team, will rent again.",0.79,"[""service"", ""equipment_quality""]",2025-09-06
fc952b71-6a16-4b4a-8efc-aabe2ce5727a,fa5b0920-dbe9-4b44-a70c-393ffab78137,00d22573-3972-41a3-bcfe-a5f08df2ed53,4,"Excellent equipment, worked perfectly on site.",0.677,"[""pricing"", ""equipment_quality"", ""delivery""]",2026-03-08
62bde409-647b-49a5-b8c2-49c1623d7b21,80dd0ed4-9c7d-48c0-8339-6e503fe87e92,b4dbd5b0-7906-4ee8-89fa-ac9b7315931d,1,Delivery was delayed by 2 days.,-0.737,"[""equipment_quality"", ""delivery""]",2025-08-24
b6847541-ed96-4e50-85d1-9ce4a841f165,33837d43-76dd-4f9e-b1e3-f1845b7bbc95,4c054a8c-59c7-42d3-8385-637fcc8d6b7c,3,"Decent experience, room for improvement.",0.486,"[""equipment_quality"", ""service""]",2025-10-30
a8e0b949-0dfb-4af1-9366-83cd549c1a1b,124bd83d-5184-4007-bb65-d189bf5495e8,d8ef45b6-42f9-458f-ae02-01268e60c492,5,Very satisfied with the rental experience.,0.663,"[""delivery"", ""service"", ""communication""]",2025-11-21
2d818197-5e67-435f-9ab8-d9e81c3ceb51,0bd1b1eb-11c6-49df-88eb-31691f867bf5,0d0047ff-4a7e-4194-8bc4-2a8a47010a9c,3,"Decent experience, room for improvement.",0.58,"[""equipment_quality"", ""service"", ""pricing""]",2024-09-21
ae44070c-1dcf-4e9e-9daa-3806ab132dcd,0947586f-39c5-4479-a564-3d1a8d05415a,7e584687-89fa-49b9-84af-2046142ff383,4,"Professional team, will rent again.",0.988,"[""equipment_quality""]",2026-05-28
b89ef68a-c708-4068-9f9f-49562bd8c627,bd93a9bb-94e7-4f6d-8f65-2dcf2da5d86b,92526325-c72e-4419-816a-e4a438b29084,5,"Excellent equipment, worked perfectly on site.",0.855,"[""service""]",2026-06-28
a5786805-c4e5-4c6d-a57a-7eeb570f2ba6,3025331f-701b-4c35-8cf9-a3f2e3f9a422,a39c0534-f14b-4067-b747-8cb746ced967,5,"Excellent equipment, worked perfectly on site.",0.882,"[""communication"", ""delivery"", ""pricing""]",2025-09-28
7af1e766-99a6-453f-b0bc-cd7fc6721e2e,5bbb14cf-9dad-4bbf-8aed-4e2e30dfeb16,6a08e593-d9a5-467e-b93c-d934ad1a0398,1,Equipment had some issues during operation.,-0.723,"[""equipment_quality"", ""pricing"", ""delivery""]",2025-10-29
e8ece6d3-8a20-49b1-bbbc-9ab8e8d417bd,7be78260-7d5a-4304-b7fa-6d79f4325c18,c8e9c04b-ca43-4a0b-852f-18ff311c30b3,4,"Great service, delivery was on time.",0.837,"[""service"", ""pricing""]",2024-12-24
563c5835-44e7-4f9c-83d0-9a9ee199cfe2,b0cfe83a-9793-4c65-8cc8-0cd6ce6d9bd1,b049019a-bc76-461f-8966-f4340d87d54f,3,"Decent experience, room for improvement.",0.351,"[""equipment_quality"", ""service""]",2026-04-07
9e99b41a-3310-40d7-8d7b-2ddb627c0ad8,035c0bf2-10b9-4eb6-aa15-b3f44f78f2e4,8ddc7461-50e5-40ef-9f4a-748c3742304c,5,Very satisfied with the rental experience.,0.755,"[""pricing"", ""service""]",2025-10-15
a343dd89-962f-4203-bb54-b185a775f79e,07f4921e-099c-4d48-9e53-ec1b8c15bf6f,0be0be8e-50ff-4f82-adef-cce7feff48c3,2,Delivery was delayed by 2 days.,-0.324,"[""equipment_quality"", ""service"", ""communication""]",2025-03-08
69b1e34e-b7c2-4690-bfa9-fdb77e403844,f56dc739-0cae-417b-b7b4-5b1b8a53c810,5b04c02e-1ec0-4dc7-bf0b-665610de2847,5,"Great service, delivery was on time.",0.907,"[""pricing"", ""equipment_quality""]",2024-11-07
b0a360e3-d5bf-4741-a01a-ba6975f9e1f5,a313c410-78f1-412c-a399-2c47a873c2f9,2e8d1e75-fddc-486f-91ef-0dd7d2e1727d,5,"Professional team, will rent again.",0.611,"[""service"", ""delivery""]",2026-06-15
9621fa94-448d-4a91-8ce5-86d42eeac143,124bd83d-5184-4007-bb65-d189bf5495e8,4a63611d-ae98-48f4-bb50-f812fa00d1bd,4,"Excellent equipment, worked perfectly on site.",0.95,"[""communication"", ""delivery"", ""pricing""]",2024-10-12
c493548c-a648-4f0c-976d-51ec5f868356,0cc7ed25-943f-419e-b55d-809703859fb0,3f8b9fca-8961-4b82-8ede-3846c2fb668a,4,Very satisfied with the rental experience.,0.746,"[""pricing""]",2025-02-21
7097d313-64fc-486f-b351-fc707161be03,6eff4e51-9b25-4fc1-896e-b88762a13160,1437588b-8210-4e55-b6d9-b3ac979ae6b6,4,"Professional team, will rent again.",0.953,"[""communication""]",2025-09-12
0ceb2e16-b04d-4afa-ba58-856f18440208,1b90b616-f317-4e8d-80cc-ebc097f2b812,d8c3d01c-00c0-4ba0-8843-9013c2597d8a,4,"Great service, delivery was on time.",0.616,"[""delivery"", ""service""]",2026-03-12
ed07d3ac-6214-47a3-ab06-472030afbbd2,6a9e9061-7336-48ff-bc33-3537b6f922a6,0693324a-1c6c-43bf-b78a-cbca6e07b8a3,5,Very satisfied with the rental experience.,0.904,"[""service"", ""delivery""]",2026-05-13
858583c6-6525-4f0f-befe-d8b629a68513,d1eb15d7-77f7-4b80-bd0d-9739aa82f636,0516c70c-074d-4db0-b6c1-b1e107eee639,3,"Decent experience, room for improvement.",0.386,"[""equipment_quality"", ""communication""]",2024-12-31
778db740-0e92-4522-9f08-a4fe959884b6,82ea7a64-63ee-4c10-80a6-fdcc7d322da6,f0f88b06-2539-4962-b95f-821a5bd2b382,3,"Decent experience, room for improvement.",0.473,"[""pricing"", ""delivery""]",2024-08-23
2eafa5df-085e-41b5-801f-9b4c2b869e9a,3af4598c-f599-45e0-b27b-8e366d645c50,13f2259f-1f9f-44b3-b9a9-ca861b0a3203,4,"Professional team, will rent again.",0.702,"[""service"", ""communication""]",2026-02-22
33e6de81-e0c8-4873-b960-a05052cb3f34,08205d3f-5e37-43de-aea8-0aca3ee7469d,17609789-27d5-4c9b-bdec-5125fa08f975,4,Very satisfied with the rental experience.,0.794,"[""service"", ""communication"", ""equipment_quality""]",2025-01-13
5569c2e4-3c7d-4018-b185-f1d44898359b,b00e9788-a39e-4b89-81d7-403c66ee6f0a,78c8a8a3-4d49-4547-a5d1-05c7b78af233,5,"Great service, delivery was on time.",0.828,"[""pricing"", ""service""]",2026-04-14
fcdc9558-c6fa-4db5-b824-fe86d968987b,8300e3b8-4e36-4cd0-9094-c6787c5d4fb9,1e92179a-9646-406b-afc7-504c3b749457,5,"Professional team, will rent again.",0.667,"[""delivery"", ""communication"", ""service""]",2026-02-11
cb9287be-2bb2-41cd-9b92-cd3753113b26,828d1746-672a-4755-a85d-fc6f8869d1f2,500c866d-2467-4e0f-aced-d05d915509dc,5,"Professional team, will rent again.",0.833,"[""communication"", ""pricing"", ""equipment_quality""]",2025-02-25
f95972c2-fc22-4e20-93bd-1c91eb268a45,8647cf88-b986-493c-a5eb-e2954c813001,cd95a9ac-304a-433b-abde-7f4fff61c753,5,"Excellent equipment, worked perfectly on site.",0.687,"[""delivery"", ""pricing""]",2025-06-12
bbdf1da7-609c-4a9e-9010-190ccc1e9aff,c83f1960-2dde-43f1-971a-6c8d6cc13c53,549d16d0-3f01-457b-bb1c-ff2d0452d456,3,"Decent experience, room for improvement.",0.532,"[""equipment_quality"", ""communication""]",2024-11-04
704c8427-1fb8-40d1-b885-265f6c72390b,217454e0-ca62-4221-8833-9a8a0541a408,3dd74a13-10f2-484e-9ca4-ff09eb53990a,3,"Decent experience, room for improvement.",0.3,"[""equipment_quality"", ""pricing"", ""communication""]",2025-12-23
8ddb77f0-79bf-4e5d-beaa-b871d6879629,c0db902a-4c4a-460d-81d9-b5e8b3c907e5,b5089601-9a1c-408a-99d4-5e6a36540e85,3,"Decent experience, room for improvement.",0.426,"[""delivery""]",2024-11-22
8ca36631-8319-43c2-96e2-65a510a1305a,9ad4451e-ad14-4dad-a808-cd0a259d20eb,1c3293f7-4271-42df-8dd0-4505ee5f9320,1,Delivery was delayed by 2 days.,-0.327,"[""service""]",2026-03-22
7edd502c-5731-4c04-9e1b-a51254543edf,abd04790-170c-4c35-822f-32406f606ca5,f2cc1d99-ddd6-4081-969b-699413893cac,4,Very satisfied with the rental experience.,0.841,"[""communication"", ""service"", ""pricing""]",2026-07-22
a88abdef-687b-49cf-abaa-14a030541c25,124bd83d-5184-4007-bb65-d189bf5495e8,32489f66-9245-4e9d-abd1-b73a9061190a,4,"Professional team, will rent again.",0.682,"[""communication""]",2026-01-22
7605beba-93a8-405c-ac0a-75ed63c25775,b4345950-dd8c-497b-acdd-5ee00e70b96d,710a04e9-b871-4737-a4e4-dc4ccdb32d5d,4,Very satisfied with the rental experience.,0.697,"[""equipment_quality""]",2024-12-22
d7ad4dcf-8cfc-4d26-9fce-86bcbc9884c1,b2c31650-b23a-4c34-898a-70205c337192,9656cfd1-fbf8-4a55-bb80-a735b79db1ec,4,"Professional team, will rent again.",0.934,"[""equipment_quality"", ""delivery""]",2025-02-19
4b554980-f472-44ba-a291-2d499ea97285,50f7f647-fd6e-4699-96d0-2f4d2c435f9e,7899e085-e536-49fb-a8a8-2c776e8bd86d,4,"Excellent equipment, worked perfectly on site.",0.884,"[""communication"", ""service""]",2025-08-16
ef61e9de-62d9-42b5-ae44-e364ef9a5ec0,d4f0e86e-a355-434d-961a-b9597212aea3,45d78325-c6d9-4212-a33e-dc0235e48205,4,"Excellent equipment, worked perfectly on site.",0.708,"[""equipment_quality"", ""communication""]",2025-11-01
61053b08-b9d7-41ca-b406-347cf536fa02,f12b1437-9c22-4bfa-b116-3f739dea41e7,d57155fb-a764-40a3-b112-04228c53de93,4,Very satisfied with the rental experience.,0.693,"[""service"", ""equipment_quality""]",2024-11-02
83fa434f-0aeb-49e7-86bb-b211d63ba7f0,5b32d7b1-04db-48ac-aaf5-d121a60ded76,832eee8e-d349-4c39-97c4-9df83a180942,4,"Professional team, will rent again.",0.951,"[""equipment_quality""]",2026-04-24
58109a7b-bd72-40bc-bdec-517e2d091a1d,4cd3d45f-6184-4db5-b59f-ba7054a54284,67d79a5f-5c08-4f23-80a0-1a36bcb558bd,4,Very satisfied with the rental experience.,0.962,"[""equipment_quality"", ""pricing"", ""service""]",2025-12-25
0bc3f840-ba25-4d24-b9b5-7bfe892a53de,cd65fec9-7248-44f5-bcb2-10f5841b02bc,f099e67c-446f-410c-9d5d-4bd6ed83474a,3,"Decent experience, room for improvement.",0.508,"[""communication"", ""service""]",2025-12-18
a9f68663-60f4-43df-8278-59c74930a6a3,b66af76f-48bd-4406-837c-25c442ae34ae,6dbb6526-cf1f-449f-a6c4-a8dfdf4bffa7,5,"Excellent equipment, worked perfectly on site.",0.706,"[""pricing"", ""equipment_quality""]",2026-04-02
dcf9c412-8e13-4f9f-8dab-2731061f613b,d4f0e86e-a355-434d-961a-b9597212aea3,c06ed31e-9f33-4a15-abaf-598b4ff0442c,3,"Decent experience, room for improvement.",0.349,"[""communication"", ""service"", ""equipment_quality""]",2025-05-14
5c18bf9b-9f89-4bd6-b93f-7f27814f2a03,f56dc739-0cae-417b-b7b4-5b1b8a53c810,d34966cd-7a23-4818-8d6d-16b1c1c7e9d3,4,"Professional team, will rent again.",0.753,"[""communication"", ""pricing""]",2025-06-04
bd2259d4-ac56-42e1-8546-afecc6809a27,538aca8e-9280-478d-8ee0-abab8238c773,916f57b0-3c49-4721-9062-0dd704ef8e7e,2,Delivery was delayed by 2 days.,-0.888,"[""delivery"", ""pricing"", ""service""]",2026-04-20
41723fa0-074a-4b8d-b62a-ab758f7f0036,662051b8-fb78-407a-b951-c5ff0ea3c966,3b119678-fb45-4223-9936-40b2c84a7200,2,Delivery was delayed by 2 days.,-0.841,"[""service""]",2025-08-16
d569f218-4cfb-4069-97c3-e8fd6fe464d2,62ff3973-e6e5-498c-96e4-248eb59183e3,a8258dbd-58d2-4a0a-aadf-e2d5ffb39b90,5,"Great service, delivery was on time.",0.677,"[""service"", ""delivery""]",2025-02-07
cdb1327f-a53d-4d90-9f2c-783775153d6f,bd93a9bb-94e7-4f6d-8f65-2dcf2da5d86b,e4e84035-5dfd-477e-a475-f7eeb0554b9e,5,"Great service, delivery was on time.",0.75,"[""communication"", ""equipment_quality"", ""delivery""]",2025-02-16
dc1cfb6d-29b7-4ca8-9852-f46a9e29eca7,ce90fa9e-b930-467c-afb9-2c0c3f5a31a8,415b9d28-1b06-410c-8321-fe8bda3ab539,4,"Excellent equipment, worked perfectly on site.",0.924,"[""equipment_quality"", ""service""]",2025-10-10
e463eed5-e788-4b5e-a8d1-da6d79ed7712,f110fe84-2852-439f-b05d-e68449065be4,5d0fac0f-e282-456c-84d6-7c3fad8a2515,2,Delivery was delayed by 2 days.,-0.624,"[""delivery"", ""pricing"", ""communication""]",2025-11-22
b051bd10-fad5-4b42-bda8-df194683b063,76e7a621-003e-42cc-9f06-fea80a0747ca,aeb04358-2734-4396-8a05-2d652bb80f09,4,"Excellent equipment, worked perfectly on site.",0.725,"[""communication"", ""service"", ""delivery""]",2025-05-25
528996a3-1eaa-472b-9e4a-a2db674acd22,d6167d47-7515-46db-9313-a2084b507ebc,1388d46d-bcf0-4b58-8d97-79b5d9133328,4,Very satisfied with the rental experience.,0.875,"[""communication"", ""service""]",2026-03-18
130541c1-62b7-47a0-8714-7b18ae7e7fae,1e991cc8-c30a-4746-820d-c630e21ff5be,e118e18b-c067-40dd-bb12-a4883e91a535,4,"Excellent equipment, worked perfectly on site.",0.836,"[""delivery""]",2026-02-19
aa15bc2c-a867-4b2a-9654-d61ec9d9451f,d6167d47-7515-46db-9313-a2084b507ebc,59c239a1-8644-4c6e-aed6-c663b4aad383,5,Machine was in top condition.,0.849,"[""equipment_quality"", ""communication""]",2025-02-11
65070379-5f56-4fd1-a0d0-7cdc437342f2,0afc5ef1-d838-4cba-848e-160931cb192f,d058cd5e-aeb9-4df0-abdd-1bc379a0f6a9,4,"Professional team, will rent again.",0.77,"[""equipment_quality""]",2025-11-04
dce00358-d9d0-44ff-857d-9f1df9bf86a1,d6aa75f7-44c7-4fd7-9ef1-afc61e81fed5,db475877-fca0-4b04-9bec-b87890722397,5,Machine was in top condition.,0.875,"[""delivery"", ""pricing"", ""service""]",2024-09-26
f8fd71e4-355e-4124-92be-d888bcef196d,d5b53c1f-34b8-4676-b971-7229d4d85131,ee2e5f17-d214-4c81-81bd-d597c464d75b,4,Machine was in top condition.,0.862,"[""communication"", ""service""]",2024-11-14
dd6bf021-5e5b-4929-b829-3564f1711e8c,3b4c197c-5f64-405f-998b-18fed0deefea,f0fac5c4-f70c-47ed-a3c7-c7109e7f649e,3,"Decent experience, room for improvement.",0.408,"[""equipment_quality"", ""pricing""]",2026-03-02
dc311570-c1fc-4a98-be83-7b7a5d5e8407,707938a2-022a-47a4-8b9d-b4d50b26a0cc,6a025259-4147-4bc6-b545-ca475fd367e1,2,Machine needed maintenance during rental.,-0.948,"[""delivery""]",2025-03-02
88042efc-22b9-4437-a2e6-8d5a488ceebd,d299015a-a646-4e51-a52e-955471ad806a,46ff3fc2-27e4-4bc5-817b-69d97c2290e7,5,"Professional team, will rent again.",0.936,"[""service"", ""pricing""]",2026-03-05
d17a099d-1e6a-4431-9d3a-f1b437716636,df18fe4c-7ed9-4647-9f9e-eaf8a4c7c1a9,955f893e-a987-4fe7-9919-ba40cf2860fc,3,"Decent experience, room for improvement.",0.517,"[""equipment_quality""]",2024-11-28
3814a123-a29a-4c73-8a59-e5859f3e4824,41143a63-c315-4909-8012-ac3adcf17520,0b384077-bd63-4c42-8db1-07b5ae400542,4,"Excellent equipment, worked perfectly on site.",0.72,"[""service""]",2025-09-02
4a04de0c-8493-4f29-8493-9d91126da959,5bbb14cf-9dad-4bbf-8aed-4e2e30dfeb16,10a8eda1-8148-42ce-b5e9-99c2c6c4f528,5,"Great service, delivery was on time.",0.645,"[""pricing""]",2025-12-31
600f1d1d-7167-4edd-a4b5-fcce95357cd8,421634a2-1632-4e68-8f4c-2c882284ce4a,fa3c304e-0b39-4305-aea2-e6122d09cfb7,4,"Excellent equipment, worked perfectly on site.",0.743,"[""equipment_quality""]",2025-05-11
c5f2e623-2714-407e-b353-b650d804f325,04b23723-2b58-4f4d-adc4-05e0ea43c46c,bd51d45a-5f61-4df3-a36d-b538d2891518,2,Equipment had some issues during operation.,-0.967,"[""equipment_quality""]",2026-07-29
f626fa6e-1151-4bb0-b944-3148429d2eaa,4aafaf10-24f7-4d03-90f9-189f498d73df,93985ccc-c88d-41e6-a781-064558e8ecf4,5,Machine was in top condition.,0.9,"[""service"", ""delivery"", ""pricing""]",2025-03-01
b659842a-59ab-4de9-8dc7-172bfe16c853,0b0f5fd2-9141-4623-9ab3-7b9414d43046,da1eec6c-19d0-4dbd-bfae-6c3dd21ef05e,3,"Decent experience, room for improvement.",0.4,"[""communication"", ""equipment_quality""]",2026-07-27
c55f8a3a-6d3d-46a3-b4a6-557840ba7dbf,1b90b616-f317-4e8d-80cc-ebc097f2b812,eb8cedd3-f3de-4616-9d29-4b103e219155,5,"Professional team, will rent again.",0.77,"[""delivery"", ""equipment_quality"", ""communication""]",2025-05-31
903c2262-bd12-46bb-88fa-a644618853b0,66ac95a5-e673-4803-b91d-4c51a3e177ec,58ce2059-2491-4ed4-b5cc-4a542bd4db3b,3,"Decent experience, room for improvement.",0.534,"[""equipment_quality"", ""communication""]",2024-11-26
f1977682-0a75-4f81-82df-ee7c75ee4b84,62ff3973-e6e5-498c-96e4-248eb59183e3,52e98096-a9dd-4e07-8c7d-618211b6bc50,1,Pricing was higher than expected.,-0.458,"[""delivery"", ""communication"", ""service""]",2024-09-22
0a65dd59-8ccc-4040-bf34-6fabe706bae0,fa1aba87-5e36-4b91-8fe6-51843a62ecd6,2cece715-21fc-46a0-ace2-f39efa2cbe3d,2,Machine needed maintenance during rental.,-0.976,"[""service""]",2025-03-16
03494b28-3814-4c58-ad23-47a76c3ad94e,03bbff31-a890-4d49-a6df-3269f635750c,58058a6a-80e9-4609-9639-edd45161815f,5,"Excellent equipment, worked perfectly on site.",0.855,"[""delivery"", ""communication""]",2024-10-05
257b2b31-bb6f-4812-8a72-62b66ae9af52,bba0a92a-9bde-4c8f-869f-eca467215e00,3082d07b-e05f-464b-a8d7-c5904a9afa38,5,"Great service, delivery was on time.",0.998,"[""service"", ""equipment_quality"", ""communication""]",2025-11-25
aca1dd5f-b7e3-42cb-9ee4-27d43303a1c2,b81ba5de-7041-49e7-a3f5-37f7f61d59a4,3c919a47-99b6-43db-906f-6fd1086ee413,4,"Professional team, will rent again.",0.919,"[""communication""]",2025-12-07
6a269e0f-3674-416e-8bcc-b9b06116850d,813bfadf-77e8-4be9-b0c6-16fae77e358c,ea2de56c-3c5b-494a-a515-a5585d94209c,2,Equipment had some issues during operation.,-0.306,"[""equipment_quality""]",2025-09-27
2ee55313-683d-4303-91ec-5ec1c29b1619,3d72e7ae-13d1-4ed5-aa94-9ef92f1ed0ab,16d86d7f-0f0a-415d-95b5-d2393dfc30b1,2,Machine needed maintenance during rental.,-0.39,"[""equipment_quality"", ""communication""]",2024-09-21
fa90f426-bbed-4572-9c5f-dc3d920eeeaa,08205d3f-5e37-43de-aea8-0aca3ee7469d,0af194ec-1f45-45b3-a724-3a79432673d0,5,Very satisfied with the rental experience.,0.927,"[""communication""]",2026-07-01
00d3a1ff-b686-4401-8eec-3d0132023deb,fa5b0920-dbe9-4b44-a70c-393ffab78137,e7577dce-a447-44f0-aa3e-d3c7c4fd2598,4,Very satisfied with the rental experience.,0.785,"[""service"", ""pricing"", ""delivery""]",2024-10-02
5088cfdd-8d79-47d5-9fc1-b9b824e79e7b,e538d010-b52c-4c23-afe0-077b50aabbfa,5eb2bc5c-9c28-4396-be6d-79756ba73a93,5,Machine was in top condition.,0.955,"[""communication"", ""delivery""]",2025-06-12
312bf240-b5f3-4962-aef3-047c8701107f,b0ceb5f8-ad0e-42f9-a554-1960a0ed8997,84cd2c59-622e-46d2-9cde-a6f89f16e179,4,"Great service, delivery was on time.",0.918,"[""service""]",2025-06-12
0b3f596d-6187-41fd-ba82-c9ca1050b4d6,84644143-a02b-4e48-a68d-4989cf2f8d7d,1b6b4240-924d-41fe-9658-0e435211ceb8,5,"Great service, delivery was on time.",0.857,"[""equipment_quality""]",2025-07-06
cf8e9856-59db-40ed-bb63-e5bbb0a8b123,cb30a089-6b70-4abd-b732-eb89a8b5902d,26742084-63fb-4616-817b-5199dbb8b5da,4,Machine was in top condition.,0.798,"[""equipment_quality"", ""communication"", ""pricing""]",2025-11-13
160f333f-e3e8-4f2b-969a-e019f903c6db,f110fe84-2852-439f-b05d-e68449065be4,22fe9a92-0f1f-4cbb-b2f3-a2d0dcd59746,4,"Great service, delivery was on time.",0.955,"[""equipment_quality"", ""pricing"", ""delivery""]",2025-03-09
e7960e2c-95d1-48b1-9a3e-1520e436600a,feb70aa7-dde2-4469-9d0f-22e7187f8fd7,2e583038-5d42-48c8-b394-d41d028630e8,3,"Decent experience, room for improvement.",0.207,"[""service""]",2025-03-07
ee848ece-388e-439a-a72e-2de0a89e8324,2c6b1689-bda3-4937-9079-0d528e35dbbd,ef53bcb2-1515-4ffa-b7cb-3e4d6724ea46,4,Very satisfied with the rental experience.,0.716,"[""communication"", ""service""]",2026-04-22
9b928a6e-0646-41ac-94d0-797e3f3243a8,6a811073-bf7a-4c4e-98fb-ab063f5c9805,b454a74a-f259-4913-a5ab-ff9ed6040bfc,5,Machine was in top condition.,0.83,"[""delivery"", ""pricing""]",2026-06-16
d6bf8a0e-ddf5-4407-a938-bce460f41c82,b0ceb5f8-ad0e-42f9-a554-1960a0ed8997,14a0ec91-f6e2-4818-a9e2-0c680092265e,5,Very satisfied with the rental experience.,0.746,"[""delivery""]",2026-07-06
a8905c7d-9779-4f05-b390-9d0c6ffb959e,82ea7a64-63ee-4c10-80a6-fdcc7d322da6,17b8a32f-0568-4c61-ac53-345757372d29,4,Machine was in top condition.,0.869,"[""pricing"", ""equipment_quality"", ""communication""]",2024-12-09
97535dba-328c-4a76-a9cf-b748501e39da,d5b53c1f-34b8-4676-b971-7229d4d85131,b5770300-3d53-4e8b-896d-33fb866967c1,5,"Excellent equipment, worked perfectly on site.",0.852,"[""delivery""]",2026-01-26
4147a33a-40c9-4118-9084-24989566acdc,7b3f1125-9009-477e-a350-b52a7884ddc7,5880479a-b444-470a-b994-57fbf5b643e9,4,Machine was in top condition.,0.792,"[""pricing""]",2025-01-28
877b034a-b82f-43a1-8889-0432d159ddc7,a1e58be3-3048-4742-80d4-9d1aed1da5ec,d5166edb-fdfe-4193-90d9-d80414a2e2a1,4,"Professional team, will rent again.",0.675,"[""communication"", ""equipment_quality""]",2026-06-09
35c93d79-c95e-4778-b4ef-a326318727eb,4cd3d45f-6184-4db5-b59f-ba7054a54284,d887c85d-b146-4123-929e-9bee0fc1f9a9,5,"Excellent equipment, worked perfectly on site.",0.867,"[""service"", ""communication""]",2025-12-06
d37b559a-0156-4066-860a-8b5e22de9873,c0c51c25-3f97-4979-880b-2c73da0069c5,f79e353f-c57c-4702-aa6e-9e676a84d2b2,4,"Great service, delivery was on time.",0.761,"[""communication"", ""pricing"", ""service""]",2024-09-27
72c3d4c6-cc00-4ecd-a75e-bb314f201ffd,421634a2-1632-4e68-8f4c-2c882284ce4a,526381af-aef6-42f2-8a52-2a294b87a286,5,Very satisfied with the rental experience.,0.801,"[""pricing"", ""delivery""]",2024-09-04
c392bd96-1aef-48a0-8609-906c2151d721,17a3dd98-8ad3-4bb9-8be0-49f3d54b5163,a9dda3e2-75a9-45a0-ac22-c9d6340f9654,5,Machine was in top condition.,0.722,"[""pricing"", ""delivery"", ""equipment_quality""]",2025-11-10
e05f0b34-38c8-477a-9a0e-8bcaae8cfd50,84428284-9b3a-43cd-a5fd-befb2cf188b7,a5a0b681-5d9f-43ba-81a3-8cc61f93ea2a,2,Pricing was higher than expected.,-0.786,"[""pricing""]",2024-09-22
dcc50ecb-6b29-45dc-a83c-5b4c2862408e,abd04790-170c-4c35-822f-32406f606ca5,ec6c7728-29ab-4d7c-bc9f-16dbe0534676,4,Machine was in top condition.,0.716,"[""equipment_quality""]",2026-03-21
088eef2e-f31b-443e-820f-7dc13575f8da,d0bda241-2bb1-4a4d-9ebb-a56c96f85c7b,88ea0725-37f1-4dd4-ac92-5025f0c9b33d,5,"Professional team, will rent again.",0.624,"[""communication""]",2026-02-10
3116ee5a-3683-4761-ba2f-804e8aa452f1,012b7f96-c4b3-41ee-ab40-fa4c408c1e1e,89dd7a37-abc7-41fb-937e-6600456749e6,4,Very satisfied with the rental experience.,0.996,"[""equipment_quality"", ""service""]",2025-11-03
01851a4a-82c3-4288-b24e-fa26aec5e7ec,491f1311-7d04-417e-bd66-349490c29ded,4082373e-5fe9-4e45-ad74-e01ddd595fcd,4,Very satisfied with the rental experience.,0.696,"[""equipment_quality"", ""delivery"", ""pricing""]",2025-04-02
5b057feb-1064-42e3-bfde-1a869d6d4c79,6af897a0-0616-4d81-8467-83711f26ec73,8426e2ad-2e41-41ac-a3a9-86c7e5acf39d,4,"Great service, delivery was on time.",0.747,"[""communication"", ""equipment_quality""]",2026-03-01
63ad5302-57d3-457e-9721-831d6ae15651,b2c31650-b23a-4c34-898a-70205c337192,ef12ec60-807f-4fc6-9801-02aec1b2a004,3,"Decent experience, room for improvement.",0.277,"[""delivery""]",2024-10-20
f502481b-100d-4f7e-80b2-8fefd9bcb92b,4aafaf10-24f7-4d03-90f9-189f498d73df,b007ea05-47d5-4680-ba99-7301c1a48228,4,Machine was in top condition.,0.772,"[""equipment_quality""]",2025-03-21
783161ec-aacc-4ef6-9ff2-c4031791c6dd,b9c115e9-ca7b-47d9-8da3-3bcc260b618a,7fc7debc-d391-44b2-ac61-c9ca7a879712,4,"Excellent equipment, worked perfectly on site.",0.66,"[""delivery""]",2024-11-30
8a1db633-1b4b-4cf5-bc13-f3c6b33f886c,abb0a010-dc9d-46bf-ada3-b3cd0a1a2f0e,b9308367-ed86-4ded-a321-e02c80543fd4,1,Delivery was delayed by 2 days.,-0.712,"[""service""]",2025-09-28
f3799118-e569-4350-b56c-bf949eba5872,0a80258f-0814-4d45-819c-9430ed7647a6,79907779-62b4-4899-aae6-512d35ebd6ee,3,"Decent experience, room for improvement.",0.518,"[""service"", ""pricing"", ""communication""]",2026-01-22
339c1784-e48a-4904-aca2-803483f1fa64,17a3dd98-8ad3-4bb9-8be0-49f3d54b5163,a3725e49-1cf3-4ded-816c-291af08b07ba,2,Pricing was higher than expected.,-0.367,"[""equipment_quality""]",2026-01-29
8f8fbca5-4882-473e-b52d-ee70e265158e,c3770f50-7096-4ffa-8ec8-3df91ff0f2c8,93f41991-74e3-4694-a6dc-d6b871d29af7,5,"Excellent equipment, worked perfectly on site.",0.936,"[""communication""]",2025-02-20
5002189e-b7d8-4d9d-b802-bc8fe3906210,bba0a92a-9bde-4c8f-869f-eca467215e00,4c2085ab-1612-484a-84be-6d7430c03e3b,4,"Excellent equipment, worked perfectly on site.",0.7,"[""pricing"", ""communication""]",2026-04-02
188f13cb-3eae-4f5c-a43c-c56aae660ae0,f29c5b00-a6fe-4b3e-aa63-d9cf9fd74d48,a99bc717-da3f-4580-9225-33f6bd802db5,5,"Professional team, will rent again.",0.829,"[""communication"", ""equipment_quality"", ""service""]",2026-06-13
8d7072b7-d6dc-48cf-b830-a98b8517e45b,b66af76f-48bd-4406-837c-25c442ae34ae,92575fe4-a642-476b-8f91-ea5ff9e86e8a,4,Machine was in top condition.,0.907,"[""service"", ""communication""]",2025-08-22
9dc93011-a467-4ea3-a997-ff1cf56c5a3d,84644143-a02b-4e48-a68d-4989cf2f8d7d,97ef47bf-c74c-4d90-b5dd-3a0ee672e144,3,"Decent experience, room for improvement.",0.212,"[""service"", ""communication"", ""delivery""]",2024-12-20
06862315-cebb-4f94-8aaa-7b5d4b243906,39fee45e-547c-4ea0-aa42-fdb317c7996a,2cfac006-f36f-4dc1-bc6e-7126d9a07101,2,Machine needed maintenance during rental.,-0.779,"[""service"", ""delivery""]",2025-10-27
544778ef-5914-481f-bbb3-006fa5975177,41143a63-c315-4909-8012-ac3adcf17520,ca908d22-e235-4abc-8484-6d12c76bf5a3,4,"Great service, delivery was on time.",0.709,"[""delivery"", ""pricing""]",2024-08-31
10503553-be8a-4375-acd3-0e33bcede96a,5a50c836-ec68-4aeb-9182-abd10c298a3c,e9bdbb22-5bbb-4dfa-ad54-d1042f71a33d,4,"Professional team, will rent again.",0.617,"[""communication""]",2026-01-19
9af909a2-365f-4c05-9cd0-38c35bda4742,875ba428-18a8-4688-8ae3-6f0274a5017b,3c23406f-194b-4ce2-8151-5ac3e500c775,5,Very satisfied with the rental experience.,0.616,"[""service"", ""delivery"", ""equipment_quality""]",2025-09-22
df62b1ee-5c29-4653-9bce-46f2b12c4a73,ebdee9fd-d8e7-4a19-b327-be6d80cab435,b1cea9e5-d615-400c-9312-3ffb660f0ac4,2,Machine needed maintenance during rental.,-0.505,"[""equipment_quality"", ""communication"", ""delivery""]",2025-07-14
4ea67596-3469-4775-b21f-0357e7e61834,6eff4e51-9b25-4fc1-896e-b88762a13160,f900b046-1213-4982-a966-7772dc50d4e3,3,"Decent experience, room for improvement.",0.583,"[""delivery""]",2024-11-23
f39c7991-ad74-41e2-8a7d-aa083de07cac,2b04ea90-4ead-4b58-912d-a64ec9694a0c,d00ecfaf-5746-42fd-b6d9-236046469ce1,5,"Great service, delivery was on time.",0.96,"[""delivery"", ""communication""]",2025-02-15
1503cb09-4ab9-4dab-91b8-8aea6f856527,7429d915-b1c5-4534-9e4a-4ee79a9aa006,0e46050f-c146-424f-b2cc-7d29e2170f4d,3,"Decent experience, room for improvement.",0.401,"[""service""]",2026-04-19
bd4c2aae-40b5-410f-9112-151ca88daddf,0947586f-39c5-4479-a564-3d1a8d05415a,f41c76a2-08fb-4f3a-aa57-b23f920c00af,3,"Decent experience, room for improvement.",0.23,"[""delivery"", ""service"", ""pricing""]",2025-04-29
f973195d-8ebe-4da3-832f-742fd92ed6f7,0a80258f-0814-4d45-819c-9430ed7647a6,1334859a-ee72-4fc9-8fd1-c6a414fa2437,5,"Excellent equipment, worked perfectly on site.",0.706,"[""communication""]",2026-04-27
9133fb8a-15e5-4e2f-a685-65d8581fa6fb,c952a0f2-7625-4b7e-b1c9-927504aba3d2,fe4436e7-11f9-4639-94ee-8dee96977873,4,Machine was in top condition.,0.671,"[""service"", ""delivery""]",2026-01-22
c5328f17-bec1-4357-8abc-9be689cf464a,3f483723-85eb-43fc-aa06-a41e4b92850a,0b7a3712-c463-4f57-b846-b2e903b289c0,1,Delivery was delayed by 2 days.,-0.302,"[""pricing"", ""service""]",2025-06-11
4eb63803-f674-4532-9a62-c00b389737b6,2d5b73fb-3360-43e3-ac08-cf0358ca5966,152806f4-7ee7-4330-a0e2-cb387a060a6b,4,Very satisfied with the rental experience.,0.87,"[""communication""]",2024-10-16
afb86881-0b41-4962-af0a-6420cee3d018,07a4a12a-4581-419a-8701-06d37ea6bd3b,2de67048-2fd5-4cb8-8145-08e1b8b925e0,5,Very satisfied with the rental experience.,0.735,"[""equipment_quality"", ""delivery"", ""service""]",2025-07-21
8f40ef79-6760-45e8-ab40-968686449679,7be78260-7d5a-4304-b7fa-6d79f4325c18,a9600bd4-9f87-4811-8f92-bd69448ae880,5,"Excellent equipment, worked perfectly on site.",0.601,"[""communication""]",2026-05-25
825c6d60-c7a1-46d1-853b-a2052f7a5cfe,76e7a621-003e-42cc-9f06-fea80a0747ca,b083eb12-6d40-4ef9-bdfa-3c1a52c3a082,4,"Great service, delivery was on time.",0.714,"[""service"", ""delivery""]",2025-03-30
4a0b9578-66c9-431e-9a00-37c5309495d4,ff5c59ce-b7d4-4309-8726-dbeb94e2dd91,e71917c2-da48-4144-8aed-2c5f75709cec,5,"Excellent equipment, worked perfectly on site.",0.67,"[""pricing"", ""service"", ""delivery""]",2024-08-16
0319dddf-2dd3-4aa0-a97c-3db098e4db30,6b567828-70f9-42ea-aa79-c824a239f12b,9c58d1b1-1c08-4d5a-88e8-8c6571ef0435,2,Machine needed maintenance during rental.,-0.263,"[""service""]",2024-11-08
d7c70499-6db7-462e-a70b-9e66c8c1aa48,ab04e845-df18-47cc-a8ce-c436e66303d8,d0f63a94-00bf-42d0-85f6-a09e52823945,3,"Decent experience, room for improvement.",0.438,"[""delivery"", ""communication""]",2024-11-01
c3f5c132-bd18-47da-acba-f753e4139ba4,3de1dd21-eedf-4ff3-95ef-50dd9fc1147d,e4e1177a-af41-4acd-a972-55ef16de53f1,4,Very satisfied with the rental experience.,0.841,"[""pricing"", ""delivery"", ""equipment_quality""]",2025-11-20
4c15b783-59b0-4f95-ab19-51ab0286d70c,8afccdd5-a2a5-4249-b270-330d173f26df,b3920a4e-c1ce-463d-b1da-179578c54962,4,"Excellent equipment, worked perfectly on site.",0.705,"[""pricing"", ""delivery"", ""service""]",2025-10-19
08db53f8-a63a-46a4-9d05-031291a6aefe,6c9fc10c-2676-4cb2-a180-6b6c7d05b723,6601289c-153f-4762-af75-621d2f9bfed4,4,"Great service, delivery was on time.",0.724,"[""pricing"", ""service""]",2026-05-03
af1936ab-1ccc-493e-80c3-c2e23e99d442,797a670a-c348-437e-b9f4-75e2b92ba55d,f0b9c122-2343-42cc-a891-97dce19136da,4,"Great service, delivery was on time.",0.832,"[""delivery"", ""equipment_quality""]",2025-04-01
2cff40b5-0ce9-4420-9fc0-b42377b8f7cb,17a3dd98-8ad3-4bb9-8be0-49f3d54b5163,767e132b-af1d-452f-9470-de8b40bca39d,4,"Professional team, will rent again.",0.965,"[""equipment_quality"", ""service"", ""pricing""]",2024-11-23
f2f34f1a-4853-4147-8b69-2908a4d43a7f,4212e07a-0023-405f-9bf2-105bc07b5250,d54c6466-c654-4e96-8dcd-3679bfb9758c,4,Machine was in top condition.,0.761,"[""pricing"", ""delivery"", ""service""]",2026-03-03
5f7a732a-7ce3-4c7f-a6cc-9bfd075c6ed0,124bd83d-5184-4007-bb65-d189bf5495e8,edc63b6b-85fe-4f8b-9946-16471a03db86,4,"Professional team, will rent again.",0.894,"[""delivery"", ""communication"", ""service""]",2025-01-09
5dbea03e-2df2-40c1-ae10-9dba5d2e13a4,8d29907d-1109-404c-8316-4e748e853fa9,2316216f-00ec-4d16-aada-dd03b04f4c5a,5,Machine was in top condition.,0.779,"[""equipment_quality""]",2026-01-22
4c177d05-9cca-4641-8fd1-2a00d60de6e1,33411ea5-6f70-4054-81aa-fb7279cc456e,07109fa4-3f5f-4663-a438-8a1e6c819a4a,4,"Excellent equipment, worked perfectly on site.",0.913,"[""service"", ""delivery"", ""pricing""]",2025-12-18
887e006d-3d54-46c3-b6b5-c5d66c38921b,6eff4e51-9b25-4fc1-896e-b88762a13160,a2054e9e-e5d7-42d0-9a63-ade3aa521f5d,4,"Excellent equipment, worked perfectly on site.",0.702,"[""communication""]",2025-10-14
06d9d4ea-541b-42c7-9adc-14b0e8ef7469,4dc709ad-2e2f-4b45-b074-916f303a400a,cc5da272-7b95-42aa-8a70-827c05042ee3,1,Customer support could be more responsive.,-0.914,"[""pricing"", ""delivery"", ""communication""]",2025-03-10
b589133d-3383-4c15-8ff3-d3cad95f25c8,3025331f-701b-4c35-8cf9-a3f2e3f9a422,2fa654e6-49cf-4d80-baaa-14e97099e469,4,"Great service, delivery was on time.",0.911,"[""service""]",2026-01-08
413b6f99-fdbe-42de-81fa-c62d5a16b4c2,c0c51c25-3f97-4979-880b-2c73da0069c5,d32b7d98-be61-47fb-afcb-64940d60134c,3,"Decent experience, room for improvement.",0.22,"[""pricing"", ""delivery""]",2026-06-09
ff275470-740a-488d-ace7-d4aeab6e8d10,bd93a9bb-94e7-4f6d-8f65-2dcf2da5d86b,97910dcb-2aa5-44c0-adc8-85d075bde572,2,Pricing was higher than expected.,-0.893,"[""service"", ""equipment_quality"", ""delivery""]",2025-04-22
e1e2cfd7-eb14-47ba-a1af-777a70a24cc3,5bbb14cf-9dad-4bbf-8aed-4e2e30dfeb16,b31efdd1-7710-4d91-87de-758bbdebd914,5,"Professional team, will rent again.",0.883,"[""equipment_quality""]",2026-07-14
97ab9c9b-79a3-4220-b655-589d44f17d21,6571075a-673b-49e1-ae95-2c30b0df2081,f7e2d451-70fa-44c5-b7af-bc9dd4b30b30,5,"Excellent equipment, worked perfectly on site.",0.786,"[""service"", ""delivery""]",2025-08-15
a2657f0e-334c-49f5-8bb5-bbac1762e5d6,07f4921e-099c-4d48-9e53-ec1b8c15bf6f,07352e92-158d-4311-ad71-f55c60f2254e,5,"Great service, delivery was on time.",0.625,"[""delivery"", ""communication"", ""equipment_quality""]",2026-06-10
dee05329-b6bd-4221-a2da-90e4079a92b7,0947586f-39c5-4479-a564-3d1a8d05415a,36f1d51f-d73b-4689-a866-777084753f55,4,Machine was in top condition.,0.874,"[""pricing""]",2024-09-11
810d2100-9bfd-4ec7-a7b1-14b31c74c05d,84428284-9b3a-43cd-a5fd-befb2cf188b7,55864c55-bbe5-46c7-8d1b-9d58aaad00b3,4,"Great service, delivery was on time.",0.708,"[""service"", ""pricing"", ""delivery""]",2024-10-13
0ed8b659-bef6-497e-9021-4a9be57941ff,a313c410-78f1-412c-a399-2c47a873c2f9,565f73c9-b726-4de4-a04b-55fbf3f38c22,4,"Excellent equipment, worked perfectly on site.",0.85,"[""pricing"", ""equipment_quality"", ""service""]",2024-08-06
a7d78b2a-a959-4db3-9d0d-a10ec5f0eaf6,486f7b67-46cd-4cde-8fcb-3f41afe4fa22,8427635a-051b-4b6b-8b19-a5d9c4cf6469,4,Machine was in top condition.,0.766,"[""service""]",2026-07-03
a6e4f1b5-e40f-433d-8a42-62fbf61afe39,dadc1591-c166-4ef7-a23b-43a8cb2c1dba,f7fdf90f-515e-4bc7-bbff-77f6c6408e22,1,Machine needed maintenance during rental.,-0.608,"[""communication"", ""delivery""]",2025-09-27
8121a609-7522-42d9-ae25-aa5052c2500d,491f1311-7d04-417e-bd66-349490c29ded,f06a8b6e-0e99-443d-b2ef-6bb2853929c0,4,Very satisfied with the rental experience.,0.641,"[""pricing"", ""equipment_quality"", ""communication""]",2025-11-01
c5fabb56-e6b5-4fa5-9743-49f89880765a,cfda6bfa-1868-40a5-b8ca-6081459e10d8,fc45bf49-698c-4b68-8e1f-8c5de19c3904,5,"Great service, delivery was on time.",0.937,"[""delivery"", ""communication""]",2025-09-19
25249781-8253-4ea3-8b00-80acabdb64b9,930e80c5-5d08-4519-b58c-256246376e91,a528a457-ccea-4a93-861f-ebab32ec00a6,5,Machine was in top condition.,0.63,"[""equipment_quality"", ""pricing""]",2026-03-05
2a916f96-815a-4c4e-b84f-a21449deb28c,76e7a621-003e-42cc-9f06-fea80a0747ca,c6f43d1b-1aba-49d2-a9e7-ca282340e29d,4,"Great service, delivery was on time.",0.688,"[""communication""]",2024-09-06
12b9976d-4c33-47cc-b94e-2cf40e83323a,39fee45e-547c-4ea0-aa42-fdb317c7996a,d67641d7-430d-48fc-acf3-215566678fb2,4,"Great service, delivery was on time.",0.897,"[""service"", ""pricing""]",2026-06-10
9a6c951d-c965-4166-8429-bb0fd1636a30,875ba428-18a8-4688-8ae3-6f0274a5017b,beb5117a-5254-4d75-a50d-69da964c7b6d,4,"Excellent equipment, worked perfectly on site.",0.91,"[""service"", ""communication"", ""delivery""]",2025-03-02
09054846-652b-4ff0-a88b-fc7ff6eef781,76647c96-3126-4cc2-b315-7941cdbca7f7,e3ddfd5c-3eb3-4a64-94ba-795e9208d365,2,Customer support could be more responsive.,-0.098,"[""equipment_quality"", ""pricing"", ""communication""]",2025-03-12
11466798-a841-407d-960d-37e6fd0020b8,491f1311-7d04-417e-bd66-349490c29ded,534470e8-6234-41a5-8015-84e44560aac3,5,"Great service, delivery was on time.",0.981,"[""service"", ""delivery"", ""pricing""]",2024-09-10
3ed068f7-5969-4f81-9c33-48755eaeec47,3af4598c-f599-45e0-b27b-8e366d645c50,40368954-7c96-4326-a2f5-3867d8854311,4,"Excellent equipment, worked perfectly on site.",0.737,"[""equipment_quality"", ""pricing"", ""delivery""]",2025-03-23
8268f345-d6ff-4576-98b5-e9be8c08224d,95597854-a085-466e-a612-48423db319be,e14bbc93-e9b5-43c0-bdae-8363da6437b9,3,"Decent experience, room for improvement.",0.54,"[""pricing""]",2025-05-31
479511cc-7b1d-41d1-935b-81752648e4bc,fa5b0920-dbe9-4b44-a70c-393ffab78137,41af724d-83b6-465d-9805-1425ec5d9f66,4,"Professional team, will rent again.",0.988,"[""pricing""]",2026-07-22
b32feecc-e460-48d8-ba1a-43566ce8375e,1e991cc8-c30a-4746-820d-c630e21ff5be,b94c5298-b356-43e7-9817-c7724ffc3f21,4,"Professional team, will rent again.",0.606,"[""delivery"", ""equipment_quality"", ""communication""]",2024-10-29
61a130e5-9401-4181-b547-3da84b19a696,ebdee9fd-d8e7-4a19-b327-be6d80cab435,e1d5d26e-a8bf-4278-9621-81b6468d0307,3,"Decent experience, room for improvement.",0.238,"[""service"", ""equipment_quality""]",2025-10-09
c0e8903a-2775-43bb-8308-8676628e7f74,4472a331-943c-426e-91e8-e0757818a2ad,66369b38-bf3f-4e47-a8ca-1f4b2bb5b6b4,4,"Professional team, will rent again.",0.877,"[""service"", ""communication""]",2025-02-22
1fb7cae4-0dce-417e-b3e3-467c35c7b598,1ca9595e-b927-4c8b-a17f-323e0c283060,3a0161e0-98ae-49db-830b-2cff1d6ceda2,3,"Decent experience, room for improvement.",0.316,"[""communication"", ""pricing"", ""equipment_quality""]",2024-11-09
cb0a60d5-8735-4cca-bcfe-ddced92ee87d,ab04e845-df18-47cc-a8ce-c436e66303d8,594fb962-2321-4aed-8c13-9de2918956f1,5,"Excellent equipment, worked perfectly on site.",0.937,"[""delivery""]",2024-10-19
310a3f1f-6558-4a7e-83ea-37d24da279b4,199ab532-fb75-4ff6-bfbc-e060064f2799,0e3c25c5-84bb-4a4c-98ea-627d069077c5,4,"Professional team, will rent again.",0.608,"[""delivery""]",2024-11-23
9e0e21b0-b3b1-40a7-8619-976bd2cc7341,33411ea5-6f70-4054-81aa-fb7279cc456e,c389988f-ad91-463a-946f-7f04b81b98af,2,Pricing was higher than expected.,-0.602,"[""communication"", ""equipment_quality"", ""service""]",2026-04-10
aa5521f0-e571-4b01-8986-55c838fd06fd,1e991cc8-c30a-4746-820d-c630e21ff5be,051e30fc-3fdb-42ee-bc2e-a13c985d77ef,5,"Great service, delivery was on time.",0.771,"[""delivery"", ""equipment_quality"", ""pricing""]",2025-06-25
ccffd3f1-89fb-42f5-83a6-1c2f681b4d12,5d9f6cae-2fb3-41ea-9f08-fbc1573ee862,421ebe58-ccaa-47f9-b4b8-33c780d34dbc,4,Very satisfied with the rental experience.,0.804,"[""pricing""]",2025-01-13
096d3797-edb1-423f-99e1-f51627746f14,3d72e7ae-13d1-4ed5-aa94-9ef92f1ed0ab,7ac20efb-9426-4431-aaa0-3100d4af0da1,5,Very satisfied with the rental experience.,0.685,"[""equipment_quality""]",2026-01-26
a3a96cc1-0389-4a74-8a15-0350d70546d8,ebdee9fd-d8e7-4a19-b327-be6d80cab435,9fc2cf67-692b-4ffc-870c-ddcb3c68542f,2,Equipment had some issues during operation.,-0.726,"[""pricing"", ""communication""]",2025-04-09
00c6c8dd-acde-436a-9c3b-f90141459487,6eff4e51-9b25-4fc1-896e-b88762a13160,4eaeb4b6-aeb1-4019-806c-e2f50fb12fbf,5,"Great service, delivery was on time.",0.803,"[""service""]",2026-07-28
9e35f355-7f1e-4f20-957b-00fbbc5916b5,e7def941-4235-4802-83bb-ab6146c36cda,62ba6dd5-b370-461b-b806-6c8ec2b3fc4f,1,Equipment had some issues during operation.,-0.586,"[""delivery"", ""communication""]",2026-02-24
a7a65c6f-f64a-4f51-9e58-bc50e4956319,84644143-a02b-4e48-a68d-4989cf2f8d7d,0e4eb0e7-d47f-4d51-96dc-8933bfe50796,5,"Excellent equipment, worked perfectly on site.",0.694,"[""equipment_quality"", ""communication""]",2026-02-24
142b057a-bccd-418c-8ebd-be02379047cb,5a50c836-ec68-4aeb-9182-abd10c298a3c,3b668da6-eed7-45c7-a688-bf4afe73ebd4,4,"Professional team, will rent again.",0.892,"[""service""]",2026-02-12
194dcb83-c52a-4c71-b357-62e642e38323,3f483723-85eb-43fc-aa06-a41e4b92850a,aacdfabf-9765-40f4-8ad0-890642896c2a,4,Very satisfied with the rental experience.,0.966,"[""service"", ""delivery"", ""pricing""]",2025-01-07
abe5fd09-376e-4740-b5d7-3041da0f30b5,35e496ab-5e9f-4445-834e-44a70b00f1fa,63a6ed86-7b05-4709-ac34-d2c16607ed9c,4,"Professional team, will rent again.",0.803,"[""service"", ""communication"", ""equipment_quality""]",2024-09-05
f04ff013-cc64-44e1-93bf-6bde205a0e0f,903f381d-cf42-442d-b02b-9a4b7e7495cd,ff1b29bc-f63d-4f9b-a762-7fcb1286eb4a,3,"Decent experience, room for improvement.",0.368,"[""delivery""]",2026-05-03
46ff7330-2621-4b23-ab56-2b5098d49fac,3f3bf212-52e9-4b36-94a9-cb6ebb4feab1,dd4d7dee-632b-44b4-bbce-6116a55eeffb,1,Machine needed maintenance during rental.,-0.811,"[""equipment_quality""]",2024-08-02
bc268e20-c0f0-4370-b417-56c102f378f8,d0bda241-2bb1-4a4d-9ebb-a56c96f85c7b,3aaaf099-168d-4035-a3db-29dea787e7f4,5,"Professional team, will rent again.",0.949,"[""delivery"", ""equipment_quality""]",2026-02-02
5e32ff5f-e1f1-4937-b8f6-4eee0f227d92,e538d010-b52c-4c23-afe0-077b50aabbfa,fd5a6582-a52d-46e0-a0e9-1ab1e7aeea1d,3,"Decent experience, room for improvement.",0.55,"[""communication""]",2025-07-13
1a126050-5396-4455-99a4-8b27e640e71b,76e7a621-003e-42cc-9f06-fea80a0747ca,1e2038dd-52d4-4023-9cc6-f19ed8a6834b,5,"Great service, delivery was on time.",0.739,"[""pricing"", ""communication"", ""delivery""]",2025-03-01
cdb3e4cc-581f-4b69-af04-b3f0d6634760,217454e0-ca62-4221-8833-9a8a0541a408,d230678a-dee3-455f-9b24-b5533ca4eea5,4,"Great service, delivery was on time.",0.724,"[""service"", ""pricing"", ""communication""]",2025-10-23
06d383f9-fc01-478e-91a0-e3263bd1a7f7,edcd7270-7c38-4e2b-a544-37d79eae44b4,7636e471-ec45-44c6-88c1-7cb5ae0d90e9,5,"Great service, delivery was on time.",0.703,"[""service"", ""communication"", ""pricing""]",2026-02-25
f7e03b45-0513-447f-ba68-d3353d58141c,07a4a12a-4581-419a-8701-06d37ea6bd3b,6e72d494-a233-40e3-926f-1a43479be383,3,"Decent experience, room for improvement.",0.437,"[""delivery""]",2025-07-04
930dfca3-af57-4b98-9d9a-b468546a3314,8300e3b8-4e36-4cd0-9094-c6787c5d4fb9,750162c9-217b-49b6-99f5-3f430bc255c2,4,"Great service, delivery was on time.",0.706,"[""delivery"", ""service"", ""equipment_quality""]",2025-07-17
3ed35180-ea62-471d-b0c4-ff1722b9e488,50f7f647-fd6e-4699-96d0-2f4d2c435f9e,637d9415-d4b5-47ac-9c86-eed1070c0d5c,5,"Excellent equipment, worked perfectly on site.",0.613,"[""pricing"", ""equipment_quality""]",2025-01-13
774f5fe3-478c-41bf-84d3-c37f53c85095,c0c51c25-3f97-4979-880b-2c73da0069c5,295736b6-c9c5-4e6b-97f8-f1bb989b1e80,5,"Professional team, will rent again.",0.639,"[""equipment_quality""]",2026-06-13
5b1dbc75-fe59-4e0b-a69f-9c39b7890b7e,4ecea141-5d6c-46e0-93f0-274c9ede4ec1,9dd33c9f-b5bd-4deb-a611-4bd75bc6f4fd,5,Machine was in top condition.,0.901,"[""communication"", ""service""]",2025-06-19
60bda386-291e-43c4-ac1b-de273169a993,ff5c59ce-b7d4-4309-8726-dbeb94e2dd91,b5556ce6-3921-425c-91da-fe1227eda910,5,"Excellent equipment, worked perfectly on site.",0.993,"[""pricing"", ""communication"", ""service""]",2025-10-19
1693697a-6784-4bf0-bddb-5086b4a414bf,fb0c3e25-1d16-4efd-8056-2fdcdd4dd869,bef851db-9b11-47de-9b53-e301697d4c14,4,Very satisfied with the rental experience.,0.604,"[""equipment_quality"", ""pricing""]",2025-01-03
7a358086-9b84-40b7-aea5-afe453ef54a2,bd93a9bb-94e7-4f6d-8f65-2dcf2da5d86b,cc8bb711-9970-4666-a881-3b7a5a991f74,4,"Excellent equipment, worked perfectly on site.",0.851,"[""pricing"", ""service"", ""communication""]",2025-04-22
95900f49-ab2b-4979-a31d-b4e169a2bf55,d6aa75f7-44c7-4fd7-9ef1-afc61e81fed5,ceb1f9c5-d743-4583-a55f-043a26ef9341,5,"Great service, delivery was on time.",0.602,"[""service"", ""delivery""]",2026-01-12
f9423b5b-8d04-4502-9182-7bd6a04b3df1,23e0230e-4a39-4c08-b9b0-a6f965d67d7e,d5c2a7b6-8b67-401a-8c30-cb035a690235,4,Machine was in top condition.,0.617,"[""equipment_quality""]",2025-06-07
71aeaec9-2a5b-4b92-bd02-22cae551f959,fa5b0920-dbe9-4b44-a70c-393ffab78137,99ab779b-16a9-4b98-890f-ff4050fe36d5,4,"Great service, delivery was on time.",0.924,"[""equipment_quality"", ""pricing"", ""service""]",2026-02-17
4d554ed0-b5c6-4c39-9d0c-be2d25192c57,35e496ab-5e9f-4445-834e-44a70b00f1fa,7ab9ab9a-61a6-4326-be10-91aad184a2d6,3,"Decent experience, room for improvement.",0.429,"[""delivery"", ""equipment_quality""]",2026-07-25
8e06e318-f2d1-4bfd-845d-aae5d90eaa27,7be78260-7d5a-4304-b7fa-6d79f4325c18,0c01a5f9-64b9-4d93-9028-8b867e32c6e1,3,"Decent experience, room for improvement.",0.567,"[""delivery"", ""equipment_quality"", ""communication""]",2026-06-24
1880bc69-82a4-40ff-a38f-81d50ce324f9,b81ba5de-7041-49e7-a3f5-37f7f61d59a4,b2189416-585e-41ee-943a-2d94ff97cdbb,5,Very satisfied with the rental experience.,0.969,"[""communication"", ""delivery""]",2026-04-30
e1aa56bb-37d9-4ec6-8121-13226716e3cc,0cc7ed25-943f-419e-b55d-809703859fb0,896c51df-eb44-47bb-bba8-9eca2ce57fbb,3,"Decent experience, room for improvement.",0.409,"[""pricing"", ""delivery""]",2025-10-01
16a79d39-71ba-4dc4-bd5e-07ba243db299,a8d63531-e89c-4faf-8671-b1dda0f09256,66172ed2-47cd-4c4d-a24b-1336eb8e9407,5,Machine was in top condition.,0.704,"[""communication"", ""service"", ""delivery""]",2026-01-07
1faaa79b-44bd-4cd2-9cb6-ec31baea6b94,0f13ce4b-33a8-4e88-aa71-9d5000ba5158,a432f2f6-9455-4330-ae1d-a33316c9ab5e,5,"Great service, delivery was on time.",0.806,"[""communication"", ""equipment_quality""]",2025-12-23
a24dd4e2-2a31-42b0-b3b8-d61d9a758db6,2a04ff3f-9519-4a1a-8315-3684798f5345,95f57a0c-bd46-4383-98ee-e9fa1a9e272d,4,"Excellent equipment, worked perfectly on site.",0.618,"[""service"", ""equipment_quality"", ""delivery""]",2026-04-08
851e1026-caa7-4d70-995a-5eba624211a8,70c2eb70-4638-460d-8ab5-33be24e73ae9,0a97743b-c280-4b67-b126-fc0630deab7a,2,Equipment had some issues during operation.,-0.416,"[""delivery""]",2024-09-17
a3850e65-231c-47ef-972c-11ab71b4f83b,e7def941-4235-4802-83bb-ab6146c36cda,3420b354-8d5c-4367-8a45-2463035732c1,4,"Excellent equipment, worked perfectly on site.",0.791,"[""delivery"", ""equipment_quality"", ""pricing""]",2025-04-01
5fe0ed9c-cf84-4af0-9096-2cde04c67b05,62ff3973-e6e5-498c-96e4-248eb59183e3,1438bbb9-d56b-4dbc-942f-f2498527f2b5,4,Very satisfied with the rental experience.,0.703,"[""equipment_quality""]",2026-06-03
2e92de53-19bf-4ab5-8421-96f4854d550f,1e991cc8-c30a-4746-820d-c630e21ff5be,6e839601-806b-4e9c-9038-b50150575493,4,"Professional team, will rent again.",0.701,"[""pricing"", ""service""]",2025-05-26
894f815d-c98c-47c8-9b5b-f7b83e75056c,cd65fec9-7248-44f5-bcb2-10f5841b02bc,0a9c42fd-4de5-4482-9045-53acb03513f0,5,"Professional team, will rent again.",0.795,"[""communication""]",2026-01-31
d14f62cf-ae7a-4508-881d-1105ddcaad5f,feb70aa7-dde2-4469-9d0f-22e7187f8fd7,37eeb6d7-75db-4926-9297-a3cabeb1b262,5,"Professional team, will rent again.",1.0,"[""equipment_quality"", ""service"", ""pricing""]",2025-01-28
19bdd045-eea0-49c8-a709-0fd352dde0db,d0bda241-2bb1-4a4d-9ebb-a56c96f85c7b,c7548d9e-f4f7-4df1-857b-ecfeca0ec845,5,"Excellent equipment, worked perfectly on site.",0.783,"[""equipment_quality"", ""communication""]",2025-04-09
862a03a4-f7bb-46fb-8447-4a72424a1cb5,4cd3d45f-6184-4db5-b59f-ba7054a54284,221d95eb-6fd4-4d6d-89d0-8fb00f381c19,2,Equipment had some issues during operation.,-0.275,"[""equipment_quality"", ""communication"", ""service""]",2024-12-21
47421d58-6fed-4ab6-ab89-98bd9c74b9be,2138c6c8-dd06-4493-96dd-1325c5d121f7,24d94482-3eeb-428e-999d-95a3bcad83dd,5,"Excellent equipment, worked perfectly on site.",0.717,"[""equipment_quality""]",2025-02-15
94fec114-80e6-43ad-bee1-df16fda1d51f,62ff3973-e6e5-498c-96e4-248eb59183e3,e140fe4c-6126-4e81-ac52-c44e013c16a9,4,"Professional team, will rent again.",0.926,"[""delivery"", ""communication""]",2024-08-15
d5cd4542-d130-4f94-88ae-246c60d01140,08205d3f-5e37-43de-aea8-0aca3ee7469d,0f562cef-a989-49a8-97e0-63b57c94de44,5,Very satisfied with the rental experience.,0.683,"[""equipment_quality"", ""communication"", ""delivery""]",2024-09-12
7cc29cb5-f9b6-47d7-8df8-39aef50c186f,abb0a010-dc9d-46bf-ada3-b3cd0a1a2f0e,42585ee6-2c4e-4b4e-b44c-861c99770c2b,2,Equipment had some issues during operation.,-0.412,"[""pricing"", ""communication""]",2025-04-25
6e9906d8-dafb-4d5e-857f-fe255c4855a4,0bd1b1eb-11c6-49df-88eb-31691f867bf5,147a609d-2618-4c8b-802a-71db42810c28,3,"Decent experience, room for improvement.",0.452,"[""service""]",2025-10-22
944f2162-353c-49d1-921d-c9c3f4c6c8e9,80dd0ed4-9c7d-48c0-8339-6e503fe87e92,a7da86d6-e454-443f-9488-4433ecbac447,3,"Decent experience, room for improvement.",0.206,"[""service"", ""equipment_quality""]",2026-05-06
b5562fbd-6b81-4d3f-962f-ca7f60c10488,199ab532-fb75-4ff6-bfbc-e060064f2799,d6b24dcd-12da-4a31-8a90-91a9a52e56e6,3,"Decent experience, room for improvement.",0.598,"[""service"", ""equipment_quality"", ""communication""]",2026-04-04
e818fcf2-3e5a-4e45-82b9-9ef5085b6d05,ebdee9fd-d8e7-4a19-b327-be6d80cab435,791962e3-332d-44f9-a91b-02a73001919f,4,"Great service, delivery was on time.",0.82,"[""service""]",2026-04-03
3ed6e2b3-3e49-4118-8281-e7bc3807a335,828d1746-672a-4755-a85d-fc6f8869d1f2,ba171927-edab-44e3-98dc-095fc13a12ea,5,"Excellent equipment, worked perfectly on site.",0.875,"[""pricing"", ""equipment_quality"", ""communication""]",2024-11-27
58aa9fdb-358b-4722-aeea-b96519c3bbda,d6167d47-7515-46db-9313-a2084b507ebc,f1e73653-931a-4618-877a-73b85462543c,4,"Excellent equipment, worked perfectly on site.",0.766,"[""equipment_quality"", ""service"", ""pricing""]",2026-05-20
94d0e41d-1382-477f-b1c1-58f6e12612e3,cd65fec9-7248-44f5-bcb2-10f5841b02bc,156422e5-00d8-4c92-9f91-a6a257b8ba1f,4,"Professional team, will rent again.",0.611,"[""delivery"", ""pricing""]",2026-07-26
ffd1fbfe-48ec-411c-bb22-3ee708ab3f80,74166b54-578d-4e44-882b-45c9694a9729,00bf42dd-3c8a-4001-ae0a-2637750653d8,5,"Great service, delivery was on time.",0.78,"[""pricing""]",2025-06-17
bbebd6bf-ffd3-44c0-8727-a50e29c2b2d2,95597854-a085-466e-a612-48423db319be,cf844e97-7062-4d48-a21d-e32a54a13ed1,5,"Great service, delivery was on time.",0.787,"[""equipment_quality""]",2025-05-11
e329eb69-d888-4b17-81e8-6816f1529625,fb0c3e25-1d16-4efd-8056-2fdcdd4dd869,4dc2187b-60a0-4834-bf78-802694500f46,4,Machine was in top condition.,0.638,"[""delivery"", ""communication""]",2025-07-03
31cec202-8a6d-4c6c-9e8d-469501a18ee2,66c02283-de0d-46f3-b44b-99873c9895d9,abb80bba-8945-4938-af2b-019e12704642,3,"Decent experience, room for improvement.",0.273,"[""pricing"", ""equipment_quality""]",2024-10-13
70fda8c1-9876-4d76-b580-06238a5c103c,124bd83d-5184-4007-bb65-d189bf5495e8,5a342024-f8dd-4cb2-9e84-d601eeec509d,5,"Excellent equipment, worked perfectly on site.",0.69,"[""delivery"", ""pricing"", ""equipment_quality""]",2026-04-01
10fb5f79-c8a7-4a8c-a3af-fcbf9a498d61,a1601b20-3206-4485-8d36-acd9f25d2813,caf18800-73ee-4d48-aed5-6f0e435f6d40,2,Equipment had some issues during operation.,-0.352,"[""communication"", ""delivery""]",2025-06-25
6c7c1cf7-0e78-4185-9eda-e0627301b470,7225b43f-3e06-47ce-8a9a-fafcacf310b6,018648be-4d9b-411c-9729-bb1e7c9d2a62,4,Very satisfied with the rental experience.,0.627,"[""equipment_quality"", ""pricing"", ""communication""]",2025-11-20
d420ccff-9a8e-4876-861d-514db385b4d4,1b90b616-f317-4e8d-80cc-ebc097f2b812,919cf6a9-20e3-4dc8-8c8c-d5a8773f50da,4,"Professional team, will rent again.",0.74,"[""delivery"", ""equipment_quality""]",2025-07-29
1004c029-5431-4b7e-9ba3-695fa8784514,d0bda241-2bb1-4a4d-9ebb-a56c96f85c7b,ef26ef8d-6574-4965-9bb5-91d7339a91a2,4,"Excellent equipment, worked perfectly on site.",0.871,"[""delivery"", ""communication"", ""service""]",2025-07-18
487a081d-3a30-475b-9037-cd0f33c57d65,db1ad761-4a3e-4989-8438-2dd4c3027c12,763d40df-11e6-4f89-bad9-6a0515e4f39d,1,Machine needed maintenance during rental.,-0.412,"[""service"", ""delivery""]",2026-01-15
a40c11ba-1bd5-4517-ac72-448bf65b6a6e,33411ea5-6f70-4054-81aa-fb7279cc456e,3213eb16-3084-4b58-b55e-0ca4c0d0c233,5,"Excellent equipment, worked perfectly on site.",0.768,"[""pricing""]",2025-05-05
3c18edfe-00ff-42ac-baed-bb2aa8edc6d2,d0921577-6c43-4887-bb94-765c4c839e80,0be2945f-cd9f-4531-9422-4897c732a097,3,"Decent experience, room for improvement.",0.592,"[""service"", ""pricing"", ""delivery""]",2025-06-25
c48e40a8-de9c-4682-87d3-b748475e28ff,62ff3973-e6e5-498c-96e4-248eb59183e3,c3db029d-76ea-453b-8f65-fd3df282cda9,2,Pricing was higher than expected.,-0.799,"[""service""]",2025-06-25
479acdf8-8a42-4543-958e-26ae54b92109,30012bd6-63e1-4c37-9f7c-71cb2aede345,514a3186-49d4-477f-ba80-65de7b938102,2,Equipment had some issues during operation.,-0.544,"[""communication"", ""delivery"", ""equipment_quality""]",2025-02-01
df0223ad-9ffb-41c3-b536-39dd7915bf13,5d9f6cae-2fb3-41ea-9f08-fbc1573ee862,0f6f6146-c8af-4c58-931d-089aa246544d,2,Pricing was higher than expected.,-0.189,"[""delivery"", ""service"", ""pricing""]",2024-07-30
8e9ade68-4e91-48eb-882e-3345532d3c26,d0bda241-2bb1-4a4d-9ebb-a56c96f85c7b,2ac9305c-6f97-4494-8d1f-b009bdea7514,3,"Decent experience, room for improvement.",0.435,"[""service""]",2026-04-12
62221391-b731-4993-9458-7b1c0e8c04bc,0cc7ed25-943f-419e-b55d-809703859fb0,bba13682-2fcc-4d8c-a7df-d6630061213e,4,"Professional team, will rent again.",0.885,"[""delivery""]",2025-12-09
6478d727-5865-4ebb-b1c1-83a8c2cdc234,d0bda241-2bb1-4a4d-9ebb-a56c96f85c7b,6fdc467d-5f5a-4156-9ee6-d80ecddabeaa,2,Pricing was higher than expected.,-0.435,"[""service""]",2025-04-07
318e5642-88ba-4a2c-8595-73d56ed66160,abd04790-170c-4c35-822f-32406f606ca5,6e1bcc06-c93e-4f92-878c-2779f1a242cc,5,"Great service, delivery was on time.",0.971,"[""service"", ""equipment_quality""]",2024-08-25
5977b5ff-1c51-4d2b-b5e8-8cf6339298ad,0563024d-7b54-43f3-87f4-cbae099dfd04,e844814d-b827-4c86-b08b-c256f5597f39,2,Delivery was delayed by 2 days.,-0.153,"[""equipment_quality""]",2025-03-06
b5cb69eb-fdd9-450a-a2ab-d1604870a447,62ff3973-e6e5-498c-96e4-248eb59183e3,beecf488-1c81-4130-8c13-5ba37858bb05,2,Pricing was higher than expected.,-0.31,"[""equipment_quality"", ""communication""]",2025-07-17
ecc07cdd-819e-4a30-bcc5-770477304a2f,ff5c59ce-b7d4-4309-8726-dbeb94e2dd91,e950aec1-f1e9-4c9c-a0c9-0e07a88f83e7,4,"Great service, delivery was on time.",0.746,"[""pricing"", ""service"", ""equipment_quality""]",2025-04-07
16bcc3e3-ffb0-45fc-b782-5ae15bfa81e9,2138c6c8-dd06-4493-96dd-1325c5d121f7,1f4e8dc3-d94c-44e3-bcd5-a9f5e8202fef,4,"Professional team, will rent again.",0.981,"[""pricing""]",2025-07-30
b978325e-08cb-467c-b90b-833ef7cf6b26,2fec9e6e-b82b-481d-ad04-917244574aca,0ebe924b-a42c-4733-bfba-658141606334,2,Machine needed maintenance during rental.,-0.355,"[""pricing"", ""service"", ""delivery""]",2025-02-14
dd30f0f3-dd68-4297-bf32-57cfd9214942,b0ceb5f8-ad0e-42f9-a554-1960a0ed8997,4d1a79d9-a228-4456-ab5d-8fb79ab80878,3,"Decent experience, room for improvement.",0.353,"[""service""]",2025-07-14
a3e73625-d138-4b7a-9e8d-66f17fd3e436,124bd83d-5184-4007-bb65-d189bf5495e8,c487abd8-3e17-42b4-aa71-3b9685cfff93,4,"Professional team, will rent again.",0.705,"[""equipment_quality"", ""communication"", ""delivery""]",2025-07-14
3659bc1a-bc54-4984-a29e-2d93d15fd7f6,ff5c59ce-b7d4-4309-8726-dbeb94e2dd91,6278c75c-7972-413a-8606-2fd9202772ef,3,"Decent experience, room for improvement.",0.534,"[""delivery"", ""communication""]",2024-10-15
6c2d5bb9-93a1-4054-9e38-24d95e8e4544,a25f72b5-1730-44fd-b6c7-c769a3920171,0579de81-5f4f-4b65-996c-b386e97ce3a0,4,"Great service, delivery was on time.",0.829,"[""delivery""]",2025-10-20
4a8688eb-e377-421c-b404-f86c61f7449e,d0420392-03f3-42b2-92a6-b48642f1eb9f,97ed1158-c4e6-41e8-95eb-15da6a23fd96,4,Machine was in top condition.,0.992,"[""equipment_quality"", ""pricing"", ""delivery""]",2024-10-05
8d52a1a0-091f-4a3c-96b1-d501c6ac34d7,74166b54-578d-4e44-882b-45c9694a9729,32bd31fc-131f-495b-941e-0f1d0e837605,3,"Decent experience, room for improvement.",0.209,"[""equipment_quality"", ""communication"", ""pricing""]",2025-03-04
9c0e88ee-64e1-4a88-8fe7-0c550892eadb,cb30a089-6b70-4abd-b732-eb89a8b5902d,27123608-71e8-4577-9ac6-4c907a54c337,4,"Professional team, will rent again.",0.655,"[""equipment_quality""]",2024-12-21
c34a5e68-0c62-4005-a8a2-5b8bb09aa4c7,797a670a-c348-437e-b9f4-75e2b92ba55d,317df853-82ee-4d59-80b0-a29daae9e2b1,3,"Decent experience, room for improvement.",0.219,"[""service"", ""equipment_quality"", ""pricing""]",2025-06-15
3010644f-6ca7-435a-9db4-4514f461c8a6,a14deceb-f9b0-4286-a069-9c291a911000,32ac0d51-7213-478a-8b8d-cccf2d00b950,5,"Excellent equipment, worked perfectly on site.",0.623,"[""delivery"", ""equipment_quality"", ""service""]",2025-01-21
8971eab8-39bf-477d-b89c-84e1e0495023,0afc5ef1-d838-4cba-848e-160931cb192f,99d006b7-6937-4ec4-a5be-ca89e99b96dc,3,"Decent experience, room for improvement.",0.502,"[""delivery"", ""pricing"", ""communication""]",2025-07-20
ea9eb55f-1281-4bb6-be2a-1cf18856783b,a14deceb-f9b0-4286-a069-9c291a911000,8fdb40b8-9f5e-4c9b-9b19-52a83e7a799d,1,Machine needed maintenance during rental.,-0.256,"[""equipment_quality""]",2026-01-13
12a3c533-11d5-4f01-ad25-df4b454b2077,813bfadf-77e8-4be9-b0c6-16fae77e358c,516ccfdb-0690-417b-b1a5-b45a696e5578,4,"Professional team, will rent again.",0.671,"[""service"", ""pricing"", ""equipment_quality""]",2025-03-03
75414356-c58d-40a6-ae61-0869c9c74d34,5b32d7b1-04db-48ac-aaf5-d121a60ded76,1a8f8b3e-0460-4a4a-8417-6385764b7cbf,3,"Decent experience, room for improvement.",0.545,"[""service"", ""communication""]",2025-11-26
35cb53e0-4b01-4595-80e2-36eb17535cc8,7b3f1125-9009-477e-a350-b52a7884ddc7,450ca053-03c6-4a1c-91db-c1fa54378449,4,Machine was in top condition.,0.896,"[""equipment_quality""]",2026-04-12
d6b7b583-5ed3-4843-8c19-33fe0e082704,3de1dd21-eedf-4ff3-95ef-50dd9fc1147d,180539c1-61dc-4e48-a10d-6a367775d4c3,5,Machine was in top condition.,0.765,"[""delivery"", ""communication""]",2025-06-13
d89975dc-24e1-4602-9cd4-facb881ac661,3b4c197c-5f64-405f-998b-18fed0deefea,12646775-40cc-4beb-b320-f6b65213fa9c,3,"Decent experience, room for improvement.",0.356,"[""pricing""]",2026-05-04
d350ce4d-7278-44c0-8275-bc6aaf7bcb90,421634a2-1632-4e68-8f4c-2c882284ce4a,fa031036-b115-48f1-a8a2-5a8d8007f843,4,Machine was in top condition.,0.72,"[""communication"", ""delivery"", ""equipment_quality""]",2024-10-31
72087026-cfce-40e6-b42b-1823cc46fc5e,cd65fec9-7248-44f5-bcb2-10f5841b02bc,979b50a9-9e16-412e-838f-4fccb7b453e3,4,"Excellent equipment, worked perfectly on site.",0.729,"[""service"", ""equipment_quality""]",2024-07-31
74dc80a6-2b86-4b14-916e-3bed94fb3209,f3e717f8-eb3a-44a2-b0ba-922a53b43780,63885ef5-a654-4278-90e1-8354bd81f6a7,5,Machine was in top condition.,0.973,"[""pricing""]",2025-04-04
04e26087-3dc2-4d58-8ef5-56bde6459cf2,b0cfe83a-9793-4c65-8cc8-0cd6ce6d9bd1,5a44f9d7-50fa-46fd-9db5-d18bd93bbb91,3,"Decent experience, room for improvement.",0.528,"[""delivery""]",2025-05-18
078be9d9-636e-4823-a58d-658a8fe36fe4,e538d010-b52c-4c23-afe0-077b50aabbfa,59bb16f3-28ee-4c26-9cb0-509b1fef0964,4,Very satisfied with the rental experience.,0.784,"[""delivery"", ""communication"", ""pricing""]",2025-05-14
618715ea-3106-44cd-9c94-60beca75ee14,70c2eb70-4638-460d-8ab5-33be24e73ae9,3cbd3045-9798-477e-9092-7b2c6b803165,4,"Great service, delivery was on time.",0.616,"[""equipment_quality"", ""communication""]",2025-07-15
065987e2-3a13-4b46-99d3-fc4af5437666,cb30a089-6b70-4abd-b732-eb89a8b5902d,68528c40-0382-42f5-8133-b042b8279c95,4,"Professional team, will rent again.",0.793,"[""pricing"", ""service"", ""communication""]",2025-07-03
3b2314e2-ffea-42ec-81da-96df200399e4,07f4921e-099c-4d48-9e53-ec1b8c15bf6f,0f2f9757-0ee5-489e-806d-66f49b0f0843,2,Machine needed maintenance during rental.,-0.11,"[""service"", ""communication""]",2026-07-08
c72ba871-a73c-4fe9-9afa-2f0b631f570b,0cc7ed25-943f-419e-b55d-809703859fb0,c936523a-259e-44ca-903a-b037e5d6b5a5,3,"Decent experience, room for improvement.",0.242,"[""communication""]",2026-07-21
0e322b84-d133-4b1b-99d7-0ec950384064,cd65fec9-7248-44f5-bcb2-10f5841b02bc,1bad850b-9021-4665-bec2-91dfbfa06ca8,4,Very satisfied with the rental experience.,0.806,"[""service"", ""delivery"", ""communication""]",2026-07-13
c16814e0-4218-490a-aa0a-bb85ba8c85e5,0a80258f-0814-4d45-819c-9430ed7647a6,b0cec594-d87a-45f0-a4e6-02b0f6e420ea,5,"Excellent equipment, worked perfectly on site.",0.749,"[""equipment_quality""]",2025-06-04
a83011df-69fc-4dde-a6d0-9fa17ff6ae83,09736450-0e25-4edf-a45e-d720556b1e1f,17c37eac-9da9-44b3-aa50-8b46cfd08c94,3,"Decent experience, room for improvement.",0.554,"[""communication""]",2025-09-27
30f77bee-8320-4691-9d67-2b3d44e746eb,5d9f6cae-2fb3-41ea-9f08-fbc1573ee862,6a1ec584-3d3e-4d3c-aa71-86e6ab87847c,4,"Great service, delivery was on time.",0.874,"[""equipment_quality"", ""communication""]",2024-08-07
6cf8c173-a860-4edf-9d6d-bedb03c702c8,86c3a2ec-f32e-4da3-8174-6e60c5702ac8,26e46382-381e-4a40-bdb1-722d326ac988,4,"Great service, delivery was on time.",0.781,"[""service""]",2025-01-27
98e64ea3-89e5-440d-8e52-23e60bbe770b,4ecea141-5d6c-46e0-93f0-274c9ede4ec1,154eb920-4405-4cae-9a08-393985daffb6,5,Very satisfied with the rental experience.,0.752,"[""communication"", ""service""]",2025-12-03
035cd828-7f3f-4b36-b525-9f521d61701d,e189db02-47bd-4155-9ff0-f1b42d8b0d45,59bed02e-5e7b-4812-9c48-56ad94745067,3,"Decent experience, room for improvement.",0.551,"[""equipment_quality"", ""communication""]",2024-08-08
e4448e78-8014-4ea1-aba8-35e435972b82,c0db902a-4c4a-460d-81d9-b5e8b3c907e5,7ed97983-4d9e-49cc-b00d-a6accb66628f,4,"Great service, delivery was on time.",0.864,"[""delivery"", ""equipment_quality""]",2025-11-06
d7dded03-fc7a-45e8-a058-f5e5d65ee762,6eff4e51-9b25-4fc1-896e-b88762a13160,77d33b4a-11a9-44e3-be19-0e1f75746405,4,"Professional team, will rent again.",0.611,"[""service""]",2025-08-05
c737e65b-dae2-4267-9e5f-d4d1a0a5444a,33837d43-76dd-4f9e-b1e3-f1845b7bbc95,93309384-2068-47ec-b0c3-fbc3e0bf1ed7,5,Machine was in top condition.,0.632,"[""pricing""]",2025-04-30
faabe7c8-efe2-4059-ad7e-5e01e840aeb4,7b3f1125-9009-477e-a350-b52a7884ddc7,7e184c46-a903-400a-911a-31883f2d6c14,3,"Decent experience, room for improvement.",0.428,"[""service""]",2025-01-15
3b3f7484-e644-4b11-a59e-5300310b3b47,6977c136-837c-44cb-9bf0-0a3ee8532eb4,474bb2cd-6abc-4e10-85bc-540d1c27378b,5,Machine was in top condition.,0.883,"[""pricing"", ""service""]",2026-05-15
a30372b7-de81-4d04-a8b3-96f1172b3a0d,6ff51d1a-5577-4866-93bf-ecc7450b9784,28042500-fa43-45d6-af90-dd0ac232d136,3,"Decent experience, room for improvement.",0.397,"[""service""]",2025-10-31
2a035762-ed89-4852-bc27-553f24ac5b2e,503ca1d3-a10d-40ee-a3fa-d96d29036cef,f213bcfc-751d-4829-b3ea-c2eff5ca7cb8,4,Very satisfied with the rental experience.,0.823,"[""equipment_quality""]",2024-11-12
2f297e4b-7161-4994-bc9f-242eba49a886,6b567828-70f9-42ea-aa79-c824a239f12b,85dd787b-d387-4a29-90c9-294d71f7d464,4,"Excellent equipment, worked perfectly on site.",0.815,"[""pricing"", ""communication""]",2025-08-25
e7487f77-302b-4677-9f9c-56b67ed3cade,875ba428-18a8-4688-8ae3-6f0274a5017b,cefca69f-e6e6-43cc-bd0c-5d5d18ef7add,2,Customer support could be more responsive.,-0.394,"[""pricing""]",2025-01-03
bfdd92f9-2211-45ba-b7fa-0dd704475d40,0a80258f-0814-4d45-819c-9430ed7647a6,f3e8218f-11df-4ccd-9927-ff5af5237935,4,Machine was in top condition.,0.985,"[""pricing""]",2025-09-11
3ecc4afa-6cf7-4f6d-891c-eb5e094afbbc,56293ff7-3050-4f6b-8df0-cef39f0c8800,298ec8da-2347-4647-8de1-7688daca1e40,3,"Decent experience, room for improvement.",0.516,"[""pricing""]",2025-05-13
4e72b109-b9e8-4969-8dc2-15f88077ebf3,0563024d-7b54-43f3-87f4-cbae099dfd04,352c0172-3d74-4395-b421-78cbb8bba7b3,3,"Decent experience, room for improvement.",0.448,"[""communication"", ""service"", ""pricing""]",2025-04-09
59fada38-f88f-4672-b033-72949acfddf9,1b90b616-f317-4e8d-80cc-ebc097f2b812,61ca3231-d5e4-42c0-b408-ff6dc27a76ab,4,Very satisfied with the rental experience.,0.867,"[""delivery"", ""service"", ""communication""]",2026-07-18
b1c8ae91-627c-403d-8bd0-2862a5cb47bc,5bbb14cf-9dad-4bbf-8aed-4e2e30dfeb16,6ce16510-7166-444a-b2d7-338b07a8f7ae,1,Customer support could be more responsive.,-0.32,"[""delivery"", ""service""]",2025-01-23
56ff3601-f20d-458f-a5f7-10538f006c06,bd93a9bb-94e7-4f6d-8f65-2dcf2da5d86b,a4256bb2-0d8b-4618-8644-20ddccf07250,3,"Decent experience, room for improvement.",0.551,"[""equipment_quality"", ""communication""]",2026-06-07
36e17bde-6fea-4696-af2f-f59ebe49b8d0,76a223e8-47e7-451d-aa7e-11ea4bd8b7fc,16d8268e-5b24-42e5-ab55-21102071f052,5,"Excellent equipment, worked perfectly on site.",0.854,"[""delivery"", ""equipment_quality""]",2024-12-07
c79b30ff-ec90-47e7-90bc-399eb1cf5d1c,1e991cc8-c30a-4746-820d-c630e21ff5be,17b3741e-32e1-4f79-9a80-3918c7ec0467,3,"Decent experience, room for improvement.",0.4,"[""service""]",2024-12-10
79a9787f-09ea-4f1f-8019-f20190df5c27,b3dd61ee-5291-46c4-84e8-acaebddc7ed1,028e0536-4d96-4e06-b493-900fe2ac8568,5,"Professional team, will rent again.",0.603,"[""pricing""]",2026-02-02
62da5279-3157-4c3e-baac-e3cddefd1e3b,4236e673-ef5d-4ba1-94df-857605a8084d,ded14dee-47f9-42cd-a785-e2430c99683a,2,Pricing was higher than expected.,-0.31,"[""pricing""]",2024-11-20
20c5f82a-723a-4b3d-873b-79b75dde5732,f6e95077-b010-4354-9b49-bc9b6f6deb5d,90407387-2fa6-4ebb-910c-4e203f15cfc0,3,"Decent experience, room for improvement.",0.466,"[""service""]",2025-01-28
3b84c8eb-f17e-4d4d-b31b-a11b3e91fec7,6529da10-1475-4c3c-92a1-18d6c99a2fd3,ff17c9ef-79d6-4910-9d13-dbe13db43105,2,Equipment had some issues during operation.,-0.309,"[""pricing"", ""communication""]",2025-05-29
42fdd17c-288c-49cb-9376-7a032a89771f,713a8773-913e-4531-a453-18bf5e372f56,57e976ed-e87f-4c84-870b-a38f9fafbc1d,4,"Professional team, will rent again.",0.627,"[""equipment_quality""]",2025-02-03
e7c0fb4b-0dbd-4a40-b3a8-8fee57e7ea2f,a1601b20-3206-4485-8d36-acd9f25d2813,3997c706-cb9c-42ec-81e4-fe352c8a047b,3,"Decent experience, room for improvement.",0.375,"[""delivery"", ""communication"", ""service""]",2025-08-02
3c9ef3df-0abb-4b89-a319-33a246fd6e83,d6167d47-7515-46db-9313-a2084b507ebc,a482615f-5ab8-4329-a8dd-a21c01ae2616,3,"Decent experience, room for improvement.",0.392,"[""equipment_quality"", ""pricing""]",2026-06-17
9f71ff8f-39f5-4799-965b-1376f56a9d6c,70c2eb70-4638-460d-8ab5-33be24e73ae9,f55a7f0f-aebd-4aec-873f-6e238ea5736c,2,Pricing was higher than expected.,-0.366,"[""communication""]",2026-02-08
4da917ed-e2a0-40fc-9e63-739439765840,aec30178-605b-42a8-a94c-df32b0f497bd,0c77fea8-73b0-4828-82d9-01d82459e6cf,2,Customer support could be more responsive.,-0.485,"[""equipment_quality"", ""pricing""]",2026-06-10
5f425e8b-d28b-40ce-aeb6-41c1c1518d4f,4472a331-943c-426e-91e8-e0757818a2ad,5b68f46b-9aeb-40a4-a98a-ec79ead2aac2,5,Machine was in top condition.,0.948,"[""delivery""]",2024-10-14
598300bb-e189-43a5-beb5-b4bebf308d3d,713a8773-913e-4531-a453-18bf5e372f56,173618e7-0239-49f9-8a7e-28f10cda7f9c,4,"Professional team, will rent again.",0.61,"[""delivery"", ""equipment_quality"", ""pricing""]",2026-04-27
3c19d6c3-95f7-4385-bf5d-59c08ff0cfea,0f13ce4b-33a8-4e88-aa71-9d5000ba5158,e7641c0f-ec32-46ed-abfe-2e4c553cad2e,1,Machine needed maintenance during rental.,-0.117,"[""pricing"", ""equipment_quality"", ""service""]",2025-11-20
79808f29-2d92-48e1-b550-261a12e8345e,6529da10-1475-4c3c-92a1-18d6c99a2fd3,29b042de-a304-4376-9a8b-55b50601ac12,5,Machine was in top condition.,0.901,"[""delivery""]",2025-11-17
e3b6e56e-f4af-4298-a952-5e1169099f34,4aafaf10-24f7-4d03-90f9-189f498d73df,f0bae47b-327c-473c-b8f1-3a3442edf14a,5,"Great service, delivery was on time.",0.691,"[""equipment_quality"", ""pricing""]",2024-09-29
416eab01-0036-4143-8400-762033d2eb1e,03bbff31-a890-4d49-a6df-3269f635750c,50f4b366-2984-4ad3-8999-8bf4842ad143,5,"Excellent equipment, worked perfectly on site.",0.629,"[""equipment_quality"", ""service"", ""communication""]",2025-08-25
c996d137-a77d-4942-9ab7-553ac139040d,797a670a-c348-437e-b9f4-75e2b92ba55d,c1a73a40-97ad-4140-918a-2856d38b27b2,3,"Decent experience, room for improvement.",0.511,"[""delivery""]",2025-04-10
65291cd7-8f43-4b68-b184-33fd040408a3,35e496ab-5e9f-4445-834e-44a70b00f1fa,71e64043-887b-4de6-b74d-44c4dfab1ff5,3,"Decent experience, room for improvement.",0.56,"[""pricing"", ""delivery""]",2025-09-10
dc8f18a5-be1c-4e6a-b384-f612632ed526,c83f1960-2dde-43f1-971a-6c8d6cc13c53,af140b65-240c-4dd5-8850-0a630904d935,4,"Great service, delivery was on time.",0.874,"[""equipment_quality""]",2026-07-21
72a89262-9e96-40ba-b9d2-d75a9b943a39,903f381d-cf42-442d-b02b-9a4b7e7495cd,d4285325-234a-4c61-aae5-2d71caa8c365,2,Delivery was delayed by 2 days.,-0.149,"[""service"", ""pricing""]",2025-06-07
62459951-da6c-4aac-b625-e329b386bddd,6af897a0-0616-4d81-8467-83711f26ec73,a6eb9ffb-5eda-45fb-9af7-a00b9ddbdc35,3,"Decent experience, room for improvement.",0.216,"[""service"", ""equipment_quality"", ""communication""]",2025-12-22
4b0ecded-95e0-41fe-afe5-48f9718e0ff8,ce90fa9e-b930-467c-afb9-2c0c3f5a31a8,7a92a6ef-d3a0-4fb4-ad5a-85417f2142b8,4,Very satisfied with the rental experience.,0.903,"[""pricing""]",2025-03-05
7f251c60-91b1-4c63-a352-0ec5045da313,5d9f6cae-2fb3-41ea-9f08-fbc1573ee862,04e417c5-7eb8-41f8-bd2d-a98f40e4f9bc,4,"Great service, delivery was on time.",0.781,"[""delivery"", ""pricing"", ""communication""]",2024-08-05
9317d42d-b4a6-4a6e-9640-1dd18cb1d9d1,ce90fa9e-b930-467c-afb9-2c0c3f5a31a8,72a6ff7b-d487-42be-95e9-a4e65e51e3fe,1,Machine needed maintenance during rental.,-0.057,"[""equipment_quality"", ""communication""]",2026-05-24
bbced658-b841-4c7c-86ac-5bc49c9f9c73,d6167d47-7515-46db-9313-a2084b507ebc,4ac81310-acee-4e3e-a504-8f367b69171a,5,"Professional team, will rent again.",0.778,"[""pricing"", ""service""]",2025-03-27
9a3f2453-e473-4c6c-8173-7662b50cbe2c,3bdc9a49-d23d-462a-81fc-e0a0c85272e3,5b03cd08-4b25-49e1-8ff0-073891f7c54d,1,Customer support could be more responsive.,-0.3,"[""delivery"", ""service""]",2026-01-05
59f49374-ea68-4b64-a6f3-c4aa2f655be0,feb70aa7-dde2-4469-9d0f-22e7187f8fd7,dca88fda-2c35-4a22-ae1b-c8a8d6dc9d14,5,"Professional team, will rent again.",0.973,"[""communication"", ""pricing"", ""equipment_quality""]",2026-04-22
39271aea-12fd-474d-b0c6-519058ca3f7a,5a50c836-ec68-4aeb-9182-abd10c298a3c,d0268ce0-0b68-48d2-92f8-c7bf717bbc2b,2,Equipment had some issues during operation.,-0.534,"[""service""]",2025-05-30
a264955e-3c57-47ae-9bf3-de0bd8509e0b,33837d43-76dd-4f9e-b1e3-f1845b7bbc95,18c77589-3e0f-419f-a78c-b017530fb898,5,Very satisfied with the rental experience.,0.853,"[""equipment_quality"", ""pricing"", ""service""]",2025-03-06
8af70bd4-5928-4b8e-b8cf-3838aa8b69b5,abef463b-a7a9-4e1a-a64f-c53d41cebf1d,31f0c22c-8113-4ba5-9eb7-58c5f3181ca8,2,Machine needed maintenance during rental.,-0.318,"[""communication"", ""pricing"", ""service""]",2026-02-07
93f8d5af-2034-4b13-b783-9812c30a289c,f56dc739-0cae-417b-b7b4-5b1b8a53c810,11090580-66df-4acc-9a6a-e51fd39e8702,3,"Decent experience, room for improvement.",0.591,"[""communication"", ""pricing""]",2025-05-05
4d829553-c843-4a35-938f-d770759198fc,ab04e845-df18-47cc-a8ce-c436e66303d8,1869d4bc-c8bb-4063-9408-f0cb56edfb23,2,Machine needed maintenance during rental.,-0.999,"[""pricing"", ""communication""]",2025-01-08
a538f104-204e-43da-85e2-62338a47f18b,0bd1b1eb-11c6-49df-88eb-31691f867bf5,42301fb2-afe4-4160-8bfb-e76a24caa803,5,"Professional team, will rent again.",0.664,"[""delivery"", ""communication""]",2026-05-19
2057a345-04f3-4ef5-afaa-80fc05c58d55,39fee45e-547c-4ea0-aa42-fdb317c7996a,c61682b9-a83e-4da0-abb9-5669a89e3092,4,"Great service, delivery was on time.",0.929,"[""pricing""]",2025-09-19
9dac1752-d66f-432b-8e4a-8ade1a38a54d,875ba428-18a8-4688-8ae3-6f0274a5017b,c87788c7-af5a-4d31-a10c-23b9a5eac3c6,3,"Decent experience, room for improvement.",0.219,"[""communication"", ""delivery"", ""service""]",2026-05-11
b1830985-3f98-4b55-84b1-4254049a7ee0,e538d010-b52c-4c23-afe0-077b50aabbfa,479a6d60-cbf9-4d76-a3e8-5be1f205d1f1,1,Customer support could be more responsive.,-0.091,"[""service""]",2026-01-05
ca28dc73-dce0-4992-a5f2-0f2c7a8213c0,e538d010-b52c-4c23-afe0-077b50aabbfa,2c90b8e6-fbb0-4aea-8a0e-5147f2ff492e,4,Machine was in top condition.,0.625,"[""service"", ""equipment_quality""]",2025-07-20
47184bb9-12dc-4ae8-928f-ce632d96674b,8300e3b8-4e36-4cd0-9094-c6787c5d4fb9,962294d4-2471-41d5-b21a-0cff9ccb3040,4,"Great service, delivery was on time.",0.783,"[""delivery"", ""communication""]",2025-06-25
92b2d8f7-d30a-4d9c-a53d-633eb324c489,3af4598c-f599-45e0-b27b-8e366d645c50,aa04c8e2-1903-4bb7-a552-5851d8468dd5,5,Very satisfied with the rental experience.,0.909,"[""pricing"", ""service"", ""delivery""]",2025-09-13
fe8d71a9-596c-4a40-8d4d-fea31df9a839,5bbb14cf-9dad-4bbf-8aed-4e2e30dfeb16,fd4f205b-cfb1-4f27-afd2-d9c11fc93068,4,Machine was in top condition.,0.919,"[""service"", ""equipment_quality"", ""pricing""]",2025-05-30
044e45ca-4816-409c-b0d3-f165c5fb7916,7429d915-b1c5-4534-9e4a-4ee79a9aa006,55043062-5a6d-48e5-b672-d3302564fd7e,2,Machine needed maintenance during rental.,-0.491,"[""equipment_quality""]",2025-12-23
4d92fb70-143e-47e1-a260-ac9a43e70488,dadc1591-c166-4ef7-a23b-43a8cb2c1dba,852467ff-1a4a-4d56-bd45-1146f1ac2262,4,"Great service, delivery was on time.",0.879,"[""delivery"", ""communication"", ""service""]",2025-05-19
7c8b4ab5-ff6f-429e-958e-2b974652c7a5,5d9f6cae-2fb3-41ea-9f08-fbc1573ee862,2cf5b979-862b-40a6-aaf7-8a13d0b3ae0a,3,"Decent experience, room for improvement.",0.444,"[""equipment_quality""]",2025-05-01
2bb31ae9-4d13-4180-b205-d201b0b8e9a3,ff5c59ce-b7d4-4309-8726-dbeb94e2dd91,e2b64678-cd0a-420b-a0ba-617b2f47ce49,4,Very satisfied with the rental experience.,0.827,"[""delivery""]",2026-07-19
46d36dc4-4b3f-4b97-ac15-60f4f46afd33,50f7f647-fd6e-4699-96d0-2f4d2c435f9e,856bec75-c00d-4ca3-b478-9ac0439804c2,4,"Great service, delivery was on time.",0.844,"[""communication"", ""pricing"", ""equipment_quality""]",2026-06-28
f301a009-5dee-4132-934d-409d8459a144,5229355e-2f81-4893-82cc-1a15fb16b26d,73e97c2f-b376-46b1-bdf5-b68fea0933c2,4,Machine was in top condition.,0.681,"[""equipment_quality""]",2025-01-18
68143c9b-a423-490a-ad0e-886fb5091e1c,4cf6ec55-a7f7-463a-b26c-5fa9ecff193c,0860c13c-45f1-4d0c-9eff-f0dc6a80e77a,1,Customer support could be more responsive.,-0.189,"[""service"", ""delivery"", ""pricing""]",2025-04-04
3339ce02-bdf6-48a8-ac1e-c46ee9b03ded,875ba428-18a8-4688-8ae3-6f0274a5017b,909c3e8b-7609-44aa-b01b-fa6299bc2d6f,4,"Great service, delivery was on time.",0.947,"[""communication"", ""delivery""]",2024-09-04
16335e32-46b6-47b6-b1c5-b318b2dd4606,930e80c5-5d08-4519-b58c-256246376e91,62333c91-fcdb-41a7-9625-c72c3f13775f,3,"Decent experience, room for improvement.",0.212,"[""service"", ""pricing""]",2024-11-20
15ba1c43-1e57-4bdd-b1ce-64b593594fd6,0563024d-7b54-43f3-87f4-cbae099dfd04,fcf4a929-a6eb-499e-9f1c-cdb153ea3e55,4,Very satisfied with the rental experience.,0.982,"[""pricing"", ""service"", ""equipment_quality""]",2025-01-24
74b508ff-af05-4bb4-8714-e1ce91564285,66ac95a5-e673-4803-b91d-4c51a3e177ec,dd97f35d-2a96-4c7e-9b89-d33eafdb93f1,4,Very satisfied with the rental experience.,0.609,"[""pricing""]",2024-12-18
3f499b66-b9f8-4895-bae6-750329d5e15d,7b3f1125-9009-477e-a350-b52a7884ddc7,45f28397-28c4-4bb5-abde-2ea33dca3ebc,2,Machine needed maintenance during rental.,-0.035,"[""equipment_quality"", ""communication""]",2026-06-11
18dda4c2-8df0-498c-9fc3-6a79b6ae1930,0a80258f-0814-4d45-819c-9430ed7647a6,8c05e63f-b15b-472a-bfe7-d4d0d6e851ca,4,"Great service, delivery was on time.",0.862,"[""delivery"", ""service"", ""communication""]",2026-06-21
0fd12cd1-89c6-4376-a923-08ebebabcab4,5a50c836-ec68-4aeb-9182-abd10c298a3c,87d82a91-1a74-4c73-a44f-b6abe8f21e0f,4,"Great service, delivery was on time.",0.79,"[""service""]",2025-04-11
d54180f7-b3b6-4caf-addc-b8d183e53e26,4aafaf10-24f7-4d03-90f9-189f498d73df,ae7cbe0c-64f0-4cd4-9115-23db3acf9361,5,"Excellent equipment, worked perfectly on site.",0.62,"[""communication"", ""equipment_quality"", ""delivery""]",2026-02-28
62ab152c-2381-489d-b314-1f2cff58b069,7225b43f-3e06-47ce-8a9a-fafcacf310b6,a62792aa-9b6c-4fcc-87c3-359628e9b9e7,5,Machine was in top condition.,0.93,"[""communication"", ""pricing""]",2025-03-14
bc043629-84c5-40a6-b40a-726a58cd5ca1,08205d3f-5e37-43de-aea8-0aca3ee7469d,5095389a-dc1f-43a8-a992-498088491b4e,2,Machine needed maintenance during rental.,-0.982,"[""equipment_quality""]",2026-01-09
f47f42c3-d62c-4158-a6bd-db025970a346,7225b43f-3e06-47ce-8a9a-fafcacf310b6,410d8c25-d639-40e8-aed6-09864df4afff,4,Machine was in top condition.,0.934,"[""delivery"", ""equipment_quality""]",2024-10-03
fa2b9d84-aee1-4dbf-8209-fc43523e8b78,76647c96-3126-4cc2-b315-7941cdbca7f7,b755e09d-959f-4cf5-88dd-5e30dad67b07,5,"Great service, delivery was on time.",0.814,"[""pricing""]",2025-05-22
c0068869-a466-4925-ab2c-335d88754c67,797a670a-c348-437e-b9f4-75e2b92ba55d,e09071d0-cc6c-4a81-aa30-642aa4240969,4,Machine was in top condition.,0.664,"[""communication""]",2026-03-02
aa260987-13b7-4d47-ae06-99eec63b47ed,d1eb15d7-77f7-4b80-bd0d-9739aa82f636,85e8d048-5521-47f4-8b1e-cc7b0b31ae88,2,Pricing was higher than expected.,-0.566,"[""equipment_quality"", ""communication"", ""delivery""]",2025-06-12
e7aaf02b-d423-48b5-ba8d-c30e69d198be,3d72e7ae-13d1-4ed5-aa94-9ef92f1ed0ab,a4f9ade0-c644-4c3b-ac2e-413bc960ceca,2,Delivery was delayed by 2 days.,-0.434,"[""service"", ""pricing"", ""delivery""]",2024-11-27
949c8382-f888-4ebc-a64a-854b68248c58,70fc6cc4-7bba-43b6-8cd8-314987426792,fdf44886-2791-4dc8-b8c7-b050e16b6f05,5,"Great service, delivery was on time.",0.617,"[""pricing"", ""service"", ""communication""]",2026-06-13
c2f8f9bf-77d7-4d9d-851c-4f367f520347,6571075a-673b-49e1-ae95-2c30b0df2081,a997ee79-09b8-4fa1-b8ce-0f1a62324a75,5,"Professional team, will rent again.",0.614,"[""pricing""]",2024-12-24
54fac184-01e1-4ef3-ae1d-6aa213cd347a,4cd3d45f-6184-4db5-b59f-ba7054a54284,a5b7257e-eab6-411a-b360-b5fcec3f79cf,4,Machine was in top condition.,0.774,"[""delivery"", ""pricing""]",2026-04-19
e75158b0-14ff-4cfa-a4cc-e5ee863d55ae,70fc6cc4-7bba-43b6-8cd8-314987426792,52cd2597-6d47-4ced-808b-0d6abfd6ab86,4,"Excellent equipment, worked perfectly on site.",0.826,"[""communication""]",2026-02-05
2b039525-45cb-4bde-8440-44ca14edc18b,5d9f6cae-2fb3-41ea-9f08-fbc1573ee862,74fd39df-973e-42a7-b0ec-657f9c15d5bd,1,Pricing was higher than expected.,-0.871,"[""delivery""]",2026-06-26
8211e4b6-908e-451f-9d50-657666f16662,797a670a-c348-437e-b9f4-75e2b92ba55d,7871a9e6-54d0-4050-a9a8-060517a81db5,4,Very satisfied with the rental experience.,0.697,"[""communication"", ""delivery""]",2024-12-05
724cde9a-8ded-4dec-844d-4b9c6933949a,abef463b-a7a9-4e1a-a64f-c53d41cebf1d,7c8407d5-4f7d-423c-8dcf-359d123d3a92,4,"Excellent equipment, worked perfectly on site.",0.847,"[""delivery"", ""equipment_quality"", ""communication""]",2026-03-27
6ab0b259-20c3-4142-b6da-53beec3f23c8,d1eb15d7-77f7-4b80-bd0d-9739aa82f636,fef01368-be12-4a4f-813c-5d845867f895,5,Very satisfied with the rental experience.,0.993,"[""pricing"", ""service"", ""delivery""]",2024-10-18
bdc648ac-7573-43f4-b42d-9cf889cd8ca3,b81ba5de-7041-49e7-a3f5-37f7f61d59a4,a1a8341a-7566-4e23-9a79-9183a4d98a2b,2,Equipment had some issues during operation.,-0.603,"[""equipment_quality"", ""communication""]",2025-12-03
c2441f9b-7cf9-4d0b-8627-029be698e705,926a6948-12d2-420d-b960-eaaca6965dbd,91b1c1cc-3214-491d-a1e0-2577d78dd126,2,Pricing was higher than expected.,-0.326,"[""pricing"", ""service"", ""delivery""]",2025-09-27
79207684-a633-43d6-ad53-79fc1db3ae85,2a04ff3f-9519-4a1a-8315-3684798f5345,40231b0d-13d6-4132-a458-521b87c779e8,4,Machine was in top condition.,0.98,"[""delivery""]",2024-11-14
b8ab9fbe-bc35-4817-b089-4a6122b4af4a,2b04ea90-4ead-4b58-912d-a64ec9694a0c,885417a0-5c15-4e67-a677-f88c4402f4a2,4,Machine was in top condition.,0.649,"[""service"", ""delivery"", ""pricing""]",2024-12-01
a6fcf375-2d45-4fb8-9a6c-ed0231e48f9a,f56dc739-0cae-417b-b7b4-5b1b8a53c810,69942887-c911-4e62-aee1-76b3f5c90a28,4,Machine was in top condition.,0.986,"[""delivery"", ""service""]",2024-09-13
f86724be-2b1c-422f-b726-bbd55fa28504,4dc709ad-2e2f-4b45-b074-916f303a400a,96c0a4dd-38b0-41b8-9223-22a6f4815ffd,5,Very satisfied with the rental experience.,0.907,"[""pricing"", ""communication"", ""delivery""]",2024-08-19
7cd9a85c-bfb0-4d2a-9e70-6e205cd0dff6,c0db902a-4c4a-460d-81d9-b5e8b3c907e5,90e66bed-687b-4fa2-8997-710c411e6209,4,Machine was in top condition.,0.793,"[""service"", ""pricing"", ""delivery""]",2026-07-17
4ee0639a-b023-42ca-866d-eca183b29038,17a3dd98-8ad3-4bb9-8be0-49f3d54b5163,03a15be3-f51d-4ec9-86a0-59fe958fe253,5,Very satisfied with the rental experience.,0.991,"[""equipment_quality""]",2025-04-27
591e16d5-176a-40fb-8d2d-60ae46f6a647,76a223e8-47e7-451d-aa7e-11ea4bd8b7fc,5743c55f-af08-4630-9932-4e13078e2b3e,3,"Decent experience, room for improvement.",0.38,"[""communication"", ""service""]",2026-05-16
72c209ee-cb01-42c3-9e33-1eac2ec59ca3,4212e07a-0023-405f-9bf2-105bc07b5250,29e4df85-f8c1-4f4c-be9f-0c161f098a14,3,"Decent experience, room for improvement.",0.525,"[""communication"", ""equipment_quality"", ""delivery""]",2026-03-01
11054725-d8ad-4b83-82cf-26ba2a28eecb,c0db902a-4c4a-460d-81d9-b5e8b3c907e5,06bed298-a1f5-4ca8-83e0-3f93d20d75a6,3,"Decent experience, room for improvement.",0.289,"[""equipment_quality""]",2025-10-10
2bbc9c41-3722-43ba-9c85-bbbff07bc2e2,c3770f50-7096-4ffa-8ec8-3df91ff0f2c8,6be9453b-df14-4d8d-baf8-a87373ae761c,4,Very satisfied with the rental experience.,0.699,"[""equipment_quality"", ""communication""]",2024-10-30
1d15b1c5-0e07-4100-aa59-544b2ca77296,c83f1960-2dde-43f1-971a-6c8d6cc13c53,f6ba4d23-0d69-43b6-aec4-c664d924d6c2,4,Machine was in top condition.,0.808,"[""service"", ""delivery""]",2026-07-18
e9e96e4d-8e6e-4739-9657-339f85330ea3,b81ba5de-7041-49e7-a3f5-37f7f61d59a4,65cfeeb4-f1a9-4ba5-9b6a-984ea1275959,5,Very satisfied with the rental experience.,0.725,"[""communication"", ""equipment_quality""]",2025-10-13
94835872-3736-43d9-b840-ad8f52dc922a,6571075a-673b-49e1-ae95-2c30b0df2081,039abe3e-d33b-4df8-a12c-d81f1b2892b7,4,Machine was in top condition.,0.78,"[""communication"", ""service""]",2024-10-29
85f3c3d4-68d7-4d59-9eee-56d9c71c1e01,37b3b1b8-ae9e-44c5-a5cc-4a5d8b3eb007,aa789ebd-6b05-44a2-9e59-81ce613ce278,4,"Excellent equipment, worked perfectly on site.",0.881,"[""communication"", ""equipment_quality"", ""service""]",2024-09-09
62ad5499-dde6-4ce6-97de-cf9d5da520c6,3d8caf5e-9d53-4f05-b29e-946dfba7efc1,11b19f2a-d86e-47ea-95f2-a7e382037386,3,"Decent experience, room for improvement.",0.495,"[""equipment_quality"", ""pricing""]",2025-03-02
a359c36a-02c7-409b-8110-2d7ae6ba8e76,b3dd61ee-5291-46c4-84e8-acaebddc7ed1,431f0f14-90b9-4cb7-937e-b31830574614,4,"Excellent equipment, worked perfectly on site.",0.72,"[""equipment_quality""]",2024-12-20
42a6a700-3a1c-45bc-a879-280aa0552df3,5229355e-2f81-4893-82cc-1a15fb16b26d,5e60443a-f8be-4cc9-b44d-69f79606eba8,3,"Decent experience, room for improvement.",0.308,"[""pricing"", ""service"", ""communication""]",2026-07-20
06bd387c-fabe-4b59-9396-6c6c0e0101bd,a1e58be3-3048-4742-80d4-9d1aed1da5ec,4ad772cc-dcaf-42ba-a4a6-40e899b0440f,4,"Excellent equipment, worked perfectly on site.",0.914,"[""equipment_quality"", ""pricing""]",2025-04-08
9ee6eead-08e0-4688-91de-e7c06af66740,db1ad761-4a3e-4989-8438-2dd4c3027c12,aec4a4a5-00a2-4f53-9f06-70d41f1cabe0,5,"Professional team, will rent again.",0.935,"[""equipment_quality""]",2026-05-26
0ff734db-3f36-4689-9cc1-d61163d463cd,030c22a0-4626-433f-94aa-74d48d9cb4df,d72deba7-3004-4fae-8718-4611ef644f13,4,Very satisfied with the rental experience.,0.853,"[""service""]",2024-10-29
2d89ce3b-963f-4264-a9fc-fb15a9cebb27,6a811073-bf7a-4c4e-98fb-ab063f5c9805,83ea9b1f-b279-4639-bd8f-4fbd4c9c3249,3,"Decent experience, room for improvement.",0.258,"[""pricing"", ""delivery""]",2024-11-29
b7ec2fd8-b53c-485d-9f78-46a464e55acd,70fc6cc4-7bba-43b6-8cd8-314987426792,ef5e6e4f-74bb-4a38-bfd3-6eeff8cf3d92,4,"Great service, delivery was on time.",0.917,"[""service""]",2025-07-07
ab48b2ff-b9dd-4dc9-b17f-a651f9261ea7,1df6ab26-14c3-4d07-9930-529a540e9ff9,21070b3c-65ae-434a-950e-4d84c54aa42f,4,"Professional team, will rent again.",0.978,"[""delivery"", ""communication"", ""service""]",2025-02-19
d93052fb-176f-4c6f-923e-f2dcff415419,abef463b-a7a9-4e1a-a64f-c53d41cebf1d,4e4dd28c-9b43-4627-9412-726d9be9e6c9,3,"Decent experience, room for improvement.",0.471,"[""delivery""]",2025-05-01
05e847e2-da4e-436d-8723-3201fe06a3ef,7225b43f-3e06-47ce-8a9a-fafcacf310b6,aa559d11-f9a0-400b-8fbd-cb433a241e8a,5,Very satisfied with the rental experience.,0.993,"[""equipment_quality"", ""service""]",2024-12-15
adf87ad8-49b0-43e8-aced-6a8859c63cbe,c0db902a-4c4a-460d-81d9-b5e8b3c907e5,eb791fa0-9a0d-4f74-a1a6-eca78df02a1f,4,Very satisfied with the rental experience.,0.867,"[""service""]",2026-05-23
78b8f7c7-b9a3-4e90-acd9-e31950485c7a,503ca1d3-a10d-40ee-a3fa-d96d29036cef,cc84f75b-9843-4dc1-97e1-fb8da5250f49,4,Very satisfied with the rental experience.,0.907,"[""service"", ""equipment_quality"", ""delivery""]",2024-11-26
714e84cc-16a6-45dd-9d99-a289246c1850,2a04ff3f-9519-4a1a-8315-3684798f5345,5ee945f2-df85-4752-862f-c9c12147f139,5,"Excellent equipment, worked perfectly on site.",0.685,"[""equipment_quality""]",2026-01-21
76a28ae9-1f1b-4834-986f-66253f5183a2,69a242bb-b019-4dae-9df7-31f6202caabe,1a02723b-1455-4c73-bae3-429271645c09,4,"Professional team, will rent again.",0.624,"[""communication""]",2026-03-03
5342b9e6-ded0-45a6-ad64-6079adfaf890,80dd0ed4-9c7d-48c0-8339-6e503fe87e92,c5cb3c99-f9e9-42f4-a2c8-ce61607b966d,5,"Professional team, will rent again.",0.716,"[""communication""]",2024-09-02
ded83ab5-8387-463c-8284-0df1bce98423,6571075a-673b-49e1-ae95-2c30b0df2081,6598de70-f778-45fb-93e5-973ed5f04186,5,"Great service, delivery was on time.",0.624,"[""service"", ""pricing""]",2025-02-28
17fc97be-2c4a-42f7-8850-fccce7d31e0c,d0921577-6c43-4887-bb94-765c4c839e80,1b3fbc07-3e5b-4bde-a5ea-f0ceb90ce8b7,4,Machine was in top condition.,0.929,"[""service""]",2025-02-01
f5625cf6-e958-4a23-8484-332ee031fa5e,07a4a12a-4581-419a-8701-06d37ea6bd3b,d2354e83-9453-4d0f-ba4e-65049745f481,4,Machine was in top condition.,0.683,"[""communication"", ""equipment_quality""]",2025-11-06
c584fdb5-08e9-4b47-9404-6b95b767b172,23e0230e-4a39-4c08-b9b0-a6f965d67d7e,8bc56abe-71ef-48b1-ba68-b1564ac8cf31,5,Machine was in top condition.,0.615,"[""equipment_quality"", ""pricing"", ""service""]",2024-12-29
f37636b8-4591-4cec-83f9-cef7c12c69a8,8647cf88-b986-493c-a5eb-e2954c813001,b87ec23e-acb2-4dc8-a08d-21a1fed4295c,4,Very satisfied with the rental experience.,0.821,"[""delivery""]",2024-10-29
35d600bd-dfd3-4d3d-8cf0-b93e53ebb41a,8647cf88-b986-493c-a5eb-e2954c813001,c9afe84e-144e-4fea-b9a8-f243e729ba78,2,Equipment had some issues during operation.,-0.519,"[""equipment_quality""]",2025-02-01
b5a18a01-da59-4be2-b21f-0d81a0ef70e8,23e0230e-4a39-4c08-b9b0-a6f965d67d7e,36ffebfa-543d-4d81-ac6c-f0771c5e47d4,3,"Decent experience, room for improvement.",0.576,"[""delivery"", ""pricing"", ""communication""]",2025-01-07
03b124c9-dd5e-4de1-a31a-f0ed9f169d07,6af897a0-0616-4d81-8467-83711f26ec73,0b617962-2d5c-4560-a5a8-2be041e0a552,5,"Excellent equipment, worked perfectly on site.",0.799,"[""communication"", ""delivery""]",2025-08-06
c1ee67cb-4c36-48a3-ba67-5177b409d97f,ce90fa9e-b930-467c-afb9-2c0c3f5a31a8,5fa9dfc3-708d-481e-8b15-1d630972c93b,4,Very satisfied with the rental experience.,0.731,"[""pricing""]",2024-12-31
99aa5a3c-61cd-4919-8435-173474258cdd,6b567828-70f9-42ea-aa79-c824a239f12b,93079ddd-9a5b-4139-9507-09e9a845e03c,3,"Decent experience, room for improvement.",0.294,"[""equipment_quality"", ""communication"", ""pricing""]",2025-05-05
c9dbf1b3-574c-4fde-a19f-8a9ff2b5481b,1d6b8257-1728-4d7c-8d72-7d1224245aeb,34bf3372-4fab-4f47-98ee-55b9c0e8b405,5,"Professional team, will rent again.",0.888,"[""equipment_quality"", ""delivery""]",2026-03-17
447ee6dc-2605-47fd-9706-c61ee3a6ab17,dadc1591-c166-4ef7-a23b-43a8cb2c1dba,7318c263-469e-4a1f-8bb0-6185d5d9902e,4,"Professional team, will rent again.",0.793,"[""service""]",2026-06-14
461bc755-249e-4afc-af1a-e65567841513,926a6948-12d2-420d-b960-eaaca6965dbd,6e8b95e8-b035-4022-977e-b72ba0b1d150,3,"Decent experience, room for improvement.",0.249,"[""communication"", ""pricing"", ""equipment_quality""]",2026-01-22
a540564a-b4de-46d4-a9e5-f6f2259d89ca,0f13ce4b-33a8-4e88-aa71-9d5000ba5158,a6689d0f-cd4f-4174-8fea-25e7b8684070,5,"Professional team, will rent again.",0.701,"[""communication"", ""delivery"", ""service""]",2026-03-18
fd60b046-3e2e-4e4c-a009-e8074b1fefae,76e7a621-003e-42cc-9f06-fea80a0747ca,ddaf9b63-4d51-435c-aa4f-065c8ebf7342,4,"Great service, delivery was on time.",0.746,"[""communication"", ""delivery""]",2024-10-25
49d50cde-97e7-4908-80af-0a0754325905,50f7f647-fd6e-4699-96d0-2f4d2c435f9e,6d7355a3-fbcb-4330-8b99-e369f6ecb6ab,4,Very satisfied with the rental experience.,0.733,"[""service"", ""delivery"", ""pricing""]",2025-09-20
b5bc4365-eff0-4ea0-bb40-4d612ecbb6c2,f110fe84-2852-439f-b05d-e68449065be4,58953ada-2ece-4963-9920-9fd0876b0d14,4,"Professional team, will rent again.",0.615,"[""equipment_quality""]",2026-06-14
d0335733-1048-4025-b28c-323b3c9c952c,fb0c3e25-1d16-4efd-8056-2fdcdd4dd869,98e95f62-21f5-494a-83ca-ca757093ae1f,5,Very satisfied with the rental experience.,0.766,"[""communication""]",2025-04-18
1e6c1a9e-e832-4dd4-9642-974e32c8245d,c6f3db6b-c7d1-4e65-93bc-535cf64e3e62,a69ecc88-dfdc-43ba-bb84-3df97f4e8720,5,"Excellent equipment, worked perfectly on site.",0.763,"[""communication""]",2025-01-12
43e07e8b-1d76-4217-8368-67aac9f257aa,b66af76f-48bd-4406-837c-25c442ae34ae,7dfeb1dc-b84e-4caf-8abf-82d2693ca67c,4,"Excellent equipment, worked perfectly on site.",0.724,"[""pricing"", ""communication""]",2024-11-05
8341e27d-ac1e-4764-a074-f86e3f89b053,b66af76f-48bd-4406-837c-25c442ae34ae,f4d0d112-ed2f-4fe4-b01a-d9fb74b59950,5,"Great service, delivery was on time.",0.994,"[""service""]",2025-12-09
6074a0aa-b459-4aab-a9ae-720626c58465,09736450-0e25-4edf-a45e-d720556b1e1f,67f68a06-4957-41f3-9bf2-02e0aa15d495,5,Very satisfied with the rental experience.,0.81,"[""delivery"", ""pricing"", ""communication""]",2025-11-30
6a9d7357-90f0-42ff-999a-a3cfbf231bb8,0a80258f-0814-4d45-819c-9430ed7647a6,0b49644f-09f5-47dc-bb6d-b384686ecf1c,5,"Great service, delivery was on time.",0.724,"[""service""]",2025-09-10
2e2e1c18-7bb6-48bb-968a-e6b99e2e9fa7,903f381d-cf42-442d-b02b-9a4b7e7495cd,8caad072-c6c4-434c-97f1-c414444b0fc0,3,"Decent experience, room for improvement.",0.36,"[""service"", ""equipment_quality"", ""communication""]",2025-01-06
274f20ab-82f5-49c3-8ab9-50e6ff12dda1,4cf6ec55-a7f7-463a-b26c-5fa9ecff193c,cebb8a70-bb20-4891-a9df-81d1d65834c2,5,"Great service, delivery was on time.",0.909,"[""pricing"", ""service"", ""communication""]",2024-11-27
9f368c06-32f7-44a9-bc2e-56321b9aad96,3de1dd21-eedf-4ff3-95ef-50dd9fc1147d,efd049b5-cf14-4f39-af51-459342108c7a,4,"Great service, delivery was on time.",0.688,"[""equipment_quality"", ""service"", ""communication""]",2025-06-24
a950b068-dfeb-4fad-bdde-157f5ce4b837,0afc5ef1-d838-4cba-848e-160931cb192f,7b543ce8-25ee-4756-96a2-156fefd9b1e3,3,"Decent experience, room for improvement.",0.335,"[""delivery"", ""service""]",2024-10-11
ae42f238-a2e9-442d-9a5c-e9e0c4d82f89,37b3b1b8-ae9e-44c5-a5cc-4a5d8b3eb007,8c2aef3e-653b-4c8a-9da5-3d2c2fdcd85f,5,"Great service, delivery was on time.",0.624,"[""delivery"", ""service"", ""pricing""]",2025-12-20
8d020d43-4c94-4cc8-a617-9b2935eb8e1d,503ca1d3-a10d-40ee-a3fa-d96d29036cef,1be5c9cc-be04-4f94-8668-fdcb1816fb74,2,Pricing was higher than expected.,-0.622,"[""equipment_quality""]",2025-04-04
f0c5fae2-1562-4287-9647-492e6a73f9b5,09736450-0e25-4edf-a45e-d720556b1e1f,a6581f4a-04e8-4ebf-8a2c-75587fb5a6ef,5,"Professional team, will rent again.",0.641,"[""delivery""]",2025-01-10
ec70e367-c762-4404-a8fa-792b41ae52d0,8e18bd5f-b41a-4396-b73a-ea2c053d6a63,a8efcbdc-be85-4d00-b296-f1a3aa70081c,4,Machine was in top condition.,0.641,"[""equipment_quality""]",2026-01-10
2ebb383e-2373-4660-8165-3a99def1c9c0,86c3a2ec-f32e-4da3-8174-6e60c5702ac8,6c7d1e6c-3d78-4405-b78c-999669fa7171,5,"Great service, delivery was on time.",0.868,"[""delivery""]",2025-05-20
9e424114-f747-4dae-aa90-200e8b9c5258,f28f4751-3cf3-4c7f-ac99-d9e9df03a0bc,39da4064-3c65-4e66-bad3-fb03f12c4d8f,3,"Decent experience, room for improvement.",0.276,"[""pricing"", ""delivery"", ""communication""]",2025-12-14
50430f3b-77be-479b-85f1-3e0422d265c9,6977c136-837c-44cb-9bf0-0a3ee8532eb4,2cbeeb96-d2db-42a6-aaaa-12146d512163,4,"Professional team, will rent again.",0.693,"[""service"", ""equipment_quality""]",2025-10-24
5abc98be-1d0f-4725-a32d-7bf82be3785c,926a6948-12d2-420d-b960-eaaca6965dbd,4efe389c-3efc-47f0-83aa-8d3d7dc2bfdb,1,Equipment had some issues during operation.,-0.822,"[""equipment_quality"", ""delivery""]",2026-05-16
39840a88-82d4-4b0c-aa1b-564d878c01d0,486f7b67-46cd-4cde-8fcb-3f41afe4fa22,c43f67ad-41af-49f1-99ae-cc2c7a00dfc3,5,Machine was in top condition.,0.992,"[""equipment_quality"", ""pricing"", ""communication""]",2025-01-26
3cb69be9-12f5-4538-8ca8-bbcd8fa564ac,fa1aba87-5e36-4b91-8fe6-51843a62ecd6,3fc05a83-4e1d-40a8-916f-17979acf832f,4,"Great service, delivery was on time.",0.983,"[""equipment_quality"", ""pricing""]",2025-11-14
479c55fc-727b-4686-9446-51279c8fd555,6571075a-673b-49e1-ae95-2c30b0df2081,a3c51896-ff46-421b-af18-f9042e26e414,5,"Great service, delivery was on time.",0.806,"[""service"", ""communication""]",2026-05-13
dec10f1b-bc2a-4968-91ac-ddf244a1bfa9,db1ad761-4a3e-4989-8438-2dd4c3027c12,47bc3c7c-cd7b-4ec4-bbee-a471d7829640,5,"Excellent equipment, worked perfectly on site.",0.791,"[""delivery"", ""equipment_quality""]",2026-03-11
97a16c9a-a790-4074-b429-f7f22459d179,486f7b67-46cd-4cde-8fcb-3f41afe4fa22,60462cc1-38df-470c-8f9c-edfc980148a2,5,"Professional team, will rent again.",0.89,"[""delivery""]",2025-08-17
495aba69-47a4-4a25-b9d3-50a3680b7587,08205d3f-5e37-43de-aea8-0aca3ee7469d,0d43e683-95a9-45ac-93cf-ee3af85df8b9,3,"Decent experience, room for improvement.",0.383,"[""communication""]",2024-11-27
56b2bbf9-245a-4caf-8664-ae11b681bcaf,ebdee9fd-d8e7-4a19-b327-be6d80cab435,a5debb61-745b-4af3-9115-20508e8dc3ff,4,"Professional team, will rent again.",0.835,"[""communication"", ""pricing""]",2025-09-01
953bc587-d6ed-44b8-adec-b4287c35f478,04b23723-2b58-4f4d-adc4-05e0ea43c46c,e45a066f-358f-4ffa-b2f6-aa890296f90f,3,"Decent experience, room for improvement.",0.43,"[""delivery""]",2026-07-14
ea61ebf8-8e26-4776-badd-3a78c89a8ae3,69a242bb-b019-4dae-9df7-31f6202caabe,d0194c1f-18b6-48a3-b372-90cd2771d819,4,"Excellent equipment, worked perfectly on site.",0.705,"[""service"", ""pricing"", ""communication""]",2025-07-18
9f552143-1754-425d-b06a-839c04b4e6dc,9ad4451e-ad14-4dad-a808-cd0a259d20eb,c5dfa245-74f8-4951-b873-1ab09fb724e6,4,"Excellent equipment, worked perfectly on site.",0.737,"[""equipment_quality"", ""service""]",2025-02-26
f92437eb-6445-40ee-b5ad-4199b291075b,d6167d47-7515-46db-9313-a2084b507ebc,d6466a12-5f87-424a-9566-912fe5b580b2,4,Very satisfied with the rental experience.,0.616,"[""pricing"", ""delivery""]",2024-09-19
4a6ed98b-0a36-431f-bdc9-40df20c61471,1e991cc8-c30a-4746-820d-c630e21ff5be,398d7ce1-bea5-4cf9-b086-4cdedbee9bcd,4,"Professional team, will rent again.",0.783,"[""service"", ""pricing"", ""communication""]",2025-01-16
5c686590-3fda-4e16-aa94-9fd7c10e0ee7,abdec9da-09ae-4e7c-9e1a-2021fa40b6fb,ce8f30a3-295c-4eb4-885b-89eaa2f72b26,2,Pricing was higher than expected.,-0.42,"[""equipment_quality"", ""service""]",2025-09-30
4433fb74-1c0b-4611-97ae-9f197074114d,0f13ce4b-33a8-4e88-aa71-9d5000ba5158,89e844ef-693b-449a-a6fa-6b25f507b863,3,"Decent experience, room for improvement.",0.39,"[""communication"", ""service""]",2025-03-23
67483503-c79c-4c08-aaec-ff01ee9fbb38,875ba428-18a8-4688-8ae3-6f0274a5017b,aa348c33-3d87-442a-8854-2e739afc190f,3,"Decent experience, room for improvement.",0.486,"[""communication"", ""equipment_quality""]",2025-01-26
00406092-8d76-4e63-8c7d-c8125a2d9426,6529da10-1475-4c3c-92a1-18d6c99a2fd3,4284cf35-0c62-4d62-8c95-63771e6fe01d,2,Machine needed maintenance during rental.,-0.377,"[""equipment_quality"", ""delivery"", ""service""]",2025-12-02
9f0286e3-b91f-4713-8252-863eef11958a,3f483723-85eb-43fc-aa06-a41e4b92850a,d5ae14f1-cf58-4495-b763-84539b2cc77d,3,"Decent experience, room for improvement.",0.498,"[""communication"", ""delivery"", ""equipment_quality""]",2025-04-12
61cb9410-d4de-4b8c-b9f0-d314b53eb7a4,cb30a089-6b70-4abd-b732-eb89a8b5902d,dbe8125b-b4b0-439a-9cd1-1cb6a653fd67,4,"Excellent equipment, worked perfectly on site.",0.608,"[""service"", ""equipment_quality"", ""communication""]",2025-05-03
ba708853-336a-4397-8c50-7efd8f8a09ed,6a9e9061-7336-48ff-bc33-3537b6f922a6,202f2d66-fed1-439a-9863-9073b8fd71f4,1,Equipment had some issues during operation.,-0.628,"[""equipment_quality"", ""pricing""]",2026-01-21
890161da-7e2e-46f8-b50a-959d4eb2b07e,3e2bc8c1-8cf5-40ff-afa7-fab4570ea542,c9e68767-07a9-4fb6-82ae-d1065efd94d5,3,"Decent experience, room for improvement.",0.429,"[""pricing"", ""communication"", ""service""]",2024-10-27
de796d70-5fbb-413d-919f-651bb89f4896,4236e673-ef5d-4ba1-94df-857605a8084d,7f3edabe-a106-4ade-98d8-59e2b23629fe,3,"Decent experience, room for improvement.",0.483,"[""delivery""]",2025-10-01
36eb74f6-9ba2-4bb6-990d-13cd28ec71e2,713a8773-913e-4531-a453-18bf5e372f56,c76d5397-5ec0-4915-994e-c0fb98d6777e,4,Machine was in top condition.,0.89,"[""delivery"", ""communication"", ""equipment_quality""]",2025-01-01
47b5db77-7c7f-47a8-9d97-bb93dec25cf4,654dddf4-fb54-4de8-bed2-79ced8278028,80aed6ce-e4ad-4afd-9ce8-75420323634f,5,Very satisfied with the rental experience.,0.655,"[""communication"", ""pricing"", ""service""]",2025-12-19
81716396-049c-4594-b77a-4abe5cd13824,a1e58be3-3048-4742-80d4-9d1aed1da5ec,f3eda95c-2e65-4aea-9d96-381f7958e6ad,1,Machine needed maintenance during rental.,-0.259,"[""communication"", ""delivery"", ""equipment_quality""]",2024-09-01
96935a6f-50f6-4f50-ba64-fa84741ff858,bba0a92a-9bde-4c8f-869f-eca467215e00,b9d23698-1790-458f-b23a-32c382287ba6,4,"Great service, delivery was on time.",0.755,"[""equipment_quality""]",2025-11-10
dface967-79ab-4c74-a1a6-ebd004ccc646,b3dd61ee-5291-46c4-84e8-acaebddc7ed1,24afca64-5904-49cb-aced-aa02e7f6b098,5,Very satisfied with the rental experience.,0.927,"[""pricing"", ""equipment_quality"", ""communication""]",2025-11-13
af7ed7af-df62-42b6-b6b6-40ba252b932d,3af4598c-f599-45e0-b27b-8e366d645c50,0df9a870-707f-4bd0-9c7e-67fb4044dd21,1,Equipment had some issues during operation.,-0.544,"[""communication""]",2025-12-08
c62eb580-fabb-41eb-bbd6-f2f4a1b077e0,b81ba5de-7041-49e7-a3f5-37f7f61d59a4,0d6de913-edab-4cd8-b49d-31da8b8722fe,3,"Decent experience, room for improvement.",0.263,"[""equipment_quality""]",2024-09-06
e756d6fc-95c6-49f0-8421-83234c08adec,b0ceb5f8-ad0e-42f9-a554-1960a0ed8997,25943359-073e-40f5-b283-7086d9634e0e,3,"Decent experience, room for improvement.",0.38,"[""delivery"", ""pricing"", ""equipment_quality""]",2025-11-06
01d9cd40-26c6-457d-9f45-3c3851bbdc2e,86c3a2ec-f32e-4da3-8174-6e60c5702ac8,ecd95d65-5bcd-4582-a47d-26e665d5576d,2,Equipment had some issues during operation.,-0.491,"[""delivery"", ""communication"", ""equipment_quality""]",2025-11-06
c89d9648-459b-42d6-9ee6-8bf99947bbe9,6beaae34-f8b5-48c9-8cf2-f3ccbacd1bbe,b608f2a9-a34e-425b-b1b3-c9146c70a701,4,Very satisfied with the rental experience.,0.847,"[""pricing"", ""service"", ""equipment_quality""]",2026-03-14
e4b35e71-a317-4b9f-ad01-d551ce1efbc9,9888ccc8-2785-40b0-85db-04f4d4a34792,79b9c7f2-5060-4ab3-bab9-b135fa3cd72a,3,"Decent experience, room for improvement.",0.533,"[""pricing"", ""delivery""]",2025-11-20
5768b3d4-7807-4231-922d-48078d2e3149,491f1311-7d04-417e-bd66-349490c29ded,6a5cb04f-8894-4267-add6-ee25ce21d92e,4,Very satisfied with the rental experience.,0.926,"[""pricing"", ""service"", ""equipment_quality""]",2025-07-16
a9e3b60a-902e-4793-891c-758c5a489ef8,07a4a12a-4581-419a-8701-06d37ea6bd3b,af59d556-868c-4043-a9ab-becca41cff93,5,"Professional team, will rent again.",0.894,"[""service""]",2025-05-19
896ed5e7-f072-444a-85e0-914d5c52f467,ab04e845-df18-47cc-a8ce-c436e66303d8,01678d8d-3cb3-4f13-8032-4e0487349d18,5,"Excellent equipment, worked perfectly on site.",0.956,"[""communication"", ""service"", ""pricing""]",2024-12-29
2726857e-7897-4ef1-bdbb-368853901a5e,08f9d987-3b7f-4396-91af-3e88dba71842,06c2f5a1-5a43-4f74-bff9-74f511150a40,2,Equipment had some issues during operation.,-0.085,"[""communication""]",2025-04-04
c88a6397-5fdb-4dea-a1a8-ee2b45b13296,8a6e77c0-52cb-43a5-93a6-040dcddc850e,50f4fc32-5bae-4f66-a092-925ee62e37a6,4,"Great service, delivery was on time.",0.602,"[""pricing"", ""service"", ""communication""]",2026-07-03
9bc180df-1702-498b-8cfa-0b262c22e5ab,124bd83d-5184-4007-bb65-d189bf5495e8,6e19cd74-dfb0-4d3d-aa38-accc003e86c8,4,"Excellent equipment, worked perfectly on site.",0.698,"[""pricing"", ""service""]",2026-05-13
eaa7a297-ba56-4475-a799-27ededf5beb6,ebdee9fd-d8e7-4a19-b327-be6d80cab435,88a48a1d-6676-4dc3-8295-8f05aa5d412f,5,"Professional team, will rent again.",0.696,"[""delivery"", ""pricing""]",2026-02-22
1718c981-bfc7-48c4-aef0-c1d88db2fd7e,4cf6ec55-a7f7-463a-b26c-5fa9ecff193c,13eaf687-ed7f-4ae4-b5d9-1846772e09fd,5,"Professional team, will rent again.",0.782,"[""delivery"", ""communication""]",2024-09-30
2332c179-0249-484f-a397-86870660e15c,76647c96-3126-4cc2-b315-7941cdbca7f7,9edb3ab3-5d4c-46a0-a5c5-e0cc0a7105a5,3,"Decent experience, room for improvement.",0.327,"[""equipment_quality""]",2025-05-15
073ea1fd-2a7e-433e-9599-ab671c77c732,217454e0-ca62-4221-8833-9a8a0541a408,dbad4194-b131-4650-a9eb-2ddf8172db28,5,Machine was in top condition.,0.909,"[""equipment_quality""]",2025-05-20
e8028bd3-15ca-4995-8554-532430fb109f,dadc1591-c166-4ef7-a23b-43a8cb2c1dba,acd13d3e-8f86-4550-a4a6-61c6b9d3545c,4,"Professional team, will rent again.",0.89,"[""service"", ""delivery""]",2025-11-16
47e4128b-fcfe-4000-b342-772a74d072a6,cfda6bfa-1868-40a5-b8ca-6081459e10d8,82c9b112-cd5c-405b-880f-cd263c513669,4,"Great service, delivery was on time.",0.634,"[""delivery"", ""equipment_quality"", ""communication""]",2025-08-02
6f8199a3-ee3e-4e5d-9d85-ac332c1402c4,da67d85f-a261-4fb5-9a01-a173c4464f0f,51f385dc-810f-4fa7-8e7d-bb2083dd6a9a,4,"Professional team, will rent again.",0.974,"[""delivery"", ""service"", ""communication""]",2024-12-08
28690936-1443-4a93-9c81-bd86c4f10251,08f9d987-3b7f-4396-91af-3e88dba71842,7b2136e9-1a16-4431-95a2-d0ccfe5502ea,1,Delivery was delayed by 2 days.,-0.216,"[""communication"", ""equipment_quality"", ""service""]",2026-06-28
49c9ef18-3c99-4f1c-add3-6a3fc0b860ec,2b04ea90-4ead-4b58-912d-a64ec9694a0c,36d97f15-f431-4efb-911e-275a67f8331c,3,"Decent experience, room for improvement.",0.403,"[""delivery"", ""service""]",2025-05-31
12e39436-3ef0-4acf-9fa8-857f27e40aec,ebdee9fd-d8e7-4a19-b327-be6d80cab435,93f5e288-8535-4bd9-8991-da1c570fd0b4,2,Customer support could be more responsive.,-0.024,"[""communication""]",2025-11-29
76eaee46-1596-455b-96d4-7e41c5364b94,813bfadf-77e8-4be9-b0c6-16fae77e358c,ffbcad24-65f5-420f-b69a-7e66852dec2f,4,Very satisfied with the rental experience.,0.981,"[""delivery""]",2025-10-27
6f0dfd54-2888-444a-9019-4e4a3e0f45b8,124bd83d-5184-4007-bb65-d189bf5495e8,a6789bae-78da-46c9-ad6e-4ef138fe1944,5,Very satisfied with the rental experience.,0.89,"[""pricing"", ""communication""]",2025-07-09
1c5215b4-6a91-4279-b338-391338099fc1,8afccdd5-a2a5-4249-b270-330d173f26df,79f0aaaf-2768-4a24-bdb8-db1eecd0ad89,4,Machine was in top condition.,0.671,"[""service"", ""equipment_quality""]",2025-01-18
123f5b66-de45-42a2-9b7f-bed268787448,50f7f647-fd6e-4699-96d0-2f4d2c435f9e,040e2dc7-71e5-432d-a5eb-8cc86e2fc55a,4,"Great service, delivery was on time.",0.626,"[""equipment_quality"", ""communication""]",2025-12-26
f1be565f-9bd1-4c45-b06a-660e4b6a3da1,030c22a0-4626-433f-94aa-74d48d9cb4df,1212a7cd-dc09-4568-a00c-2150e6cfec43,2,Machine needed maintenance during rental.,-0.515,"[""pricing"", ""delivery"", ""equipment_quality""]",2025-04-20
bcdfdabd-25a2-4f0a-9745-dda9297b28aa,84644143-a02b-4e48-a68d-4989cf2f8d7d,ef3ad58b-ab99-44f8-8051-f0d56e309307,3,"Decent experience, room for improvement.",0.259,"[""communication""]",2024-10-26
4d42327a-aeb0-464b-a06f-2f1ac37e93d9,8a6e77c0-52cb-43a5-93a6-040dcddc850e,36abe0a9-8b69-43ad-aecc-97970929035b,5,"Excellent equipment, worked perfectly on site.",0.8,"[""service"", ""delivery"", ""communication""]",2026-07-15
c62f2fe1-e78f-4ff4-ad82-0564b9c35649,f12b1437-9c22-4bfa-b116-3f739dea41e7,a71c9318-907d-4918-b164-6457414018a5,4,"Professional team, will rent again.",0.618,"[""delivery"", ""service""]",2026-07-13
989af7d4-9b00-4e09-b9a8-0626f325f819,3b4c197c-5f64-405f-998b-18fed0deefea,b1f308e9-a5c1-4511-8ea2-13f2717faf6b,5,"Great service, delivery was on time.",0.975,"[""equipment_quality""]",2025-11-24
21f9ad3a-35b7-43d7-9ee3-9c8cd70bf6b0,80dd0ed4-9c7d-48c0-8339-6e503fe87e92,fcaddc73-69c9-43a0-8890-16029694f2ba,3,"Decent experience, room for improvement.",0.367,"[""pricing""]",2024-11-19
c14b6149-4cd4-4098-8a71-42ade0c90402,035c0bf2-10b9-4eb6-aa15-b3f44f78f2e4,b83b5e87-3e8e-4e72-81e5-d467342a0bbf,5,"Great service, delivery was on time.",0.795,"[""communication"", ""service""]",2026-02-10
b1b80b16-9218-4216-bacf-ec445c095459,b66af76f-48bd-4406-837c-25c442ae34ae,0f2725d5-59c9-4e47-a2ec-cfdf1244adbe,5,"Excellent equipment, worked perfectly on site.",0.711,"[""service""]",2026-03-13
2e3cd644-4bc0-4b49-8033-11580b75cc05,4cf6ec55-a7f7-463a-b26c-5fa9ecff193c,03f9319d-23e2-436d-bb84-c43b595c9805,4,"Great service, delivery was on time.",0.905,"[""communication"", ""equipment_quality"", ""pricing""]",2025-03-22
707c4323-7107-4cf1-b7a9-b3262206a456,e189db02-47bd-4155-9ff0-f1b42d8b0d45,4059190c-df35-47cd-ab18-c093255aceb9,4,"Professional team, will rent again.",0.654,"[""delivery""]",2025-12-28
a9baafba-21b9-494d-a005-593bf4f14a94,030c22a0-4626-433f-94aa-74d48d9cb4df,07056215-b242-4663-bc35-3738d3285051,5,"Professional team, will rent again.",0.662,"[""communication"", ""equipment_quality""]",2024-11-05
527eb4cf-e62b-4d7d-8f5f-aa3af883a927,80dd0ed4-9c7d-48c0-8339-6e503fe87e92,bf064eb6-bd97-486d-accb-e0ca15c3d7c0,3,"Decent experience, room for improvement.",0.471,"[""delivery""]",2025-08-08
b6358e59-73d1-4a6b-8c63-5976e16ecd3e,b81ba5de-7041-49e7-a3f5-37f7f61d59a4,6ca7150b-96df-41e3-aa84-129614ada38a,4,"Excellent equipment, worked perfectly on site.",0.846,"[""communication""]",2026-04-22
eca54a37-4215-4c32-a06a-472a62ab1d94,08f9d987-3b7f-4396-91af-3e88dba71842,3bc23b3a-7436-40ac-95fe-564ae93fbc99,3,"Decent experience, room for improvement.",0.383,"[""pricing"", ""delivery""]",2025-04-18
cb9cc50c-7338-4fb5-97b8-e3605b6c8c7c,db1ad761-4a3e-4989-8438-2dd4c3027c12,8acf024e-281a-433b-82b1-e7d837a5f0a9,4,"Excellent equipment, worked perfectly on site.",0.775,"[""equipment_quality"", ""service""]",2026-02-18
9b51c312-ea38-4039-8c8f-68743c046232,5d9f6cae-2fb3-41ea-9f08-fbc1573ee862,c41c9a12-ae6f-4309-8eb7-0966c2f2f5d4,4,"Professional team, will rent again.",0.706,"[""equipment_quality""]",2026-03-12
e2cec12f-dc83-4cb7-8d06-269e01677100,d5b53c1f-34b8-4676-b971-7229d4d85131,691ced69-357d-4d7b-8549-a650b7de7c33,4,Machine was in top condition.,0.676,"[""delivery"", ""communication"", ""pricing""]",2024-11-27
36575509-7342-499d-a7f9-27ab8d465cee,66ac95a5-e673-4803-b91d-4c51a3e177ec,4e1160dc-278e-4832-bc85-538c36589ba6,4,"Great service, delivery was on time.",0.662,"[""delivery"", ""service""]",2025-02-22
58b98701-f0de-404a-8e8e-edb8a4432fd9,2a04ff3f-9519-4a1a-8315-3684798f5345,61acdfb4-8a7e-469e-ae32-9ff00693550d,1,Pricing was higher than expected.,-0.24,"[""delivery""]",2025-09-11
9c002587-5689-4bef-abc1-1c4c891ed2a0,4212e07a-0023-405f-9bf2-105bc07b5250,5a3b8c93-5a7e-4802-a382-45d3bdcdec09,1,Delivery was delayed by 2 days.,-0.236,"[""communication""]",2026-05-17
06bf3cb2-0599-4c39-8cf1-61a5b78c41dc,3af4598c-f599-45e0-b27b-8e366d645c50,b869e2ed-5dde-4320-9ff5-3b4b47787c0b,3,"Decent experience, room for improvement.",0.334,"[""equipment_quality"", ""pricing"", ""service""]",2025-01-08
775d28a0-b333-45d8-b517-d0f2f122c5b9,2b04ea90-4ead-4b58-912d-a64ec9694a0c,0e9898d7-a0da-4e44-80ee-7a4322eaabce,4,"Excellent equipment, worked perfectly on site.",0.945,"[""service""]",2025-11-15
a8c358b6-ee7d-4ec2-887f-c3adec8c9eba,930e80c5-5d08-4519-b58c-256246376e91,1c4d31c7-8fe6-41da-af51-9408b56269c1,5,Machine was in top condition.,0.771,"[""equipment_quality""]",2024-09-30
1866e652-0127-411b-94b3-baaa9a75386f,08463e2c-bb4c-4072-9776-41809b410c82,aa3721ec-c19f-46e0-8bcd-b705dd71a6ab,5,"Excellent equipment, worked perfectly on site.",0.944,"[""delivery"", ""service"", ""pricing""]",2026-04-29
20a53fe4-3c72-489b-944b-88aca14e768a,3f3bf212-52e9-4b36-94a9-cb6ebb4feab1,f20dfa75-b075-4207-b23f-1d2ced672b73,4,Very satisfied with the rental experience.,0.601,"[""service"", ""communication""]",2024-10-10
5f8f8b69-227a-4567-82f8-58938b5e033f,658a2bd5-925b-42d9-823c-60e9272f02b9,e1ff4279-d4c1-4ad0-ab97-dc9a2ffcdd30,5,"Excellent equipment, worked perfectly on site.",0.739,"[""communication""]",2024-12-19
4f4eee30-8d7f-4a2e-9efb-7f1d657d78a3,6ff51d1a-5577-4866-93bf-ecc7450b9784,6b6fc2fb-f135-4d50-832f-5f7b1014fbd6,1,Equipment had some issues during operation.,-0.385,"[""equipment_quality"", ""communication""]",2024-09-06
fba1edb5-aaaa-4820-9e66-3f7b79cfbfb7,0cc7ed25-943f-419e-b55d-809703859fb0,4a3033e6-5ebe-4dd6-a556-3ae42f9d20f3,4,"Excellent equipment, worked perfectly on site.",0.916,"[""pricing"", ""equipment_quality"", ""communication""]",2025-04-12
9f226083-7dda-4a29-93a9-0402a5d5af3f,813bfadf-77e8-4be9-b0c6-16fae77e358c,131eed01-9bba-4cef-98b5-0df8a1cfd04a,5,Machine was in top condition.,0.886,"[""equipment_quality""]",2024-08-26
d4dce742-7e8f-454a-863c-3c292e899aef,903f381d-cf42-442d-b02b-9a4b7e7495cd,04cb0e89-8634-4a1c-97ca-609d2bda53c3,5,"Great service, delivery was on time.",0.944,"[""delivery"", ""service"", ""pricing""]",2026-05-06
004a1a99-8da3-4983-b1dd-d868923ae440,538aca8e-9280-478d-8ee0-abab8238c773,be5cd686-44b7-45f1-86b1-0687e2b9392f,2,Delivery was delayed by 2 days.,-0.001,"[""pricing""]",2026-06-13
e1c5dfe4-84eb-42ac-b101-267ef6bdd823,f12b1437-9c22-4bfa-b116-3f739dea41e7,65106ed2-8aac-4db5-b672-3a1bd5719264,4,"Great service, delivery was on time.",0.857,"[""pricing""]",2024-08-10
836c7d7b-0785-4ae1-9c03-6883f10b3fc0,84644143-a02b-4e48-a68d-4989cf2f8d7d,f30f71eb-dae0-4304-87c8-3aa634ceeb21,3,"Decent experience, room for improvement.",0.525,"[""equipment_quality""]",2026-06-20
57426022-8704-49ae-afe5-5772b180f40e,813bfadf-77e8-4be9-b0c6-16fae77e358c,583a74e0-fdb4-42a1-9576-2e4558294b20,5,"Great service, delivery was on time.",0.948,"[""equipment_quality""]",2026-06-29
dc03e7b2-9ead-4548-8196-b4e4ce16009d,a1e58be3-3048-4742-80d4-9d1aed1da5ec,324a37fa-732f-493b-a0c0-a4f9a7c3de80,2,Customer support could be more responsive.,-0.12,"[""communication"", ""delivery"", ""service""]",2026-03-27
fd5f909e-5e61-4864-8c28-7b46ce15c3f2,b0ceb5f8-ad0e-42f9-a554-1960a0ed8997,bf6af885-65ae-4db6-95fb-4bbfa3bf77f1,2,Pricing was higher than expected.,-0.196,"[""service""]",2026-06-27
be3ae549-3e73-4d3d-9963-939f8c107033,08205d3f-5e37-43de-aea8-0aca3ee7469d,b80b5503-a9fa-432b-881d-a786eb3038ee,3,"Decent experience, room for improvement.",0.326,"[""delivery"", ""equipment_quality""]",2024-11-17
a8654920-ca9b-49ac-88c8-11482a384e0d,d0bda241-2bb1-4a4d-9ebb-a56c96f85c7b,7e7b495f-fc86-42c9-bcdb-f99ef7159b5d,2,Pricing was higher than expected.,-0.122,"[""communication"", ""equipment_quality"", ""service""]",2026-02-23
8f42351a-20d3-4526-ace0-4e9555fd1fc9,aec30178-605b-42a8-a94c-df32b0f497bd,263ac0e5-4446-4d1d-8424-9be1ebdaebaa,5,"Professional team, will rent again.",0.866,"[""equipment_quality"", ""pricing""]",2024-08-27
ab7a6da8-d609-4078-ba04-4ce2d2a906ca,654dddf4-fb54-4de8-bed2-79ced8278028,fe928f85-81dc-44f6-addf-0ad135edd75e,4,"Professional team, will rent again.",0.817,"[""service"", ""communication"", ""equipment_quality""]",2025-07-19
399a293c-57fe-4841-a88f-fe52b6c4c975,875ba428-18a8-4688-8ae3-6f0274a5017b,d59143ad-32a0-4327-b661-0f68585f3e85,5,Very satisfied with the rental experience.,0.688,"[""communication"", ""delivery""]",2025-04-17
8671b7a0-cad4-4c3f-9366-368ab62097ac,3d72e7ae-13d1-4ed5-aa94-9ef92f1ed0ab,8abf8232-2f51-446b-94a1-8d9385cddb5f,4,Machine was in top condition.,0.719,"[""service""]",2026-06-07
4fc6f004-87f3-4b1c-b17d-6f638dc70f92,33837d43-76dd-4f9e-b1e3-f1845b7bbc95,9482ded0-a6c1-47a3-83fb-62d1fd18eed2,3,"Decent experience, room for improvement.",0.478,"[""equipment_quality"", ""communication"", ""delivery""]",2024-10-23
f31b5fb7-7a52-4fa9-ac34-21d0fa3a48b6,04b23723-2b58-4f4d-adc4-05e0ea43c46c,68bf2220-9e79-4236-aa48-cbb0e9bb55c3,2,Pricing was higher than expected.,-0.721,"[""communication"", ""service"", ""delivery""]",2026-06-19
7d9f36e0-a0d5-483a-b1ea-843bc93fabd6,e538d010-b52c-4c23-afe0-077b50aabbfa,47421186-20e8-4b58-bfac-8ce6f0ef5858,4,"Great service, delivery was on time.",0.76,"[""equipment_quality"", ""delivery""]",2026-03-05
eab25bec-8532-404d-b08a-0a35157cd509,dadc1591-c166-4ef7-a23b-43a8cb2c1dba,375f2038-4f8d-43b1-bb0d-b3e0fc2baaa1,2,Equipment had some issues during operation.,-0.276,"[""delivery"", ""service""]",2026-02-21
5bda00fe-67e0-4a30-8a3a-a4b99259cb37,694fca20-72e6-47d5-b246-acc57eb09b95,60b8233c-fc72-4fd3-8519-b77c4ccf2d76,4,Machine was in top condition.,0.675,"[""communication"", ""service""]",2025-10-25
d991586c-0b04-4c92-8027-56843e1a655c,d0bda241-2bb1-4a4d-9ebb-a56c96f85c7b,a8c42090-6701-4d2b-91d8-33058a8fdf7c,5,Very satisfied with the rental experience.,0.75,"[""equipment_quality""]",2026-01-07
875ad1f1-4d1d-4e80-b6e9-b6c714cc37a5,6a9e9061-7336-48ff-bc33-3537b6f922a6,2de064ae-6ae3-46d9-ba69-0701d74da34e,4,"Professional team, will rent again.",0.728,"[""pricing"", ""service"", ""delivery""]",2025-09-20
9387d61a-74d4-48e3-a77b-ad5d2aae7a67,3e2bc8c1-8cf5-40ff-afa7-fab4570ea542,08a963f1-955b-465d-98a4-345c625f554b,2,Delivery was delayed by 2 days.,-0.285,"[""pricing"", ""delivery"", ""service""]",2025-12-16
3a6b9846-7446-44c2-81f5-cae3774cb6f9,d1eb15d7-77f7-4b80-bd0d-9739aa82f636,eb5a24b6-fc91-435b-a1bc-4d39eb588fb6,3,"Decent experience, room for improvement.",0.568,"[""pricing"", ""service"", ""delivery""]",2024-11-08
9bb33e17-5404-481a-8e6e-ab3df5199caf,9888ccc8-2785-40b0-85db-04f4d4a34792,e20b646c-b256-48da-a31f-fcc146cc8b25,4,Machine was in top condition.,0.796,"[""equipment_quality"", ""service"", ""pricing""]",2025-03-16
b540b002-96a9-4f70-9496-49f0e018593d,f12b1437-9c22-4bfa-b116-3f739dea41e7,443c613e-d985-49a9-b3d0-341de474d5fc,5,Very satisfied with the rental experience.,0.771,"[""pricing""]",2026-03-02
92f8fa56-f471-4619-93a8-308d19b434e4,b66af76f-48bd-4406-837c-25c442ae34ae,4e1e30d7-02af-4bce-abb4-19062d70c3a3,5,"Excellent equipment, worked perfectly on site.",0.943,"[""communication"", ""equipment_quality""]",2025-09-19
988b799a-9e5c-4b3f-9ce3-145ee8558741,df18fe4c-7ed9-4647-9f9e-eaf8a4c7c1a9,e7539c69-1d6f-4369-b732-75f240a60dd8,4,Machine was in top condition.,0.81,"[""pricing"", ""delivery"", ""service""]",2024-12-01
18333d5d-cf19-4b3f-a261-7ae199321210,3d72e7ae-13d1-4ed5-aa94-9ef92f1ed0ab,8dea6387-aeb8-428b-ad1f-4d9ef0171fa1,3,"Decent experience, room for improvement.",0.346,"[""equipment_quality""]",2025-01-18
8ad129e9-24b7-453a-b563-f16681baab36,5a50c836-ec68-4aeb-9182-abd10c298a3c,24047f2a-33a2-46cb-996a-624ce85a8f81,3,"Decent experience, room for improvement.",0.366,"[""pricing"", ""delivery""]",2025-07-28
72902f84-2072-4ecb-8265-4402d59db013,3f3bf212-52e9-4b36-94a9-cb6ebb4feab1,799cd115-b5f3-41c8-a303-77bd36d14556,4,"Great service, delivery was on time.",0.992,"[""service""]",2025-11-03
905e45de-bde2-40fd-9d7f-21cd3d2e4463,d0bda241-2bb1-4a4d-9ebb-a56c96f85c7b,42d50ecd-16c3-4d74-9884-762aafb26f00,5,Machine was in top condition.,0.685,"[""communication"", ""service""]",2025-06-07
229f7b81-2ac6-4d86-a200-07d21edc86a3,7225b43f-3e06-47ce-8a9a-fafcacf310b6,fa5c7a99-1c0b-4c21-9fb9-4013b40dbf1f,5,"Professional team, will rent again.",0.99,"[""delivery"", ""pricing""]",2024-09-06
e9c1cb42-164a-4e3e-b6ae-00d65673cc7d,0cc7ed25-943f-419e-b55d-809703859fb0,6b6b6e9b-5a7f-4e54-aa8e-e750194270e1,5,Very satisfied with the rental experience.,0.927,"[""delivery"", ""service"", ""equipment_quality""]",2026-06-09
21b0b85b-a118-4f7f-8ee1-7d92c591e565,654dddf4-fb54-4de8-bed2-79ced8278028,df1e414c-1e69-45a4-8899-92680483348a,1,Equipment had some issues during operation.,-0.844,"[""communication"", ""service""]",2026-02-10
a7be9c7a-f63d-4c95-b327-d0184c5ea645,658a2bd5-925b-42d9-823c-60e9272f02b9,dc87c8e1-a2f9-4755-9115-e2fdead01902,3,"Decent experience, room for improvement.",0.587,"[""equipment_quality"", ""service"", ""pricing""]",2026-02-25
c0f9e64b-3289-46e0-a09b-a8ec1a608776,4aafaf10-24f7-4d03-90f9-189f498d73df,914cc90d-aff1-4a3e-a778-6a6d01ebbdde,4,Machine was in top condition.,0.615,"[""delivery"", ""pricing"", ""service""]",2025-03-20
b5bb74bc-62cd-46ec-adca-69c92071088a,f2097674-89c1-4f81-8ddc-810c9bf9a0e0,a7fd5260-be49-4b06-8c1c-31420459a729,4,"Excellent equipment, worked perfectly on site.",0.953,"[""delivery""]",2024-11-18
929366be-ee19-4729-98c4-c352e5ca7468,f6e95077-b010-4354-9b49-bc9b6f6deb5d,79fe484d-ad18-411f-85b8-5a86b546b399,4,Machine was in top condition.,0.639,"[""equipment_quality"", ""communication"", ""delivery""]",2026-06-23
f31605d3-7dcb-4864-84a4-4aa364ca9c8f,503ca1d3-a10d-40ee-a3fa-d96d29036cef,52b1c1db-612c-4875-90ac-2d44920ca2cf,4,Machine was in top condition.,0.968,"[""equipment_quality""]",2025-01-11
945ab7a6-8332-4925-906b-1de460c653d1,658a2bd5-925b-42d9-823c-60e9272f02b9,fcb124b2-0a12-46b9-b786-9157476ce61a,4,"Great service, delivery was on time.",0.981,"[""communication""]",2024-10-12
d03a09b5-77a5-4549-bc4b-e3663ec23560,4aafaf10-24f7-4d03-90f9-189f498d73df,757ff713-7c68-4541-a2f0-134e8d2e7d4f,4,Very satisfied with the rental experience.,0.816,"[""delivery"", ""pricing""]",2025-03-02
3deec6fa-3f59-4f91-94cf-cc1a871a818f,8300e3b8-4e36-4cd0-9094-c6787c5d4fb9,025b51d0-9427-4d10-835a-f0769a031e57,5,Machine was in top condition.,0.939,"[""service""]",2024-11-25
fac5c70b-8459-4515-a503-c96e5fea9e6b,70c2eb70-4638-460d-8ab5-33be24e73ae9,2e383ba6-3b76-489f-8894-d89a6fa4184d,4,Very satisfied with the rental experience.,0.988,"[""communication"", ""service"", ""delivery""]",2026-04-10
3683b869-2b9f-420e-95df-200cb2bec1e6,69807b72-e108-4d02-b81f-379de2691ce0,ebd3e574-ea8c-44ea-b691-edd040f4957e,4,"Excellent equipment, worked perfectly on site.",0.84,"[""communication"", ""pricing"", ""service""]",2026-05-15
d6f584c0-ad97-4d17-80a4-6484ef0a7f5b,0bd1b1eb-11c6-49df-88eb-31691f867bf5,bd0ff52a-3dac-4a10-9cdd-279c9c588851,4,"Professional team, will rent again.",0.992,"[""equipment_quality"", ""pricing""]",2025-03-02
f2d1802f-b0cb-48d8-a34d-d3abf8a61f4f,f110fe84-2852-439f-b05d-e68449065be4,f30f6145-ddaf-4f28-b650-6b71a043d350,3,"Decent experience, room for improvement.",0.473,"[""service"", ""delivery"", ""communication""]",2025-04-03
470ea10a-d121-4821-966a-f0bd45355ef1,ab04e845-df18-47cc-a8ce-c436e66303d8,98037207-032c-4fe1-b557-32e54a093c12,2,Pricing was higher than expected.,-0.431,"[""pricing"", ""delivery""]",2025-10-25
d360b2e4-47e1-4320-b456-ffffc8fcc28c,cfda6bfa-1868-40a5-b8ca-6081459e10d8,04e11f93-21a5-4fd3-9ab9-83401f425699,5,"Professional team, will rent again.",0.629,"[""delivery""]",2025-05-24
b4d6c7ad-6e75-4a0c-b4bf-28bc5041cee0,875ba428-18a8-4688-8ae3-6f0274a5017b,4a8500be-3e76-4bff-bf59-9bf569d8b4fb,4,"Excellent equipment, worked perfectly on site.",0.96,"[""equipment_quality""]",2024-08-25
73db055a-dfa2-408f-acad-83f460847a19,3d8caf5e-9d53-4f05-b29e-946dfba7efc1,157e0be1-5382-4d01-a1be-8515a6b07129,4,"Excellent equipment, worked perfectly on site.",0.629,"[""pricing"", ""delivery"", ""communication""]",2026-06-23
1bd0cb5c-4a43-4bb0-a7d8-838d41abcc7e,41143a63-c315-4909-8012-ac3adcf17520,07a9b31a-e9b1-4079-b9ef-176e42dbf514,2,Pricing was higher than expected.,-0.627,"[""service""]",2026-01-01
3f8d0b80-308e-4ad9-af21-25081e945f62,9888ccc8-2785-40b0-85db-04f4d4a34792,845bb377-803c-4f88-9c01-4847ce2b2a67,4,"Professional team, will rent again.",0.622,"[""communication"", ""equipment_quality"", ""pricing""]",2026-05-20
7824a459-f995-4d07-b4c8-8f934dee672b,4cf6ec55-a7f7-463a-b26c-5fa9ecff193c,72bcf00d-be36-4003-ba16-6e5590eb210f,4,Machine was in top condition.,0.859,"[""pricing""]",2024-09-18
18ff1df1-3f29-4953-9ba1-a97ab26aa8ae,fa5b0920-dbe9-4b44-a70c-393ffab78137,b68a881b-0f0e-45cc-90da-47e4d4bb42df,5,Very satisfied with the rental experience.,0.855,"[""pricing"", ""service""]",2025-03-10
5e18b25e-cd63-434b-89e8-c19522e91041,feb70aa7-dde2-4469-9d0f-22e7187f8fd7,40900c58-be93-4319-8e9d-63e18784d05a,5,Very satisfied with the rental experience.,0.814,"[""equipment_quality"", ""delivery""]",2026-01-19
dee68f7c-c1a7-467a-b5e2-859da6014a2a,1ca9595e-b927-4c8b-a17f-323e0c283060,b076a0a0-4e0d-4269-8111-cf41d4a12cfd,3,"Decent experience, room for improvement.",0.547,"[""delivery"", ""pricing"", ""equipment_quality""]",2024-09-06
4fec5eb3-25c8-46e1-be47-025abe323352,df18fe4c-7ed9-4647-9f9e-eaf8a4c7c1a9,d7c12b0d-f365-45b6-aa49-73d2d77c6ac6,4,"Professional team, will rent again.",0.85,"[""delivery""]",2025-12-05
32c84ed8-3371-4f3f-a8f1-dfb24945416f,8e18bd5f-b41a-4396-b73a-ea2c053d6a63,967376a1-e78b-4a9e-9df7-c6b28de3969a,4,"Professional team, will rent again.",0.66,"[""pricing"", ""equipment_quality"", ""service""]",2024-10-03
a981eb55-3092-4492-a083-939997f4ebaa,69807b72-e108-4d02-b81f-379de2691ce0,c74ca74d-2dfc-4a39-8f7c-1d1339085f4c,5,Very satisfied with the rental experience.,0.855,"[""equipment_quality"", ""service"", ""delivery""]",2026-04-05
0a986dc5-0813-48be-90f5-5cc74894b8c2,3f3bf212-52e9-4b36-94a9-cb6ebb4feab1,19a60171-6e64-49b3-8b04-bda3831f1287,1,Delivery was delayed by 2 days.,-0.462,"[""delivery"", ""communication""]",2025-08-30
bf2b80f6-86d7-49da-a040-80c7231993fe,2a04ff3f-9519-4a1a-8315-3684798f5345,a658534c-35cb-4e38-ae4a-b2a9c3e8a11d,4,"Professional team, will rent again.",0.786,"[""equipment_quality""]",2024-12-24
1d019d12-4198-4c13-8b88-8bf8daefe6e4,76e7a621-003e-42cc-9f06-fea80a0747ca,da5bdb64-9082-4bd4-a1df-776885ca47d3,5,"Excellent equipment, worked perfectly on site.",0.627,"[""service"", ""delivery"", ""equipment_quality""]",2025-02-05
3b8d10bd-c00d-4c48-8668-7edaf73aa3f7,70fc6cc4-7bba-43b6-8cd8-314987426792,1b9a446f-eb9b-4e53-9d07-638b1d0ae7f1,5,"Excellent equipment, worked perfectly on site.",0.62,"[""delivery"", ""service"", ""communication""]",2026-03-17
cc0eda93-33b8-4b3b-a897-0fbb5eb98f8f,39fee45e-547c-4ea0-aa42-fdb317c7996a,8e9b813f-275b-4220-8087-ce4ff26c3c8b,3,"Decent experience, room for improvement.",0.534,"[""equipment_quality"", ""communication""]",2025-04-25
b1886d60-8b81-4ea1-87d3-2ef25730f8eb,f6e95077-b010-4354-9b49-bc9b6f6deb5d,e7978492-fd79-4786-8076-8e8961ee90e5,4,"Great service, delivery was on time.",0.792,"[""pricing""]",2024-12-25
cc50bdd7-36a4-4acb-8420-e483523c5b30,17a3dd98-8ad3-4bb9-8be0-49f3d54b5163,ac7e345f-d80e-44d8-9aa4-5ca2cb0f11ec,5,"Excellent equipment, worked perfectly on site.",1.0,"[""service"", ""pricing""]",2024-09-03
bdba1fec-3751-466b-9c4f-bda95ffe80a7,30012bd6-63e1-4c37-9f7c-71cb2aede345,a8aa53f3-1321-4146-a7e4-8ebb81269331,4,"Professional team, will rent again.",0.976,"[""pricing"", ""delivery"", ""equipment_quality""]",2025-10-19
6a0748e3-6889-412b-9c30-c4704b3aec4b,3f3bf212-52e9-4b36-94a9-cb6ebb4feab1,c5e434f7-f652-4b0d-8387-493bb29ea4ba,5,"Excellent equipment, worked perfectly on site.",0.771,"[""equipment_quality"", ""communication"", ""delivery""]",2024-08-26
44fd4a10-2796-47b4-843c-8e83ce65c102,4ecea141-5d6c-46e0-93f0-274c9ede4ec1,6c5885e6-e09f-4a5c-bff1-a3f9a8d95dcf,4,"Excellent equipment, worked perfectly on site.",0.851,"[""communication"", ""service"", ""delivery""]",2024-09-15
a6ec0322-ced9-4489-8d3b-e967f59957be,828d1746-672a-4755-a85d-fc6f8869d1f2,1f63c6ea-1bb0-4d29-b959-33771ae68d76,1,Customer support could be more responsive.,-0.722,"[""delivery""]",2024-12-01
0abc8bd6-ba5b-4158-8928-a63e22046c5c,76a223e8-47e7-451d-aa7e-11ea4bd8b7fc,aac27740-323a-4dfc-bed6-fafd8676c4bd,5,Machine was in top condition.,0.807,"[""delivery"", ""communication"", ""equipment_quality""]",2025-05-27
898b5c11-36c5-4d6f-bda4-5b4a9bd312cc,0bd1b1eb-11c6-49df-88eb-31691f867bf5,33017e46-3ba0-4d18-a74a-cd1a667466d0,5,"Great service, delivery was on time.",0.619,"[""communication"", ""service"", ""pricing""]",2024-09-11
c4b13d82-0ac2-4fee-b5b3-89c1799af283,c83f1960-2dde-43f1-971a-6c8d6cc13c53,965a6815-521c-4367-83d4-c75814a00a7a,4,"Excellent equipment, worked perfectly on site.",0.789,"[""pricing"", ""equipment_quality"", ""delivery""]",2025-01-31
7b1b661c-093e-4169-963c-0b8806c48aa2,69a242bb-b019-4dae-9df7-31f6202caabe,d7423889-d367-40b5-9049-ba5ee455edcb,4,"Great service, delivery was on time.",0.822,"[""service"", ""delivery"", ""communication""]",2025-09-28
9cf5b9e6-0a31-42fa-98d4-91e43f816487,f3e717f8-eb3a-44a2-b0ba-922a53b43780,b807ad37-de69-4ada-a9b5-6395a11347a9,4,Machine was in top condition.,0.989,"[""delivery""]",2025-12-15
b3fe07e9-07c3-4b20-abf7-da6fdb39b304,5d9f6cae-2fb3-41ea-9f08-fbc1573ee862,1386eb68-2737-44da-b205-28a480e06711,3,"Decent experience, room for improvement.",0.463,"[""communication"", ""equipment_quality""]",2026-03-10
ebfafe9e-7a92-441c-83ad-6f22a342a81e,f2097674-89c1-4f81-8ddc-810c9bf9a0e0,4f0e477b-6178-43a4-85ff-a464f4c89162,5,"Excellent equipment, worked perfectly on site.",0.614,"[""delivery"", ""pricing""]",2026-04-02
9c22d782-273d-416d-9004-e20422c4631f,2c6b1689-bda3-4937-9079-0d528e35dbbd,22f99130-52c3-4788-8c51-6bdde6d32fda,3,"Decent experience, room for improvement.",0.316,"[""delivery""]",2026-06-07
0a73a883-d79e-498b-b16e-2fdf958c50c8,694fca20-72e6-47d5-b246-acc57eb09b95,97dfb387-086c-49e4-89eb-cf9ea552082f,5,Very satisfied with the rental experience.,0.847,"[""communication"", ""service"", ""delivery""]",2026-04-03
60d7ca17-cc54-4e95-bd0c-0cf1285ac8dc,707938a2-022a-47a4-8b9d-b4d50b26a0cc,4ea8ef9c-c2c2-40fd-991c-da10c008220f,5,"Excellent equipment, worked perfectly on site.",0.674,"[""service""]",2025-09-05
1e0f8eaa-98bb-4d0f-a035-a871f44c12bc,a8d63531-e89c-4faf-8671-b1dda0f09256,802338e3-f835-46e2-a46d-826e93e0119e,3,"Decent experience, room for improvement.",0.261,"[""communication""]",2025-03-25
687555c2-ae29-4486-83c7-245f31c8e1b5,fa5b0920-dbe9-4b44-a70c-393ffab78137,88208ba1-10bd-4036-8ece-b721361ae5bc,4,Machine was in top condition.,0.62,"[""service""]",2024-11-08
1f25b071-b4e0-48be-ae14-7b36083cc366,69a242bb-b019-4dae-9df7-31f6202caabe,3a6681b8-04d8-42e5-bfb4-36fa4b4cd0ec,2,Delivery was delayed by 2 days.,-0.272,"[""communication"", ""equipment_quality"", ""pricing""]",2026-07-09
df88f605-f3f0-43bf-a305-00ff65993524,2c6b1689-bda3-4937-9079-0d528e35dbbd,5ffd328f-e477-418f-ae28-e65018f244dd,5,Very satisfied with the rental experience.,0.718,"[""pricing"", ""service""]",2025-11-05
f7933464-b3f6-43d7-b76c-967b505521a4,051f3965-8927-4e21-aa88-d1eaccf7ff9b,47463af2-e689-4c1d-8919-5453bcdc9d15,5,Very satisfied with the rental experience.,0.733,"[""equipment_quality"", ""pricing""]",2025-12-07
efa34aaa-2091-446b-8cd0-75d7b5ac96d9,8a6e77c0-52cb-43a5-93a6-040dcddc850e,c4d4c0dc-872d-4ca1-bcb8-ccb36ce2638f,5,Machine was in top condition.,0.824,"[""service"", ""communication""]",2024-09-07
bc1792b4-df30-4f9b-a2ba-8e33aa8066cb,6b567828-70f9-42ea-aa79-c824a239f12b,8053701a-34d9-48b9-821c-62599a453c79,3,"Decent experience, room for improvement.",0.457,"[""pricing"", ""delivery"", ""equipment_quality""]",2026-01-28
15342150-a801-4950-a8b5-458cacd1fb68,3af4598c-f599-45e0-b27b-8e366d645c50,6b862236-a6e3-4963-a3ca-0c0db5822825,1,Customer support could be more responsive.,-0.173,"[""communication""]",2024-10-07
2b1368de-562c-4c99-bd35-c78c81853529,76e7a621-003e-42cc-9f06-fea80a0747ca,06bff8ee-b2c3-441f-908c-411d5e91a700,4,Very satisfied with the rental experience.,0.743,"[""communication""]",2026-06-26
571b8c75-0641-412c-b15c-ef3915c9f922,8647cf88-b986-493c-a5eb-e2954c813001,b644b5ae-9c3b-492e-88c3-fbd9bc864391,4,"Professional team, will rent again.",0.805,"[""delivery"", ""pricing""]",2024-11-15
a2b36487-f5d2-450f-b08a-e460d0dba72b,7be78260-7d5a-4304-b7fa-6d79f4325c18,5daa5d00-be2f-44ad-8bef-06dcb56936c0,5,"Excellent equipment, worked perfectly on site.",0.898,"[""communication"", ""service"", ""pricing""]",2025-10-18
4f43d089-4487-407b-afe6-2ecf035ae83d,fa1aba87-5e36-4b91-8fe6-51843a62ecd6,ae1f9c8f-1d19-4f62-974a-5e7b25aecde0,3,"Decent experience, room for improvement.",0.425,"[""pricing"", ""communication""]",2025-09-07
7446f14e-3aa5-4011-8052-c6a5f83a2077,66c02283-de0d-46f3-b44b-99873c9895d9,d16d1ade-e77b-474a-8083-6fb4feca8eb6,5,Very satisfied with the rental experience.,0.922,"[""service"", ""delivery"", ""pricing""]",2024-08-07
9969307f-0a6d-40df-a27f-8efc47dc8e94,d0921577-6c43-4887-bb94-765c4c839e80,0b9d97e7-a309-412d-930c-d5c7469c1ca6,5,Machine was in top condition.,0.682,"[""service""]",2025-06-16
96942fc7-0c4c-4734-89ec-e43064649258,3d72e7ae-13d1-4ed5-aa94-9ef92f1ed0ab,515c33fe-8612-456f-9d85-da23c6fc6d6d,4,"Great service, delivery was on time.",0.903,"[""communication""]",2026-01-25
5a688614-9159-4b67-bd9d-e60c8d3f38be,30012bd6-63e1-4c37-9f7c-71cb2aede345,90d22ca0-76ed-4dd7-9b1c-8d90dcbbc027,4,Very satisfied with the rental experience.,0.664,"[""communication"", ""delivery""]",2024-11-12
ba4b7347-544b-419a-b61f-326a1989c329,ebdee9fd-d8e7-4a19-b327-be6d80cab435,e881418d-8f8d-45da-a349-9d72456afc73,5,"Excellent equipment, worked perfectly on site.",0.817,"[""equipment_quality""]",2026-03-25
13c22b34-a0e6-40dc-ac07-61e37e0b10a3,08463e2c-bb4c-4072-9776-41809b410c82,f31dd91b-58ea-4188-894b-1d34ef11c35c,4,"Great service, delivery was on time.",0.668,"[""delivery"", ""service""]",2025-08-25
c883e408-3b80-4cbf-8843-63f79bec21eb,a313c410-78f1-412c-a399-2c47a873c2f9,2eb5f68a-0aac-430e-bfd2-be88ff34935e,5,"Great service, delivery was on time.",0.794,"[""equipment_quality"", ""service"", ""communication""]",2025-08-01
5153f72a-ae48-46e3-a80a-301ffdf96add,f3e717f8-eb3a-44a2-b0ba-922a53b43780,88f3922c-40d8-440b-9525-be3d0811825f,5,"Professional team, will rent again.",0.907,"[""pricing"", ""communication""]",2025-11-18
8753d5fe-9d85-4bd0-95df-efeb46acd8ef,051f3965-8927-4e21-aa88-d1eaccf7ff9b,7fb7e89c-2d78-477f-886f-6e56af884920,5,Very satisfied with the rental experience.,0.742,"[""pricing""]",2026-01-30
aab9d741-31dd-46a9-92cf-264e04c54410,051f3965-8927-4e21-aa88-d1eaccf7ff9b,84e01f6e-dae4-479d-a87a-bc224e23bbc3,3,"Decent experience, room for improvement.",0.495,"[""pricing"", ""communication""]",2025-05-05
2b85a6f1-5f4d-4629-9f84-391228c2b6ee,6af897a0-0616-4d81-8467-83711f26ec73,fffbf893-9c44-4eb4-a9dc-02a8dd189ba2,3,"Decent experience, room for improvement.",0.579,"[""service"", ""equipment_quality"", ""pricing""]",2025-04-14
90f2f7d4-51e6-472d-a0e1-991b0c4b6f9b,6af897a0-0616-4d81-8467-83711f26ec73,e0d76838-9de1-493b-8aed-01f8ae1a9069,3,"Decent experience, room for improvement.",0.334,"[""pricing"", ""equipment_quality"", ""delivery""]",2026-05-24
26d7f27c-9960-4f95-81fa-27cc71ed193a,5229355e-2f81-4893-82cc-1a15fb16b26d,d2a9b91a-2cc5-4835-96e9-58ecb5f15e10,5,"Great service, delivery was on time.",0.872,"[""service"", ""pricing"", ""equipment_quality""]",2024-11-13
47311400-9ab2-4ad5-a1cb-a0d52a64260a,f29c5b00-a6fe-4b3e-aa63-d9cf9fd74d48,8f92b598-37c2-4eb5-85c5-d30fb64535cc,2,Customer support could be more responsive.,-0.686,"[""service"", ""delivery""]",2025-03-31
bc0edf27-7f66-405d-a564-a6f5462a6f2c,4ecea141-5d6c-46e0-93f0-274c9ede4ec1,46df38f2-b527-4429-a22e-0de2b84f070c,3,"Decent experience, room for improvement.",0.2,"[""service""]",2025-03-26
37de4981-a83d-4559-9691-46884597454d,8d29907d-1109-404c-8316-4e748e853fa9,cdfe5e87-77fa-4067-8638-2e15b74b8a43,5,"Professional team, will rent again.",0.812,"[""communication"", ""service""]",2025-01-20
578bd32a-efcd-4a56-9226-4f5070a2af90,41143a63-c315-4909-8012-ac3adcf17520,7d9e5180-f522-4737-8d55-d5d9175ba406,4,Very satisfied with the rental experience.,0.783,"[""pricing""]",2025-06-20
998b28fa-0e1c-4122-a2fd-58f794154df3,f110fe84-2852-439f-b05d-e68449065be4,cdb83d13-b2e0-412f-896e-0ee40ccf3320,4,"Excellent equipment, worked perfectly on site.",0.9,"[""pricing"", ""delivery"", ""service""]",2025-02-25
1835b96c-720a-4c24-b5e0-9ed1df3db58a,abdec9da-09ae-4e7c-9e1a-2021fa40b6fb,3b4e1222-119b-446b-b689-14b69266ba41,4,"Professional team, will rent again.",0.605,"[""equipment_quality""]",2025-01-06
7b970549-1f2a-432a-bdfc-7ba9dbb57681,da67d85f-a261-4fb5-9a01-a173c4464f0f,e4f79508-d2aa-44d8-9630-3d271b44783e,5,"Professional team, will rent again.",0.724,"[""equipment_quality""]",2025-03-22
275e7c79-3282-4a6d-86c8-520f76d6125c,2138c6c8-dd06-4493-96dd-1325c5d121f7,e09a5521-dab7-4901-bf7a-a6cf67d46952,5,"Great service, delivery was on time.",0.766,"[""equipment_quality"", ""pricing"", ""communication""]",2024-08-21
72e2f64b-b9bc-4313-b3c6-b35758de3175,f12b1437-9c22-4bfa-b116-3f739dea41e7,667bb875-9a4a-48c3-bf27-072ac235f9f3,3,"Decent experience, room for improvement.",0.393,"[""communication""]",2025-11-24
23266730-c305-4267-9f6c-8180c1c93c11,217454e0-ca62-4221-8833-9a8a0541a408,af8d3957-06b3-4879-a0f0-54ab998332c3,5,"Great service, delivery was on time.",0.694,"[""service""]",2025-12-09
aa5bddd5-5a22-4f1a-b45e-5ffb7df8be28,04b23723-2b58-4f4d-adc4-05e0ea43c46c,45ef4670-05dc-4689-9a18-0b584c37fb9c,2,Delivery was delayed by 2 days.,-0.084,"[""equipment_quality"", ""delivery"", ""communication""]",2024-10-03
7d5c8d34-3e1d-41bc-a243-5ed00e13e822,c200ec03-44b1-4949-8427-a625ec4741bf,1d5cc123-90e8-4d82-9109-473333c862a9,5,Very satisfied with the rental experience.,0.636,"[""equipment_quality"", ""service""]",2024-08-28
d8b1f812-7ad9-40ae-a34e-6bc520046420,0f13ce4b-33a8-4e88-aa71-9d5000ba5158,48b317f3-0461-4bf1-aeff-77571e5864e7,4,"Great service, delivery was on time.",0.603,"[""delivery""]",2025-09-20
2857b810-a65e-485a-84c3-67f51e9273b2,0b0f5fd2-9141-4623-9ab3-7b9414d43046,53438880-7eb1-4b7d-afc8-2ed3237a5824,3,"Decent experience, room for improvement.",0.463,"[""pricing"", ""delivery"", ""equipment_quality""]",2025-10-27
3113072b-fad1-4c80-b93a-2ddaafe08740,b0cfe83a-9793-4c65-8cc8-0cd6ce6d9bd1,e9754774-2858-4021-91d4-8d63e9b5d886,5,Machine was in top condition.,0.626,"[""pricing"", ""equipment_quality""]",2026-01-14
fab6d905-b34d-4e6b-be3f-488f6614a434,a5fcd9c2-0c09-4826-8cf7-928389e787ad,5c211be0-8251-4372-90ec-11060dace4e3,4,Very satisfied with the rental experience.,0.855,"[""communication""]",2025-03-16
d1d84635-6c2d-4d51-ba12-18433474d5e0,903f381d-cf42-442d-b02b-9a4b7e7495cd,15e697cd-ddad-44f8-a774-91bebbb005cb,4,"Great service, delivery was on time.",0.823,"[""delivery"", ""equipment_quality"", ""communication""]",2025-04-11
895628e6-4072-4053-8b63-d4270dfd58bf,491f1311-7d04-417e-bd66-349490c29ded,5eefeec4-1904-486c-9e04-5db7b9892f11,3,"Decent experience, room for improvement.",0.591,"[""service"", ""pricing"", ""communication""]",2025-12-16
da8e8083-0ecc-4246-bbeb-40d948f93223,d0420392-03f3-42b2-92a6-b48642f1eb9f,609996f0-5f7b-4c0a-b686-55dcf52e4a5d,4,"Excellent equipment, worked perfectly on site.",0.647,"[""delivery"", ""equipment_quality""]",2024-11-09
f992eb18-9602-4b8d-90d7-b64317d90051,a1601b20-3206-4485-8d36-acd9f25d2813,63877c5a-e9f4-4279-9009-01ad1bfcd80b,3,"Decent experience, room for improvement.",0.43,"[""communication""]",2026-07-25
46acc23b-9a58-487b-920c-2cba65aa8dcf,cfda6bfa-1868-40a5-b8ca-6081459e10d8,0b14f9a4-d1d6-4539-92a5-c7e3f854cbcc,3,"Decent experience, room for improvement.",0.237,"[""pricing"", ""delivery"", ""communication""]",2025-02-15
cea09502-a2ff-4caa-89b9-a93f4798f54c,cb30a089-6b70-4abd-b732-eb89a8b5902d,7a8c8340-0b50-472f-8c26-85a126a72ece,4,"Great service, delivery was on time.",0.76,"[""service"", ""delivery""]",2025-08-25
f4c3d7e0-9488-4087-a18c-1e4fa5cfb70f,84644143-a02b-4e48-a68d-4989cf2f8d7d,b3b44501-5044-419f-a570-c0e022957fed,4,Very satisfied with the rental experience.,0.823,"[""equipment_quality""]",2025-03-01
6bbe97e4-6791-4fb8-acb7-0210e339b618,ce90fa9e-b930-467c-afb9-2c0c3f5a31a8,17530773-bb94-4170-a272-e960632525ac,4,"Great service, delivery was on time.",0.633,"[""equipment_quality""]",2024-10-27
71c423c9-2b38-4de1-ba06-e6ef87da3e5f,6af897a0-0616-4d81-8467-83711f26ec73,9c214897-bcb7-414d-9870-c0fc431c2edd,1,Pricing was higher than expected.,-0.857,"[""pricing"", ""equipment_quality"", ""service""]",2025-09-12
cf03e104-9653-442f-9127-09933a78bed7,03bbff31-a890-4d49-a6df-3269f635750c,88096a26-4495-4972-a2d0-df9808ecf75c,4,"Professional team, will rent again.",0.96,"[""communication"", ""equipment_quality""]",2024-11-11
cc0f0160-984f-4ced-acbb-c3ab3cc57621,5229355e-2f81-4893-82cc-1a15fb16b26d,235e3e44-c706-4e68-b5d3-7cafdfe142d6,4,"Professional team, will rent again.",0.932,"[""pricing"", ""communication""]",2025-02-20
a5258cca-f294-4ce0-833a-4ca4ec92f406,f56dc739-0cae-417b-b7b4-5b1b8a53c810,af3ef6d0-48b7-4b22-b96b-ba0905a6e73d,5,Very satisfied with the rental experience.,0.913,"[""communication"", ""delivery"", ""service""]",2026-05-08
62be32d8-1bd5-40ee-8cfb-8e6ad7756b9b,04b23723-2b58-4f4d-adc4-05e0ea43c46c,cefecbdd-c203-49d6-a56f-10f76780eeab,3,"Decent experience, room for improvement.",0.57,"[""delivery"", ""communication"", ""equipment_quality""]",2026-02-01
98a54af5-fe7d-46d4-a087-99b3827c3f03,cfda6bfa-1868-40a5-b8ca-6081459e10d8,6df0a69d-5c05-47db-917b-2fe491dee9d8,3,"Decent experience, room for improvement.",0.461,"[""equipment_quality""]",2026-04-26
b07a47c1-94e6-47de-b446-a864ad64c321,7be78260-7d5a-4304-b7fa-6d79f4325c18,99532f87-0653-457e-8871-71322bd6b715,4,"Great service, delivery was on time.",0.602,"[""equipment_quality"", ""delivery""]",2025-12-25
51218cca-c811-4188-8a84-e8013894400b,d1eb15d7-77f7-4b80-bd0d-9739aa82f636,171bb780-06e1-4e72-a1b5-0727441fefb9,3,"Decent experience, room for improvement.",0.565,"[""delivery""]",2025-09-10
c71bc807-f80d-46b2-88dc-4e88632b6eab,b0ceb5f8-ad0e-42f9-a554-1960a0ed8997,7ed6b8bf-332d-4266-8bbe-7995200fe98a,3,"Decent experience, room for improvement.",0.398,"[""communication"", ""service"", ""pricing""]",2024-12-08
82b956e7-9f03-4a59-91fc-2bd54291f6f1,03bbff31-a890-4d49-a6df-3269f635750c,86dac850-c918-4b5e-8b5b-c7314d1a310f,4,"Excellent equipment, worked perfectly on site.",0.757,"[""communication"", ""service""]",2024-09-23
d0709aec-e9ec-407e-a7c0-e6988b0959c0,f28f4751-3cf3-4c7f-ac99-d9e9df03a0bc,d6147c95-4acc-4797-b739-83b053a0298d,4,"Professional team, will rent again.",0.939,"[""delivery"", ""pricing"", ""equipment_quality""]",2026-02-01
ee9b602a-03b6-41d8-8272-4edbe80e7e66,abb0a010-dc9d-46bf-ada3-b3cd0a1a2f0e,b049cfd0-879f-44a6-9975-33624961fbf4,4,"Great service, delivery was on time.",0.757,"[""delivery""]",2024-12-18
e0f8ae90-18a1-4f44-a25e-464a20e807bf,6a811073-bf7a-4c4e-98fb-ab063f5c9805,fe97b527-dc76-4525-87d6-3030652d4013,3,"Decent experience, room for improvement.",0.502,"[""equipment_quality"", ""pricing""]",2025-12-02
3a7f82fc-95c4-4281-a254-de0d78ce2dfc,b0ceb5f8-ad0e-42f9-a554-1960a0ed8997,cdceb9c1-ca84-45d7-b120-b5e5bcf02c33,4,"Excellent equipment, worked perfectly on site.",0.813,"[""pricing"", ""communication"", ""service""]",2025-08-24
903d6644-a01a-4bff-80a3-f3c6335c7bb2,1df6ab26-14c3-4d07-9930-529a540e9ff9,16c51850-5075-44b8-84f6-93c8b7499caf,3,"Decent experience, room for improvement.",0.53,"[""delivery"", ""equipment_quality""]",2024-10-27
d3ca1e0a-6647-46d4-8df9-7eadd354c98a,a25f72b5-1730-44fd-b6c7-c769a3920171,29ab5f63-da47-42b8-9b94-8b0d2486fae4,4,"Professional team, will rent again.",0.753,"[""equipment_quality""]",2025-08-22
ad3c3a2d-da7d-478a-b847-a35d2e029f0a,3af4598c-f599-45e0-b27b-8e366d645c50,b2f151e8-85f2-449a-b42f-a6e6d34ceeef,4,"Great service, delivery was on time.",0.644,"[""communication""]",2025-06-30
3e42bc2b-6680-41d8-b294-cdfdf7b8dff4,828d1746-672a-4755-a85d-fc6f8869d1f2,01f95b98-ca87-40cb-a6b9-c3dce4b2d449,5,Very satisfied with the rental experience.,0.655,"[""service"", ""delivery""]",2025-04-21
e74c13e6-0de3-4a3c-b819-7d56c0205fe0,23e0230e-4a39-4c08-b9b0-a6f965d67d7e,5e0ca673-aaf7-4c21-8af2-f2248515f399,5,Machine was in top condition.,0.755,"[""equipment_quality""]",2025-12-02
6aba01cc-26d3-4665-a51b-4d7eed68c93c,30012bd6-63e1-4c37-9f7c-71cb2aede345,c98dc065-345c-41a5-a6a5-9f0c667af808,3,"Decent experience, room for improvement.",0.551,"[""service"", ""equipment_quality"", ""pricing""]",2024-12-26
6ab4ae8a-c0ff-463d-9adb-db269fe6300a,3f3bf212-52e9-4b36-94a9-cb6ebb4feab1,583ae6c4-1863-4a00-8355-3fe7a17f6a18,4,Machine was in top condition.,0.891,"[""pricing"", ""communication"", ""delivery""]",2025-07-21
9b64056e-0fe8-4beb-a45d-1343e9483c82,6571075a-673b-49e1-ae95-2c30b0df2081,1dce7447-1818-4711-abe0-25f829e6ee49,4,Machine was in top condition.,0.826,"[""communication""]",2026-07-17
fe4f55ac-db3c-4479-8e34-7fc9deaaa574,abd04790-170c-4c35-822f-32406f606ca5,b5521ccf-0317-4836-aee4-30570aad7173,5,Machine was in top condition.,0.736,"[""equipment_quality""]",2025-05-23
fa5ec771-e9d7-4b99-b4f1-008fd02da578,7429d915-b1c5-4534-9e4a-4ee79a9aa006,fdda6bac-b786-4c54-8ead-e535c56cfd22,4,"Great service, delivery was on time.",0.645,"[""service""]",2026-05-15
4dd4953c-1871-4caf-a9f2-856e178008a1,84428284-9b3a-43cd-a5fd-befb2cf188b7,d00af47d-9521-493a-91b0-a786e8a0ad7a,4,"Professional team, will rent again.",0.761,"[""delivery"", ""service""]",2024-11-28
e4ab3b6e-af73-4372-b71c-1dbd723f01e4,030c22a0-4626-433f-94aa-74d48d9cb4df,9ef00685-dc13-4079-98f7-f2f73847fd39,5,Very satisfied with the rental experience.,0.731,"[""delivery"", ""communication""]",2025-09-03
11c5f2e7-9398-40da-96d9-867a3564ed7c,08205d3f-5e37-43de-aea8-0aca3ee7469d,097934c5-1249-4180-b729-c050d7977352,3,"Decent experience, room for improvement.",0.332,"[""pricing""]",2024-12-20
aba2c99f-411f-40c2-9a6a-dccf1144eab8,813bfadf-77e8-4be9-b0c6-16fae77e358c,c3e69ec2-5647-47cc-97c0-901076b3929a,5,Very satisfied with the rental experience.,0.652,"[""equipment_quality"", ""delivery"", ""pricing""]",2025-11-24
64c1d214-b6b7-42d4-8da8-d8d0fccfb0e6,2a04ff3f-9519-4a1a-8315-3684798f5345,64c0df0c-e88e-4347-bc43-b8ae06fad341,5,"Great service, delivery was on time.",0.89,"[""service"", ""equipment_quality""]",2026-07-23
6e4a43a7-a083-4935-9197-878761048a95,3d8caf5e-9d53-4f05-b29e-946dfba7efc1,f3bf53d2-db43-4176-b9a1-a6897440aff2,3,"Decent experience, room for improvement.",0.382,"[""pricing"", ""communication""]",2025-11-14
7f860445-0c8d-45e4-ba15-35e3d93316ad,fa1aba87-5e36-4b91-8fe6-51843a62ecd6,94878f27-2cff-4e8c-99b3-6c584aa07fd7,5,Very satisfied with the rental experience.,0.66,"[""delivery""]",2026-07-01
87c5e1d2-99db-47a4-990d-5be7b8c5317d,1ca9595e-b927-4c8b-a17f-323e0c283060,da05780a-dd73-4e02-84cb-b270f6d7f64b,2,Equipment had some issues during operation.,-0.125,"[""equipment_quality"", ""delivery"", ""communication""]",2025-11-29
0e16a443-2d37-4037-ba80-0692d50b0b49,edcd7270-7c38-4e2b-a544-37d79eae44b4,1fde0da9-ec86-4cc4-9fad-391d5e479122,5,"Great service, delivery was on time.",0.843,"[""equipment_quality""]",2025-06-14
2e21d82a-9942-439c-96d5-3d3fe71d53c7,707938a2-022a-47a4-8b9d-b4d50b26a0cc,b0737225-1f6e-4c11-ac4a-b98efac07e41,2,Pricing was higher than expected.,-0.63,"[""pricing"", ""equipment_quality"", ""communication""]",2025-03-05
a563f8af-c83d-4a90-bd02-c13651a8d959,07f4921e-099c-4d48-9e53-ec1b8c15bf6f,dd0665cc-a751-4e50-91bc-194f7ab00875,4,Very satisfied with the rental experience.,0.811,"[""service"", ""delivery""]",2026-06-07
f7207979-fead-4aba-ab52-c99ca50b04dc,08463e2c-bb4c-4072-9776-41809b410c82,e5103edf-6403-4940-9a64-bb5786682347,2,Machine needed maintenance during rental.,-0.38,"[""equipment_quality"", ""pricing"", ""service""]",2024-10-03
ec50859e-5345-496b-a50d-eef8a0f413e9,5d9f6cae-2fb3-41ea-9f08-fbc1573ee862,8938f887-baf4-456c-af56-176dd12ef43a,4,"Great service, delivery was on time.",0.747,"[""delivery"", ""pricing"", ""service""]",2026-04-14
c20f94a0-18b2-4caf-a860-3bd8bd1f7360,0bd1b1eb-11c6-49df-88eb-31691f867bf5,cdc55c6c-9906-4c0c-b09c-884b62f95186,5,Machine was in top condition.,0.954,"[""delivery""]",2025-09-30
1f2656c4-0195-4c9b-95ac-59afc6ec9578,82ea7a64-63ee-4c10-80a6-fdcc7d322da6,9438e26d-aa8f-4eec-92f3-5dfbaf80e3f2,4,Very satisfied with the rental experience.,0.879,"[""communication"", ""service"", ""delivery""]",2026-05-29
6b9d7952-1d25-49c5-99c2-50b808c83d7b,3025331f-701b-4c35-8cf9-a3f2e3f9a422,68151634-7e1b-4e3b-b4c8-67714254373e,4,Very satisfied with the rental experience.,0.676,"[""pricing"", ""equipment_quality""]",2024-11-22
e59583fc-757c-41ae-a088-1235ed8f49f1,f12b1437-9c22-4bfa-b116-3f739dea41e7,8b231339-5c12-428c-92b5-2488eb27cb49,4,"Great service, delivery was on time.",0.818,"[""equipment_quality"", ""service""]",2026-03-13
6fa8858c-9a80-4d61-892f-94348e683d26,d6aa75f7-44c7-4fd7-9ef1-afc61e81fed5,5f82977d-a321-4cad-b0dd-f68ba10eb0f6,5,"Great service, delivery was on time.",0.796,"[""equipment_quality""]",2024-09-07
6984786c-e5fe-4920-a564-78a1242a557c,199ab532-fb75-4ff6-bfbc-e060064f2799,4e7030f3-c17e-4c48-b623-2cdca0845f89,4,"Professional team, will rent again.",0.764,"[""pricing"", ""service""]",2025-09-17
8aecb228-66db-40d2-adfb-ea76319790bb,3f3bf212-52e9-4b36-94a9-cb6ebb4feab1,763a231f-8e1c-4875-befb-fb7434845105,3,"Decent experience, room for improvement.",0.588,"[""equipment_quality""]",2024-09-17
ed3b270e-2305-49a1-b2ae-ab32f618d1f7,d5b53c1f-34b8-4676-b971-7229d4d85131,c960673a-f626-4589-b46c-424a6f837dc5,3,"Decent experience, room for improvement.",0.23,"[""pricing"", ""equipment_quality"", ""delivery""]",2026-07-19
6a083b82-516e-440e-a513-925f52970eec,e538d010-b52c-4c23-afe0-077b50aabbfa,75526385-95d7-4da9-9699-57cad7189d7b,4,Machine was in top condition.,0.866,"[""service"", ""equipment_quality"", ""communication""]",2025-01-09
0efba234-a329-4532-bd24-54211faf8c17,4136fcc5-d418-41b8-ae83-3c128d430cf9,47491c33-5b2a-497d-ac6e-c879c09b43e2,4,Machine was in top condition.,0.745,"[""equipment_quality""]",2025-11-25
df93a46f-a3be-4de4-9cea-093b18eb08e8,ab04e845-df18-47cc-a8ce-c436e66303d8,00e9a6d2-b4ab-4588-8a23-e988da516048,5,Machine was in top condition.,0.887,"[""pricing"", ""service"", ""equipment_quality""]",2024-08-17
0db51577-fb75-4c0a-a64b-a9acca15a15f,0a80258f-0814-4d45-819c-9430ed7647a6,4b893617-8987-4938-ad30-b5a0993168ad,3,"Decent experience, room for improvement.",0.277,"[""delivery""]",2025-08-20
0c32c3a2-bd4c-419f-8f7c-d81f128f5bfe,c0c51c25-3f97-4979-880b-2c73da0069c5,ce409ed2-f209-4045-89cd-2f408584fbbe,3,"Decent experience, room for improvement.",0.374,"[""equipment_quality"", ""delivery"", ""service""]",2025-06-21
318bd740-c67a-47d9-8bb5-bc84d8b08830,0a80258f-0814-4d45-819c-9430ed7647a6,a28ef524-d0e4-4589-acc4-db0cdfe6b571,5,Very satisfied with the rental experience.,0.907,"[""pricing""]",2026-01-30
2e712959-30b1-4bb4-9e95-d66bf758a23d,ab04e845-df18-47cc-a8ce-c436e66303d8,ea7bc5a0-c17d-444d-8029-38d92d0c356f,4,"Great service, delivery was on time.",0.723,"[""communication""]",2026-07-19
bf63661d-5a60-41db-8305-9e4a659dac1d,ab04e845-df18-47cc-a8ce-c436e66303d8,fb3cdfda-a7e0-4bfa-96e7-446116d0c8cc,3,"Decent experience, room for improvement.",0.284,"[""delivery"", ""pricing"", ""equipment_quality""]",2025-11-16
74505a72-d272-4160-9543-c4c66dc9123b,503ca1d3-a10d-40ee-a3fa-d96d29036cef,fa34a6b8-3dd3-4c7f-bbea-7c6e80b50a7c,3,"Decent experience, room for improvement.",0.246,"[""delivery""]",2026-06-10
49fde78c-8fa9-4702-a0a9-940c02e06ad5,4472a331-943c-426e-91e8-e0757818a2ad,965abc0b-1b13-4d16-bc7f-1e6375ff05cf,3,"Decent experience, room for improvement.",0.277,"[""delivery"", ""pricing""]",2025-12-15
54b018e8-0301-4a9d-8b53-c6294822aeb7,3025331f-701b-4c35-8cf9-a3f2e3f9a422,5951381f-a968-4305-a433-367afc77311f,4,Very satisfied with the rental experience.,0.749,"[""delivery"", ""communication"", ""equipment_quality""]",2025-08-02
e3d84da6-49b7-4ef1-b1a6-f12d5c22869a,813bfadf-77e8-4be9-b0c6-16fae77e358c,206ae43b-f467-4dcf-8369-62621a557036,4,Machine was in top condition.,0.952,"[""equipment_quality"", ""communication"", ""service""]",2025-04-20
ccabedc1-c475-4bbf-be5a-9325c0e5acd1,d6aa75f7-44c7-4fd7-9ef1-afc61e81fed5,45683b3e-cd6b-4ae2-aa75-6bfafa93092d,4,"Great service, delivery was on time.",0.967,"[""service""]",2025-03-29
124f15b6-4682-435a-a917-9e3f03e05b8a,30012bd6-63e1-4c37-9f7c-71cb2aede345,6688105a-10b3-4381-bbd2-d23f4b719f7d,2,Equipment had some issues during operation.,-0.305,"[""communication"", ""pricing""]",2026-04-21
1bcf0d45-8c93-4275-a0e6-6a379f5c8cef,7225b43f-3e06-47ce-8a9a-fafcacf310b6,250b8844-5c11-454d-aff1-856f8ac6d8d6,5,"Great service, delivery was on time.",0.69,"[""service""]",2026-05-08
8ae4b723-a375-4461-b1c1-b954807af0e0,08205d3f-5e37-43de-aea8-0aca3ee7469d,ed39f777-9948-400a-ba31-bfa8ba5aec16,4,Machine was in top condition.,0.707,"[""delivery"", ""pricing"", ""equipment_quality""]",2025-04-07
87f34993-c81c-4090-b409-2ef3f19dee6f,50f7f647-fd6e-4699-96d0-2f4d2c435f9e,94729619-04db-42ed-9d8e-fda7c261659a,3,"Decent experience, room for improvement.",0.287,"[""pricing"", ""delivery"", ""equipment_quality""]",2025-12-11
1618a3fc-dec2-4068-aea2-68a7195ba7f3,66c02283-de0d-46f3-b44b-99873c9895d9,b62408e1-0766-4542-b507-d97f0e30f49b,4,Very satisfied with the rental experience.,0.722,"[""equipment_quality"", ""pricing""]",2024-12-18
8083ab8f-bd6a-4ed6-8e92-75ba496b4a29,694fca20-72e6-47d5-b246-acc57eb09b95,dfa044c6-080a-4313-8449-0cc9790f94e7,4,"Great service, delivery was on time.",0.986,"[""communication""]",2026-02-22
9323a924-d4d2-4ff4-86f6-2c4576bd7b5b,c6f3db6b-c7d1-4e65-93bc-535cf64e3e62,57f3b094-65c6-4c28-9ea0-2a26c780dcdd,3,"Decent experience, room for improvement.",0.27,"[""service""]",2025-01-08
6bd60dab-c8ce-4fc3-9ddc-d7edc98532c0,c83f1960-2dde-43f1-971a-6c8d6cc13c53,681f1df1-fef6-42f5-b800-b8a8e9f6009a,3,"Decent experience, room for improvement.",0.551,"[""delivery""]",2025-09-10
b78702e2-8093-4295-9c6f-e9ef9360f4de,bba0a92a-9bde-4c8f-869f-eca467215e00,0bdfd88c-d512-42a9-a907-f0d2d0614745,5,"Great service, delivery was on time.",0.864,"[""service""]",2025-01-19
1dd360a2-a8a6-4eef-8ad4-4da72a73f0fc,035c0bf2-10b9-4eb6-aa15-b3f44f78f2e4,f13c2684-4fa9-44ef-89b8-6d13140ef1c4,4,"Great service, delivery was on time.",0.688,"[""communication"", ""equipment_quality"", ""delivery""]",2025-01-30
dffb359e-318f-4de3-a2ff-ca0960c688bb,b2c31650-b23a-4c34-898a-70205c337192,5f793979-3bc1-404d-bd2b-7a8fd83dee3e,2,Equipment had some issues during operation.,-0.498,"[""pricing""]",2026-03-12
296fb46f-cbcc-4cbc-aece-e13c45124c63,86c3a2ec-f32e-4da3-8174-6e60c5702ac8,42189a6e-e3b3-4710-a5eb-610a75aca509,4,Machine was in top condition.,0.84,"[""service""]",2026-04-30
c49c9790-b557-4823-b191-d790395c4afd,5229355e-2f81-4893-82cc-1a15fb16b26d,9823f144-e6bc-4f00-a9dc-1ea874bd6c76,5,"Professional team, will rent again.",0.965,"[""equipment_quality"", ""pricing"", ""service""]",2026-01-13
45f09097-92be-49b1-a05c-c57a6117a3f1,b3dd61ee-5291-46c4-84e8-acaebddc7ed1,a4891bc6-da26-49d6-b309-8ffa5151c01f,2,Customer support could be more responsive.,-0.515,"[""delivery"", ""service"", ""equipment_quality""]",2024-11-01
abac2145-bdc4-437b-a5be-78dceca1d939,95597854-a085-466e-a612-48423db319be,ced9f705-06ac-4e2c-95c8-8b1776820a31,4,"Great service, delivery was on time.",0.845,"[""delivery"", ""equipment_quality""]",2026-06-26
65d82849-dce4-4a5d-aff5-9f94776e2f1b,69a242bb-b019-4dae-9df7-31f6202caabe,3fef6469-10b9-4d07-8513-d1cde3ae8c2d,4,"Great service, delivery was on time.",0.608,"[""delivery"", ""pricing""]",2026-06-07
447a7e62-06d8-46c4-a3eb-265de1ecaf7d,a5fcd9c2-0c09-4826-8cf7-928389e787ad,823d6dea-a223-4914-a2f7-4132087aa3f0,4,"Professional team, will rent again.",0.772,"[""service"", ""delivery"", ""pricing""]",2026-01-27
b5862f8b-ee5f-4cbb-a1f1-c9a54bd9c3bf,c83f1960-2dde-43f1-971a-6c8d6cc13c53,b5d1b78a-f949-4dfc-ae8d-cfef8c506235,5,"Great service, delivery was on time.",0.947,"[""equipment_quality"", ""communication""]",2024-08-29
1590d229-a519-4716-a500-e6cc3ae3cd59,35e496ab-5e9f-4445-834e-44a70b00f1fa,5a4e0a94-7116-4a74-871e-fad3820f9347,1,Pricing was higher than expected.,-0.429,"[""pricing""]",2026-02-24
87f06547-9939-4623-8ae7-503efc7733f9,37b3b1b8-ae9e-44c5-a5cc-4a5d8b3eb007,552c796f-0271-4a35-a52f-f16039a30dee,2,Pricing was higher than expected.,-0.096,"[""service"", ""delivery"", ""communication""]",2024-12-11
ef76ab35-c6a0-4a4a-96ad-c5b823489dbd,0947586f-39c5-4479-a564-3d1a8d05415a,974050d8-4923-437c-a090-405f1ed17424,4,Machine was in top condition.,0.728,"[""equipment_quality""]",2025-03-08
1cbb2674-b776-451e-a8ba-bfa398817a05,d0420392-03f3-42b2-92a6-b48642f1eb9f,23838897-924b-4820-805f-8c192618963d,5,Machine was in top condition.,0.6,"[""delivery"", ""equipment_quality""]",2024-09-20
890bb29b-bb24-4713-b06a-5ce4a4dce561,6af897a0-0616-4d81-8467-83711f26ec73,d7c989a4-df81-443d-8224-e068ae3cd9aa,5,"Professional team, will rent again.",0.879,"[""service""]",2025-12-21
fedc7399-2258-4ca0-a326-b1f65e623521,cd65fec9-7248-44f5-bcb2-10f5841b02bc,eb297145-1cd9-4f89-a0d2-5ec1e4e1d5a2,4,Very satisfied with the rental experience.,0.963,"[""pricing""]",2025-02-17
001dfddb-f9e7-4324-ac93-a32b34b77933,930e80c5-5d08-4519-b58c-256246376e91,81c3f145-e591-4388-8a40-d0390b230f31,4,"Excellent equipment, worked perfectly on site.",0.626,"[""communication"", ""equipment_quality""]",2026-07-18
4efee42c-8852-4968-b1ef-b95734541a8f,69807b72-e108-4d02-b81f-379de2691ce0,5edd9578-b487-4fac-8747-e8e14055541a,4,"Excellent equipment, worked perfectly on site.",0.626,"[""communication""]",2025-12-17
e086c9ae-ac44-442a-8964-537de208874f,fb0c3e25-1d16-4efd-8056-2fdcdd4dd869,027db811-7c3b-489d-a3fb-bb77c83e73f0,3,"Decent experience, room for improvement.",0.543,"[""equipment_quality"", ""delivery""]",2024-10-27
7dded248-53b6-44e5-ad0f-c296415c90fe,2c6b1689-bda3-4937-9079-0d528e35dbbd,348cb600-08d6-479d-aeea-1e26a4feb15d,5,"Great service, delivery was on time.",0.621,"[""equipment_quality""]",2025-02-17
ef122156-bd68-45f3-91e8-7e2e05a430ab,2b04ea90-4ead-4b58-912d-a64ec9694a0c,f8470ca2-9d3d-4ea3-b1bb-043858d9d930,5,Machine was in top condition.,0.873,"[""equipment_quality""]",2024-10-06
ef152b1c-6041-4c2b-99d7-4eb2ac3ac279,03bbff31-a890-4d49-a6df-3269f635750c,17d0df7b-90e6-42f7-9216-3ad168d7f22f,2,Delivery was delayed by 2 days.,-0.847,"[""pricing""]",2026-06-20
109c6cea-36be-4ece-8a48-f44362cbb8e3,6529da10-1475-4c3c-92a1-18d6c99a2fd3,d06bc229-1699-4253-9413-4b49a49f80ec,4,"Professional team, will rent again.",0.791,"[""pricing"", ""delivery"", ""equipment_quality""]",2025-10-11
3aa01503-1455-45c5-b63e-2f3a56f9d777,74166b54-578d-4e44-882b-45c9694a9729,c3d42490-4249-4a4f-a137-37693a13f37d,4,"Professional team, will rent again.",0.766,"[""service"", ""communication"", ""pricing""]",2025-05-26
4e57b9b3-9a4d-4f53-819d-2eea9e35b499,c6f3db6b-c7d1-4e65-93bc-535cf64e3e62,85a40f2c-ed30-4817-b919-acd45e949255,4,Very satisfied with the rental experience.,0.73,"[""communication""]",2024-12-14
99b2d895-55c7-4b86-9157-aea42afd5a6a,d4f0e86e-a355-434d-961a-b9597212aea3,f9878c3e-5bb4-4d06-ac59-e7e76216d58e,2,Delivery was delayed by 2 days.,-0.263,"[""equipment_quality"", ""communication"", ""pricing""]",2026-03-21
f2b0b6e4-4cef-4ce1-ae2c-5ac50426f94c,37b3b1b8-ae9e-44c5-a5cc-4a5d8b3eb007,2fddc8ba-eda1-44e1-a0e5-bf9fadbb349c,5,"Great service, delivery was on time.",0.801,"[""pricing""]",2026-03-09
137a5bea-e47e-4326-a80c-41cf3dccccee,feb70aa7-dde2-4469-9d0f-22e7187f8fd7,36856eb4-3a62-4bc4-958b-341c326118ba,4,Machine was in top condition.,0.637,"[""delivery"", ""communication""]",2025-09-21
f1b22c26-fa79-45e1-9dd8-00715dc1ace4,da67d85f-a261-4fb5-9a01-a173c4464f0f,7e0a752c-4bf5-4729-bd5a-cc12fd8af112,5,"Professional team, will rent again.",0.617,"[""delivery"", ""communication""]",2025-07-24
9a794123-bd9e-4f22-ae8b-7ffeec60baef,797a670a-c348-437e-b9f4-75e2b92ba55d,ffc47ae3-e76d-477b-a405-1166eb5afafd,4,Very satisfied with the rental experience.,0.709,"[""service"", ""equipment_quality"", ""communication""]",2025-07-19
1a0663ba-08ad-4daf-90ac-b679b36518f7,f12b1437-9c22-4bfa-b116-3f739dea41e7,5505403b-5252-43ee-9c18-5107676fe5e9,2,Delivery was delayed by 2 days.,-0.057,"[""delivery""]",2026-04-10
73203dca-e485-4174-ad84-0b24fce01f1a,cd65fec9-7248-44f5-bcb2-10f5841b02bc,80bd7b68-31a3-441e-9239-aa90350e6884,4,Very satisfied with the rental experience.,0.764,"[""communication"", ""pricing"", ""delivery""]",2025-04-01
1bb74988-2075-40c4-8dc7-43ea2344b90b,70fc6cc4-7bba-43b6-8cd8-314987426792,1a34c3cc-c6ac-4d54-8c1a-1beee7a51a36,3,"Decent experience, room for improvement.",0.56,"[""pricing"", ""equipment_quality"", ""service""]",2026-07-25
6bf3608a-04c4-44e2-b421-1394253f11e9,b2c31650-b23a-4c34-898a-70205c337192,22f63602-6211-45c2-bc8b-9fc31e07af1f,5,Machine was in top condition.,0.699,"[""equipment_quality""]",2026-06-03
cabeb3b8-5a8b-438e-b0c0-30b3dfb7661b,486f7b67-46cd-4cde-8fcb-3f41afe4fa22,d70911dd-d301-4c22-b4f9-8f2bfa0e290d,4,"Excellent equipment, worked perfectly on site.",0.769,"[""equipment_quality""]",2025-03-29
62b7b0a1-b7f9-4194-8bb4-f1d3c41b82e2,f2097674-89c1-4f81-8ddc-810c9bf9a0e0,4a85edd7-9309-4771-86db-dd7dd4beba3c,1,Delivery was delayed by 2 days.,-0.073,"[""service"", ""equipment_quality""]",2026-03-02
1aeff970-0025-4da0-8ee6-f3d6a303f495,04b23723-2b58-4f4d-adc4-05e0ea43c46c,7710a6ed-6392-4b46-9f3f-f1f447c85901,4,"Excellent equipment, worked perfectly on site.",0.627,"[""delivery"", ""pricing"", ""service""]",2025-12-03
1d3813cb-e051-4229-af2f-e28505a4df83,d4f0e86e-a355-434d-961a-b9597212aea3,5fa1b72e-4ddc-4dc3-b7d6-08ea81ef9ef3,4,"Excellent equipment, worked perfectly on site.",0.617,"[""communication""]",2025-02-13
060a7f08-1991-47e4-8706-1625ab4c969f,662051b8-fb78-407a-b951-c5ff0ea3c966,539cae89-d495-40f4-890a-9aed264fc8be,4,"Professional team, will rent again.",0.929,"[""equipment_quality"", ""communication"", ""service""]",2025-06-15
5a40aca4-8bcb-405a-b4ae-146a6fc1dc4b,09736450-0e25-4edf-a45e-d720556b1e1f,da3815a5-6d7b-4a58-9c17-237730484785,1,Equipment had some issues during operation.,-0.584,"[""service""]",2024-12-29
c0b3ff21-018a-4f89-988e-0e0f8bbc4ba3,abdec9da-09ae-4e7c-9e1a-2021fa40b6fb,6617b34b-7afb-42e1-a36c-9c09b3c792db,5,"Great service, delivery was on time.",0.858,"[""delivery"", ""communication""]",2025-05-17
646d9dde-103d-4587-be60-e5bd5a5d50e0,3d8caf5e-9d53-4f05-b29e-946dfba7efc1,89132ebe-d41b-4022-84b7-da446861d0fb,5,Machine was in top condition.,0.962,"[""pricing"", ""service"", ""equipment_quality""]",2024-12-01
0d7c8019-b774-4d0a-b491-7373fe5818c2,c9300334-c177-4f75-8b92-06f96c003057,4f46dae6-814a-4ffc-9239-f4919e225f7b,4,"Excellent equipment, worked perfectly on site.",0.687,"[""delivery"", ""equipment_quality"", ""communication""]",2024-09-16
6d78a9f2-7a98-4911-bc4c-f85d1af763f4,d4f0e86e-a355-434d-961a-b9597212aea3,a904dfb3-6cf6-408b-9a36-94600920263b,4,"Excellent equipment, worked perfectly on site.",0.773,"[""service"", ""pricing""]",2025-05-30
cc3e7ce8-bd96-472d-9896-94ecd752eba8,76647c96-3126-4cc2-b315-7941cdbca7f7,1dde53f1-7d8f-47a8-8e80-b0befa73a2fc,4,"Excellent equipment, worked perfectly on site.",0.677,"[""service"", ""pricing""]",2024-09-20
3ced681d-9bc9-4aa6-a300-6c18ff562899,70c2eb70-4638-460d-8ab5-33be24e73ae9,8f1e4d3a-54c3-4309-970a-0c0734093ce2,4,"Professional team, will rent again.",0.912,"[""service""]",2025-05-29
246420f7-d1bf-40de-993a-e8d37ce0843e,b4345950-dd8c-497b-acdd-5ee00e70b96d,2de886ef-2d12-4427-91e9-21ab4d2bf63e,4,"Excellent equipment, worked perfectly on site.",0.721,"[""service""]",2026-03-04
7bcad96f-dc51-489b-998e-5ad762890d03,503ca1d3-a10d-40ee-a3fa-d96d29036cef,39b3eb1c-1287-403e-b3e0-8d11541af954,5,Machine was in top condition.,0.609,"[""pricing"", ""equipment_quality"", ""communication""]",2025-05-09
7cb71ee8-2ea6-4215-98e4-1e94ab459b38,66ac95a5-e673-4803-b91d-4c51a3e177ec,db11ce48-9b62-4b20-bc5f-2e129dd23f8c,4,Machine was in top condition.,0.759,"[""service""]",2026-05-10
53aa1759-7e0a-4e7d-9a1d-8a0d0de861c4,b4345950-dd8c-497b-acdd-5ee00e70b96d,355d05a5-5d5d-4e8c-9166-e1e3c9da2f1d,4,"Professional team, will rent again.",0.854,"[""delivery"", ""equipment_quality""]",2026-03-26
16992c88-254f-4867-b642-803f4d44b8e0,3c7c2248-73d0-4b68-ab2a-0009500b2fc5,4b565209-9894-4444-ac63-63ebbc1df1d1,2,Customer support could be more responsive.,-0.621,"[""service"", ""equipment_quality""]",2025-02-18
826c13c2-0902-4efc-822a-1fc72b0b1fa5,2a04ff3f-9519-4a1a-8315-3684798f5345,6281a6d4-42a5-43e7-b7a8-37cbb3342748,4,Very satisfied with the rental experience.,0.853,"[""service"", ""pricing"", ""delivery""]",2025-01-24
dce89546-4cf9-4f04-bd2a-533a13bbcf7c,503ca1d3-a10d-40ee-a3fa-d96d29036cef,6d22e5ea-8cce-43dd-b8f5-6b81e3f8971d,5,"Professional team, will rent again.",0.838,"[""equipment_quality""]",2025-05-29
e25d00a4-53f4-4681-818d-873e075d15fc,f28f4751-3cf3-4c7f-ac99-d9e9df03a0bc,10dd52e0-fc29-4b10-ac14-4f58c37eb8e0,4,"Excellent equipment, worked perfectly on site.",0.928,"[""equipment_quality"", ""pricing""]",2024-11-21
60dc58c0-70ed-4686-bbcf-cea852005371,c200ec03-44b1-4949-8427-a625ec4741bf,9eafea6c-3a97-42e8-9a22-84a97572b5aa,4,"Professional team, will rent again.",0.937,"[""equipment_quality""]",2026-03-09
e429165b-2163-485d-96ec-a44e38b23663,a5fcd9c2-0c09-4826-8cf7-928389e787ad,7076b677-de99-40b2-86f0-3390b9578a6b,1,Pricing was higher than expected.,-0.07,"[""pricing"", ""service"", ""communication""]",2025-01-19
dd92815a-ac3b-4b89-9c49-a9a6c1e081eb,9888ccc8-2785-40b0-85db-04f4d4a34792,f2adb5a8-5080-47f1-bb63-7d2e0f83504a,4,Very satisfied with the rental experience.,0.66,"[""service"", ""delivery"", ""pricing""]",2024-08-23
42fd9fe2-09d1-4973-80b8-a0eb8ff32093,b3dd61ee-5291-46c4-84e8-acaebddc7ed1,77bc8969-961c-4f76-9f04-e362abf39201,3,"Decent experience, room for improvement.",0.464,"[""delivery""]",2025-09-08
0e257cad-b028-4de4-a59c-7c4ab9e91ae6,ab04e845-df18-47cc-a8ce-c436e66303d8,4a03811c-8d52-4e44-bd03-0e57ec54ccc8,4,Very satisfied with the rental experience.,0.832,"[""delivery"", ""communication""]",2025-10-27
673b9f69-5a7d-4012-a19c-303cf56c4ad3,09736450-0e25-4edf-a45e-d720556b1e1f,94e29a92-41fc-4feb-812a-c72aa65ef245,4,Machine was in top condition.,0.728,"[""equipment_quality"", ""communication""]",2025-11-29
04be2b65-6470-4cf1-97e4-1d42d807c5ed,66c02283-de0d-46f3-b44b-99873c9895d9,b083e97f-934d-4377-a942-0e6be1721594,3,"Decent experience, room for improvement.",0.353,"[""equipment_quality"", ""delivery""]",2024-09-24
40ebed66-ab29-416e-addc-cf94b52e0419,8e18bd5f-b41a-4396-b73a-ea2c053d6a63,4b9dabd2-5a77-4e9f-a402-7b28694ce2a4,5,"Professional team, will rent again.",0.922,"[""service"", ""equipment_quality""]",2025-07-28
2e9e7e38-3762-47d3-a20f-44e2f7956917,e7def941-4235-4802-83bb-ab6146c36cda,1e17e9ca-94bb-4d4f-a633-39788e5be69a,4,"Great service, delivery was on time.",0.91,"[""equipment_quality"", ""communication"", ""delivery""]",2025-11-09
51eb6f79-e4cd-4164-8388-884f46ffd286,3e2bc8c1-8cf5-40ff-afa7-fab4570ea542,fd952937-73f8-45fa-aafa-5c7f7dd1ddd8,5,"Professional team, will rent again.",0.74,"[""delivery"", ""pricing"", ""communication""]",2026-05-31
77d9ed45-97f7-421b-b7e2-cad76a5bf1f3,aec30178-605b-42a8-a94c-df32b0f497bd,2ca0026d-adaf-4be6-8118-74dc186520b5,3,"Decent experience, room for improvement.",0.224,"[""equipment_quality"", ""delivery""]",2025-08-21
a6b39510-cba8-4c07-8976-9dba5e5d2d11,35e496ab-5e9f-4445-834e-44a70b00f1fa,76f00213-5bf1-42c5-ac4e-012b90f22940,3,"Decent experience, room for improvement.",0.326,"[""equipment_quality"", ""pricing"", ""communication""]",2025-11-07
fb45edd1-7282-475c-b68a-104e6e462f94,4dc709ad-2e2f-4b45-b074-916f303a400a,5dee8fab-c7d3-417b-9f5f-418104902dcc,4,"Great service, delivery was on time.",0.878,"[""service"", ""pricing"", ""equipment_quality""]",2026-05-18
c8fd8f9a-a4b1-4ebb-8316-8fcd941b18ad,f110fe84-2852-439f-b05d-e68449065be4,6516df31-defa-4035-85f4-e681bded8e27,5,"Great service, delivery was on time.",0.82,"[""service"", ""equipment_quality"", ""pricing""]",2026-02-24
2fa83aad-0a01-4314-8786-9e3d43179b75,199ab532-fb75-4ff6-bfbc-e060064f2799,7beeb2fc-655a-4084-826b-c807fc384b83,5,"Great service, delivery was on time.",0.941,"[""equipment_quality"", ""service""]",2026-01-15
dc409480-9f34-496d-87cd-43b705a80d5c,6beaae34-f8b5-48c9-8cf2-f3ccbacd1bbe,759c1641-83b0-4f2e-a0e2-ccd445462008,2,Equipment had some issues during operation.,-0.878,"[""service"", ""delivery"", ""pricing""]",2026-06-19
20e67d15-4cbe-4ab9-a39b-818ba6596c75,b0ceb5f8-ad0e-42f9-a554-1960a0ed8997,21e2c530-0ea2-4980-a811-10bd687fab8b,2,Machine needed maintenance during rental.,-0.476,"[""equipment_quality"", ""service""]",2025-10-11
1e5b5c78-bb41-40d2-8286-08578cd1716e,930e80c5-5d08-4519-b58c-256246376e91,ab15e11c-1e5c-40ed-b98d-ebef3f71aa4a,4,"Professional team, will rent again.",0.769,"[""service"", ""equipment_quality""]",2026-02-12
0f870f8b-4f07-45cd-b4db-6badc9d85bc2,0a80258f-0814-4d45-819c-9430ed7647a6,e8e20fae-2673-4703-b431-4ff6c5d4a954,4,Very satisfied with the rental experience.,0.738,"[""delivery"", ""equipment_quality""]",2025-05-30
d364e7f3-1667-4852-8628-18471587e3f8,797a670a-c348-437e-b9f4-75e2b92ba55d,bf4a32eb-3e69-423b-ab05-7cc75c952d8e,2,Pricing was higher than expected.,-0.487,"[""pricing"", ""equipment_quality""]",2025-08-02
921d9c63-6318-4049-9777-daf6a695b31a,0f13ce4b-33a8-4e88-aa71-9d5000ba5158,f1dd63dd-1d15-445b-bae2-2fa35ca06a35,4,Very satisfied with the rental experience.,0.926,"[""pricing"", ""communication"", ""delivery""]",2026-01-02
d0787796-f933-44d1-8a1e-b0e7bdab4416,ce90fa9e-b930-467c-afb9-2c0c3f5a31a8,874b6446-9893-4a13-afd2-45550f2c76fc,1,Machine needed maintenance during rental.,-0.912,"[""service""]",2026-05-23
505473a1-29f8-44d3-8158-d4a442f92ecb,6529da10-1475-4c3c-92a1-18d6c99a2fd3,c215c783-d3ee-44b7-8cfa-a3c215f9d954,4,Very satisfied with the rental experience.,0.637,"[""service"", ""pricing"", ""delivery""]",2025-07-28
88a905c9-503c-4e8a-85a9-a3a66a6b6618,528d5dc5-fa22-4054-9dfb-5f7a8114c6cd,221e92c0-462c-4341-88b4-93272af157b8,5,Very satisfied with the rental experience.,0.784,"[""service""]",2025-04-30
bca77b9a-5b26-41fd-ac70-ce0b852f4d54,875ba428-18a8-4688-8ae3-6f0274a5017b,f723c4f6-4770-417a-b690-b92dc1637a1d,3,"Decent experience, room for improvement.",0.328,"[""communication""]",2025-12-16
d10c9a72-2403-4dca-90a6-e73e1cafecd8,a313c410-78f1-412c-a399-2c47a873c2f9,9659b238-7e58-4b7d-b1e8-c932edf758ba,5,Very satisfied with the rental experience.,0.997,"[""communication""]",2025-01-21
a9500c79-3e98-4f82-937d-9823e3cdce6e,f12b1437-9c22-4bfa-b116-3f739dea41e7,7a6aad0f-4552-4009-8736-c5fbb3ba6bb6,1,Machine needed maintenance during rental.,-0.84,"[""service"", ""equipment_quality"", ""pricing""]",2025-05-28
70f9e4ce-89bd-478a-a737-3404538de337,9ad4451e-ad14-4dad-a808-cd0a259d20eb,ca0340ec-6854-4b02-90d7-5baee93b88ac,2,Customer support could be more responsive.,-0.796,"[""delivery"", ""equipment_quality"", ""pricing""]",2025-01-29
d70085cc-3252-48de-84bb-2a65a2b530b8,3af4598c-f599-45e0-b27b-8e366d645c50,058a87ed-9f5e-4e83-ada5-4325d15f77c4,4,Machine was in top condition.,0.839,"[""communication"", ""pricing""]",2025-07-29
b436506d-9153-4292-bd48-959843650f6f,0f13ce4b-33a8-4e88-aa71-9d5000ba5158,080222de-24b2-439f-9fe8-5545b677ed65,4,"Professional team, will rent again.",0.819,"[""pricing"", ""communication""]",2024-12-15
f34b973a-df9e-4ab5-ab7f-65d8a4d07cb4,875ba428-18a8-4688-8ae3-6f0274a5017b,21f5a077-aec0-474b-ae43-930c8ab28e49,4,"Great service, delivery was on time.",0.617,"[""pricing""]",2025-07-18
7eee105d-49d7-4f39-832d-1202542dfd13,09736450-0e25-4edf-a45e-d720556b1e1f,0c9bcc08-82c6-408d-89b4-6ed16f187a1e,2,Customer support could be more responsive.,-0.172,"[""communication"", ""equipment_quality"", ""delivery""]",2025-10-16
71b5f372-cb5c-424a-82e1-e336e0ae5651,df18fe4c-7ed9-4647-9f9e-eaf8a4c7c1a9,ed4f35c8-03bc-4190-b802-a4b7432fa1fc,3,"Decent experience, room for improvement.",0.265,"[""communication"", ""delivery""]",2026-01-24
455eaf14-6339-4546-a3a7-57cb19c6b108,17a3dd98-8ad3-4bb9-8be0-49f3d54b5163,110b073e-e8a9-46b9-96b4-2a6e8e7b9d9f,4,"Professional team, will rent again.",0.994,"[""service"", ""communication"", ""pricing""]",2024-09-17
6185c3be-b677-41c1-ad0f-276270fb56f3,80dd0ed4-9c7d-48c0-8339-6e503fe87e92,5fbe2740-ec08-4e16-be57-788301477ac1,4,Machine was in top condition.,0.74,"[""delivery"", ""equipment_quality""]",2026-03-27
de3d469d-2cfc-40ae-a44e-e50326fbe2c7,6eff4e51-9b25-4fc1-896e-b88762a13160,1da94c13-b596-4b9b-aa90-f26e8b642c2b,5,Machine was in top condition.,0.759,"[""communication"", ""pricing"", ""service""]",2026-04-05
fb02b393-3f3e-4c64-8c95-af71cad6ff76,199ab532-fb75-4ff6-bfbc-e060064f2799,7f95e7ea-157b-4eaa-941a-c29118e8fd1b,5,Machine was in top condition.,0.783,"[""pricing"", ""equipment_quality""]",2024-12-11
af9ca168-fa27-46ed-a11e-12383ca83d00,e538d010-b52c-4c23-afe0-077b50aabbfa,5b8af4b7-b8a9-4f1e-a4d4-b967e4f707d2,5,Machine was in top condition.,0.605,"[""communication"", ""equipment_quality"", ""delivery""]",2024-08-27
d943acda-3882-4522-921f-20f7c8ffc6dc,ce90fa9e-b930-467c-afb9-2c0c3f5a31a8,cf44a495-19dc-4f44-a492-dfb64f546820,3,"Decent experience, room for improvement.",0.554,"[""pricing"", ""communication""]",2026-03-01
e6c80e53-f290-48c5-bbb5-db9a6126d779,538aca8e-9280-478d-8ee0-abab8238c773,48f3a5d5-09e3-4d9b-9fb5-977d2f4fc05b,5,"Professional team, will rent again.",0.977,"[""pricing"", ""service"", ""equipment_quality""]",2025-08-06
bdaa4a0a-ace3-49f3-bccb-ea03d4d6ab66,b0ceb5f8-ad0e-42f9-a554-1960a0ed8997,c403a196-9f42-4196-953c-3a73f04e1dca,4,Machine was in top condition.,0.62,"[""equipment_quality"", ""pricing"", ""delivery""]",2024-08-08
eb995e33-997f-4be3-877f-609005aee5c4,c200ec03-44b1-4949-8427-a625ec4741bf,9c20d442-246d-4c08-be55-e8de6cd01681,2,Equipment had some issues during operation.,-0.385,"[""service""]",2026-05-23
b39681cc-d526-4c94-89ab-bbe8abd75e6c,713a8773-913e-4531-a453-18bf5e372f56,c5497aca-3cad-466b-bbbc-f922173f0f9d,4,Machine was in top condition.,0.945,"[""pricing"", ""equipment_quality"", ""delivery""]",2025-08-10
3e4e0e0a-5d9f-47a6-b2e4-2377af1ce103,a313c410-78f1-412c-a399-2c47a873c2f9,ae887768-1975-4ddd-aa1b-58bcd992835f,4,"Great service, delivery was on time.",0.634,"[""pricing""]",2024-12-02
56b95688-b1e3-4937-b523-ba0c226e6057,4cd3d45f-6184-4db5-b59f-ba7054a54284,57fdde72-1f99-42fb-b5c7-ea582dce4e56,4,"Excellent equipment, worked perfectly on site.",0.878,"[""equipment_quality""]",2025-11-15
0c6e009f-f88a-46db-9021-5fc19fc69f75,828d1746-672a-4755-a85d-fc6f8869d1f2,e30a6f53-d9e5-4d75-8e1e-bab77c385dc1,4,"Great service, delivery was on time.",0.817,"[""service""]",2026-01-23
7debc57f-1d40-4e60-b35a-6bdb0b3be41f,8d29907d-1109-404c-8316-4e748e853fa9,ee1fa2fe-b19b-4416-9f91-17f677e734fd,4,"Excellent equipment, worked perfectly on site.",0.639,"[""equipment_quality"", ""pricing"", ""service""]",2025-06-15
0945fae7-647d-44e8-9224-0248f92a2a2a,2fec9e6e-b82b-481d-ad04-917244574aca,0e2d669c-8945-45d8-9aa6-443b58a113cf,5,"Excellent equipment, worked perfectly on site.",0.985,"[""pricing"", ""communication"", ""service""]",2024-11-05
1ba82e27-f913-41eb-8f12-b8db44181990,f12b1437-9c22-4bfa-b116-3f739dea41e7,f4d8ee2f-8654-41d1-b590-a5c43263acce,4,"Excellent equipment, worked perfectly on site.",0.602,"[""communication""]",2026-04-07
61e53b61-b09e-45a8-83c6-a9e9cb3c7cc1,0947586f-39c5-4479-a564-3d1a8d05415a,2255c340-90d0-437f-88b9-9eabdff663c3,4,"Professional team, will rent again.",0.934,"[""pricing"", ""communication""]",2026-04-25
15a1dd8c-a121-4428-befa-8eea393a1645,d6167d47-7515-46db-9313-a2084b507ebc,61a36c5b-1d4f-4202-a085-448d9b08556a,1,Customer support could be more responsive.,-0.946,"[""communication"", ""delivery""]",2024-08-23
6c82f527-a83c-4318-926f-d0b6cb283a6c,4472a331-943c-426e-91e8-e0757818a2ad,ef950144-01d4-403d-b956-87dc0f870d4a,4,Machine was in top condition.,0.74,"[""communication""]",2024-10-07
62983105-7901-4e70-8324-087570f18e27,6e2e99a4-a052-4bbe-b097-030dc3c65633,78e127b7-b51c-439a-ae7f-9c1caa9d4da2,3,"Decent experience, room for improvement.",0.58,"[""delivery"", ""service"", ""communication""]",2025-02-15
5491d856-b964-4ddb-8d08-ea2c7cdd2edb,4136fcc5-d418-41b8-ae83-3c128d430cf9,20bc320b-9dc0-4754-ac07-cca6f819c393,1,Machine needed maintenance during rental.,-0.243,"[""communication"", ""pricing"", ""service""]",2024-12-30
3d6f1e73-3019-41d2-9001-f4acc9d12193,2a04ff3f-9519-4a1a-8315-3684798f5345,33043f3c-32c2-476c-8b91-a1a97a08bac1,5,Machine was in top condition.,0.609,"[""service"", ""delivery"", ""communication""]",2025-02-03
63534971-a6b4-4d06-9640-412f1c705040,0563024d-7b54-43f3-87f4-cbae099dfd04,59f50951-c4b0-4e0f-a616-223886f01f50,4,"Great service, delivery was on time.",0.65,"[""delivery""]",2025-06-21
045bebb2-1752-402e-9c93-d018d7719264,23e0230e-4a39-4c08-b9b0-a6f965d67d7e,e680ea58-2e67-4a73-bd49-f9208a1bd1b1,4,"Great service, delivery was on time.",0.68,"[""communication""]",2026-07-19
cbc71078-35e8-4b11-a592-e8bda0c9e1b3,2c6b1689-bda3-4937-9079-0d528e35dbbd,3a6d5f5b-55f0-4883-882f-c8ff018bb121,4,Very satisfied with the rental experience.,0.716,"[""equipment_quality""]",2025-11-08
d0c90b52-e820-4848-8d92-9a492d925277,658a2bd5-925b-42d9-823c-60e9272f02b9,b818ec15-e95d-48df-98cd-ac0b6e799bf2,4,Very satisfied with the rental experience.,0.973,"[""pricing"", ""delivery""]",2025-07-24
d7ede778-0fb4-42aa-8196-ff19bc4c5bb6,4dc709ad-2e2f-4b45-b074-916f303a400a,297b2780-3fba-42dc-b166-408c5a0e97f7,4,"Professional team, will rent again.",0.855,"[""communication"", ""equipment_quality"", ""delivery""]",2026-03-25
4494a177-29e3-45e6-9e42-031f247fce58,124bd83d-5184-4007-bb65-d189bf5495e8,f1586655-b036-4bad-b308-0769adf0cb9b,4,"Great service, delivery was on time.",0.696,"[""delivery"", ""pricing"", ""service""]",2025-11-24
0676e383-1942-48be-8205-810f67e9653f,74166b54-578d-4e44-882b-45c9694a9729,dc302de4-433b-4055-afaa-44a72f279ceb,5,"Great service, delivery was on time.",0.765,"[""service"", ""delivery""]",2025-01-03
e07e47e1-ec3e-427e-8c14-5484e39e3b33,6eff4e51-9b25-4fc1-896e-b88762a13160,dcd0c48a-406c-4e58-98ec-9b48da438f93,3,"Decent experience, room for improvement.",0.431,"[""service"", ""delivery"", ""equipment_quality""]",2025-02-12
4a6f009c-6701-4a20-a2f3-dc548cc7c9f9,d299015a-a646-4e51-a52e-955471ad806a,636bd990-15d9-4e78-9fe5-f73168a3550e,1,Customer support could be more responsive.,-0.79,"[""service"", ""communication""]",2025-08-29
db946e3a-e8d9-46a1-9b30-d8a121dd5e79,1ca9595e-b927-4c8b-a17f-323e0c283060,73c284b1-6fe8-4658-8c9e-b9012472dad5,4,"Great service, delivery was on time.",0.922,"[""pricing""]",2026-02-06
70f47f6e-aa05-4bb8-992b-cfd19a96dee7,9ad4451e-ad14-4dad-a808-cd0a259d20eb,4bde4ce7-bfc0-4755-9f95-78d0e22663b7,5,"Great service, delivery was on time.",0.765,"[""communication""]",2026-07-23
642a5a7f-4483-4723-88f2-358faf3d60d4,5a50c836-ec68-4aeb-9182-abd10c298a3c,805e4235-f604-45d6-bf7b-7ab7b035b25a,4,"Great service, delivery was on time.",0.739,"[""delivery"", ""service"", ""equipment_quality""]",2024-10-20
9b08f2ac-2e58-4026-aad3-575cd6fcfa17,875ba428-18a8-4688-8ae3-6f0274a5017b,f6d1e1d0-4493-4803-864d-7c3d609b8d42,4,"Great service, delivery was on time.",0.712,"[""communication""]",2024-08-18
d49e5a9d-78d5-4420-b9b3-7c71d766da6a,a25f72b5-1730-44fd-b6c7-c769a3920171,2e7cb27e-3433-44fd-aae3-b08bd65d1597,3,"Decent experience, room for improvement.",0.227,"[""service"", ""pricing"", ""equipment_quality""]",2025-08-31
6950f9b9-3610-4b83-a915-c825bd08b015,1d6b8257-1728-4d7c-8d72-7d1224245aeb,8d7d5eb4-0f3b-4ff7-8c2f-67a2836b2eda,5,"Professional team, will rent again.",0.881,"[""service"", ""equipment_quality""]",2024-09-13
593b29bc-dd27-4407-95a3-18f423f0800c,0bd1b1eb-11c6-49df-88eb-31691f867bf5,904dcfcd-9366-45ef-8ba6-eae099ccdfda,5,"Great service, delivery was on time.",0.965,"[""equipment_quality"", ""service"", ""communication""]",2025-01-21
15be720b-9a4b-40da-a0d8-57d6d19814b5,f2097674-89c1-4f81-8ddc-810c9bf9a0e0,5612a09e-3023-41d4-a4fc-a885791dc5a9,5,"Excellent equipment, worked perfectly on site.",0.627,"[""service""]",2025-01-13
9d6e7425-abc1-47a4-8742-bb9f11e84df4,28627096-2515-4248-ae96-230506f08787,9695107a-2cc3-4c16-8b07-ea0990e732cd,3,"Decent experience, room for improvement.",0.381,"[""equipment_quality""]",2025-02-13
da1eadb9-f7ee-4820-b37f-787033462e1b,d4f0e86e-a355-434d-961a-b9597212aea3,307221f4-b82c-4a30-936f-63001cab87d7,1,Customer support could be more responsive.,-0.268,"[""pricing""]",2025-12-07
902603a4-3b98-4c4d-a797-6e02d364af7a,ab04e845-df18-47cc-a8ce-c436e66303d8,17ccdf37-a903-4c0f-aa97-b89576a3bfb6,2,Machine needed maintenance during rental.,-0.469,"[""communication"", ""delivery"", ""pricing""]",2024-10-17
8e1b1066-b16b-4319-8570-76ec26caf539,9888ccc8-2785-40b0-85db-04f4d4a34792,2fabbf04-6c27-4df2-a633-b037274e3a52,4,"Excellent equipment, worked perfectly on site.",0.786,"[""pricing"", ""communication"", ""service""]",2025-11-19
01631f74-cca6-4fc9-9949-103b77790573,b66af76f-48bd-4406-837c-25c442ae34ae,af12039f-2eb7-408b-a660-38a4facea93c,4,"Great service, delivery was on time.",0.712,"[""communication"", ""delivery"", ""pricing""]",2024-11-07
4ff7a9c9-1b2c-4598-8e00-23916fbbdb83,6a9e9061-7336-48ff-bc33-3537b6f922a6,5b31e492-08fe-4bf4-aea6-77462c48c69d,4,"Great service, delivery was on time.",0.629,"[""communication""]",2025-04-03
59dcd23d-dddd-4b7e-83bc-ac78cdd9171e,f28f4751-3cf3-4c7f-ac99-d9e9df03a0bc,f55a2f97-80e3-49d0-9ff0-f4a2e8c583c9,4,Machine was in top condition.,0.853,"[""service"", ""communication"", ""delivery""]",2025-07-13
b11b2fbd-7f3e-4993-961f-97e3862aec71,8afccdd5-a2a5-4249-b270-330d173f26df,30864cf6-d3d6-4881-9427-c328b2521067,5,"Professional team, will rent again.",0.782,"[""equipment_quality"", ""delivery"", ""service""]",2025-03-22
061b216b-c690-4faa-a428-c05055163bee,f12b1437-9c22-4bfa-b116-3f739dea41e7,1e453c2f-75e6-47ab-9ce3-b4358a39e738,5,"Great service, delivery was on time.",0.928,"[""delivery"", ""equipment_quality"", ""communication""]",2026-07-08
6514b5ed-6dfa-4a5d-83b2-e25fdf887587,6eff4e51-9b25-4fc1-896e-b88762a13160,9944d43a-7cb0-4a4d-b7bd-b8f6edd1aef9,2,Customer support could be more responsive.,-0.047,"[""equipment_quality""]",2026-02-25
ded57f2e-a516-44d9-b387-bf92aea7fec8,654dddf4-fb54-4de8-bed2-79ced8278028,26c824f7-43df-45b2-8915-f6538f7b41bc,5,"Great service, delivery was on time.",0.601,"[""communication"", ""pricing""]",2026-02-03
57517205-e072-4393-9511-e8d3aa6f2a64,875ba428-18a8-4688-8ae3-6f0274a5017b,ec19ed61-1097-42a2-80c8-8e95babf5db5,5,Very satisfied with the rental experience.,0.746,"[""equipment_quality"", ""pricing""]",2026-04-12
1a422e27-3a29-412f-89a4-cc706dc17747,0563024d-7b54-43f3-87f4-cbae099dfd04,49dda41c-777c-43a3-be88-d981ae393cb7,5,"Professional team, will rent again.",0.743,"[""equipment_quality"", ""communication"", ""delivery""]",2025-03-30
56cc33eb-b6ba-4e68-8cfb-d1d920326fec,8afccdd5-a2a5-4249-b270-330d173f26df,c6078ccd-8b7b-4d9c-8c9c-8b957464c276,4,Very satisfied with the rental experience.,0.871,"[""delivery"", ""equipment_quality""]",2026-03-05
3f9b211e-231d-4c75-9b86-f2e34186286a,e538d010-b52c-4c23-afe0-077b50aabbfa,716deaae-df7e-4dba-9748-4ca80807c9af,4,"Great service, delivery was on time.",0.633,"[""pricing"", ""delivery""]",2025-01-04
1959e1f9-5225-4b96-a4f8-912c032a5223,db1ad761-4a3e-4989-8438-2dd4c3027c12,216ae44e-f51d-4825-a555-6f3061af9eeb,5,"Great service, delivery was on time.",0.986,"[""communication"", ""equipment_quality""]",2025-08-08
060353f2-ecf0-4805-a7a9-e68bf3cb4c2e,cfda6bfa-1868-40a5-b8ca-6081459e10d8,1f6159c9-e5a8-4706-a91c-2c1ecc7f98ba,5,"Great service, delivery was on time.",0.83,"[""communication"", ""equipment_quality"", ""pricing""]",2026-07-27
212bc87f-7a41-4473-8fbc-3bac8f269ce9,503ca1d3-a10d-40ee-a3fa-d96d29036cef,8726bffd-458b-4e18-9f04-95e53278888f,4,"Professional team, will rent again.",0.952,"[""equipment_quality"", ""delivery"", ""pricing""]",2024-09-12
c96cc756-cf43-4b12-8aa6-007a9360c608,7429d915-b1c5-4534-9e4a-4ee79a9aa006,c0b6226f-84e7-4c3a-920f-718bff9c6e77,4,"Excellent equipment, worked perfectly on site.",0.908,"[""equipment_quality"", ""communication""]",2025-11-01
f8ff9f7e-2ec0-47f7-a2b0-fa996af38eba,33411ea5-6f70-4054-81aa-fb7279cc456e,52b2652c-c61e-43bb-8bf7-1e2b2ab5b804,3,"Decent experience, room for improvement.",0.22,"[""pricing"", ""delivery"", ""equipment_quality""]",2025-02-14
8c45e6fe-834f-4e87-95d1-91d70257e5bd,3d72e7ae-13d1-4ed5-aa94-9ef92f1ed0ab,41e19f4b-6e73-4ee5-97d4-12b9970bf90c,2,Customer support could be more responsive.,-0.245,"[""communication"", ""delivery""]",2025-06-28
1fef7d83-fe76-495b-9066-7db6c3969b90,e7def941-4235-4802-83bb-ab6146c36cda,7de8d9d2-6b12-4359-8590-37a3957a35cd,4,"Great service, delivery was on time.",0.77,"[""equipment_quality"", ""pricing"", ""delivery""]",2025-03-25
c49c13f6-4b34-46bb-bfbd-d43f583e203a,3b4c197c-5f64-405f-998b-18fed0deefea,a35e5c22-036a-48fe-8087-9e3e26a6527b,1,Delivery was delayed by 2 days.,-0.637,"[""pricing""]",2025-07-05
7dbed474-1b00-4773-b79e-55e11f721221,012b7f96-c4b3-41ee-ab40-fa4c408c1e1e,7061a324-6ab1-4f6e-8fdf-7da1048be782,4,"Excellent equipment, worked perfectly on site.",0.921,"[""pricing"", ""delivery""]",2025-05-15
4adda907-e93b-47fc-bfd8-69392fac0336,930e80c5-5d08-4519-b58c-256246376e91,82849e1c-ded3-44ba-9df1-8c0b7a37075a,4,Very satisfied with the rental experience.,0.685,"[""service""]",2025-10-27
6b2870f3-5d8f-488a-9a1c-2db4cb6537d2,e189db02-47bd-4155-9ff0-f1b42d8b0d45,59fe108a-9abd-4643-a999-6a2abaadc886,4,Very satisfied with the rental experience.,0.987,"[""equipment_quality"", ""pricing""]",2025-10-10
117f59b2-8373-44bd-a51b-ed6ddedd5b67,30012bd6-63e1-4c37-9f7c-71cb2aede345,38954bff-f855-4e76-ba5e-cdf191cde3e2,3,"Decent experience, room for improvement.",0.583,"[""pricing"", ""equipment_quality""]",2025-09-11
5958144c-a4c4-4c58-acd9-7d1d65dde26d,a8d63531-e89c-4faf-8671-b1dda0f09256,3c578227-3a97-44d8-b8d9-b6966a9c0707,4,"Professional team, will rent again.",0.955,"[""communication""]",2025-06-02
b9599d23-f980-48ab-a6cf-d3baef69fb16,abb0a010-dc9d-46bf-ada3-b3cd0a1a2f0e,04d53f76-a75c-4f8c-bbce-94c15835dc9e,4,"Great service, delivery was on time.",0.607,"[""communication"", ""delivery""]",2025-11-28
732f8dc2-efb9-45ae-9698-4fde0941aacc,503ca1d3-a10d-40ee-a3fa-d96d29036cef,e6968fb6-bb0a-47eb-85d8-06538e906532,3,"Decent experience, room for improvement.",0.492,"[""equipment_quality""]",2025-05-02
56b8bc8a-b874-4266-a4c1-4e1903e01992,95597854-a085-466e-a612-48423db319be,fc3bb69b-4d98-4461-8194-103570a1626e,5,"Great service, delivery was on time.",0.925,"[""delivery""]",2025-12-07
59cf9ae9-1f03-43c9-b331-eb7495ec65de,f3e717f8-eb3a-44a2-b0ba-922a53b43780,a646fe01-b562-468e-a8d4-fbfbbff3ef04,4,"Great service, delivery was on time.",0.986,"[""equipment_quality"", ""pricing"", ""communication""]",2026-02-01
b006b724-d692-4092-9ec6-66a2badfb4b7,503ca1d3-a10d-40ee-a3fa-d96d29036cef,575e87e3-94b5-4031-a59d-7270ef11edc9,3,"Decent experience, room for improvement.",0.573,"[""pricing"", ""delivery"", ""communication""]",2025-09-02
fd135464-b23a-4d20-b73b-4da35d5ea248,f6e95077-b010-4354-9b49-bc9b6f6deb5d,0c9ca5e1-3277-4c68-9f7a-b68d8caf9c86,5,"Professional team, will rent again.",0.719,"[""delivery"", ""equipment_quality""]",2024-11-15
47fd83b1-e653-49bd-8716-e9237782d14f,875ba428-18a8-4688-8ae3-6f0274a5017b,20d968ac-c18c-4f92-b928-4ab8c080d8e9,3,"Decent experience, room for improvement.",0.271,"[""communication"", ""service""]",2026-05-31
38be3083-73ac-4028-b2ba-54ff29299e4e,7429d915-b1c5-4534-9e4a-4ee79a9aa006,6d45d4a4-05e5-46db-8d77-b1ccd3dcf38a,5,"Professional team, will rent again.",0.799,"[""communication""]",2026-03-06
3cc6c584-d6bb-4fed-988a-48436739f60c,707938a2-022a-47a4-8b9d-b4d50b26a0cc,a0066d87-9813-4616-a392-a1c4263b316a,3,"Decent experience, room for improvement.",0.221,"[""delivery"", ""equipment_quality""]",2025-08-02
8a769f60-3c03-4ecb-82f3-0cf79deed6e2,50f7f647-fd6e-4699-96d0-2f4d2c435f9e,a30e4d8d-2974-48c6-a68b-07863f6f698c,3,"Decent experience, room for improvement.",0.431,"[""communication""]",2025-12-04
1861f4c4-20f7-4820-9de2-247bd63ed252,6a811073-bf7a-4c4e-98fb-ab063f5c9805,05a79aba-2f6f-4d50-9b66-ad80025bcd9c,5,Machine was in top condition.,0.766,"[""service"", ""communication"", ""pricing""]",2025-12-09
5f515fd0-373f-4ac6-b325-14248ffd1713,2b04ea90-4ead-4b58-912d-a64ec9694a0c,01fafe15-dcc5-4eb2-ad86-0346575d7c1e,5,"Professional team, will rent again.",0.759,"[""service"", ""delivery""]",2025-01-23
bd2d33d7-79f8-415d-b6e6-fabfcafe6865,707938a2-022a-47a4-8b9d-b4d50b26a0cc,35265c08-8935-41d7-adb0-44eef24e455b,4,"Great service, delivery was on time.",0.692,"[""service""]",2026-01-07
e99807f7-c9f9-4f6a-84d9-c8991d838d6c,bba0a92a-9bde-4c8f-869f-eca467215e00,16bd82c2-9fd5-4818-8cb6-45750a8de637,4,"Excellent equipment, worked perfectly on site.",0.951,"[""equipment_quality""]",2024-12-26
185974e2-f934-4259-b15e-b6e5935f1f17,662051b8-fb78-407a-b951-c5ff0ea3c966,59b381f9-59e5-41a9-9663-d4a559318311,5,"Excellent equipment, worked perfectly on site.",0.78,"[""service""]",2024-11-04
3c41a16e-98d5-4fd7-bed3-902a4b4dc9a8,c952a0f2-7625-4b7e-b1c9-927504aba3d2,193273ea-b199-4633-a08f-6a7d9d7fad68,5,"Professional team, will rent again.",0.64,"[""pricing""]",2026-07-15
9d7b3f9b-a276-4998-9d3f-3109e868c579,4aafaf10-24f7-4d03-90f9-189f498d73df,aeefbd02-9b18-4615-9194-e575022b4fa9,3,"Decent experience, room for improvement.",0.204,"[""delivery"", ""pricing"", ""service""]",2025-06-08
022b7da9-f9cc-4643-8554-cd2d533d561f,cd65fec9-7248-44f5-bcb2-10f5841b02bc,abffa2bf-26c9-404c-b46d-334f39203ec6,3,"Decent experience, room for improvement.",0.543,"[""delivery""]",2025-05-23
d87f8b14-034b-4b0b-b23b-e77e196707f6,528d5dc5-fa22-4054-9dfb-5f7a8114c6cd,72460dcd-4ada-413a-82a2-c6f8636f7517,4,Machine was in top condition.,0.84,"[""equipment_quality""]",2025-01-31
a305ca37-7ff5-465c-b0aa-c1b0058e6407,c6f3db6b-c7d1-4e65-93bc-535cf64e3e62,80c6ea2a-a3cf-4506-8a15-59bd9b232bb4,3,"Decent experience, room for improvement.",0.448,"[""service""]",2025-12-21
6803b402-ea60-416a-b9a2-f7365349debf,f110fe84-2852-439f-b05d-e68449065be4,dbb6fbb1-3f97-45f3-a76e-31f8cacdf478,4,"Excellent equipment, worked perfectly on site.",0.669,"[""delivery"", ""pricing""]",2024-09-23
2c1d6538-482a-455a-9270-1cf1e1e4ddaf,e189db02-47bd-4155-9ff0-f1b42d8b0d45,660abdb5-fdab-4adf-8092-92504b2ec424,5,Very satisfied with the rental experience.,0.774,"[""delivery"", ""service""]",2025-01-29
01db4d4f-5d6e-4d1a-a50d-4edcc19443ec,8d29907d-1109-404c-8316-4e748e853fa9,e4cd7d10-f508-4921-894b-bd9b9428c2c4,4,"Professional team, will rent again.",0.815,"[""pricing""]",2025-05-08
8819e6c5-4ca5-4e76-9db4-5e7c1d89ae5b,4212e07a-0023-405f-9bf2-105bc07b5250,14644790-89fd-457f-a439-ffa00ffced95,5,"Great service, delivery was on time.",0.622,"[""communication""]",2025-06-05
e9c5771f-d97c-4116-85ba-150536770975,bd93a9bb-94e7-4f6d-8f65-2dcf2da5d86b,2d54db10-7d92-4816-beb7-35903e5c3862,1,Equipment had some issues during operation.,-0.104,"[""service"", ""delivery"", ""communication""]",2025-06-19
7c585a46-b8f8-4809-9b12-ed0b3270d1a3,7be78260-7d5a-4304-b7fa-6d79f4325c18,4261efc6-baf3-4d08-871a-a74719a70f91,5,"Great service, delivery was on time.",0.628,"[""service"", ""delivery"", ""pricing""]",2024-08-13
6f443b7e-da71-4ae4-b3ae-19b82bc01ad8,30012bd6-63e1-4c37-9f7c-71cb2aede345,9c43df5b-debe-4485-9efc-5342c02ddeae,5,"Great service, delivery was on time.",0.855,"[""service""]",2026-04-19
1741d920-aef9-47a4-9fe9-104226ebae2d,4236e673-ef5d-4ba1-94df-857605a8084d,c27bd433-1888-49aa-8608-6680dea86c87,4,Machine was in top condition.,0.881,"[""delivery""]",2026-04-25
c802f953-d5c9-41de-bcaf-37d63fff9537,f29c5b00-a6fe-4b3e-aa63-d9cf9fd74d48,df2fe533-3cc5-4682-a74e-d32f70169a9c,4,"Excellent equipment, worked perfectly on site.",0.707,"[""communication"", ""service""]",2025-12-03
7234b3ee-7804-4c8a-b1d2-aa898ce146a7,3af4598c-f599-45e0-b27b-8e366d645c50,3eec3ca4-fa21-4403-98ac-8d249f5fdfc0,4,"Great service, delivery was on time.",0.801,"[""pricing""]",2025-04-29
55807363-3de1-4368-aeb2-1af5d0958e7a,2c6b1689-bda3-4937-9079-0d528e35dbbd,0833514f-010c-45fb-b884-b1c6b139f2e4,2,Delivery was delayed by 2 days.,-0.565,"[""pricing"", ""equipment_quality""]",2025-11-19
fd8b1540-7a61-473d-8216-819d45a5df9a,cd65fec9-7248-44f5-bcb2-10f5841b02bc,20410d01-7e97-4d6f-9ee6-217aa6cff009,4,"Excellent equipment, worked perfectly on site.",0.891,"[""equipment_quality"", ""communication""]",2026-03-30
c0869055-476c-43d1-9f89-99ff91d64719,3af4598c-f599-45e0-b27b-8e366d645c50,3ba9577e-d653-4744-b773-5c27a78bab90,4,Very satisfied with the rental experience.,0.718,"[""equipment_quality""]",2025-05-09
b898199c-b040-49b3-95cb-456708ef6800,b0ceb5f8-ad0e-42f9-a554-1960a0ed8997,ed08d2f7-b098-4481-a89c-928eacde33c6,5,"Great service, delivery was on time.",0.915,"[""service""]",2024-10-06
b6bb04c0-cb32-41b7-b787-2405d155c68b,658a2bd5-925b-42d9-823c-60e9272f02b9,2a0728af-a869-48c7-b89a-eed60215b399,5,"Great service, delivery was on time.",0.735,"[""equipment_quality""]",2026-07-06
9f46c226-9e8f-4260-8113-b316d0a9a4b2,edcd7270-7c38-4e2b-a544-37d79eae44b4,ffe86a6d-3a39-4a35-a052-9c9f14160c9f,5,"Excellent equipment, worked perfectly on site.",0.868,"[""pricing"", ""communication""]",2026-07-11
9e1148c0-a3e5-4b25-bb0d-34fb2a11a6db,f28f4751-3cf3-4c7f-ac99-d9e9df03a0bc,06a2b80f-2883-494b-bfea-a5b9fffce80d,4,"Great service, delivery was on time.",0.905,"[""equipment_quality"", ""delivery""]",2026-07-14
75e86bdd-2e0a-45bc-81ed-f154ca7d3ccf,c200ec03-44b1-4949-8427-a625ec4741bf,afcb00c5-8a6e-427a-9f29-3fa35277a70b,5,Very satisfied with the rental experience.,0.732,"[""delivery""]",2025-12-31
677169f5-aefd-4686-8b4d-76c6c83783dc,cd65fec9-7248-44f5-bcb2-10f5841b02bc,d0fc76a5-ca02-4d4c-97a0-5c2f9fc6b645,2,Machine needed maintenance during rental.,-0.976,"[""service"", ""pricing""]",2024-09-15
580b712e-efff-415c-b196-179ecaf58ff9,07f4921e-099c-4d48-9e53-ec1b8c15bf6f,35448965-1d30-46d2-a487-22fad30d79ca,3,"Decent experience, room for improvement.",0.302,"[""pricing"", ""equipment_quality""]",2025-03-06
30e830c4-cc9f-45dd-ab2e-df356396597a,fa5b0920-dbe9-4b44-a70c-393ffab78137,1e3a8bf2-82cc-40a8-bc5c-073eef46f805,4,"Great service, delivery was on time.",0.972,"[""equipment_quality"", ""pricing"", ""delivery""]",2026-02-13
b580ec61-8eea-4c11-ac93-6890f3c2d7b9,2c6b1689-bda3-4937-9079-0d528e35dbbd,c0c51db0-77d1-42fd-9707-339563307b90,5,"Excellent equipment, worked perfectly on site.",0.62,"[""service"", ""delivery""]",2025-04-03
e6c80ffb-0ff0-4565-a3e3-0b07c1f1bf92,9ad4451e-ad14-4dad-a808-cd0a259d20eb,046e4dfc-316e-4529-b82c-2a25603c680b,5,"Excellent equipment, worked perfectly on site.",0.885,"[""equipment_quality"", ""communication"", ""service""]",2026-07-20
e8cdb549-fca2-44f6-a581-d03b877e8e79,08205d3f-5e37-43de-aea8-0aca3ee7469d,32fb2ffe-7c5c-4532-8e68-d196c2ee341e,5,Very satisfied with the rental experience.,0.817,"[""pricing"", ""service""]",2024-11-26
793102be-ee3e-4435-b4c2-76ac1d91ce3d,cb30a089-6b70-4abd-b732-eb89a8b5902d,2971cc80-416d-41e5-891f-478de80bddde,3,"Decent experience, room for improvement.",0.554,"[""equipment_quality"", ""delivery""]",2025-05-20
1494f356-59b9-49bb-bb6c-d3f022f3d6f5,c200ec03-44b1-4949-8427-a625ec4741bf,d483a579-abb9-4c01-92dd-6a857570b367,4,Very satisfied with the rental experience.,0.674,"[""pricing"", ""equipment_quality""]",2026-02-02
c78f049e-611a-4f62-8b6b-2ca6623bcd2c,a5fcd9c2-0c09-4826-8cf7-928389e787ad,a4bed2eb-fa17-427d-9313-bced9060b800,5,"Excellent equipment, worked perfectly on site.",0.968,"[""equipment_quality"", ""pricing"", ""communication""]",2025-06-16
f4cb0ce3-2166-4a8e-90e2-5304a0a11e3d,b4345950-dd8c-497b-acdd-5ee00e70b96d,0254a271-fd25-43b7-bf32-99cc71dbe3cb,4,"Great service, delivery was on time.",0.7,"[""communication""]",2024-10-27
fc57a1b6-2a3e-4fab-b6f7-083aea4a6566,b66af76f-48bd-4406-837c-25c442ae34ae,c16e0e3b-6f16-44ee-b10a-5b005258215b,5,"Excellent equipment, worked perfectly on site.",0.801,"[""equipment_quality""]",2025-10-17
9c9787a1-7cac-4333-b2ed-3b287e798f42,3f3bf212-52e9-4b36-94a9-cb6ebb4feab1,893d7449-d573-4eff-b11e-297c3e760055,2,Delivery was delayed by 2 days.,-0.089,"[""delivery"", ""communication""]",2024-09-19
694b13fb-eb11-4ef2-a7d6-65b423666daf,538aca8e-9280-478d-8ee0-abab8238c773,252c9e08-6115-4015-9624-193b7c9f54b5,5,"Great service, delivery was on time.",0.757,"[""delivery""]",2025-02-26
42d4b60b-2a6e-426e-bafa-c4db77a9a461,9888ccc8-2785-40b0-85db-04f4d4a34792,4b7165fa-29d3-4f81-946e-b2a73e1eae71,2,Customer support could be more responsive.,-0.975,"[""equipment_quality""]",2026-01-20
753e4ca1-6a5b-4919-9de7-4635c97834e6,07a4a12a-4581-419a-8701-06d37ea6bd3b,01f16850-852e-460e-ad20-102334c1a29d,4,Machine was in top condition.,0.722,"[""equipment_quality"", ""delivery"", ""pricing""]",2025-03-28
17ea5485-cb58-4ff9-870e-f6f75f9b8ff2,658a2bd5-925b-42d9-823c-60e9272f02b9,95d9cf9b-c150-48c1-99a6-ca9c6d679451,4,Very satisfied with the rental experience.,0.964,"[""service"", ""equipment_quality""]",2025-11-16
ae625f1e-2cc0-4776-ac40-e086f2ab2201,abb0a010-dc9d-46bf-ada3-b3cd0a1a2f0e,8dd86ee1-676d-4b3a-b069-ea99710f2405,5,"Great service, delivery was on time.",0.962,"[""communication"", ""pricing""]",2026-07-24
97328f8b-accf-4f36-848b-2eb51013695a,2138c6c8-dd06-4493-96dd-1325c5d121f7,3a09adda-e36d-478a-bfce-d65844f1c079,4,Very satisfied with the rental experience.,0.723,"[""service"", ""delivery"", ""equipment_quality""]",2026-03-27
8cb2419d-6c7d-4eaf-89ec-94372a3113e0,d299015a-a646-4e51-a52e-955471ad806a,015afde4-6997-4d14-8a49-6d486c98fff5,1,Machine needed maintenance during rental.,-0.667,"[""communication"", ""equipment_quality"", ""service""]",2025-02-09
006ac8db-a1cd-4b79-9f92-f6e816364c64,4cf6ec55-a7f7-463a-b26c-5fa9ecff193c,8b05446d-fa7e-4b15-a0b3-bebfb25bacfc,2,Delivery was delayed by 2 days.,-0.206,"[""pricing"", ""equipment_quality""]",2025-03-28
e018fbe5-f4be-4752-a1a8-a32b5c975af3,c9300334-c177-4f75-8b92-06f96c003057,c53ddde5-7921-4c01-ad3e-0953d223b195,3,"Decent experience, room for improvement.",0.431,"[""delivery""]",2025-05-15
be5bf807-1593-46c7-ad37-e3587fd5d42e,33411ea5-6f70-4054-81aa-fb7279cc456e,5356346d-ed14-469e-98c4-25b6acc26701,4,"Great service, delivery was on time.",0.621,"[""equipment_quality"", ""service"", ""delivery""]",2026-06-15
64395282-a2b8-469c-95a0-a9ab2b007682,70c2eb70-4638-460d-8ab5-33be24e73ae9,63bf63a3-bf41-4505-a366-c1e9dd9a7e1b,4,"Excellent equipment, worked perfectly on site.",0.81,"[""service"", ""equipment_quality"", ""communication""]",2026-04-28
7b78596d-a305-4447-b009-84fa56fef885,4136fcc5-d418-41b8-ae83-3c128d430cf9,de7d2d9a-fc2b-4c1a-bed8-1ab033e90e72,3,"Decent experience, room for improvement.",0.402,"[""communication"", ""delivery"", ""pricing""]",2026-07-08
b55f88cb-9013-4d26-874f-ab260281efde,04b23723-2b58-4f4d-adc4-05e0ea43c46c,9649269d-218f-4eb9-aba1-44f48891ad07,5,Very satisfied with the rental experience.,0.692,"[""service"", ""delivery"", ""pricing""]",2026-06-04
2552e43c-3ed7-4d5b-9835-7b200c888add,04b23723-2b58-4f4d-adc4-05e0ea43c46c,cb9fc410-11aa-4cab-9682-987b76f73177,3,"Decent experience, room for improvement.",0.214,"[""service"", ""pricing"", ""equipment_quality""]",2026-02-12
ade1d089-e74f-4174-bd5f-ec1b7d609084,37b3b1b8-ae9e-44c5-a5cc-4a5d8b3eb007,8152f753-91ee-4b7a-b233-54c63c197e7b,4,"Great service, delivery was on time.",0.768,"[""delivery"", ""service"", ""communication""]",2024-10-11
4e5076e9-6c2b-4a41-b432-553de93cd028,6beaae34-f8b5-48c9-8cf2-f3ccbacd1bbe,5f65b3ae-f8e5-468a-800d-1bce640a58be,3,"Decent experience, room for improvement.",0.424,"[""equipment_quality""]",2026-07-05
8267ba98-7e43-4dd5-bd8d-e9dce584c709,33411ea5-6f70-4054-81aa-fb7279cc456e,354b8c1f-c048-466d-b0fb-f5a41a5e9dce,3,"Decent experience, room for improvement.",0.462,"[""equipment_quality"", ""communication""]",2025-12-29
8f496bbd-5655-4fe7-90d8-1512db922b80,2c6b1689-bda3-4937-9079-0d528e35dbbd,8a90c8a5-1cde-48a0-91aa-634158339405,4,"Professional team, will rent again.",0.857,"[""communication"", ""service""]",2026-04-27
d86f16dc-cc63-4d12-8238-8d11fa838304,08205d3f-5e37-43de-aea8-0aca3ee7469d,ab8be163-0c04-42f5-b0e2-513cdbf8944f,4,"Great service, delivery was on time.",0.649,"[""pricing"", ""delivery"", ""communication""]",2025-07-30
96426676-a352-466e-b8a7-9caca9dcc268,d5b53c1f-34b8-4676-b971-7229d4d85131,3c74f77c-c495-4f41-9a2b-5232d5f14ad7,4,Very satisfied with the rental experience.,0.768,"[""service""]",2025-09-20
f2d3573b-cb72-433f-b43c-e4168adc62a0,ebdee9fd-d8e7-4a19-b327-be6d80cab435,2b6733fe-399b-4480-985b-eadeda83eeaf,2,Equipment had some issues during operation.,-0.502,"[""communication"", ""equipment_quality""]",2026-01-29
8aa3c85f-0d00-494f-aa31-2e943e4c22a2,707938a2-022a-47a4-8b9d-b4d50b26a0cc,484a3a04-eab9-4eb2-906d-80bba0ab8630,5,Machine was in top condition.,0.926,"[""pricing"", ""equipment_quality"", ""communication""]",2025-12-03
ce6bee70-958b-4900-be06-ff3d71bf1f08,7225b43f-3e06-47ce-8a9a-fafcacf310b6,aa9d58a1-8ea1-44d3-9903-2bd9d6598d38,4,"Great service, delivery was on time.",0.661,"[""equipment_quality"", ""service"", ""delivery""]",2025-01-24
e968d337-9ee5-46c4-b81c-4a4fe5b6b5b8,70fc6cc4-7bba-43b6-8cd8-314987426792,1d45ebeb-61b3-4096-8e74-ec4d758a3172,2,Machine needed maintenance during rental.,-0.555,"[""service"", ""delivery"", ""pricing""]",2024-11-11
6a867e06-ded8-41aa-9558-a7e4d4a3f9f5,56293ff7-3050-4f6b-8df0-cef39f0c8800,271511fd-120a-469c-b9e8-eeff8cf9c0e3,3,"Decent experience, room for improvement.",0.312,"[""pricing"", ""equipment_quality"", ""service""]",2026-05-01
c5cfe59d-eacf-42ec-833e-14ee8b41aaf9,3c7c2248-73d0-4b68-ab2a-0009500b2fc5,632104e2-6061-4fdb-9f4a-cf048c22ba5a,3,"Decent experience, room for improvement.",0.375,"[""communication"", ""pricing"", ""delivery""]",2024-09-06
817ece81-9e23-42fa-820f-9efa35fd59c4,84644143-a02b-4e48-a68d-4989cf2f8d7d,dd40b2db-1f5c-4275-a7f8-4b4d5788f9bf,4,Very satisfied with the rental experience.,0.862,"[""service"", ""equipment_quality"", ""communication""]",2024-10-16
8da780fc-1a63-4be7-85a3-c456794f4531,9ad4451e-ad14-4dad-a808-cd0a259d20eb,604cc19c-5aad-4200-bebd-113f287487ea,2,Machine needed maintenance during rental.,-0.041,"[""delivery"", ""communication""]",2024-12-26
597208a3-f3d7-4498-8062-e5a8efdbf119,66c02283-de0d-46f3-b44b-99873c9895d9,6c67c795-e334-4ed9-8f89-35014c0163e7,5,"Excellent equipment, worked perfectly on site.",0.742,"[""communication"", ""delivery"", ""pricing""]",2025-09-06
4e094987-dbcd-46c3-a85d-f8c9ffac1924,2fec9e6e-b82b-481d-ad04-917244574aca,14e6f87f-9545-4e49-a380-1c2b69c2d464,3,"Decent experience, room for improvement.",0.252,"[""equipment_quality"", ""communication""]",2026-06-26
a8fb1668-cb45-4921-807e-ad73a3f09ba8,4236e673-ef5d-4ba1-94df-857605a8084d,e1073280-2285-4a0a-8b96-e31d60dc5db4,5,"Excellent equipment, worked perfectly on site.",0.624,"[""equipment_quality"", ""pricing"", ""communication""]",2025-12-28
73e4f230-8735-4a2b-ac50-09d52c30bef6,707938a2-022a-47a4-8b9d-b4d50b26a0cc,de01dbf5-720d-43b4-bbe2-86a5cdbafad7,5,"Great service, delivery was on time.",0.929,"[""delivery"", ""equipment_quality""]",2025-11-26
419738a7-7bae-4555-adeb-5adaad707ee3,82ea7a64-63ee-4c10-80a6-fdcc7d322da6,b9b60ba4-650f-45e6-85b2-6e1b24e6b080,4,"Excellent equipment, worked perfectly on site.",0.755,"[""communication"", ""delivery"", ""service""]",2026-05-15
96afed35-b03c-4a10-9b7a-fff6b4dcf7aa,41143a63-c315-4909-8012-ac3adcf17520,96e9ddc8-330a-4e3a-ac9d-23a981c6379e,4,"Professional team, will rent again.",0.965,"[""service"", ""pricing""]",2024-10-02
28f87856-2e7f-4c00-bef0-273fbcad3230,3b4c197c-5f64-405f-998b-18fed0deefea,ddb45aa5-fb31-4dbb-a2dd-65c820e09d09,3,"Decent experience, room for improvement.",0.475,"[""delivery"", ""service""]",2025-02-12
9bf95dc5-477c-4aa8-8696-01217c2dbd0d,0563024d-7b54-43f3-87f4-cbae099dfd04,abd6d27e-c7f3-410f-b807-7581c65060a2,4,"Excellent equipment, worked perfectly on site.",0.735,"[""service""]",2026-07-14
4ca6c0ce-8aaa-4460-8649-23df6302c07c,6529da10-1475-4c3c-92a1-18d6c99a2fd3,ecb0eafc-f6b4-4f79-ae5a-ad8bf11f96f5,4,"Great service, delivery was on time.",0.957,"[""communication"", ""pricing""]",2025-01-04
348702f9-02ed-4945-9581-93ed430d50ee,5b32d7b1-04db-48ac-aaf5-d121a60ded76,1387c07b-e1f0-4fed-a2b7-414a996b4da8,2,Pricing was higher than expected.,-0.86,"[""delivery"", ""equipment_quality""]",2024-12-26
da9e3062-23d0-49b0-a377-1f0859cb2c71,3af4598c-f599-45e0-b27b-8e366d645c50,e6da12b1-e485-4006-8a92-0aeb14144da8,4,"Great service, delivery was on time.",0.716,"[""service""]",2025-02-12
9f9f6fee-2398-41a6-aeef-838ec7ee0a00,ff5c59ce-b7d4-4309-8726-dbeb94e2dd91,25a9f0ab-fe12-4df4-a8b5-6863d481994a,5,"Professional team, will rent again.",0.658,"[""communication"", ""pricing""]",2025-10-09
cefdeccf-a73d-435d-b94a-11c2a6a16c91,c952a0f2-7625-4b7e-b1c9-927504aba3d2,0ce53279-4196-483a-976d-6d94cf37af75,4,"Excellent equipment, worked perfectly on site.",0.931,"[""pricing"", ""delivery""]",2026-06-14
8702298f-1302-4773-8a6e-22af29a3f662,abdec9da-09ae-4e7c-9e1a-2021fa40b6fb,e7fbf608-e92d-4622-b5de-8dfcdc6fd886,2,Machine needed maintenance during rental.,-0.153,"[""equipment_quality"", ""pricing"", ""communication""]",2025-11-25
9b822dca-ad94-4e8d-b223-0664a8491c02,6eff4e51-9b25-4fc1-896e-b88762a13160,97a6f596-7f40-4197-9548-8780b3343acf,1,Pricing was higher than expected.,-0.693,"[""delivery"", ""pricing"", ""equipment_quality""]",2025-06-11
9799b833-39a9-4960-a060-279b3e2dd62c,95597854-a085-466e-a612-48423db319be,a586a361-967d-47c2-a375-32092dc82d9a,3,"Decent experience, room for improvement.",0.523,"[""communication"", ""equipment_quality"", ""service""]",2026-03-20
8444de9e-db87-459a-b70f-2a01ae84c523,fa5b0920-dbe9-4b44-a70c-393ffab78137,960a2155-9f11-4b02-af93-39b9ad7168c3,4,"Great service, delivery was on time.",0.859,"[""delivery"", ""communication""]",2026-03-08
7930dfca-402f-418b-87d2-b9169db935b8,bd93a9bb-94e7-4f6d-8f65-2dcf2da5d86b,c417e84d-e1c1-4d1e-a4b9-3dd8b6317623,3,"Decent experience, room for improvement.",0.448,"[""delivery""]",2026-04-20
3552e5a3-a426-43cb-83de-e08ef0456d09,08463e2c-bb4c-4072-9776-41809b410c82,4cfd5fbe-1a73-4055-b6a7-8271928e2d24,5,"Professional team, will rent again.",0.908,"[""communication"", ""pricing""]",2025-03-10
2218a55a-53bf-40ed-b5f7-0bc526ed0b63,70fc6cc4-7bba-43b6-8cd8-314987426792,c36d80f3-e01a-44e4-9e2f-f3e292375c4c,3,"Decent experience, room for improvement.",0.404,"[""equipment_quality"", ""communication""]",2026-03-19
c2d91a7d-ee67-401a-bb7e-038e7f976528,5b32d7b1-04db-48ac-aaf5-d121a60ded76,b39b7289-3a59-442e-966b-188c7606c01b,3,"Decent experience, room for improvement.",0.429,"[""delivery"", ""equipment_quality""]",2026-02-13
6fa7e84e-2964-4901-8006-0e4f49725fc3,2138c6c8-dd06-4493-96dd-1325c5d121f7,d1a02072-4f44-4ea8-ba4a-4d5fab6cfe25,1,Delivery was delayed by 2 days.,-0.405,"[""communication"", ""delivery"", ""service""]",2024-09-29
f8b355b7-d356-4653-9fb8-c11b4334e0d1,903f381d-cf42-442d-b02b-9a4b7e7495cd,2321d6ea-866a-43ca-bed7-54729ad225ba,5,Machine was in top condition.,0.85,"[""equipment_quality"", ""service"", ""pricing""]",2024-09-17
3375c479-975a-4f26-90d1-f7896795e9b2,2fec9e6e-b82b-481d-ad04-917244574aca,5e7e0ee9-3d98-4deb-b8ae-cfda43b241e2,1,Customer support could be more responsive.,-0.924,"[""equipment_quality""]",2025-11-12
7d38549e-d9cb-48ba-a44d-05ad664bd70b,c0c51c25-3f97-4979-880b-2c73da0069c5,1e2d5c7a-b441-48dc-a568-16f7cda7836c,2,Machine needed maintenance during rental.,-0.287,"[""service"", ""equipment_quality"", ""communication""]",2025-08-23
05b7c9e1-9aa5-4e1f-881c-9db8e558a18b,8afccdd5-a2a5-4249-b270-330d173f26df,e47ded98-d479-4c40-b6f5-dc41d9715b72,2,Customer support could be more responsive.,-0.234,"[""service"", ""delivery""]",2025-06-29
fb43622e-532d-4aeb-802d-9dfa98e12851,abdec9da-09ae-4e7c-9e1a-2021fa40b6fb,a3c0f0b9-68bb-4833-ae75-74b515f7ddc3,4,Very satisfied with the rental experience.,0.914,"[""delivery""]",2024-10-23
220d2c40-80e1-49de-8d00-0d7aa995ba4f,875ba428-18a8-4688-8ae3-6f0274a5017b,c063499b-2e3d-40c8-88b5-8f3e9bf5115f,4,Very satisfied with the rental experience.,0.716,"[""service""]",2026-05-12
6babe607-49a2-48dc-9efd-8b7370baecaf,4212e07a-0023-405f-9bf2-105bc07b5250,6221daeb-d584-40db-867a-514208ef7b06,2,Equipment had some issues during operation.,-0.965,"[""equipment_quality"", ""pricing"", ""delivery""]",2025-08-20
d12282de-7085-4731-8390-0991b8acca47,1df6ab26-14c3-4d07-9930-529a540e9ff9,e8c1c39e-d9d9-4f6d-9e5a-5ab086be6c7a,3,"Decent experience, room for improvement.",0.579,"[""delivery"", ""equipment_quality""]",2025-11-25
d1c96b48-eb02-473b-bb8e-7b5c904088f0,051f3965-8927-4e21-aa88-d1eaccf7ff9b,82ec723b-d664-45d6-a4c2-bf9f460f6653,3,"Decent experience, room for improvement.",0.357,"[""equipment_quality""]",2025-09-30
45d0506d-1f58-472c-b356-30e7311841fc,c83f1960-2dde-43f1-971a-6c8d6cc13c53,c601d8a9-8c51-4089-99d9-6634d45f8c8c,4,"Excellent equipment, worked perfectly on site.",0.711,"[""delivery""]",2026-04-15
f4d69de3-3bbb-46af-9200-360cf3b1a4ac,04b23723-2b58-4f4d-adc4-05e0ea43c46c,cfd16517-6479-4e5f-84ee-f47a2ce94e63,4,"Great service, delivery was on time.",0.952,"[""delivery""]",2026-06-18
c7980663-3240-4388-992d-d6420182a924,7429d915-b1c5-4534-9e4a-4ee79a9aa006,7952fdf7-136d-43a1-86dd-c76a43a550e8,5,"Excellent equipment, worked perfectly on site.",0.62,"[""equipment_quality"", ""service"", ""delivery""]",2025-09-12
3e819d8c-48df-4911-bcba-9549882db4df,3c7c2248-73d0-4b68-ab2a-0009500b2fc5,32933caf-a955-474a-99e1-89aac7a24409,4,"Great service, delivery was on time.",0.913,"[""communication"", ""equipment_quality""]",2025-06-04
bd7bdb65-6692-4b9b-bb6d-c71a678300bc,feb70aa7-dde2-4469-9d0f-22e7187f8fd7,6c3845f8-0cc6-4392-bcc4-e6782855a801,5,Very satisfied with the rental experience.,0.7,"[""service"", ""communication"", ""equipment_quality""]",2025-05-21
56d950c4-9d00-4568-aafc-4d42904d1d6a,84428284-9b3a-43cd-a5fd-befb2cf188b7,98e6befe-2e7d-419d-8f8c-f1f0fb5c908c,3,"Decent experience, room for improvement.",0.2,"[""service"", ""equipment_quality"", ""delivery""]",2025-05-02
04c60d7a-5dbd-4cf2-ad5c-482df901b2b5,95597854-a085-466e-a612-48423db319be,f0f8ba9d-f8e5-43d7-bec7-02263929904e,4,Very satisfied with the rental experience.,0.815,"[""service""]",2026-06-30
6595bdf9-e2a9-4f09-afb9-d427af7dedf4,0a80258f-0814-4d45-819c-9430ed7647a6,c92a10ad-8572-4c1d-a8d9-df75d894ad41,1,Customer support could be more responsive.,-0.807,"[""communication""]",2025-10-26
f5f72039-6825-41b4-b523-b4d572076b89,124bd83d-5184-4007-bb65-d189bf5495e8,174f42ee-924c-4e6e-9ae4-80a7c6571e7d,4,"Great service, delivery was on time.",0.799,"[""delivery""]",2026-06-15
6dd70a05-8695-48c9-8c70-fd1ab960e596,07f4921e-099c-4d48-9e53-ec1b8c15bf6f,85cea5ae-606a-43be-b691-848c230261de,5,Very satisfied with the rental experience.,0.683,"[""service"", ""pricing"", ""communication""]",2024-11-24
7a3b5929-3bbe-43ad-a755-bc807aea4895,1e991cc8-c30a-4746-820d-c630e21ff5be,5b5b9149-1530-4e47-8c76-19431d6c388c,2,Equipment had some issues during operation.,-0.509,"[""service"", ""delivery""]",2026-04-15
da9cff4b-1ec2-407d-b38a-066d386ab2ab,051f3965-8927-4e21-aa88-d1eaccf7ff9b,ef7bfe28-4497-4c1d-ac2a-afd00b20341c,2,Machine needed maintenance during rental.,-0.308,"[""communication"", ""delivery"", ""service""]",2024-12-21
71ddf693-1846-4ecf-becc-72b4f3b3a5b7,3c7c2248-73d0-4b68-ab2a-0009500b2fc5,d22403f1-25bc-4a6b-ad16-ede6ffbb916e,3,"Decent experience, room for improvement.",0.412,"[""service""]",2025-11-10
b81291c9-8b34-433b-94f4-dbd8097122ec,0947586f-39c5-4479-a564-3d1a8d05415a,9fcc6f9b-2e0a-432a-b265-774060907a67,5,"Professional team, will rent again.",0.827,"[""equipment_quality"", ""communication""]",2026-07-16
b5ed04f7-6537-45d2-9849-9fd7dcdaf80a,694fca20-72e6-47d5-b246-acc57eb09b95,c50161d1-39f1-481c-aefc-fa307715df6f,4,"Professional team, will rent again.",0.664,"[""equipment_quality"", ""communication""]",2026-07-14
96b79811-9c28-4bfc-97c2-37584026105b,b9c115e9-ca7b-47d9-8da3-3bcc260b618a,1ae6d46a-4bbc-4818-8870-87c4d72fe06c,4,Machine was in top condition.,0.702,"[""delivery"", ""service"", ""communication""]",2025-06-18
ef1dd346-fdcb-4f33-a29f-1d17d5b2af11,66c02283-de0d-46f3-b44b-99873c9895d9,4a4a7ece-3532-45bf-86e4-3bfdcf6013d4,4,"Great service, delivery was on time.",0.859,"[""communication"", ""pricing""]",2025-11-27
7a010da1-085b-4d84-957c-04ea698d6268,4ecea141-5d6c-46e0-93f0-274c9ede4ec1,92ef737e-ee35-4ad1-bcc6-9d64db5e7877,4,"Professional team, will rent again.",0.644,"[""pricing"", ""service""]",2025-08-06
c4052116-b256-4006-9875-ab63d1d4627c,df18fe4c-7ed9-4647-9f9e-eaf8a4c7c1a9,12d2cfaa-e9e7-4b60-a912-bdefd684978b,3,"Decent experience, room for improvement.",0.252,"[""delivery""]",2026-04-27
164c6ab8-de01-45e6-9ea1-1a044e934e77,07f4921e-099c-4d48-9e53-ec1b8c15bf6f,b4ff3dc8-ba18-4c85-8eff-2224e8342b04,4,"Professional team, will rent again.",0.803,"[""pricing"", ""equipment_quality""]",2026-02-05
6a1962bc-15b2-4c14-8c3a-7f2775952b4b,76a223e8-47e7-451d-aa7e-11ea4bd8b7fc,73934dc2-c472-4cc4-95ab-6a362e57c474,5,"Excellent equipment, worked perfectly on site.",0.67,"[""equipment_quality"", ""pricing"", ""delivery""]",2025-10-17
6911b834-7ea4-4a11-8eb1-c7f61f6122ec,3bdc9a49-d23d-462a-81fc-e0a0c85272e3,7b877d79-f882-42b6-b1b5-9c9a7310cff2,3,"Decent experience, room for improvement.",0.55,"[""equipment_quality"", ""delivery"", ""pricing""]",2025-05-07
7132f10f-9b2b-4b71-a363-034c0a95954a,82ea7a64-63ee-4c10-80a6-fdcc7d322da6,6bdfcd1a-edbc-463b-993f-99f71ec6e63c,4,"Excellent equipment, worked perfectly on site.",0.988,"[""equipment_quality""]",2026-04-10
d8e8916e-23f3-490c-9104-56a4820cc80c,76a223e8-47e7-451d-aa7e-11ea4bd8b7fc,1596772f-4808-4856-b42b-dc04f6224a89,5,"Great service, delivery was on time.",0.953,"[""service"", ""equipment_quality"", ""delivery""]",2025-07-01
008244a9-a5bb-40ac-9176-00e8b9b855cb,abb0a010-dc9d-46bf-ada3-b3cd0a1a2f0e,2b06411f-bf87-454b-8d18-c2d66b0e8c98,5,"Excellent equipment, worked perfectly on site.",0.665,"[""communication""]",2025-06-30
4681d72b-dfc2-4e8b-a527-208d680d78f4,6571075a-673b-49e1-ae95-2c30b0df2081,8dea3930-f71f-4a65-9679-812bc009ecb0,5,Very satisfied with the rental experience.,0.948,"[""communication"", ""delivery""]",2025-12-15
0fa89815-9ea3-487a-a432-c4ff2b4ec5d7,8a6e77c0-52cb-43a5-93a6-040dcddc850e,47c59ca5-511a-403a-8e15-0bf3df5d0b99,5,Machine was in top condition.,0.708,"[""communication"", ""service"", ""delivery""]",2024-12-05
4fab419d-9a19-4c48-aecf-bf6950e662e3,421634a2-1632-4e68-8f4c-2c882284ce4a,8262c9a9-6d44-4fbd-bfef-9f3d3c080081,2,Customer support could be more responsive.,-0.606,"[""communication""]",2025-07-22
46d84b58-68e9-43c8-9e47-075b29336fe9,2c6b1689-bda3-4937-9079-0d528e35dbbd,59b3974c-1e48-436d-a569-89c2ce17f920,5,"Professional team, will rent again.",0.819,"[""pricing"", ""service""]",2026-06-20
8f0779ba-958d-4bba-94d4-d4893a2b4a74,0cc7ed25-943f-419e-b55d-809703859fb0,ca42f3cc-16fe-4ba9-865e-94fe9e3d5dd7,5,"Excellent equipment, worked perfectly on site.",0.868,"[""communication"", ""delivery"", ""pricing""]",2024-09-18
c7d1c674-d126-4fdf-b8cf-709046b947d0,6c9fc10c-2676-4cb2-a180-6b6c7d05b723,e7444a94-416e-4806-88c5-adc08b1626c4,5,"Excellent equipment, worked perfectly on site.",0.661,"[""equipment_quality""]",2026-05-22
17ceb7c1-ab67-40eb-8109-f185b3d236e3,b0cfe83a-9793-4c65-8cc8-0cd6ce6d9bd1,1e3a915e-67dd-41f2-a1b1-db37b31bb915,3,"Decent experience, room for improvement.",0.392,"[""communication"", ""equipment_quality"", ""service""]",2024-11-06
d5081088-744e-42fa-98b5-51f259c3dc59,33837d43-76dd-4f9e-b1e3-f1845b7bbc95,6021c008-c41f-4351-9025-a76f4ec4bfad,4,"Excellent equipment, worked perfectly on site.",0.946,"[""equipment_quality"", ""delivery""]",2025-10-15
196c6376-dea9-414d-bd40-ebd9eaed0d39,30012bd6-63e1-4c37-9f7c-71cb2aede345,241b16dc-9489-4d6d-96c6-4042a15ac2ad,5,Machine was in top condition.,0.66,"[""service""]",2025-08-20
b18c4744-1cd8-45f0-a581-b378500e0cc6,08463e2c-bb4c-4072-9776-41809b410c82,0d17b7ae-5fa7-4301-b670-13bebd996b62,3,"Decent experience, room for improvement.",0.356,"[""delivery"", ""communication""]",2024-10-20
afe22b36-00a5-4757-8a17-bb1f23b86060,654dddf4-fb54-4de8-bed2-79ced8278028,2b6872d5-eee1-4e16-a269-bad3b5eea371,3,"Decent experience, room for improvement.",0.388,"[""equipment_quality""]",2025-06-24
a516594b-539d-4669-8513-ac2afd533cbe,6977c136-837c-44cb-9bf0-0a3ee8532eb4,d1f68189-a6f8-4930-9430-cac7b4628644,4,"Great service, delivery was on time.",0.824,"[""pricing"", ""service"", ""delivery""]",2024-10-19
7368d3a7-7097-4e88-af25-fedca2dbf718,d0420392-03f3-42b2-92a6-b48642f1eb9f,6277dc98-871c-47a5-86fb-25d6dbad90fd,5,"Great service, delivery was on time.",0.65,"[""service""]",2025-06-15
2bb58de8-70ea-49fe-b1bc-f64d06785b38,ff5c59ce-b7d4-4309-8726-dbeb94e2dd91,77043c30-b72f-474d-a16a-b4a4903026b9,5,"Professional team, will rent again.",0.874,"[""delivery""]",2026-07-10
d727ac33-863c-42f1-a2d6-d4c125c0eb84,edcd7270-7c38-4e2b-a544-37d79eae44b4,d684f10d-5b1b-4d16-ab71-9068ea059edc,4,"Professional team, will rent again.",0.612,"[""pricing"", ""service""]",2025-09-26
54dd03d3-e73c-4962-aa3e-302c9c97b4b5,c9300334-c177-4f75-8b92-06f96c003057,30662683-67bf-4bbd-ab84-f2f5e3b1a26d,3,"Decent experience, room for improvement.",0.269,"[""pricing"", ""delivery"", ""service""]",2026-06-29
4bbdf3ee-f836-4330-b9b0-4e2a0846400b,08463e2c-bb4c-4072-9776-41809b410c82,28fe598b-f1b5-498b-888a-521649b8e592,3,"Decent experience, room for improvement.",0.229,"[""communication""]",2025-08-17
d99bc78e-a31b-4aae-a0a6-080346c9e90e,4136fcc5-d418-41b8-ae83-3c128d430cf9,4f0c1512-88e1-4bd5-a6a7-8bf451a500ef,4,"Excellent equipment, worked perfectly on site.",0.83,"[""delivery"", ""communication"", ""pricing""]",2025-05-09
d5006074-3c35-4bb4-a0de-7280b48a2f28,b00e9788-a39e-4b89-81d7-403c66ee6f0a,70b891f1-e100-4f7e-b56a-6a8053898d6c,1,Customer support could be more responsive.,-0.106,"[""pricing""]",2026-02-02
d1551b32-b0da-4487-b418-542fcf470263,f110fe84-2852-439f-b05d-e68449065be4,e062c291-c5c2-43e5-9859-ef8fca3f8ff0,5,"Great service, delivery was on time.",0.892,"[""delivery"", ""equipment_quality""]",2025-04-18
7c97060f-c1c5-4348-ace3-844222e8d5d5,cfda6bfa-1868-40a5-b8ca-6081459e10d8,d7825307-2012-44bc-9896-5160b5bc09e5,3,"Decent experience, room for improvement.",0.303,"[""communication""]",2025-02-17
00f61275-702a-4b71-9f38-106f70e3559a,421634a2-1632-4e68-8f4c-2c882284ce4a,8ea7cf37-fc4a-4358-81cf-7b4d98cfed99,4,"Great service, delivery was on time.",0.922,"[""communication"", ""pricing"", ""service""]",2025-11-14
cedfa8da-7694-48e9-9091-85a80a1358b9,b0ceb5f8-ad0e-42f9-a554-1960a0ed8997,5218dec5-bb6b-4273-8ce1-83443ea196b0,2,Delivery was delayed by 2 days.,-0.199,"[""equipment_quality""]",2025-05-03
fb816667-ffa8-4a06-ba3a-00ef5cc20e98,4aafaf10-24f7-4d03-90f9-189f498d73df,d4d466ec-e2d9-4a3e-9122-7c524d31816d,4,"Great service, delivery was on time.",0.964,"[""service"", ""pricing"", ""equipment_quality""]",2026-01-28
4c51449e-63a0-49bf-958c-94aeddd779c7,903f381d-cf42-442d-b02b-9a4b7e7495cd,a837e4de-e4da-409b-aa9a-2de42bf05d68,5,Very satisfied with the rental experience.,0.67,"[""communication""]",2025-11-12
8028088f-e45c-4bc3-97e0-c4596ffb6469,217454e0-ca62-4221-8833-9a8a0541a408,bbd1ff51-a637-41d2-ae25-1574cb42e34b,5,"Great service, delivery was on time.",0.847,"[""delivery""]",2024-09-09
63804d52-2c9c-4738-9011-fdd44e1277a1,07f4921e-099c-4d48-9e53-ec1b8c15bf6f,a75e72cd-e200-442c-8135-6e0648d19f83,4,"Great service, delivery was on time.",0.613,"[""communication"", ""equipment_quality"", ""pricing""]",2024-11-11
8ad0b430-d29d-4dc4-9f41-f51ccfbf7017,4236e673-ef5d-4ba1-94df-857605a8084d,a699a437-4eb9-447e-aca2-ba18964ab68e,5,Very satisfied with the rental experience.,0.829,"[""service"", ""communication""]",2025-11-22
e4fed0ea-1371-4180-b14b-063be219cc1e,2b04ea90-4ead-4b58-912d-a64ec9694a0c,b9a9a800-4f3b-443d-8f13-95c52d4a430a,3,"Decent experience, room for improvement.",0.586,"[""pricing"", ""communication"", ""service""]",2026-01-16
cfb2e364-3266-4081-b375-a80746b65a3b,4212e07a-0023-405f-9bf2-105bc07b5250,a8db4c35-4745-44a0-becf-4a7e13f339fe,4,"Great service, delivery was on time.",0.944,"[""delivery"", ""equipment_quality"", ""pricing""]",2025-06-13
6cfc0681-d2a9-4309-817f-82dbe2e006e3,3f483723-85eb-43fc-aa06-a41e4b92850a,7256c7d2-ce88-4249-80eb-0d71cbe7311f,5,"Excellent equipment, worked perfectly on site.",0.74,"[""service"", ""communication"", ""equipment_quality""]",2025-09-20
4eaacf8a-d670-4697-99f3-9968ae04528a,08205d3f-5e37-43de-aea8-0aca3ee7469d,3f81b705-64aa-4bd9-948d-59f9971a2108,4,Machine was in top condition.,0.789,"[""communication"", ""service"", ""delivery""]",2025-02-21
c2ac0f2b-f1c0-4ef4-a4f4-04407870c7eb,a5fcd9c2-0c09-4826-8cf7-928389e787ad,002400be-5d65-41a5-860a-956a9f9f9cc7,5,"Great service, delivery was on time.",0.956,"[""communication"", ""equipment_quality"", ""pricing""]",2025-01-03
7ef5e7b5-f78e-4e9e-923d-32c024beb045,0cc7ed25-943f-419e-b55d-809703859fb0,94f16c6c-2945-4400-9101-da74911b8470,3,"Decent experience, room for improvement.",0.582,"[""equipment_quality""]",2025-06-16
3b7e59a7-a30b-459d-931f-994fe6e090d8,fa5b0920-dbe9-4b44-a70c-393ffab78137,2dcca0e1-d550-46a1-841d-703821ec500f,5,Very satisfied with the rental experience.,0.782,"[""communication"", ""pricing"", ""equipment_quality""]",2026-05-16
11cfef10-dc57-448c-abb5-96d5ba5691fb,41143a63-c315-4909-8012-ac3adcf17520,1401aa1e-4286-4a38-9706-aba2822d85bd,3,"Decent experience, room for improvement.",0.342,"[""pricing"", ""service"", ""equipment_quality""]",2025-06-29
c265d9cf-47f5-4657-916d-d3b8d6855bbf,33837d43-76dd-4f9e-b1e3-f1845b7bbc95,5311c837-c937-41dd-a11b-85fbb7d71ecc,1,Customer support could be more responsive.,-0.896,"[""delivery"", ""service""]",2024-10-06
1e4a97ef-b57b-4934-ad0e-5d9e1fc43a73,0afc5ef1-d838-4cba-848e-160931cb192f,aa69eaee-2f09-4cae-99bb-09ff0acc4630,5,Machine was in top condition.,0.685,"[""equipment_quality""]",2026-03-16
de67d2ea-fc8c-4b9c-9ca5-2e21d3eaf7ac,b0ceb5f8-ad0e-42f9-a554-1960a0ed8997,26b06216-e36c-420f-b7d5-ae4c9c6a0e7e,4,Machine was in top condition.,0.888,"[""service"", ""communication"", ""delivery""]",2026-07-11
f58c5f0d-7895-4686-a8a8-6cff04ba72d7,dadc1591-c166-4ef7-a23b-43a8cb2c1dba,24bdc65a-c264-4649-99f1-3d2a57c22eb7,2,Delivery was delayed by 2 days.,-0.415,"[""delivery"", ""equipment_quality""]",2025-01-24
c9185968-fd7e-4e25-8aae-3521a1f4e4cf,694fca20-72e6-47d5-b246-acc57eb09b95,139eef34-c6d7-4fd5-ba83-79b2dbb7894b,4,Machine was in top condition.,0.629,"[""service"", ""communication""]",2024-12-26
504b52e7-b53b-45f6-b361-e82532788fa7,654dddf4-fb54-4de8-bed2-79ced8278028,8b1b9767-34e0-42a4-81ce-fa589eca8813,4,Machine was in top condition.,0.701,"[""pricing""]",2025-12-22
9bdf152e-4a1d-41ad-90a8-3cc8da57d7c8,ff5c59ce-b7d4-4309-8726-dbeb94e2dd91,89ca8b1b-2490-46f9-b355-16cf446b5f92,5,Very satisfied with the rental experience.,0.769,"[""equipment_quality"", ""pricing""]",2025-03-10
6620e09e-1a84-49a9-9b0a-b2bdaa3583da,7b3f1125-9009-477e-a350-b52a7884ddc7,66caff88-2e0c-4500-ac74-de491614a516,3,"Decent experience, room for improvement.",0.257,"[""pricing""]",2026-07-07
7237c66f-048c-4b94-bc99-4365f55670d4,4212e07a-0023-405f-9bf2-105bc07b5250,a4e361b9-ca5e-4fb6-bf47-761d920dc60a,5,"Professional team, will rent again.",0.856,"[""delivery"", ""equipment_quality"", ""pricing""]",2026-03-04
f3b47f9a-47e6-4bc4-a8f6-9352f3f7ca38,c0db902a-4c4a-460d-81d9-b5e8b3c907e5,099c5a02-7209-4956-9567-a4b1a1205402,3,"Decent experience, room for improvement.",0.417,"[""pricing""]",2025-02-23
17ea4fdd-e750-4080-bc02-5e063fd30f92,76e7a621-003e-42cc-9f06-fea80a0747ca,e4eef78f-4554-40f8-ae6d-4a5775726f5f,3,"Decent experience, room for improvement.",0.377,"[""delivery"", ""equipment_quality"", ""pricing""]",2025-01-09
5741975d-14da-4fde-bb7e-c84a83e6c907,3af4598c-f599-45e0-b27b-8e366d645c50,065693ff-8ef3-408e-ae25-52fe664279a1,4,Very satisfied with the rental experience.,0.708,"[""communication"", ""delivery"", ""equipment_quality""]",2025-07-26
437526fc-0820-4a23-a9b7-e98358cb1896,37b3b1b8-ae9e-44c5-a5cc-4a5d8b3eb007,8cdc5309-2368-4b50-b87c-3848a32dd39c,5,Machine was in top condition.,0.819,"[""pricing"", ""delivery""]",2024-12-29
e451ad7f-2a00-4e15-b13b-da584f8fcd95,a9117ef3-8e70-4b83-9d0f-977338ea94ee,8f098185-246e-4e7d-af01-e7e24ab4cee7,3,"Decent experience, room for improvement.",0.355,"[""equipment_quality"", ""service"", ""pricing""]",2025-05-07
f0f1baaa-5248-4d45-a860-e853d3ff2771,1d6b8257-1728-4d7c-8d72-7d1224245aeb,70c41796-97fe-408e-b5f2-c8a108ac9349,5,"Great service, delivery was on time.",0.769,"[""service"", ""pricing"", ""communication""]",2025-05-07
66a8a527-ae30-4575-a1e7-456a36b67ff3,08463e2c-bb4c-4072-9776-41809b410c82,20c2c250-24b6-4bc3-b05b-f6e5cf2ccead,4,Machine was in top condition.,0.891,"[""pricing"", ""communication"", ""service""]",2026-06-14
fdfe8ac0-c81c-43b4-a7e7-7163c3a19329,d1eb15d7-77f7-4b80-bd0d-9739aa82f636,5752f8e0-313c-4a4d-83e6-27ccf2c647a4,5,"Professional team, will rent again.",0.773,"[""service"", ""delivery"", ""communication""]",2025-06-10
1c63e3b2-47c3-40c6-87b9-a0f6b9cc3e91,a313c410-78f1-412c-a399-2c47a873c2f9,1a6236a0-29c8-426e-a97e-b566e666513e,5,"Professional team, will rent again.",0.778,"[""delivery""]",2025-11-23
9ad769ea-0838-4d1b-99ba-b437640baf93,2fec9e6e-b82b-481d-ad04-917244574aca,d114e844-20cf-4ef8-a25b-9211239f8b0e,3,"Decent experience, room for improvement.",0.397,"[""delivery"", ""communication"", ""equipment_quality""]",2025-04-19
2926565a-b99c-4865-a1d2-e94961aad900,8e18bd5f-b41a-4396-b73a-ea2c053d6a63,b50284a5-8388-4700-b57e-ce24fe22c080,3,"Decent experience, room for improvement.",0.375,"[""service"", ""delivery"", ""communication""]",2026-06-29
96c77bcd-5be6-4d99-960c-2e6597bec663,d6aa75f7-44c7-4fd7-9ef1-afc61e81fed5,ebbefc72-ff0f-4e49-8954-a842fa8c8a38,5,Very satisfied with the rental experience.,0.702,"[""equipment_quality""]",2026-03-12
d122afc1-33d7-4157-b36b-a08723c5a6ae,1d6b8257-1728-4d7c-8d72-7d1224245aeb,2f552f41-c79d-4105-b97a-0092ed4e6e2e,3,"Decent experience, room for improvement.",0.557,"[""equipment_quality""]",2025-09-17
87a44c8b-56e3-410b-a287-8faec8844f49,db1ad761-4a3e-4989-8438-2dd4c3027c12,9993d731-4afe-4ec9-b3bb-14f97fb419d4,4,"Great service, delivery was on time.",0.646,"[""service""]",2026-02-11
4e98d92a-8055-4cb9-b450-670b8175d9ee,f6e95077-b010-4354-9b49-bc9b6f6deb5d,99de01c2-3841-4826-9639-9d4fe145c074,4,Very satisfied with the rental experience.,0.84,"[""equipment_quality"", ""pricing""]",2026-07-20
0bc5f76b-eeb3-42c3-af7b-0f67ebdfc961,7be78260-7d5a-4304-b7fa-6d79f4325c18,f7e4bdb7-2a0c-4188-abe1-d94b0e0ffa30,5,Machine was in top condition.,0.873,"[""equipment_quality"", ""delivery"", ""service""]",2025-05-13
43ba8019-3e11-4ec5-a30d-ce73bd7d4d9a,5229355e-2f81-4893-82cc-1a15fb16b26d,c4eca723-02ff-4921-a24a-8053b2513a57,3,"Decent experience, room for improvement.",0.363,"[""equipment_quality""]",2026-06-09
519617a2-c0ec-48b5-b647-9dd4b09dfae4,6977c136-837c-44cb-9bf0-0a3ee8532eb4,e602489e-e2e5-47a8-858e-79c88a2f17df,3,"Decent experience, room for improvement.",0.312,"[""delivery"", ""equipment_quality""]",2025-05-04
97da52a8-9c97-428c-8006-06dbdb91407a,051f3965-8927-4e21-aa88-d1eaccf7ff9b,232860ff-eda8-4dcd-ad8d-2b30072c3777,5,"Great service, delivery was on time.",0.621,"[""communication"", ""equipment_quality""]",2025-06-02
f9d95ca2-302a-4af4-ad00-1315902d0312,8300e3b8-4e36-4cd0-9094-c6787c5d4fb9,cc4d5304-3e0f-44ea-bb39-9d5b2899e41e,5,"Great service, delivery was on time.",0.703,"[""communication"", ""service""]",2024-09-19
77518f84-07b2-430e-b9ed-facb40987e99,6af897a0-0616-4d81-8467-83711f26ec73,d20eba1c-ce0b-42d7-8e5e-33cd6f47c664,2,Delivery was delayed by 2 days.,-0.02,"[""service"", ""communication""]",2026-05-09
70bad27c-e48f-4302-8195-6d377dd0d894,fb0c3e25-1d16-4efd-8056-2fdcdd4dd869,113e14e8-0a3f-4fb7-b278-4415199114ff,4,"Great service, delivery was on time.",0.704,"[""communication"", ""equipment_quality"", ""pricing""]",2026-04-17
d87700a3-7c38-4493-8de5-0df39a02f5a3,c200ec03-44b1-4949-8427-a625ec4741bf,6dd45aaa-2d7c-43e0-8ac8-0b1a0cad6c3d,3,"Decent experience, room for improvement.",0.427,"[""pricing"", ""delivery"", ""communication""]",2025-11-14
4b0b0137-b969-47c3-a745-f8dfbc1844a5,2b04ea90-4ead-4b58-912d-a64ec9694a0c,851f803e-5b17-4eb4-a567-c4f82a348271,4,Very satisfied with the rental experience.,0.603,"[""equipment_quality""]",2025-04-04
4f89d16d-4c4a-4bd0-9eb0-136226a02856,3025331f-701b-4c35-8cf9-a3f2e3f9a422,b0525d89-2b52-4399-bd5b-d6e8d670a1af,5,Machine was in top condition.,0.947,"[""service"", ""communication"", ""equipment_quality""]",2026-03-01
7f7c6a4c-5bcd-44fb-bf0c-f084ca13cbb0,6e2e99a4-a052-4bbe-b097-030dc3c65633,c021dc41-e2dc-4c48-8f14-9ca307271906,4,"Great service, delivery was on time.",0.817,"[""delivery"", ""pricing""]",2024-09-18
4f770271-8e81-4d9b-994c-938b3b7cb639,a9117ef3-8e70-4b83-9d0f-977338ea94ee,1b776519-ac99-4e20-b586-377d583eda04,5,Very satisfied with the rental experience.,0.646,"[""service"", ""delivery""]",2025-04-22
b310585c-3202-49bc-952d-1e3360a63167,6c9fc10c-2676-4cb2-a180-6b6c7d05b723,0cc8daf8-eda2-4188-b672-55b4bc02a1d1,4,Machine was in top condition.,0.852,"[""equipment_quality"", ""pricing"", ""service""]",2026-05-20
dcf0792b-d28d-4109-ba71-33cdf7b157c5,a1e58be3-3048-4742-80d4-9d1aed1da5ec,cbfa6c81-924e-411e-b87f-a7512aa2c0f8,3,"Decent experience, room for improvement.",0.577,"[""service""]",2024-12-24
92466ad9-74bb-4515-846c-d01dae6d8f5f,538aca8e-9280-478d-8ee0-abab8238c773,b03b09a4-8f74-4355-a229-e9f6740a0274,5,"Excellent equipment, worked perfectly on site.",0.628,"[""equipment_quality""]",2026-04-02
230d2b84-41fd-4dbd-9638-96076d015959,0cc7ed25-943f-419e-b55d-809703859fb0,7966fc26-8470-4f26-8147-32865b6fcd02,4,Very satisfied with the rental experience.,0.847,"[""delivery"", ""communication"", ""service""]",2024-12-02
02d79cc8-d4c8-48b2-a572-cfdbd425db9b,bba0a92a-9bde-4c8f-869f-eca467215e00,ef66dd44-3b1d-49e3-a83e-2ebef48049fa,3,"Decent experience, room for improvement.",0.485,"[""service"", ""communication"", ""equipment_quality""]",2024-09-26
ea8350a1-6001-471b-8047-cad99ab14761,ab04e845-df18-47cc-a8ce-c436e66303d8,3b18a59f-ea84-4031-9e4f-22597ac13bf2,4,Very satisfied with the rental experience.,0.623,"[""pricing"", ""service""]",2024-09-03
c6aaa3e6-80d8-4b92-9912-6d55f3e5f1ea,33837d43-76dd-4f9e-b1e3-f1845b7bbc95,116b8b24-4d88-41f0-81da-6e8d29bf7a32,2,Pricing was higher than expected.,-0.998,"[""service"", ""pricing"", ""equipment_quality""]",2024-10-12
cc8be63e-9121-4131-b340-a77626795afa,051f3965-8927-4e21-aa88-d1eaccf7ff9b,5bf28399-cbfd-4e3f-acfa-393d83c9f2d5,5,"Excellent equipment, worked perfectly on site.",0.651,"[""delivery""]",2026-04-07
7fad4e26-07ce-4c03-8c54-3f0aa5bb38ee,fa1aba87-5e36-4b91-8fe6-51843a62ecd6,e8fecb31-1e4c-46b0-b747-bcc75d2f69b1,3,"Decent experience, room for improvement.",0.368,"[""delivery""]",2025-10-31
ea3e04d1-43dd-4f9c-b894-151ff3d331a9,c3770f50-7096-4ffa-8ec8-3df91ff0f2c8,865b4db8-f3bb-4d8b-b5f7-bb5b5a7faa87,3,"Decent experience, room for improvement.",0.235,"[""pricing""]",2024-12-02
a4850549-d862-4550-a223-886088c886c1,d6aa75f7-44c7-4fd7-9ef1-afc61e81fed5,89f8464b-4542-46e7-9653-fe62c0097d49,2,Customer support could be more responsive.,-0.289,"[""pricing"", ""delivery""]",2026-06-26
372d5a47-8dbf-4888-b17d-7b34f536693a,23e0230e-4a39-4c08-b9b0-a6f965d67d7e,e224798b-02f2-4efb-9fce-9e7bcd0557cb,4,"Excellent equipment, worked perfectly on site.",0.706,"[""service"", ""delivery"", ""equipment_quality""]",2026-03-02
bfa9f75b-a84a-4bc7-914f-aed46876a230,6ff51d1a-5577-4866-93bf-ecc7450b9784,1ea0b706-82ea-4e54-93fb-a79884467773,4,"Professional team, will rent again.",0.609,"[""service"", ""communication"", ""delivery""]",2026-07-07
1c9379b4-fe1c-4c42-8568-e0f7c8b136f4,a313c410-78f1-412c-a399-2c47a873c2f9,05655114-574f-4a0c-9f13-1c8bc488f513,4,Very satisfied with the rental experience.,0.988,"[""communication"", ""service""]",2026-01-20
1e3b6c35-179a-4e08-a0a4-cd92fa974040,4236e673-ef5d-4ba1-94df-857605a8084d,ae99a4d3-d344-4a8a-8985-8196e5e7e24f,3,"Decent experience, room for improvement.",0.218,"[""communication"", ""equipment_quality""]",2025-12-13
e646e0be-01be-412a-8389-3c48cd3939fe,6e2e99a4-a052-4bbe-b097-030dc3c65633,eaa90cef-1a94-4c1a-815c-142eb7861204,4,"Professional team, will rent again.",0.985,"[""equipment_quality""]",2026-01-10
27ba61a3-c2eb-4eed-b81f-83faef256fb9,1d6b8257-1728-4d7c-8d72-7d1224245aeb,034c7dba-8140-44b3-914b-4f26a5129d61,4,"Great service, delivery was on time.",0.659,"[""communication""]",2026-03-19
796a75aa-7812-451b-8345-38c6b2a964f4,1ca9595e-b927-4c8b-a17f-323e0c283060,75c2c955-0fca-4a50-94dc-6db5d4ae6414,5,"Professional team, will rent again.",0.763,"[""service"", ""equipment_quality""]",2026-02-25
8eead26f-4a2c-49e7-9351-f36a4404c355,08f9d987-3b7f-4396-91af-3e88dba71842,a6d078ca-757e-41a7-863c-299296a3e645,2,Pricing was higher than expected.,-0.612,"[""service"", ""pricing"", ""communication""]",2025-02-21
43f3bf2c-61d9-4798-9320-a60305ec2398,95597854-a085-466e-a612-48423db319be,e09af081-bd09-4d6d-a4c6-323c2ad5ef17,3,"Decent experience, room for improvement.",0.379,"[""equipment_quality"", ""pricing""]",2026-07-05
855a5a97-98e6-4a5f-b4e0-74ea575fde0c,3de1dd21-eedf-4ff3-95ef-50dd9fc1147d,4cee3836-79f7-4a83-8c53-057ce7268d50,2,Equipment had some issues during operation.,-0.054,"[""communication"", ""delivery"", ""pricing""]",2026-07-07
cefed3ee-362d-4e70-b727-bedd9f323bc7,69a242bb-b019-4dae-9df7-31f6202caabe,1afafea0-ac62-43db-b15b-03508002ba11,5,"Professional team, will rent again.",0.615,"[""delivery"", ""communication""]",2025-08-17
eecbe559-87df-4860-8fe6-30826f4c4994,d299015a-a646-4e51-a52e-955471ad806a,7244a7f8-1864-46ec-bfb5-74cd77a21791,4,Machine was in top condition.,0.615,"[""service"", ""pricing"", ""equipment_quality""]",2026-04-15
9d9fcada-f3e9-48bc-ad23-b0becbd64521,051f3965-8927-4e21-aa88-d1eaccf7ff9b,017772ae-77b6-4cc1-8298-c28af97f83af,4,"Excellent equipment, worked perfectly on site.",0.915,"[""delivery"", ""pricing"", ""service""]",2024-12-09
4e1184a5-6f08-4f07-81a7-7890eb7cb47e,69a242bb-b019-4dae-9df7-31f6202caabe,00a8a397-e930-437c-8b29-ac7aa3c22a00,3,"Decent experience, room for improvement.",0.352,"[""delivery"", ""equipment_quality""]",2024-08-11
78756ebb-5121-438a-9248-1ff1833fea4c,1df6ab26-14c3-4d07-9930-529a540e9ff9,a97fb443-6d05-46fe-9ccf-066f8c8c11d1,5,"Professional team, will rent again.",0.758,"[""pricing"", ""service"", ""communication""]",2025-04-21
64129ce4-0477-4805-bb22-0c8694e18567,2fec9e6e-b82b-481d-ad04-917244574aca,2a2f5b4a-b1dc-466f-89ec-47b7a468ad95,1,Equipment had some issues during operation.,-0.342,"[""equipment_quality""]",2024-11-01
46892880-7044-4201-a638-d4bebace7d4f,76e7a621-003e-42cc-9f06-fea80a0747ca,1e2b9b60-29cd-49b9-9a5c-3161325c6ce4,5,Very satisfied with the rental experience.,0.96,"[""equipment_quality"", ""communication""]",2025-05-09
a69d68a3-455b-414f-85e6-60b39f69e10e,3d8caf5e-9d53-4f05-b29e-946dfba7efc1,78e5f0a2-0a6b-4f2b-a487-90e82f899c16,4,"Excellent equipment, worked perfectly on site.",0.703,"[""pricing"", ""service"", ""delivery""]",2025-03-13
2a8f6698-968a-4856-a7d9-5b8afa6683ee,a1601b20-3206-4485-8d36-acd9f25d2813,06d382da-a1ab-45cc-a585-a2d504af4c87,5,Very satisfied with the rental experience.,0.697,"[""pricing"", ""service""]",2024-08-30
ae2942d1-cb6d-4759-bff9-45f405ee288c,33837d43-76dd-4f9e-b1e3-f1845b7bbc95,a295d026-386b-49fa-aa83-7bde1fd05bac,3,"Decent experience, room for improvement.",0.265,"[""delivery""]",2025-06-26
5d6cb56c-f452-41f7-a374-423e7628bf95,f6e95077-b010-4354-9b49-bc9b6f6deb5d,56833499-c710-4f4e-82f5-00be9e93b132,4,"Great service, delivery was on time.",0.966,"[""equipment_quality"", ""communication""]",2026-04-26
e47801d0-eae0-4c9e-aff8-754784846c0f,ce90fa9e-b930-467c-afb9-2c0c3f5a31a8,be95d8b0-75a6-49c6-b5f0-bdaec85f7fe5,1,Pricing was higher than expected.,-0.255,"[""service"", ""pricing"", ""delivery""]",2025-09-28
df760ebd-8147-4d8a-b03a-adeb33cc726a,713a8773-913e-4531-a453-18bf5e372f56,9f38c749-dc0b-4e97-b688-e4cba3d86e07,5,Machine was in top condition.,0.605,"[""equipment_quality"", ""communication""]",2025-09-21
2b705db1-dda3-4498-8ef2-375028d3cca0,217454e0-ca62-4221-8833-9a8a0541a408,1dd402de-f599-4172-9f9d-059029374d38,4,Very satisfied with the rental experience.,0.768,"[""communication""]",2025-04-27
bb8f42a3-b377-4cd9-aac5-64a4dfae21cf,6571075a-673b-49e1-ae95-2c30b0df2081,26f42797-a3c4-42fc-a413-bd5b10724426,4,"Great service, delivery was on time.",0.836,"[""communication""]",2025-04-28
f2636bb4-7694-4661-b360-57ce0c8296f0,6b567828-70f9-42ea-aa79-c824a239f12b,19f67df6-18bf-47a0-bdff-254cb4881c84,5,Machine was in top condition.,0.79,"[""service""]",2026-01-08
1e4cf526-8b98-44a3-83ec-84002791903a,491f1311-7d04-417e-bd66-349490c29ded,ff6f660c-04e3-475a-b298-76bc033625a2,4,"Professional team, will rent again.",0.997,"[""communication"", ""delivery""]",2025-05-28
3233bb22-30c5-4cdc-962e-9e91cba19ffb,4212e07a-0023-405f-9bf2-105bc07b5250,34eb40bf-0f98-4d9a-a169-bc695afb7075,3,"Decent experience, room for improvement.",0.369,"[""communication"", ""service""]",2024-12-05
238d3c68-2e37-435f-80f9-0546e1b332c6,926a6948-12d2-420d-b960-eaaca6965dbd,62ab8eda-9eb5-4854-9487-32d817b0a347,5,"Great service, delivery was on time.",0.798,"[""pricing"", ""equipment_quality"", ""communication""]",2024-09-12
3219fc28-b15d-43f5-b90d-f2a3a3251c45,76647c96-3126-4cc2-b315-7941cdbca7f7,c9c2de52-1a35-4a07-9b9a-18396c786016,3,"Decent experience, room for improvement.",0.442,"[""equipment_quality""]",2025-09-07
7e599096-a6c6-42bf-947c-cabe93cdcef6,28627096-2515-4248-ae96-230506f08787,8c44d677-ec2e-4952-b907-c89e15f16d08,4,Machine was in top condition.,0.748,"[""service""]",2024-08-25
7a200b7f-9a02-49dc-8aa4-abbd7ec5a341,5a50c836-ec68-4aeb-9182-abd10c298a3c,9c6e0a7e-6de1-4b6a-97d9-3ad499606b47,5,Very satisfied with the rental experience.,0.979,"[""service"", ""pricing"", ""equipment_quality""]",2024-10-10
84e36406-1cc7-4335-9549-9ad14d7c44a9,8e18bd5f-b41a-4396-b73a-ea2c053d6a63,cfd79525-5c8e-4aac-914d-3b1fa30aadcc,4,Machine was in top condition.,0.786,"[""communication""]",2025-06-02
23f42cc7-822d-4df3-a481-68a74726a75e,08463e2c-bb4c-4072-9776-41809b410c82,f44b20ae-da5e-4302-a4bb-5cb3a8b1d65d,4,"Great service, delivery was on time.",0.957,"[""delivery""]",2026-07-23
7ebcc40e-7e17-4282-9c75-02c94b20d355,713a8773-913e-4531-a453-18bf5e372f56,7c86b4ca-a8f1-4ca5-8cce-08048f0ad906,3,"Decent experience, room for improvement.",0.275,"[""delivery"", ""pricing""]",2024-10-30
f4008083-cf9f-4597-81fe-34398c66acf7,3bdc9a49-d23d-462a-81fc-e0a0c85272e3,afbfeed1-ef59-4005-aff0-bd1e42ac74d9,3,"Decent experience, room for improvement.",0.276,"[""pricing"", ""delivery""]",2025-07-05
a0130a75-121a-4ec9-814a-78929987e677,528d5dc5-fa22-4054-9dfb-5f7a8114c6cd,1251a51f-6625-4629-be7c-161781437493,2,Machine needed maintenance during rental.,-0.929,"[""pricing"", ""delivery""]",2024-09-15
a9a019a7-2670-4542-8c77-1f546182469e,41143a63-c315-4909-8012-ac3adcf17520,f94c3e9c-79da-4932-a425-f16fa1cf7fa9,5,"Great service, delivery was on time.",0.872,"[""delivery"", ""communication"", ""equipment_quality""]",2024-10-24
44d5e9b7-e173-44a9-9601-dc2659586280,0a80258f-0814-4d45-819c-9430ed7647a6,5daf206e-38a3-46ed-ba10-3ebe1492bd52,5,"Professional team, will rent again.",0.758,"[""pricing""]",2026-06-26
99ae0519-4c5e-47e7-ad0a-038f2b360233,7be78260-7d5a-4304-b7fa-6d79f4325c18,becd3bbe-2bc4-437a-8e23-bbf417833d45,3,"Decent experience, room for improvement.",0.448,"[""delivery"", ""pricing"", ""communication""]",2026-07-21
21675ce2-ba8e-4abf-ba1e-093614decd37,f56dc739-0cae-417b-b7b4-5b1b8a53c810,87386d90-f93a-40e0-80c0-52653adcf8cf,5,Machine was in top condition.,0.671,"[""service"", ""pricing"", ""delivery""]",2025-01-21
6441e761-1fa2-4de5-8948-3054d13e4fef,8a6e77c0-52cb-43a5-93a6-040dcddc850e,092f1d57-9c2f-4401-9c18-83e39bbcfc69,5,"Excellent equipment, worked perfectly on site.",0.977,"[""communication"", ""service"", ""pricing""]",2025-08-29
315b4206-27b0-47cc-a62a-0cebe8641501,797a670a-c348-437e-b9f4-75e2b92ba55d,b2458f28-5111-491b-94fa-49eb3c83ba69,3,"Decent experience, room for improvement.",0.243,"[""communication"", ""pricing""]",2025-04-09
18078573-18f2-4acc-8a7c-b816e6a864b3,37b3b1b8-ae9e-44c5-a5cc-4a5d8b3eb007,81dbc54a-f75e-409c-962c-515c502906b0,2,Pricing was higher than expected.,-0.661,"[""service""]",2026-05-27
56f09f11-76cb-49af-aad4-46ec30afd50c,c952a0f2-7625-4b7e-b1c9-927504aba3d2,1a33155e-0c1f-4999-a264-c894dd2fe3cb,5,"Great service, delivery was on time.",0.92,"[""equipment_quality""]",2025-02-20
f0341480-8beb-4249-ab10-5957963e115a,8a6e77c0-52cb-43a5-93a6-040dcddc850e,7bd56dff-5134-45bc-b841-2366d2b31a02,3,"Decent experience, room for improvement.",0.395,"[""equipment_quality""]",2025-08-15
5ff9e3e5-eaca-4ef2-986f-73ab3f6a22ba,d4f0e86e-a355-434d-961a-b9597212aea3,4a223443-eb22-43db-80f8-2f4c68128f4e,5,Very satisfied with the rental experience.,0.722,"[""equipment_quality"", ""delivery"", ""service""]",2025-10-24
9bb0df84-4810-44fb-a5bc-3677dc023ba8,a14deceb-f9b0-4286-a069-9c291a911000,28b27612-fb16-4c73-87c1-b61fa6597c64,5,"Great service, delivery was on time.",0.753,"[""delivery"", ""service"", ""pricing""]",2026-01-06
b85db4c6-8f84-49e1-af00-e0d433491001,37b3b1b8-ae9e-44c5-a5cc-4a5d8b3eb007,c2d2ecfd-6d41-4249-90dc-4af1d1555992,3,"Decent experience, room for improvement.",0.32,"[""equipment_quality""]",2025-07-04
52691778-163e-4e63-836d-83886351f939,538aca8e-9280-478d-8ee0-abab8238c773,92e41bb1-53fe-492a-ab91-9068a78b2145,5,"Great service, delivery was on time.",0.745,"[""service"", ""delivery""]",2026-01-24
c5cea3dd-8d1f-48af-a0e7-aa9b41a5eed6,4136fcc5-d418-41b8-ae83-3c128d430cf9,cd2b819b-329c-4348-8325-f434943f249b,1,Delivery was delayed by 2 days.,-0.496,"[""pricing"", ""communication"", ""delivery""]",2025-03-26
71f1e4bb-8e8a-4338-83d2-dd547a7b6129,66c02283-de0d-46f3-b44b-99873c9895d9,4aa6d48d-763c-4f54-8794-e7e6e757f332,5,Very satisfied with the rental experience.,0.913,"[""service"", ""pricing""]",2025-10-18
43921d6d-72cc-4c9e-870a-e6f8653557f2,bba0a92a-9bde-4c8f-869f-eca467215e00,ba743965-0fe2-4a8a-870b-02fb7f31367e,3,"Decent experience, room for improvement.",0.477,"[""pricing"", ""delivery"", ""communication""]",2025-04-06
2e14dcac-1616-4864-8ec3-401ba2920b49,6af897a0-0616-4d81-8467-83711f26ec73,a6698a4d-486c-41a9-9a7e-e16c6be32929,4,"Professional team, will rent again.",0.607,"[""service"", ""equipment_quality"", ""delivery""]",2024-12-21
9f683430-6890-41b7-b3f6-346ec1462f3c,b0cfe83a-9793-4c65-8cc8-0cd6ce6d9bd1,6c96a526-3235-4a0e-8a05-69a075efa3c9,5,"Excellent equipment, worked perfectly on site.",0.699,"[""delivery"", ""pricing"", ""equipment_quality""]",2026-07-11
e2d8f657-2974-4bd0-b5e1-a323f2055617,3bdc9a49-d23d-462a-81fc-e0a0c85272e3,48be9ca4-a19a-4e80-a64c-6c8d8cc3eb16,5,Very satisfied with the rental experience.,0.787,"[""service"", ""equipment_quality"", ""delivery""]",2025-05-28
a7e5a3a6-4a03-4384-8478-fd761e6847df,1ca9595e-b927-4c8b-a17f-323e0c283060,59ad440f-a461-4d2f-a550-d108e3f4bb6a,5,"Excellent equipment, worked perfectly on site.",0.699,"[""communication"", ""delivery""]",2024-09-28
aba5b554-ec86-4d0b-ba2e-db4e1a119ea7,f12b1437-9c22-4bfa-b116-3f739dea41e7,cec239bd-5123-4690-b699-1e200c1b7ce5,5,Very satisfied with the rental experience.,0.629,"[""delivery"", ""communication""]",2025-10-22
cd6d16e3-749f-46a8-9ab1-bab15f6ed4e4,80dd0ed4-9c7d-48c0-8339-6e503fe87e92,ecc8bdd7-ca31-45ca-96a0-fc4ebea0f014,4,"Excellent equipment, worked perfectly on site.",0.949,"[""pricing"", ""delivery"", ""communication""]",2025-08-03
8a251fa4-5830-4727-9e83-1e2b3b8223ec,08f9d987-3b7f-4396-91af-3e88dba71842,9ab3d62b-0655-41c6-9092-4037bcbdd5d5,5,"Professional team, will rent again.",0.761,"[""communication""]",2025-04-02
5c0a771f-135f-4e2d-bb1a-195784c416fd,37b3b1b8-ae9e-44c5-a5cc-4a5d8b3eb007,c613b404-5d8b-48cd-9768-919c2dfa2fc9,3,"Decent experience, room for improvement.",0.359,"[""delivery""]",2025-09-17
3143e473-77d5-403b-96a1-5d6087a4e826,658a2bd5-925b-42d9-823c-60e9272f02b9,36718d39-01ef-4cb3-a460-0e54cd826aa4,5,"Excellent equipment, worked perfectly on site.",0.909,"[""service"", ""delivery"", ""communication""]",2025-06-24
2e0e958e-ff4e-4114-804f-49219b054874,538aca8e-9280-478d-8ee0-abab8238c773,952aef4e-09dc-42be-aaea-b661f224013e,1,Pricing was higher than expected.,-0.467,"[""communication""]",2024-12-25
e7b35300-42e7-449c-8c7c-d7e5cb428a2f,abdec9da-09ae-4e7c-9e1a-2021fa40b6fb,c9ad9a09-9110-4fc2-87bc-dc90d9727e53,5,"Great service, delivery was on time.",0.739,"[""service"", ""communication""]",2026-07-22
a1e221e5-6026-4dcf-8719-561c963cdd3e,cb30a089-6b70-4abd-b732-eb89a8b5902d,f5c082d2-d166-4463-8035-5d0efb16b7a7,4,Very satisfied with the rental experience.,0.619,"[""service""]",2025-12-12
8b01d1ee-4c74-4ab1-b1ef-2873b1d2f1f9,2fec9e6e-b82b-481d-ad04-917244574aca,7b596526-937e-492a-af47-73568feaef29,4,"Great service, delivery was on time.",0.811,"[""delivery"", ""pricing"", ""equipment_quality""]",2024-12-24
3b5822e2-a809-4709-a562-de4259d18b4e,b0ceb5f8-ad0e-42f9-a554-1960a0ed8997,e6fb9dc6-4d66-4a19-babe-db3f1b3670d2,3,"Decent experience, room for improvement.",0.217,"[""pricing""]",2025-12-22
21cb6757-432a-4379-b3b5-af82bee61280,b81ba5de-7041-49e7-a3f5-37f7f61d59a4,5401b0d1-2fa3-4fac-be62-7dc4a6b9a834,4,"Professional team, will rent again.",0.612,"[""pricing""]",2026-05-17
b0da2ef4-4073-4972-929c-0c52e2cce165,528d5dc5-fa22-4054-9dfb-5f7a8114c6cd,e2690b2c-4516-4ad7-9dfd-770cbc058a5b,3,"Decent experience, room for improvement.",0.3,"[""pricing"", ""communication""]",2025-11-16
e76a5058-d49e-4b2c-a667-d848b3b974a9,41143a63-c315-4909-8012-ac3adcf17520,f6f33f12-d158-4eff-9c74-40bb38fe2b7b,2,Delivery was delayed by 2 days.,-0.361,"[""delivery""]",2025-12-31
f021eada-9d7d-42a4-b717-f5c283507528,e7def941-4235-4802-83bb-ab6146c36cda,440fb5cc-689d-46ca-a57f-6d7dfdf8a031,1,Delivery was delayed by 2 days.,-0.766,"[""delivery""]",2025-03-02
ceb215af-4ddc-4743-a64c-48f3d0b27a40,2b04ea90-4ead-4b58-912d-a64ec9694a0c,976759f4-86aa-4f14-a4f9-80dc0d0deefe,5,Machine was in top condition.,0.67,"[""delivery""]",2025-02-13
925d55cb-02ce-44fc-995e-e56d93b451bc,b9c115e9-ca7b-47d9-8da3-3bcc260b618a,d201fdfd-76f5-4fa3-80d6-b0079de0f177,5,Very satisfied with the rental experience.,0.987,"[""communication"", ""delivery"", ""pricing""]",2026-01-09
3e109ea3-4939-41e6-ae36-f985fda9dc6a,9ad4451e-ad14-4dad-a808-cd0a259d20eb,9abd50d2-6a6e-4759-8d17-53becd551f48,4,"Professional team, will rent again.",0.763,"[""communication"", ""delivery""]",2024-12-15
569cd0db-afb5-49e3-8d91-75337fc478f0,08205d3f-5e37-43de-aea8-0aca3ee7469d,d6dedda9-0f20-4aa6-bb01-06cdc2126b52,4,Machine was in top condition.,0.731,"[""communication"", ""pricing"", ""delivery""]",2024-10-19
22c7cea6-b773-4d53-a1b4-7ed62afb9ea5,3bdc9a49-d23d-462a-81fc-e0a0c85272e3,105c6dcc-b5f0-43b0-b6c2-15f77393a34e,5,"Professional team, will rent again.",0.603,"[""equipment_quality""]",2025-08-05
a78b5f6c-d827-487d-b4a5-fc29220f5541,4212e07a-0023-405f-9bf2-105bc07b5250,c7aa8253-bc14-4563-af86-6cae4c2c2bea,4,Very satisfied with the rental experience.,0.628,"[""service"", ""equipment_quality""]",2024-09-05
22c55af1-5270-4f7d-a02d-dfee36fa0a56,33411ea5-6f70-4054-81aa-fb7279cc456e,7421925d-ccf0-47b9-b58e-f2b5309ef95f,2,Machine needed maintenance during rental.,-0.409,"[""pricing"", ""delivery"", ""equipment_quality""]",2025-08-25
fb532dfe-8f7a-4be5-b2f6-765461d120ec,0f13ce4b-33a8-4e88-aa71-9d5000ba5158,ef029442-52c9-43c9-8f1f-59c448ac09f4,2,Machine needed maintenance during rental.,-0.76,"[""equipment_quality""]",2026-04-23
ff852be2-5ee8-47c2-b09c-935cd3313e41,6eff4e51-9b25-4fc1-896e-b88762a13160,aee0ed57-5c50-443f-8e09-a15ebbbb376d,5,"Excellent equipment, worked perfectly on site.",0.642,"[""service"", ""communication""]",2025-11-01
48f05975-c0fd-43f4-90cd-430d8d93fb74,503ca1d3-a10d-40ee-a3fa-d96d29036cef,7daf114e-3b25-4e4b-99c2-8e64bb5e5a41,3,"Decent experience, room for improvement.",0.212,"[""equipment_quality""]",2025-11-08
384f99d6-cabe-4eb4-bf0b-1841a0ebbebc,8a6e77c0-52cb-43a5-93a6-040dcddc850e,2137ac40-817d-483f-98c9-df7319ba3ca6,3,"Decent experience, room for improvement.",0.595,"[""service""]",2025-12-31
322f347b-63ca-4000-a594-a90c2899b356,199ab532-fb75-4ff6-bfbc-e060064f2799,7c742300-5562-432c-a696-dd73d42b3ff4,5,Very satisfied with the rental experience.,0.611,"[""pricing"", ""delivery""]",2024-10-25
0772101d-cdd8-4f5e-965c-96ee355af756,ebdee9fd-d8e7-4a19-b327-be6d80cab435,69856688-8277-4b50-89b8-bf11495aa525,1,Machine needed maintenance during rental.,-0.322,"[""service""]",2026-01-19
4f6c6886-bd74-454c-a0c4-078358a1801a,ebdee9fd-d8e7-4a19-b327-be6d80cab435,6b2d4656-f1c4-49a7-9ff3-f86bb76e5ffe,4,Very satisfied with the rental experience.,0.957,"[""service"", ""equipment_quality""]",2026-06-23
6fce4efc-37ca-4d4e-a5f8-f4b764dd3729,4cf6ec55-a7f7-463a-b26c-5fa9ecff193c,886d8fc5-8cd7-4790-b00e-456246a3abcb,3,"Decent experience, room for improvement.",0.239,"[""service"", ""equipment_quality"", ""communication""]",2024-09-24
177e6e48-2cce-4797-8b08-5b521a4ff917,b00e9788-a39e-4b89-81d7-403c66ee6f0a,bed4b543-5351-4d87-99bf-bf94668fd57e,4,"Professional team, will rent again.",0.703,"[""communication"", ""service"", ""delivery""]",2025-03-27
3dad9342-b634-478e-9270-5f299c5d527c,6b567828-70f9-42ea-aa79-c824a239f12b,0784fce7-5d65-4a3c-a633-567c9ece148c,2,Delivery was delayed by 2 days.,-0.273,"[""service"", ""equipment_quality""]",2024-11-05
553c93ee-5955-499c-a521-eb2d329753e0,8d29907d-1109-404c-8316-4e748e853fa9,da60d31d-9d28-4059-813a-a9e8b40aae1d,5,"Great service, delivery was on time.",0.908,"[""equipment_quality"", ""pricing"", ""communication""]",2026-02-11
42fd694d-7eab-420e-90c4-72516794c6fa,f12b1437-9c22-4bfa-b116-3f739dea41e7,9ae93556-8d96-48ba-98fd-c05e77ddbfbc,4,Very satisfied with the rental experience.,0.906,"[""pricing"", ""communication""]",2024-09-03
6611dad1-1ddd-4020-b8d0-195775d07d4b,2a04ff3f-9519-4a1a-8315-3684798f5345,58a73276-9b42-4b61-8491-0458a6bdbaf7,3,"Decent experience, room for improvement.",0.362,"[""service"", ""pricing""]",2024-12-29
b4c29854-da86-4a7d-b929-fa95961ba387,8a6e77c0-52cb-43a5-93a6-040dcddc850e,918bbfc4-a88b-4855-852c-36f6453b7bdd,1,Pricing was higher than expected.,-0.374,"[""delivery""]",2024-09-22
970fbf94-436e-4313-a601-14325022556a,6eff4e51-9b25-4fc1-896e-b88762a13160,c2962b9a-3fc5-4c1d-af24-aadd94e49f85,3,"Decent experience, room for improvement.",0.365,"[""equipment_quality""]",2026-07-06
46976161-593e-4e6a-9640-343eb6deb6cb,5bbb14cf-9dad-4bbf-8aed-4e2e30dfeb16,8d808b2d-5fb4-494d-bb51-801ba478d8d7,3,"Decent experience, room for improvement.",0.559,"[""equipment_quality"", ""service"", ""delivery""]",2026-06-17
ee28f332-1c9e-4156-bc13-a944f8ab6067,95597854-a085-466e-a612-48423db319be,e8f769bf-2b3d-4a26-ba60-ff27a42bfc04,4,Machine was in top condition.,0.65,"[""communication"", ""service""]",2024-10-03
aba836ec-0622-4c8c-995f-f9112d52fce8,d1eb15d7-77f7-4b80-bd0d-9739aa82f636,d32b98cd-d964-4f80-b4d8-0f4e166ee5a4,4,"Excellent equipment, worked perfectly on site.",0.87,"[""service"", ""communication""]",2024-10-20
27309fd7-e965-42e8-825f-19443d2e1a43,3f3bf212-52e9-4b36-94a9-cb6ebb4feab1,9ab1f5df-77cf-450c-b0bc-8bf29d350835,5,"Professional team, will rent again.",0.619,"[""pricing"", ""communication""]",2025-11-26
c4434caa-0d71-401a-84c6-bd70bcfa92fb,abef463b-a7a9-4e1a-a64f-c53d41cebf1d,35347199-5008-4225-bdff-cdbc79ab3a82,4,Very satisfied with the rental experience.,0.989,"[""pricing"", ""equipment_quality"", ""delivery""]",2026-06-20
4cb055f9-b094-4c8d-9033-69b245fe9022,84428284-9b3a-43cd-a5fd-befb2cf188b7,12731bb7-ebbc-451d-bf25-25b8c5a66bdc,5,"Great service, delivery was on time.",0.663,"[""communication"", ""pricing"", ""equipment_quality""]",2026-07-13
ec2204eb-23b0-4b9c-8865-30563eac72f3,6ff51d1a-5577-4866-93bf-ecc7450b9784,59184880-e1e0-4d94-8f13-19792bafd39f,5,"Professional team, will rent again.",0.817,"[""delivery""]",2026-01-04
321fd2ff-cfad-45d3-9ebc-f51aadf7f32a,538aca8e-9280-478d-8ee0-abab8238c773,6a9a20f1-ad2c-464c-a727-bb0d6e9c93fb,1,Customer support could be more responsive.,-0.579,"[""delivery""]",2025-10-20
b198b7b4-3f40-4a8b-a948-af7550e7551a,03bbff31-a890-4d49-a6df-3269f635750c,33f8af8c-53de-492a-a5a2-1d090bbd6391,3,"Decent experience, room for improvement.",0.26,"[""equipment_quality"", ""delivery""]",2024-12-10
55697211-c033-4e0c-be86-fa9b4472b7fd,5b32d7b1-04db-48ac-aaf5-d121a60ded76,e8d1d8ae-346a-4c98-829d-900575b250be,3,"Decent experience, room for improvement.",0.568,"[""delivery"", ""communication"", ""service""]",2026-03-01
3ba372ea-fd36-4e13-a6d6-67b172f3e80a,2c6b1689-bda3-4937-9079-0d528e35dbbd,61e6c37f-0855-4f0a-ac2d-f4fa76bd6796,1,Equipment had some issues during operation.,-0.309,"[""pricing"", ""service"", ""delivery""]",2025-03-19
a1c3c50a-bf4f-4c4f-b387-472f0b216936,875ba428-18a8-4688-8ae3-6f0274a5017b,97e8a0c1-6010-4810-993f-8967feadaaa7,3,"Decent experience, room for improvement.",0.561,"[""service""]",2025-03-15
ff6d9f0c-9c81-4086-973b-6b86c83e3d19,1d6b8257-1728-4d7c-8d72-7d1224245aeb,6832165f-8ad6-4e85-afc6-e9488bac1267,4,"Excellent equipment, worked perfectly on site.",0.911,"[""service""]",2025-02-26
464535c4-f677-4167-9c4b-edaa08799cd6,3bdc9a49-d23d-462a-81fc-e0a0c85272e3,c7528d14-3eaf-45f4-9347-58b3d0260911,4,"Great service, delivery was on time.",0.958,"[""pricing"", ""delivery"", ""communication""]",2025-07-30
b2540eba-945b-4e1d-bf51-07baca6ca73d,528d5dc5-fa22-4054-9dfb-5f7a8114c6cd,4aafb0ab-d9cc-4260-94d5-691a8a032bd6,5,"Professional team, will rent again.",0.909,"[""pricing"", ""communication""]",2024-12-26
222c3dcb-f1d9-4e29-bf39-1524c10fc3ff,bd93a9bb-94e7-4f6d-8f65-2dcf2da5d86b,8ec84f98-c466-48df-9831-0c135f537cad,4,"Excellent equipment, worked perfectly on site.",0.851,"[""delivery""]",2025-03-07
96fe296e-7484-4517-ab56-4506c815c204,6977c136-837c-44cb-9bf0-0a3ee8532eb4,de9d7c2f-f8f7-40c8-b2af-b5fd47a59461,4,"Excellent equipment, worked perfectly on site.",0.877,"[""pricing"", ""service""]",2025-06-02
03630a6f-a33f-4bd4-b063-d0139cf22ea2,07f4921e-099c-4d48-9e53-ec1b8c15bf6f,4141b2cd-774e-43d2-9b94-33e06b8031fb,3,"Decent experience, room for improvement.",0.562,"[""equipment_quality"", ""communication""]",2025-05-20
fce61500-7dd2-42b5-8bf9-b924b34c1e27,f56dc739-0cae-417b-b7b4-5b1b8a53c810,2080e7da-9467-493b-8f67-036128dbbf1b,3,"Decent experience, room for improvement.",0.337,"[""service"", ""equipment_quality"", ""communication""]",2025-05-16
9f4d137e-bc9e-49e8-ba7a-a6b1d3d3874e,08205d3f-5e37-43de-aea8-0aca3ee7469d,bc6732de-4dee-483c-a12e-3e0301ba2a6b,4,"Professional team, will rent again.",0.923,"[""equipment_quality"", ""service"", ""pricing""]",2025-01-29
5d6ce7fb-af39-4004-b31c-f909f721a323,0947586f-39c5-4479-a564-3d1a8d05415a,a17f8de8-488f-4e84-819e-a7698e915536,4,"Excellent equipment, worked perfectly on site.",0.993,"[""communication""]",2024-10-22
c06263b2-f0a8-4178-96b9-8e4dfe97ff2c,2a04ff3f-9519-4a1a-8315-3684798f5345,80c8b833-100d-478d-a3d0-67aa37860007,4,Machine was in top condition.,0.984,"[""delivery""]",2025-12-04
ed0da61b-9134-4aa8-9c19-a669bd0a891a,edcd7270-7c38-4e2b-a544-37d79eae44b4,ba59dcb5-df1b-4a19-b509-f3684a4c76b1,5,Machine was in top condition.,0.668,"[""pricing"", ""service"", ""equipment_quality""]",2024-09-10
a134e09c-91e3-4487-9c2d-f4e85fcb4734,5229355e-2f81-4893-82cc-1a15fb16b26d,647e839b-0d48-4168-a1d1-91883b4be311,5,"Excellent equipment, worked perfectly on site.",0.758,"[""pricing"", ""delivery""]",2025-05-22
3f8dcaad-d4ff-4655-81d8-614a8ca8fd81,feb70aa7-dde2-4469-9d0f-22e7187f8fd7,0d5f131d-7e70-476a-abc0-a168a3b1576a,3,"Decent experience, room for improvement.",0.556,"[""pricing""]",2025-06-05
07058f50-ceeb-4ad3-a7f9-8504d5ed354a,3025331f-701b-4c35-8cf9-a3f2e3f9a422,ace7803c-1b9a-4dbd-a8c4-27ef7fa149c7,5,Very satisfied with the rental experience.,0.654,"[""equipment_quality""]",2024-10-26
f1725a61-e28d-4717-b2b0-fce247f22fed,cfda6bfa-1868-40a5-b8ca-6081459e10d8,51e27e0d-66c8-432b-b911-4437e9271600,2,Machine needed maintenance during rental.,-0.594,"[""delivery""]",2026-04-14
fc0bc777-15a6-422c-b930-91d33ffe93f8,04b23723-2b58-4f4d-adc4-05e0ea43c46c,42658330-8ffd-4156-b8b3-8328f3cfd1c3,5,Very satisfied with the rental experience.,0.696,"[""equipment_quality"", ""service""]",2024-11-19
ed48efd8-f975-40ae-b3ff-f9ac2896fa49,b4345950-dd8c-497b-acdd-5ee00e70b96d,0ebe5d0f-573a-4580-a776-981f36f0fc77,1,Machine needed maintenance during rental.,-0.529,"[""service"", ""pricing""]",2025-04-12
0a750cd4-b42a-4f4f-8e12-a962a947a111,d0420392-03f3-42b2-92a6-b48642f1eb9f,4cd519ce-c2a8-4c62-8631-5cd62907eb72,4,"Great service, delivery was on time.",0.638,"[""equipment_quality"", ""pricing"", ""communication""]",2024-11-23
48931edb-bcea-4bf6-8b45-508ad294374f,4212e07a-0023-405f-9bf2-105bc07b5250,b9f7f893-00cf-4be1-a1c9-8a6caf3b3fe2,5,Very satisfied with the rental experience.,0.925,"[""pricing"", ""service"", ""communication""]",2026-06-07
122bc82c-a9a7-4c4b-8721-5b45f703bf98,39fee45e-547c-4ea0-aa42-fdb317c7996a,56ed29a6-72cd-4c8b-8fff-fb0911338ba3,4,Machine was in top condition.,0.991,"[""communication"", ""equipment_quality""]",2025-10-07
51cb8f64-58af-4a80-9fe1-103733926487,df18fe4c-7ed9-4647-9f9e-eaf8a4c7c1a9,26ef7424-3ae1-4854-bad5-3e022e986eec,5,"Professional team, will rent again.",0.689,"[""delivery"", ""service""]",2026-05-23
1219cd50-8943-4b7f-87b3-809fe3d44693,3c7c2248-73d0-4b68-ab2a-0009500b2fc5,d4e5e1a3-7ace-464e-b574-b007279a3d67,3,"Decent experience, room for improvement.",0.454,"[""communication"", ""service"", ""equipment_quality""]",2025-10-15
0d36c32c-621c-4b9a-9c10-0b7523d85abf,2d5b73fb-3360-43e3-ac08-cf0358ca5966,82fb29cd-d181-406d-823c-7dc8df45d6f4,5,"Professional team, will rent again.",0.794,"[""communication"", ""equipment_quality"", ""pricing""]",2026-07-08
a05cfca6-c28e-4c49-8ece-df8f502900ef,ff5c59ce-b7d4-4309-8726-dbeb94e2dd91,98509edd-45b1-46f8-9301-ad78d85f102e,3,"Decent experience, room for improvement.",0.529,"[""communication""]",2025-12-09
5bf77f51-f5b8-46b3-97c4-f1400616b8dc,f29c5b00-a6fe-4b3e-aa63-d9cf9fd74d48,8be772cc-a688-4851-af33-bbc4ebe29137,4,Very satisfied with the rental experience.,0.951,"[""equipment_quality"", ""communication"", ""service""]",2026-06-08
3bf3e6a1-5509-4f4d-807c-8aa55f19d2b9,08205d3f-5e37-43de-aea8-0aca3ee7469d,d6078478-1be9-407a-a249-77d78c94cf7d,5,"Great service, delivery was on time.",0.945,"[""communication"", ""delivery"", ""equipment_quality""]",2024-10-27
0b34f3fd-ee96-4066-84b7-4c5fc3201efc,0cc7ed25-943f-419e-b55d-809703859fb0,ede59669-a64e-4ccc-9643-28b24553c19e,4,Machine was in top condition.,0.971,"[""communication"", ""equipment_quality"", ""pricing""]",2024-09-26
2ab291f7-e3a0-496a-ac5d-c23a317bed39,5bbb14cf-9dad-4bbf-8aed-4e2e30dfeb16,4a72976f-5e01-4b6e-8911-cbc44c158d4c,5,"Excellent equipment, worked perfectly on site.",0.717,"[""communication""]",2026-03-10
8fad1688-dcd2-46fa-a644-0af296df49ab,2a04ff3f-9519-4a1a-8315-3684798f5345,27108349-ba4e-4abe-b75f-e13d348cd72a,4,"Professional team, will rent again.",0.732,"[""delivery"", ""communication""]",2025-12-23
1e4adb2b-7d42-4780-96d6-7cabae0c3e23,d299015a-a646-4e51-a52e-955471ad806a,57be7e47-077e-40b6-ae27-64468e536211,4,Very satisfied with the rental experience.,0.954,"[""equipment_quality"", ""pricing"", ""delivery""]",2026-04-02
7d554fdd-0e00-493a-bb34-96b7bc3ce8ac,1ca9595e-b927-4c8b-a17f-323e0c283060,be975cef-78aa-4dad-8914-8ad574c0c0bc,1,Delivery was delayed by 2 days.,-0.326,"[""service""]",2026-02-19
3b3907a3-4eac-4575-af8b-529cba16b6bf,cfda6bfa-1868-40a5-b8ca-6081459e10d8,9cd0cfbf-fc61-41c4-b13c-24bde1214163,4,Machine was in top condition.,0.965,"[""communication"", ""delivery""]",2025-07-21
53ceb480-996a-4ea1-851a-94a710b27bdd,69807b72-e108-4d02-b81f-379de2691ce0,4e12cfa3-8ca9-4f7a-bcdf-4f8c7a4fef3b,5,"Excellent equipment, worked perfectly on site.",0.886,"[""pricing"", ""equipment_quality"", ""communication""]",2025-09-07
5e5271f7-4206-4f1a-97ca-a17fd48dac2c,feb70aa7-dde2-4469-9d0f-22e7187f8fd7,52c70f49-8b3f-4761-9132-734f31078f88,4,Very satisfied with the rental experience.,0.976,"[""communication"", ""equipment_quality"", ""pricing""]",2025-05-29
60d463ed-57ff-4cc5-9cb9-e0cd14f8be88,f28f4751-3cf3-4c7f-ac99-d9e9df03a0bc,e787d15c-dcc9-4316-941a-0513acb0cccf,5,"Excellent equipment, worked perfectly on site.",0.73,"[""service"", ""delivery"", ""pricing""]",2024-11-22
e3a6230b-3c97-4df3-a314-6db765bdb61e,28627096-2515-4248-ae96-230506f08787,f141a36b-5ca4-4096-b98b-901929e4f4b5,2,Machine needed maintenance during rental.,-0.972,"[""delivery"", ""pricing""]",2025-03-23
c8287b36-ee22-4c79-9ef2-4d65b923e3ee,a25f72b5-1730-44fd-b6c7-c769a3920171,666581b3-a38f-4fbf-9c36-0d48d2ed2712,5,"Professional team, will rent again.",0.985,"[""delivery"", ""service""]",2025-05-15
ef9a4b37-2f60-4902-acce-1e9f61cb9c9e,6571075a-673b-49e1-ae95-2c30b0df2081,77b976b3-43e4-4b53-bd8d-f6bc5692b4db,5,"Professional team, will rent again.",0.698,"[""pricing"", ""communication"", ""equipment_quality""]",2025-10-31
392b3b65-dcba-4fec-a58a-c2f28ddfff1c,7be78260-7d5a-4304-b7fa-6d79f4325c18,10a53b44-abd9-48ea-99f0-ea6a0a9daa72,3,"Decent experience, room for improvement.",0.439,"[""pricing""]",2025-06-07
b6e02640-ac9a-4d97-b52a-407dd3916e4b,713a8773-913e-4531-a453-18bf5e372f56,de35ab96-7ebf-4de3-9112-f21e4ed3872a,4,Machine was in top condition.,0.757,"[""communication"", ""delivery""]",2024-11-08
2f6a3c69-98d4-468a-bbee-7a25a65bb47f,b4345950-dd8c-497b-acdd-5ee00e70b96d,1b613098-4006-4e17-b128-059977d208f6,3,"Decent experience, room for improvement.",0.592,"[""communication""]",2025-07-14
3aeffcd4-061a-4a7a-a928-75c1fd834ceb,1e991cc8-c30a-4746-820d-c630e21ff5be,3572825b-d7a5-4dae-b47c-c50b1715d0d1,5,"Great service, delivery was on time.",0.678,"[""communication""]",2024-12-22
e4f0dda1-7af5-4787-a50e-8d37266deb8b,0947586f-39c5-4479-a564-3d1a8d05415a,ec63cbea-abba-4e0d-bde6-bd7ffd5aa388,4,"Excellent equipment, worked perfectly on site.",0.834,"[""delivery"", ""pricing""]",2025-08-10
4e54c9b2-c5e7-4b51-913c-6de5912ec713,abdec9da-09ae-4e7c-9e1a-2021fa40b6fb,9859f538-48f8-4110-a6e0-f5279c51f83f,4,Very satisfied with the rental experience.,0.764,"[""service"", ""delivery"", ""communication""]",2024-12-16
6fb7517b-8088-441a-a628-eb58e2d25031,4aafaf10-24f7-4d03-90f9-189f498d73df,6fcd3c31-49f7-4cae-a0a8-f851b00cb53a,1,Equipment had some issues during operation.,-0.447,"[""pricing"", ""equipment_quality""]",2025-09-15
c6434daa-5cb1-41f7-b237-f81cdf20ee16,7225b43f-3e06-47ce-8a9a-fafcacf310b6,ae6ef060-651b-4786-b21e-efd4b4a65d34,4,"Professional team, will rent again.",0.838,"[""service"", ""equipment_quality"", ""delivery""]",2025-11-24
7732676c-67f6-46f1-b043-cf83fbb32853,56293ff7-3050-4f6b-8df0-cef39f0c8800,b6a31bb8-82ba-40e2-aec4-9c2830b78d05,5,"Professional team, will rent again.",0.918,"[""equipment_quality""]",2026-03-14
89141400-9844-431a-afac-1efe2bb4ee02,da67d85f-a261-4fb5-9a01-a173c4464f0f,acef32fe-01b4-4cf1-a2bc-2e41934dd5ce,1,Equipment had some issues during operation.,-0.692,"[""service""]",2026-07-11
a751eb4d-96ec-42bc-9cc4-1306f42d6364,33837d43-76dd-4f9e-b1e3-f1845b7bbc95,40b7464b-fcaf-434d-9596-5e0f51e64b45,4,Machine was in top condition.,0.753,"[""delivery""]",2025-02-14
f0e5a4fb-176f-4c4c-a507-6280c821cbc6,9ad4451e-ad14-4dad-a808-cd0a259d20eb,e5d78ce6-170e-4415-8580-cba6d5f17c73,3,"Decent experience, room for improvement.",0.228,"[""service"", ""equipment_quality""]",2025-03-01
1847e44f-d598-4137-841e-70e121a48ee5,d4f0e86e-a355-434d-961a-b9597212aea3,3bfb88a1-1557-44d5-a4ff-a64e31c1b523,4,Very satisfied with the rental experience.,0.735,"[""communication""]",2025-02-27
7a03366e-32e4-4c56-baa9-e5bea3f20f72,a313c410-78f1-412c-a399-2c47a873c2f9,1f5f172b-55a7-473a-9df7-e8bddd5e277b,4,Machine was in top condition.,0.703,"[""service""]",2024-09-23
2e21686c-1342-4523-8f40-36df20465bb3,a1601b20-3206-4485-8d36-acd9f25d2813,692bc432-cffa-4a66-b428-fbe2b797f20c,2,Customer support could be more responsive.,-0.185,"[""service""]",2024-08-25
5774c719-e52d-458a-ae3f-b1dd69cd8f09,6c9fc10c-2676-4cb2-a180-6b6c7d05b723,674c4262-4a86-4ac4-853a-e2ff61f3d4b2,4,"Excellent equipment, worked perfectly on site.",0.9,"[""equipment_quality"", ""communication""]",2026-05-12
c58ac238-d8b7-4820-a332-32cd6630ec64,d0921577-6c43-4887-bb94-765c4c839e80,b9c7016f-a49b-48fa-ad22-9d413a532b85,5,"Professional team, will rent again.",0.606,"[""pricing"", ""service""]",2024-11-26
3fe619e2-9a42-4864-ab78-eca362772e13,1df6ab26-14c3-4d07-9930-529a540e9ff9,38144c70-3269-43bd-a005-44ff3b933784,3,"Decent experience, room for improvement.",0.483,"[""communication"", ""service"", ""equipment_quality""]",2025-06-08
e5e6696e-ff21-4fe3-a32f-53fd32135fc6,4dc709ad-2e2f-4b45-b074-916f303a400a,241cd289-f654-4bab-b000-3baae6b5682f,5,"Great service, delivery was on time.",0.883,"[""delivery"", ""communication""]",2025-03-19
16f7c19e-6541-404f-a31d-ce7c044f2a0b,4472a331-943c-426e-91e8-e0757818a2ad,79b3c4b2-3895-48ce-b709-b752cedcb619,5,"Great service, delivery was on time.",0.717,"[""delivery"", ""equipment_quality""]",2024-09-07
07fb3234-8707-4c74-a290-c85b0bd6a668,c952a0f2-7625-4b7e-b1c9-927504aba3d2,7d03f7b4-7359-4b72-bd89-b169dec1ead2,5,"Great service, delivery was on time.",0.934,"[""delivery"", ""communication""]",2025-07-24
235da1c6-3a53-4cc4-a901-38673c832349,6529da10-1475-4c3c-92a1-18d6c99a2fd3,e129ede1-5d95-4f6f-8ddc-59eab830ca5c,4,"Great service, delivery was on time.",0.925,"[""equipment_quality"", ""pricing""]",2025-04-30
7e4daf4d-4688-464d-b6bb-768247c9333d,df18fe4c-7ed9-4647-9f9e-eaf8a4c7c1a9,d58edf92-4420-4749-a44c-b48b8a97f9fa,3,"Decent experience, room for improvement.",0.293,"[""pricing"", ""equipment_quality""]",2025-08-06
31bf09b3-758f-4d95-bac0-2177fb2035aa,1ca9595e-b927-4c8b-a17f-323e0c283060,6aa95c10-6b1c-477d-afcc-8df6e4257be3,4,Very satisfied with the rental experience.,0.854,"[""delivery""]",2025-05-21
2d934a0c-52de-40d2-9ef3-0e99700c7a4e,c3770f50-7096-4ffa-8ec8-3df91ff0f2c8,9d3e562b-617d-48d6-b97a-c3cb501b08ea,5,"Professional team, will rent again.",0.927,"[""communication""]",2026-01-21
2970c031-4b3c-4a76-b594-772ac9833c4b,3f483723-85eb-43fc-aa06-a41e4b92850a,c21bf927-b0f9-48e9-8c11-dc7dff22bb5f,5,"Excellent equipment, worked perfectly on site.",0.78,"[""delivery"", ""equipment_quality""]",2026-04-28
9b96f8fb-bf09-44d2-b41c-a1a2d7ba4116,0563024d-7b54-43f3-87f4-cbae099dfd04,2d72c6a0-c3f1-4bcb-ad5b-5530fd778a4b,3,"Decent experience, room for improvement.",0.417,"[""communication"", ""equipment_quality"", ""service""]",2024-12-22
46e98c9c-af0c-4bb2-981a-e1c4a607c412,e7def941-4235-4802-83bb-ab6146c36cda,3828bda4-a343-4d7c-aa3f-947332eb5ced,4,"Great service, delivery was on time.",0.713,"[""delivery"", ""equipment_quality"", ""communication""]",2024-11-14
1e235e01-93d8-489d-831a-3be0e7994339,486f7b67-46cd-4cde-8fcb-3f41afe4fa22,15903478-48e9-4b8a-ac8c-a6a1fec2d85a,5,"Great service, delivery was on time.",0.84,"[""pricing""]",2025-03-23
b60d513c-98c2-49a6-a8f6-f1a1f100c7fa,1e991cc8-c30a-4746-820d-c630e21ff5be,1cc9e2e2-c954-493a-a285-9a7d796e48d3,5,"Great service, delivery was on time.",0.868,"[""equipment_quality""]",2026-01-04
3ed8a1ce-7c18-4104-8b84-c5f597b6bbc9,5bbb14cf-9dad-4bbf-8aed-4e2e30dfeb16,f0bc12c0-98f8-43b1-810c-9ce752c42843,2,Pricing was higher than expected.,-0.589,"[""pricing""]",2025-08-14
4f84f62c-8a96-4e8e-b2ee-131e2a91db20,b00e9788-a39e-4b89-81d7-403c66ee6f0a,31b7be14-5ba9-4829-b6f5-0da7699df23e,5,Very satisfied with the rental experience.,0.784,"[""delivery"", ""service""]",2025-03-02
9865c978-5dff-416b-91bb-03579f2f4424,69807b72-e108-4d02-b81f-379de2691ce0,c6042841-b7c0-4dc4-950b-35d3c869bb8f,4,"Great service, delivery was on time.",0.805,"[""equipment_quality"", ""pricing""]",2025-11-23
a363c7b1-1d26-4197-9899-e1668e3dee5f,09736450-0e25-4edf-a45e-d720556b1e1f,1794da6a-ec53-48eb-8190-86277e054cbd,4,"Excellent equipment, worked perfectly on site.",0.723,"[""equipment_quality"", ""communication"", ""delivery""]",2025-08-13
569b05b7-4847-4c4f-8013-7348b7f4af05,6571075a-673b-49e1-ae95-2c30b0df2081,45b86d0c-9e91-4603-bdc6-c4f1425b70a5,5,"Great service, delivery was on time.",0.799,"[""service""]",2024-11-27
2d793656-423c-4ce3-b2c9-48423b80a6c5,abdec9da-09ae-4e7c-9e1a-2021fa40b6fb,4cf4e0a1-6198-43e2-93a2-87c0ebd5f50c,3,"Decent experience, room for improvement.",0.241,"[""communication""]",2025-10-25
74fcdeff-9c1d-494f-9849-de3d5cbc31fb,421634a2-1632-4e68-8f4c-2c882284ce4a,3e55fbe6-3a9e-427f-9b6d-82b4af74189a,5,"Professional team, will rent again.",0.75,"[""service""]",2024-10-15
554849f5-a9c4-4d58-ae92-4742765cbd8a,b4345950-dd8c-497b-acdd-5ee00e70b96d,34083d1d-2819-4f38-ad61-7bb2bba4f779,4,"Excellent equipment, worked perfectly on site.",0.749,"[""service"", ""delivery""]",2025-02-18
3f901858-9d25-4621-b757-284360082176,124bd83d-5184-4007-bb65-d189bf5495e8,754b4707-c343-42f0-98a3-a71439f6b76d,5,"Great service, delivery was on time.",0.788,"[""communication"", ""service""]",2026-07-10
b8821fe8-0f8b-4e61-8448-fb7f0cb2c11e,ff5c59ce-b7d4-4309-8726-dbeb94e2dd91,68010b8c-a140-4011-a440-7dfc8133ce26,3,"Decent experience, room for improvement.",0.297,"[""communication"", ""equipment_quality"", ""delivery""]",2026-06-20
ba2bc294-80da-4fb2-93d5-cea7a8b10bba,fa1aba87-5e36-4b91-8fe6-51843a62ecd6,c1d1d399-1cbf-4c26-bf58-f63508395f16,4,"Professional team, will rent again.",0.925,"[""equipment_quality"", ""service""]",2026-01-29
1e24b955-8bfa-4797-93db-955832db9a59,f29c5b00-a6fe-4b3e-aa63-d9cf9fd74d48,c7c451a4-e485-49e6-82bf-1b1a10020ad2,3,"Decent experience, room for improvement.",0.305,"[""pricing"", ""equipment_quality"", ""communication""]",2024-09-08
8b01d6e6-efda-42c7-a549-44c883bde126,edcd7270-7c38-4e2b-a544-37d79eae44b4,07a086b6-693e-4900-947d-ad69d2f331d8,5,"Excellent equipment, worked perfectly on site.",0.907,"[""equipment_quality"", ""service"", ""communication""]",2025-12-12
022a4f98-b2cb-4912-913d-c718ae6736cd,3e2bc8c1-8cf5-40ff-afa7-fab4570ea542,08bc3386-8aa2-4266-b06b-2c16275666cc,5,"Professional team, will rent again.",0.866,"[""service"", ""delivery"", ""communication""]",2026-04-14
3859a705-174b-47e5-8c19-17adcf40a4a9,4212e07a-0023-405f-9bf2-105bc07b5250,48be5f72-6c8a-4c8d-9148-19ccab133eed,4,Very satisfied with the rental experience.,0.889,"[""service"", ""delivery""]",2026-04-18
6e422dbc-e671-4de5-93da-53ce9cf8f3d6,35e496ab-5e9f-4445-834e-44a70b00f1fa,6114cce9-99cd-4175-8784-b93dbe461c1a,5,Machine was in top condition.,0.711,"[""equipment_quality"", ""pricing"", ""delivery""]",2026-02-18
699845c5-e4e2-4585-85e7-659e8a468cf9,3d72e7ae-13d1-4ed5-aa94-9ef92f1ed0ab,fa7fa748-0bd2-43bb-bdbf-96347a829baa,3,"Decent experience, room for improvement.",0.364,"[""communication"", ""pricing"", ""delivery""]",2026-03-28
2d614a46-2513-4b67-b27f-90799af4b5c1,7b3f1125-9009-477e-a350-b52a7884ddc7,e7ca4288-2e87-4475-8951-d13c043b835f,5,"Great service, delivery was on time.",0.959,"[""delivery""]",2026-04-22
4df392cd-8151-4e30-ba0e-78e87d658c11,d1eb15d7-77f7-4b80-bd0d-9739aa82f636,12d9c87c-0401-4b18-b7c2-580c2f295ab3,2,Customer support could be more responsive.,-0.539,"[""pricing""]",2026-01-18
92d4db79-c400-4de2-a658-822e88674b32,0a80258f-0814-4d45-819c-9430ed7647a6,2b1ec017-a90d-4a5e-9093-011f8eff028b,4,Very satisfied with the rental experience.,0.771,"[""equipment_quality""]",2026-07-20
0452f2a0-a26b-4ed2-91e7-0d6e6828e12e,84428284-9b3a-43cd-a5fd-befb2cf188b7,20dc9317-61a6-43ea-ab64-9491cc018bf8,5,Very satisfied with the rental experience.,0.804,"[""equipment_quality"", ""service"", ""communication""]",2024-09-11
8f423129-8199-410a-bc00-567e1b6160af,df18fe4c-7ed9-4647-9f9e-eaf8a4c7c1a9,0fde9ff2-641f-4f15-81ef-ea9e9686e023,4,"Excellent equipment, worked perfectly on site.",0.92,"[""delivery"", ""pricing""]",2025-05-31
80f73832-c51e-40bc-99e7-5b13f837631d,421634a2-1632-4e68-8f4c-2c882284ce4a,22702870-ead8-4913-8607-6ebd76715b3e,4,Very satisfied with the rental experience.,0.983,"[""equipment_quality"", ""communication""]",2025-10-01
49796a2c-1f71-4be0-84f6-cbcdaefecbba,6a9e9061-7336-48ff-bc33-3537b6f922a6,8e85192a-919e-42b8-8368-bd79ad5a2c18,5,"Professional team, will rent again.",0.858,"[""communication""]",2025-09-08
9da391c2-c466-4692-bb39-b19508a65c27,2d5b73fb-3360-43e3-ac08-cf0358ca5966,5cb1cb6a-9d84-4bb2-8ff1-65a2ec65fe23,5,"Great service, delivery was on time.",0.812,"[""delivery"", ""pricing""]",2025-07-26
f805e50f-5a04-4e92-a17c-1e20cee1c379,41143a63-c315-4909-8012-ac3adcf17520,d3482d3c-48f0-4a12-aaf6-baafcdb6d7fe,4,"Professional team, will rent again.",0.974,"[""service""]",2026-07-21
d280fb2f-c0fa-43a0-b870-99f4c95a488f,6ff51d1a-5577-4866-93bf-ecc7450b9784,b30eed56-5e54-4588-8fe4-7c67221f0b84,4,Very satisfied with the rental experience.,0.808,"[""communication"", ""equipment_quality""]",2026-06-13
9daa7e92-48af-47c2-97b5-6fdb874735db,9ad4451e-ad14-4dad-a808-cd0a259d20eb,f177a253-6cd4-40a6-92e7-2211862465f9,1,Pricing was higher than expected.,-0.459,"[""delivery"", ""service"", ""equipment_quality""]",2024-08-03
0c5c7f33-34cd-4ea9-a3cf-2c6cde75ba34,39fee45e-547c-4ea0-aa42-fdb317c7996a,ba60a04e-689e-42bc-b232-39cda4adbbc5,4,"Great service, delivery was on time.",0.917,"[""delivery""]",2025-01-25
6176c244-ebe8-4e53-85ba-c327d4f3109c,e189db02-47bd-4155-9ff0-f1b42d8b0d45,fd7d0baa-dd8a-4c5e-b0e5-57f19ef8dd4d,5,Machine was in top condition.,0.638,"[""service""]",2024-11-29
81d695d1-65e8-4e89-88db-758cc4044eca,8afccdd5-a2a5-4249-b270-330d173f26df,74d4201d-2997-48dc-80f1-37d7fa03cf3c,3,"Decent experience, room for improvement.",0.437,"[""communication""]",2026-06-13
4168ed26-323d-48a6-80cf-b01c80d1f9be,3b4c197c-5f64-405f-998b-18fed0deefea,5a50ba98-8d0b-4c9a-bd97-c90bb1ec13ea,5,Very satisfied with the rental experience.,0.845,"[""delivery"", ""equipment_quality"", ""pricing""]",2025-05-15
fd41bf7b-9c1b-4294-bc56-db938aae95f2,80dd0ed4-9c7d-48c0-8339-6e503fe87e92,fdad0012-0639-4108-aef5-edf60ab07616,2,Equipment had some issues during operation.,-0.202,"[""pricing"", ""communication"", ""delivery""]",2024-12-31
a99078a5-64dc-410c-a31e-a9ffb2b6203d,c200ec03-44b1-4949-8427-a625ec4741bf,ea11b93f-4b45-4833-9d86-9fffef46a83a,4,"Professional team, will rent again.",0.874,"[""service""]",2024-08-26
ee1d6e5e-1b5a-402c-bc0a-21390099b36c,db1ad761-4a3e-4989-8438-2dd4c3027c12,8b886bf4-2877-4a8f-9e9c-ca927b1dbabe,4,"Excellent equipment, worked perfectly on site.",0.98,"[""delivery""]",2024-11-28
58a344ba-aa75-45c3-8f0b-2f28cfcc631c,0afc5ef1-d838-4cba-848e-160931cb192f,f76f69e7-56f1-45a1-a41e-b7f6d268bf06,4,"Professional team, will rent again.",0.781,"[""equipment_quality""]",2025-10-19
9bd8acb4-4bba-4772-ba13-e0bfabe6d8b9,23e0230e-4a39-4c08-b9b0-a6f965d67d7e,72e51016-fff2-43ab-84ea-cc5fe42798e2,4,"Excellent equipment, worked perfectly on site.",0.684,"[""service"", ""delivery"", ""equipment_quality""]",2026-05-21
423d53b8-3335-4070-a3d6-0606daa3bbd4,dadc1591-c166-4ef7-a23b-43a8cb2c1dba,45870acf-ed39-4258-bc8a-397ea701050a,5,"Excellent equipment, worked perfectly on site.",0.986,"[""service""]",2026-05-19
f267fd57-ffbd-4bfc-b579-4b6b88af5ba5,08205d3f-5e37-43de-aea8-0aca3ee7469d,8186670a-4e90-4c38-8c91-ad8699a20b83,2,Equipment had some issues during operation.,-0.223,"[""equipment_quality"", ""communication"", ""service""]",2026-02-27
21cd1b53-15f6-439c-940f-caff5b5c313e,b9c115e9-ca7b-47d9-8da3-3bcc260b618a,e68cad8a-6434-4fc9-936f-552b324be15a,2,Delivery was delayed by 2 days.,-0.566,"[""equipment_quality"", ""delivery"", ""service""]",2024-10-18
775b2400-640a-4c11-9c19-33c420b694a4,0947586f-39c5-4479-a564-3d1a8d05415a,25f6c08d-f20b-4712-8199-5ac300701597,5,"Excellent equipment, worked perfectly on site.",0.979,"[""communication"", ""equipment_quality""]",2026-03-22
9cf0e14a-3adb-484b-b865-4dfc44534b49,df18fe4c-7ed9-4647-9f9e-eaf8a4c7c1a9,54438b77-cac4-44dc-82db-681d13845383,3,"Decent experience, room for improvement.",0.559,"[""pricing"", ""delivery"", ""service""]",2025-11-30
843ed35c-511b-42a5-9bab-d9497041f19d,fa1aba87-5e36-4b91-8fe6-51843a62ecd6,881b0c71-3f80-4258-b0f6-fdebbc581199,4,"Professional team, will rent again.",0.6,"[""service"", ""delivery""]",2026-02-20
1bb631fb-2233-4045-9358-15cdb765381b,feb70aa7-dde2-4469-9d0f-22e7187f8fd7,8f669df9-e327-4c32-82e3-9da1414ba5da,4,Machine was in top condition.,0.71,"[""equipment_quality"", ""delivery""]",2024-12-11
bd3212f7-45c2-4fe4-9166-d59bece5d96b,0563024d-7b54-43f3-87f4-cbae099dfd04,279a191b-8ef4-4dbe-84f5-60e4bf1ca173,3,"Decent experience, room for improvement.",0.594,"[""equipment_quality""]",2026-05-03
b4ae413d-700a-4229-81b3-6559e22f30f1,1d6b8257-1728-4d7c-8d72-7d1224245aeb,ae68d21f-26e2-4fde-81d5-a978a69eded0,5,"Excellent equipment, worked perfectly on site.",0.655,"[""delivery"", ""equipment_quality"", ""pricing""]",2026-03-27
3bdcad9e-5175-4cc4-b52e-c4984b53c50b,3d8caf5e-9d53-4f05-b29e-946dfba7efc1,af9ae52a-9d02-4b30-8257-b4c8036e6ee6,4,"Excellent equipment, worked perfectly on site.",0.918,"[""communication""]",2024-12-07
4f859e0f-5e65-4f29-9d7c-9c9054f6f742,0cc7ed25-943f-419e-b55d-809703859fb0,81dcf42c-3dbb-451c-9be3-033f8286072b,3,"Decent experience, room for improvement.",0.221,"[""equipment_quality""]",2025-08-30
5a602a87-c1d4-4b34-8a23-9ea846353109,d4f0e86e-a355-434d-961a-b9597212aea3,f90d4310-672b-4dda-8d62-497bfe5a6776,4,"Professional team, will rent again.",0.629,"[""delivery"", ""pricing""]",2025-03-01
12dda399-b8eb-4394-bc88-57ccfc2c5ac3,0b0f5fd2-9141-4623-9ab3-7b9414d43046,a55ea339-a7b9-4ccf-84c3-983c689e8346,5,"Professional team, will rent again.",0.976,"[""communication"", ""pricing""]",2025-09-12
0936f09c-acdc-4b69-8ec7-c663d6b15c8a,707938a2-022a-47a4-8b9d-b4d50b26a0cc,8c9ca5b3-7bc2-430d-a195-7e98ea3fbd62,2,Equipment had some issues during operation.,-0.357,"[""service"", ""communication""]",2026-03-16
8a0dd52f-c1fa-459c-b722-e063ffeaa8bc,dadc1591-c166-4ef7-a23b-43a8cb2c1dba,411e3ad5-7255-4c2c-b5f3-049ad274d4e1,4,"Great service, delivery was on time.",0.811,"[""equipment_quality""]",2026-02-25
f340984b-41da-48c8-8f24-33d2d26b64b3,e7def941-4235-4802-83bb-ab6146c36cda,be894982-e1f0-43ab-9c73-60938873c87c,4,Very satisfied with the rental experience.,0.699,"[""equipment_quality"", ""communication""]",2025-10-17
fb55f3b2-cd1a-4db3-a507-e264be759318,84428284-9b3a-43cd-a5fd-befb2cf188b7,fb3d93d5-5c57-4607-a8d3-1d7155ca50cc,2,Pricing was higher than expected.,-0.513,"[""delivery"", ""pricing"", ""communication""]",2025-02-06
383b8a9f-4555-4ac7-92fe-cd7577101785,39fee45e-547c-4ea0-aa42-fdb317c7996a,5fbe6b06-ccb8-4729-93a6-2a3fb12ca8cc,3,"Decent experience, room for improvement.",0.442,"[""service"", ""delivery""]",2025-09-04
70a815f5-40e6-4564-82dc-c61002f992e9,30012bd6-63e1-4c37-9f7c-71cb2aede345,525372a9-ff51-4835-b830-26c90e5e04c1,1,Pricing was higher than expected.,-0.973,"[""pricing"", ""service"", ""communication""]",2024-09-23
250fdc96-c9ff-42e0-90e1-4dc7d3fb6958,713a8773-913e-4531-a453-18bf5e372f56,bec0e8a7-f27f-4dcd-832b-3b6c564feece,5,"Professional team, will rent again.",0.671,"[""communication"", ""equipment_quality""]",2025-06-22
c7873ea9-2dad-49e8-8a51-3dde8681a6aa,cfda6bfa-1868-40a5-b8ca-6081459e10d8,5bb05b0e-578f-4b02-83de-bc468894a3a5,2,Customer support could be more responsive.,-0.773,"[""equipment_quality""]",2025-02-17
4456d3e7-5504-41bc-8a93-55d60aae3266,8afccdd5-a2a5-4249-b270-330d173f26df,309c3946-78ec-44a6-87e0-482a71af6bc6,5,Very satisfied with the rental experience.,0.887,"[""service"", ""equipment_quality"", ""communication""]",2025-02-21
cf090785-2bbb-4407-afe6-703fbbbca24e,5a50c836-ec68-4aeb-9182-abd10c298a3c,1f5fc0e2-b6a9-4e59-88af-c41e4f9a0a5d,5,"Professional team, will rent again.",0.707,"[""delivery"", ""service""]",2025-10-20
a85cc4af-7265-4561-bbf3-35e94996b823,76a223e8-47e7-451d-aa7e-11ea4bd8b7fc,03b5f8c7-caa4-4438-9ea4-fec85b77eb15,1,Delivery was delayed by 2 days.,-0.142,"[""communication"", ""service"", ""delivery""]",2025-07-27
7b1a1cad-dabe-4cb1-bb47-cec929ce1fb9,012b7f96-c4b3-41ee-ab40-fa4c408c1e1e,a2614e3e-17cf-4997-81d7-237ec3d5d0e9,4,"Excellent equipment, worked perfectly on site.",0.946,"[""delivery""]",2026-05-18
37495544-19f7-4abf-a62b-35a62cee2772,3f483723-85eb-43fc-aa06-a41e4b92850a,ab76eb80-bfdd-4b68-a92a-724a1d469d83,1,Customer support could be more responsive.,-0.613,"[""pricing""]",2024-12-23
13a034ca-e5ce-4b35-8736-da0c1d121232,80dd0ed4-9c7d-48c0-8339-6e503fe87e92,92e74f97-cd47-4322-86dd-29430c0ad731,4,Very satisfied with the rental experience.,0.943,"[""communication""]",2025-08-04
46fabe5d-4bc2-40f3-8ed0-328cb43b0cf0,035c0bf2-10b9-4eb6-aa15-b3f44f78f2e4,f0a081c6-1e2e-4a11-aa37-faa883ead541,5,"Professional team, will rent again.",0.608,"[""communication"", ""pricing""]",2025-01-06
8888a27d-8b11-45c8-9664-24305a531c84,08205d3f-5e37-43de-aea8-0aca3ee7469d,300ba64d-c5c9-4a79-ab44-aa237251903f,4,Machine was in top condition.,0.666,"[""communication"", ""service"", ""equipment_quality""]",2026-04-28
132b0cdd-64d9-4d82-9094-09d45b73c9f8,dadc1591-c166-4ef7-a23b-43a8cb2c1dba,b7638aa0-8605-465f-b034-c0022c71b278,3,"Decent experience, room for improvement.",0.586,"[""equipment_quality"", ""delivery"", ""pricing""]",2025-01-22
3b1acdb5-2e73-4bdd-afe6-9e7c9885c0a5,813bfadf-77e8-4be9-b0c6-16fae77e358c,cb1c1b32-528e-4ce4-8972-93ef395c1cbe,3,"Decent experience, room for improvement.",0.3,"[""communication"", ""service""]",2025-09-30
ad0eb420-4da1-44e2-aa9c-e1932e8f5362,3d72e7ae-13d1-4ed5-aa94-9ef92f1ed0ab,3224d9e5-cf1c-486b-bb96-f1d032b121a9,5,Machine was in top condition.,0.819,"[""equipment_quality"", ""delivery""]",2025-07-07
54e9fea5-3fcf-424e-9723-97c838e1328d,30012bd6-63e1-4c37-9f7c-71cb2aede345,a5106351-122c-4478-b868-47b6e8beb6fd,4,"Professional team, will rent again.",0.616,"[""equipment_quality"", ""communication"", ""delivery""]",2024-12-16
4375013d-c679-4adf-abdf-f1e8fd5c6f0e,903f381d-cf42-442d-b02b-9a4b7e7495cd,fb9c5f39-9116-4701-845b-3e8d7abcba7c,3,"Decent experience, room for improvement.",0.232,"[""service"", ""communication"", ""equipment_quality""]",2025-01-03
a57773b5-1f0a-4340-a03b-2a810e555ce6,2d5b73fb-3360-43e3-ac08-cf0358ca5966,282af1d5-4763-496e-af34-fd7a5bf84acd,4,"Excellent equipment, worked perfectly on site.",0.971,"[""equipment_quality"", ""delivery"", ""service""]",2026-03-10
c4026c55-06ef-4013-9a67-ae6f48a27de4,09736450-0e25-4edf-a45e-d720556b1e1f,3ff6b097-800f-44a9-8b67-ac85fa5524bd,5,"Excellent equipment, worked perfectly on site.",0.62,"[""pricing"", ""delivery""]",2025-12-31
279a14f2-34ef-4d49-aa63-1990c47e2889,5d9f6cae-2fb3-41ea-9f08-fbc1573ee862,0e425ec1-552c-44c2-a65c-1201d402ffbc,2,Delivery was delayed by 2 days.,-0.279,"[""communication"", ""service"", ""equipment_quality""]",2026-04-05
7629e53c-7b62-4573-a1a5-0217c84b4a46,930e80c5-5d08-4519-b58c-256246376e91,234197b6-8558-4c49-a9fc-8e230b5d0bf8,3,"Decent experience, room for improvement.",0.466,"[""delivery""]",2025-05-28
21dbb436-e8f2-4214-81d8-3c3975de1ea7,538aca8e-9280-478d-8ee0-abab8238c773,4f41b135-48d1-4346-b6e6-6e74cf988463,3,"Decent experience, room for improvement.",0.207,"[""equipment_quality"", ""delivery""]",2025-07-05
cfb0b9be-f3ff-4348-b375-c97cdcafcdca,5b32d7b1-04db-48ac-aaf5-d121a60ded76,8fc4518b-7e88-4e12-ab4b-e1b86e42896b,4,Very satisfied with the rental experience.,0.857,"[""service"", ""pricing"", ""delivery""]",2024-10-08
ba9d1a9c-46ff-44c0-b167-b5d567699d63,69a242bb-b019-4dae-9df7-31f6202caabe,7a66bf55-3862-4c44-9920-a8ce248b06c3,3,"Decent experience, room for improvement.",0.423,"[""delivery"", ""equipment_quality""]",2026-06-22
8b17f7e8-2c3f-487f-9700-810a70a7e56c,4136fcc5-d418-41b8-ae83-3c128d430cf9,630eb846-c000-4f64-abe0-8b482dc2fca5,2,Machine needed maintenance during rental.,-0.916,"[""communication"", ""delivery""]",2025-04-01
90fd8aac-0fac-4626-868d-8d5d39b32771,4472a331-943c-426e-91e8-e0757818a2ad,d5d51ec0-a9d2-450b-9239-8c620ca75656,3,"Decent experience, room for improvement.",0.411,"[""delivery"", ""service"", ""pricing""]",2025-12-23
e0bc4d5f-f9fa-4284-b214-c28018e25f66,f6e95077-b010-4354-9b49-bc9b6f6deb5d,7b23e2f0-bd7f-4732-89ca-0dba33b8db58,3,"Decent experience, room for improvement.",0.236,"[""service"", ""communication"", ""delivery""]",2025-08-10
fd377b36-f597-4423-b892-acad2b2ee483,2c6b1689-bda3-4937-9079-0d528e35dbbd,90606fa3-f36a-453b-a52b-3f88d493d291,3,"Decent experience, room for improvement.",0.535,"[""pricing"", ""equipment_quality"", ""delivery""]",2025-11-26
0977eca4-0cf1-437c-aec4-9c07271850d6,07a4a12a-4581-419a-8701-06d37ea6bd3b,e90a6d57-3f85-4001-bc96-52003bc2bd86,4,Machine was in top condition.,0.994,"[""pricing"", ""delivery"", ""service""]",2026-07-11
61888f66-8776-4d0e-93ba-e60977eff2e2,c3770f50-7096-4ffa-8ec8-3df91ff0f2c8,dcf3de75-936e-457c-8fdf-08d03dacc913,2,Customer support could be more responsive.,-0.962,"[""pricing"", ""service"", ""communication""]",2026-06-30
caed2838-5cfd-40a1-98de-7a59988af765,fa5b0920-dbe9-4b44-a70c-393ffab78137,7682fc7e-683f-4fe1-b206-c45f134c04c2,4,"Great service, delivery was on time.",0.79,"[""communication"", ""delivery""]",2025-03-11
507284c6-e9d9-4ea7-b17e-69e73d0c7c8b,33411ea5-6f70-4054-81aa-fb7279cc456e,b88b3ccc-a6e2-49a6-9a55-5bee147f3aef,3,"Decent experience, room for improvement.",0.286,"[""pricing"", ""communication""]",2024-09-10
cb3ea9d6-8f57-44f2-a93b-d0c6cbc63637,c6f3db6b-c7d1-4e65-93bc-535cf64e3e62,8efe2d95-8e73-4cdd-8b48-e64b97b5830f,5,Machine was in top condition.,0.68,"[""pricing""]",2024-09-12
cebe419f-75e7-442e-bf51-9d197f3cb5e4,aec30178-605b-42a8-a94c-df32b0f497bd,a682a259-1f5a-49d0-a80e-df60db6952fd,3,"Decent experience, room for improvement.",0.37,"[""service"", ""pricing""]",2026-06-26
04eb2948-355b-4c2d-b032-391388f34eea,486f7b67-46cd-4cde-8fcb-3f41afe4fa22,c5f6d9df-c810-406f-a55b-a3828fafa349,5,"Excellent equipment, worked perfectly on site.",0.831,"[""delivery"", ""communication""]",2024-09-23
d854fcb8-c025-4b5b-8428-998ac98f8e9f,0947586f-39c5-4479-a564-3d1a8d05415a,c404ced2-1283-413c-aa9e-ed9fd6b9fa18,4,Very satisfied with the rental experience.,0.874,"[""service"", ""equipment_quality"", ""delivery""]",2026-06-12
b25e4a41-6acf-46d6-b4cb-e7140d8f9b8a,813bfadf-77e8-4be9-b0c6-16fae77e358c,456f39e4-c3c1-455e-a102-8285fc667c81,2,Equipment had some issues during operation.,-0.675,"[""pricing"", ""communication"", ""equipment_quality""]",2025-02-15
38b817d3-e983-4845-9971-f98de7998925,d0bda241-2bb1-4a4d-9ebb-a56c96f85c7b,8ba6362c-74ea-4cfe-b93b-470c7c7fff9d,2,Customer support could be more responsive.,-0.246,"[""service"", ""equipment_quality"", ""communication""]",2024-12-07
76e56ce1-79fa-4dd1-9c3c-80c64f4d8566,662051b8-fb78-407a-b951-c5ff0ea3c966,1a82ee15-9e34-40ef-b85e-acc2077e477f,3,"Decent experience, room for improvement.",0.26,"[""service"", ""pricing""]",2025-07-10
eb08072c-8a6a-4e86-95ea-dd4b73fda0bb,b81ba5de-7041-49e7-a3f5-37f7f61d59a4,366362aa-ba55-44cc-9dea-dc7400cd622a,5,Very satisfied with the rental experience.,0.745,"[""communication"", ""delivery"", ""service""]",2026-01-13
c6c90e13-cfe7-4dab-bfc2-2e98922ed872,030c22a0-4626-433f-94aa-74d48d9cb4df,1faaf941-4091-4ab6-be93-b1a2d59f61a7,5,"Great service, delivery was on time.",0.896,"[""service""]",2025-09-13
0b9dae80-3f7c-4460-9147-c02c2205df99,50f7f647-fd6e-4699-96d0-2f4d2c435f9e,fe57208b-bb02-4147-ae17-a0a503dd965a,4,"Great service, delivery was on time.",0.632,"[""delivery"", ""communication""]",2026-05-16
c4b8da3b-fafa-4d67-97e5-fe11b727cf9f,3b4c197c-5f64-405f-998b-18fed0deefea,a1af64af-e191-477a-b143-8b0814df0946,3,"Decent experience, room for improvement.",0.432,"[""equipment_quality"", ""delivery"", ""pricing""]",2026-05-24
b64a7880-dea7-4790-9155-4262d652e834,c200ec03-44b1-4949-8427-a625ec4741bf,b84373dc-f4e0-4730-b648-6ea766abd761,4,"Professional team, will rent again.",0.794,"[""pricing"", ""service""]",2025-04-18
fa608a4a-0b96-4389-8469-f12beea5bd35,6eff4e51-9b25-4fc1-896e-b88762a13160,37a58608-8d13-43d9-a69e-d9373ce479b3,3,"Decent experience, room for improvement.",0.231,"[""equipment_quality""]",2025-12-24
a5927056-5fbb-4238-8073-e65b2ef7acd8,5b32d7b1-04db-48ac-aaf5-d121a60ded76,d6fe4ebe-466a-4bb5-84a4-ff1e2decb6d7,5,"Great service, delivery was on time.",0.798,"[""pricing"", ""equipment_quality"", ""communication""]",2025-06-18
eeac75c1-4dad-4928-86d2-4b0d5a2797b5,3e2bc8c1-8cf5-40ff-afa7-fab4570ea542,95418701-a0d1-41f8-8fcc-923481b796bc,5,Very satisfied with the rental experience.,0.854,"[""equipment_quality""]",2026-05-08
384e836a-c524-473d-862a-2111aa6d2331,6a9e9061-7336-48ff-bc33-3537b6f922a6,8e70d93b-069f-4733-9be1-99237a55bd15,3,"Decent experience, room for improvement.",0.519,"[""equipment_quality"", ""communication""]",2025-12-11
8ec8cada-7a1f-452b-90ce-94a334699325,df18fe4c-7ed9-4647-9f9e-eaf8a4c7c1a9,46d1a764-c26d-4350-9bd0-f0c51b3bc304,4,Machine was in top condition.,0.94,"[""equipment_quality""]",2025-05-25
41c00447-9db8-4b0e-9d33-25c469d7e00c,8d29907d-1109-404c-8316-4e748e853fa9,a5fed967-f2a6-4c89-8396-eae8d9871f99,4,Machine was in top condition.,0.894,"[""delivery"", ""equipment_quality""]",2026-07-01
bf368516-49c5-4bc2-9208-9fb46450d432,d299015a-a646-4e51-a52e-955471ad806a,547cf71a-6e83-40d6-be6c-46629a6458ce,3,"Decent experience, room for improvement.",0.275,"[""delivery"", ""communication""]",2025-10-01
288e3072-40f6-4153-9b00-fe154ac3c573,6eff4e51-9b25-4fc1-896e-b88762a13160,834c0850-817b-4b6a-8834-728814f315be,4,"Professional team, will rent again.",0.661,"[""equipment_quality""]",2025-09-07
5131de98-fb22-4606-9298-079c7091a58d,ab04e845-df18-47cc-a8ce-c436e66303d8,10b6a629-bf73-426a-bc00-a302ec857bb5,2,Equipment had some issues during operation.,-0.786,"[""delivery""]",2025-06-30
d3bf3ca6-e5e8-40b3-a0c7-7eddb5b7eb70,f6e95077-b010-4354-9b49-bc9b6f6deb5d,4f8cb574-9e7c-4579-9ac4-f0553541cd43,4,"Excellent equipment, worked perfectly on site.",0.657,"[""communication"", ""pricing""]",2025-04-25
dafc1f1a-2bfd-4968-b907-ae4defc9827a,3bdc9a49-d23d-462a-81fc-e0a0c85272e3,e772f56c-ee57-4e4d-9f03-1a1111071ff8,4,"Professional team, will rent again.",0.932,"[""equipment_quality""]",2026-01-18
6debb1dd-dd51-4aad-b7be-7ce8e8a4b72d,56293ff7-3050-4f6b-8df0-cef39f0c8800,953b2d8a-bd7c-4451-94af-797a84fe82d2,4,Very satisfied with the rental experience.,0.64,"[""communication""]",2025-08-02
87f51a5d-96dc-439b-869e-4dc5eae31c6f,b81ba5de-7041-49e7-a3f5-37f7f61d59a4,c071d2e3-488c-4207-9c1c-80e65657e973,5,"Professional team, will rent again.",0.645,"[""communication"", ""service"", ""equipment_quality""]",2025-02-20
310bd01e-a663-4d3b-bef2-4e0ca9c23b91,f12b1437-9c22-4bfa-b116-3f739dea41e7,d3d281e5-003b-4b7e-b9ff-2e7b5aa961b8,1,Customer support could be more responsive.,-0.237,"[""pricing"", ""delivery""]",2024-09-06
d27d4620-53c4-4258-921f-971d894690bb,76647c96-3126-4cc2-b315-7941cdbca7f7,6d18b823-9c36-4558-97af-55b95dd707b9,3,"Decent experience, room for improvement.",0.489,"[""delivery"", ""communication"", ""equipment_quality""]",2025-11-04
44e1a9ae-4a42-4dd8-b6ec-1b235f2575ff,3f3bf212-52e9-4b36-94a9-cb6ebb4feab1,014bec7a-49fe-4342-bc38-76860d1aa68e,5,"Excellent equipment, worked perfectly on site.",0.955,"[""communication"", ""delivery"", ""service""]",2026-02-12
20d687aa-97e0-4e43-a3b5-3c0177961379,a1601b20-3206-4485-8d36-acd9f25d2813,ed86717f-11ce-4d9b-b31e-a3d8080ea643,4,"Excellent equipment, worked perfectly on site.",0.634,"[""service"", ""equipment_quality"", ""communication""]",2026-05-18
79f3aede-b7d0-4a6c-a36c-7ba60f02b803,c9300334-c177-4f75-8b92-06f96c003057,aa4b6ebf-75e2-4212-bb9e-e5844781ff95,4,"Great service, delivery was on time.",0.855,"[""service"", ""communication""]",2025-11-19
8f375163-0d01-4cd2-be21-63f61d16dc1b,6571075a-673b-49e1-ae95-2c30b0df2081,cd9d3728-36ca-4a05-b90a-74e1356ffe81,2,Customer support could be more responsive.,-0.573,"[""communication"", ""delivery""]",2024-11-26
1d6b5843-c3b2-4202-b9fd-04d375d70bd9,39fee45e-547c-4ea0-aa42-fdb317c7996a,6b37d061-71bf-436e-96eb-db2445332bb5,4,"Great service, delivery was on time.",0.665,"[""delivery"", ""pricing""]",2025-06-19
c22e18ef-be66-4086-9af4-5119698afaf8,8e18bd5f-b41a-4396-b73a-ea2c053d6a63,25c2fe63-3925-42d2-aab6-78091ea7292c,3,"Decent experience, room for improvement.",0.294,"[""equipment_quality"", ""pricing"", ""service""]",2024-09-02
ef9e1030-2e12-47d7-8182-a91cc0c75a12,b00e9788-a39e-4b89-81d7-403c66ee6f0a,fb9065ab-29a0-46ec-b73c-24023b6939de,1,Customer support could be more responsive.,-0.176,"[""equipment_quality"", ""service"", ""delivery""]",2024-09-26
6564947c-65f2-4b89-ad21-b311845a6ddc,86c3a2ec-f32e-4da3-8174-6e60c5702ac8,9aff837d-0f69-4337-829e-dbe504f6637e,2,Machine needed maintenance during rental.,-0.032,"[""communication"", ""pricing""]",2025-08-21
5217f637-9846-4e68-8058-719657c987ec,fa5b0920-dbe9-4b44-a70c-393ffab78137,8d33ea07-c1c2-4196-95a4-b00c6eb12db5,5,"Professional team, will rent again.",0.879,"[""pricing"", ""delivery"", ""service""]",2025-03-18
ad879421-2a0f-4c8a-8588-636f963cbf8c,694fca20-72e6-47d5-b246-acc57eb09b95,740c6e18-35f6-41d0-97ae-8c69495064ac,4,"Great service, delivery was on time.",0.912,"[""delivery""]",2025-03-21
e5f3646f-b12c-4984-adce-95bce050dcdc,b00e9788-a39e-4b89-81d7-403c66ee6f0a,56bc59a1-5954-4cc3-b18e-51b495cab04e,2,Customer support could be more responsive.,-0.806,"[""communication"", ""pricing"", ""service""]",2026-06-24
37a84102-ea37-4f32-a245-aa30ed644686,bd93a9bb-94e7-4f6d-8f65-2dcf2da5d86b,4225778a-6e48-4427-919c-027215cf43f1,4,Very satisfied with the rental experience.,0.999,"[""service""]",2024-10-02
8e783f72-d7a1-40ae-87d6-fa522c404773,030c22a0-4626-433f-94aa-74d48d9cb4df,22d9b1ef-a858-45ee-a6da-4ab4e4880b15,5,Very satisfied with the rental experience.,1.0,"[""delivery"", ""service"", ""equipment_quality""]",2026-03-18
d4b1cfc3-e65d-4510-a9bd-03583b313615,70fc6cc4-7bba-43b6-8cd8-314987426792,7358b528-4cb3-45e0-ad3f-8ad770fee3e3,3,"Decent experience, room for improvement.",0.447,"[""delivery"", ""communication""]",2025-04-03
dfd9999f-691d-422e-98d5-45b515a747ad,23edac92-2354-4178-a4a0-5d165c377eb8,26f9e587-c6c5-4a19-8b14-fed84b9562fc,5,Very satisfied with the rental experience.,0.794,"[""equipment_quality"", ""pricing"", ""delivery""]",2026-01-16
b98e4f95-7404-4d5f-8c38-710df22e9125,76647c96-3126-4cc2-b315-7941cdbca7f7,856a3b7f-6837-48e5-8a04-6034b6b32adf,4,Machine was in top condition.,0.886,"[""communication"", ""equipment_quality"", ""delivery""]",2025-12-30
627a45fa-3e26-4293-9172-3a5739980484,012b7f96-c4b3-41ee-ab40-fa4c408c1e1e,b4e9444c-4e53-40a2-99cc-5b6df6e7bf74,4,Very satisfied with the rental experience.,0.632,"[""service"", ""delivery"", ""pricing""]",2025-10-30
845256e4-0edf-4e54-bb7f-b28d7356f2c4,a25f72b5-1730-44fd-b6c7-c769a3920171,455f04c0-88da-4b82-b667-acdecaca2889,4,Machine was in top condition.,0.852,"[""communication""]",2024-09-16
cd57a09b-eb3f-4311-a1d7-a64fbe3119f0,08205d3f-5e37-43de-aea8-0aca3ee7469d,59fabc75-edd3-4380-af75-3236ddc2cad1,2,Customer support could be more responsive.,-0.638,"[""delivery"", ""communication""]",2026-02-09
fc98a398-3108-4f78-97f3-df6b9035f128,04b23723-2b58-4f4d-adc4-05e0ea43c46c,5c892f74-f25a-4e18-afd3-31ccbb95bacd,2,Equipment had some issues during operation.,-0.3,"[""equipment_quality"", ""communication"", ""delivery""]",2025-06-15
d6c8f205-6330-4daa-a2d7-5f1b802eab3e,4472a331-943c-426e-91e8-e0757818a2ad,4ce5f3ee-6a85-4d45-966b-f070ba00e461,3,"Decent experience, room for improvement.",0.556,"[""equipment_quality"", ""service""]",2026-01-12
11fb4d0d-a1a1-41aa-9e68-0a050b846d11,3b4c197c-5f64-405f-998b-18fed0deefea,97ceb264-9109-453a-a2ee-e707af05cfa4,4,Very satisfied with the rental experience.,0.722,"[""communication""]",2026-07-16
0201f14c-cf35-4152-bab1-3eea1953f584,e7def941-4235-4802-83bb-ab6146c36cda,73efa042-4884-4eaf-9a09-2d464b261127,5,"Professional team, will rent again.",0.805,"[""pricing"", ""equipment_quality""]",2025-12-02
4da7dbbf-abdd-4b2a-bab8-ebc9993ab681,39fee45e-547c-4ea0-aa42-fdb317c7996a,9ce99e15-3cc7-46d4-aad0-922734471931,4,"Professional team, will rent again.",0.833,"[""communication""]",2025-12-09
42a0e38d-4ee7-4b7d-8df8-ef990ee017e9,17a3dd98-8ad3-4bb9-8be0-49f3d54b5163,27517a83-4919-4409-9eb0-ca6107e3fc88,4,Very satisfied with the rental experience.,0.864,"[""delivery""]",2026-02-07
55ad7c51-807e-4c9a-8bd7-b22f5d004440,3d72e7ae-13d1-4ed5-aa94-9ef92f1ed0ab,0fcc816c-d657-418c-a23d-ab5d17b2c87b,4,Very satisfied with the rental experience.,0.694,"[""pricing"", ""equipment_quality"", ""communication""]",2024-10-08
7c35b615-2603-42d7-ad72-402d8eda1e1e,0bd1b1eb-11c6-49df-88eb-31691f867bf5,7a1fc3d6-d5b6-4e0d-9bdc-18de6c72a107,3,"Decent experience, room for improvement.",0.522,"[""communication"", ""pricing"", ""equipment_quality""]",2025-05-25
bbb0ff71-39b2-445d-834a-fa908d6b0d75,3f483723-85eb-43fc-aa06-a41e4b92850a,d29ad954-242d-4831-af3f-2042aaf94c66,4,"Excellent equipment, worked perfectly on site.",0.846,"[""pricing""]",2026-01-20
c038cbf5-77fd-4663-b78f-7405d206033a,f6e95077-b010-4354-9b49-bc9b6f6deb5d,b987b838-87bd-4fb3-81a5-54e9b824f96e,5,Machine was in top condition.,0.812,"[""pricing""]",2025-07-29
a58ec203-93f4-4a24-95c2-08d3e1bcf213,66c02283-de0d-46f3-b44b-99873c9895d9,802a050d-aa51-40cc-9473-4a1225399442,5,"Excellent equipment, worked perfectly on site.",0.99,"[""service"", ""equipment_quality"", ""communication""]",2025-09-10
d513c578-b271-4653-87a0-5ab02a47f2d6,528d5dc5-fa22-4054-9dfb-5f7a8114c6cd,2581019b-3957-4a20-b3d9-7e279922a852,5,Machine was in top condition.,0.847,"[""equipment_quality"", ""pricing""]",2024-12-07
cc712e09-cc06-4559-90c6-64698fda545e,f6e95077-b010-4354-9b49-bc9b6f6deb5d,2cd50269-eb90-4f80-aabf-be3dc7f8a837,3,"Decent experience, room for improvement.",0.519,"[""communication"", ""delivery""]",2024-09-16
8ba8fe80-59eb-405b-90b8-5a8797d6d464,3bdc9a49-d23d-462a-81fc-e0a0c85272e3,9303740e-57a8-4678-aad4-c1fa504c7592,4,"Excellent equipment, worked perfectly on site.",0.835,"[""equipment_quality""]",2025-12-22
cf397fd8-7380-489c-b0b8-cdfaa902a9a4,797a670a-c348-437e-b9f4-75e2b92ba55d,220a391c-5dca-4189-87bc-3dd54314d958,3,"Decent experience, room for improvement.",0.252,"[""delivery""]",2026-07-13
caa3c6d6-6368-4ade-810b-2e5e5d165301,39fee45e-547c-4ea0-aa42-fdb317c7996a,d9616a6c-501f-4db2-b297-b1e6ad7beadb,5,"Great service, delivery was on time.",0.948,"[""equipment_quality""]",2026-05-12
ff54790f-f143-446e-923d-16f3e4d75c07,d0bda241-2bb1-4a4d-9ebb-a56c96f85c7b,19f6181d-d54e-4738-b3f5-aa42d4ec781d,3,"Decent experience, room for improvement.",0.563,"[""delivery"", ""service""]",2025-02-12
996e00f9-cd0a-411d-8ab4-5477cecca3ca,2fec9e6e-b82b-481d-ad04-917244574aca,90b26765-11de-43d4-8830-57303d44bc86,4,Very satisfied with the rental experience.,0.894,"[""equipment_quality""]",2025-08-08
f1d8bc3e-6e1d-44c6-a8a2-fdc3ef1efef0,c6f3db6b-c7d1-4e65-93bc-535cf64e3e62,b21141f5-4db6-40e3-bd5d-ec030926a40a,5,"Great service, delivery was on time.",0.905,"[""pricing"", ""equipment_quality"", ""service""]",2025-06-18
606d0a0a-9130-4a5c-9462-abf39176faed,08f9d987-3b7f-4396-91af-3e88dba71842,c6ba0f9a-e2d4-4732-8ef8-f72a934775d1,3,"Decent experience, room for improvement.",0.574,"[""service""]",2026-02-15
e99a1005-56ec-461e-9c1f-a2ba7b67451c,c9300334-c177-4f75-8b92-06f96c003057,eb2aab6d-2220-45fd-aba5-8d19716062f5,4,Machine was in top condition.,0.942,"[""pricing"", ""communication"", ""equipment_quality""]",2024-08-31
766cc7ac-e971-4414-b4fb-05ae674e32f0,33837d43-76dd-4f9e-b1e3-f1845b7bbc95,75065d5c-0231-4721-a485-b1017213af95,4,"Great service, delivery was on time.",0.823,"[""pricing"", ""service""]",2026-03-14
7316fe8e-a41e-4be5-bc4f-ae4b9197864f,abef463b-a7a9-4e1a-a64f-c53d41cebf1d,7703f711-3e5d-426e-be7e-040df0e6fe17,3,"Decent experience, room for improvement.",0.241,"[""service""]",2026-02-06
bc18f450-7720-435a-86bb-2c787cde335f,8300e3b8-4e36-4cd0-9094-c6787c5d4fb9,f76c7c12-6657-4350-b92e-842cb5d27716,5,Very satisfied with the rental experience.,0.919,"[""delivery"", ""communication""]",2026-01-28
288806ee-0564-45ae-a1ed-62b611a24970,6a811073-bf7a-4c4e-98fb-ab063f5c9805,635ee536-94f1-41f2-8c7a-f7d76527c7aa,5,Very satisfied with the rental experience.,0.917,"[""pricing""]",2025-04-26
4603a0a3-945b-4d32-81c2-ce782a70a520,8a6e77c0-52cb-43a5-93a6-040dcddc850e,4ef367c8-868b-43a9-90ca-e29e1a317b42,3,"Decent experience, room for improvement.",0.396,"[""delivery"", ""equipment_quality""]",2024-10-22
7c2671c4-6647-4ae3-848b-c903e1e8e711,a1601b20-3206-4485-8d36-acd9f25d2813,cc52cc06-fad3-4630-9cdd-0344d40d1f44,4,"Excellent equipment, worked perfectly on site.",0.708,"[""pricing"", ""service""]",2024-12-22
1c4a56c4-1edc-499b-9f91-016b40f00a8e,1e991cc8-c30a-4746-820d-c630e21ff5be,4cdecd42-544f-4dac-8fc7-9a1caef1d5f2,3,"Decent experience, room for improvement.",0.563,"[""delivery"", ""equipment_quality""]",2026-02-11
ec0cf483-3102-4cc1-b6b8-fdacb754b174,fa5b0920-dbe9-4b44-a70c-393ffab78137,9eaaef5c-c95e-4b8c-9e2b-6736c3831e20,4,Very satisfied with the rental experience.,0.936,"[""pricing"", ""equipment_quality""]",2024-10-13
82199b44-48c3-4a8d-bb80-db08883b6f9d,828d1746-672a-4755-a85d-fc6f8869d1f2,0a43d5dd-3792-45a3-b0c1-028081c25e91,4,Machine was in top condition.,0.601,"[""communication"", ""pricing""]",2026-06-28
7b752d53-c81c-421f-b473-ec65ac53ae12,28627096-2515-4248-ae96-230506f08787,4faa66aa-b706-45ab-9176-bbc980bdf0a2,5,"Great service, delivery was on time.",0.884,"[""equipment_quality"", ""service""]",2026-02-11
1a3165e7-0ae5-49ef-998b-a8011f87ad4c,2fec9e6e-b82b-481d-ad04-917244574aca,83ac609c-3ddb-4ee9-b2a6-a170e25027d4,4,"Professional team, will rent again.",0.646,"[""pricing""]",2025-06-05
1682f9ce-4838-4753-b70a-ee6c75b990eb,abef463b-a7a9-4e1a-a64f-c53d41cebf1d,d7e3389c-fa9e-437f-9118-b1a74ef688ed,5,Very satisfied with the rental experience.,0.828,"[""delivery"", ""service"", ""pricing""]",2025-08-21
fcc0c5be-8abd-4595-99a9-63097a5f1021,84644143-a02b-4e48-a68d-4989cf2f8d7d,1b73570d-b831-4c00-934b-5a1ade456ae4,4,"Professional team, will rent again.",0.805,"[""service"", ""equipment_quality""]",2026-07-15
2faec50a-ff21-4b6e-8fb7-1e4a2c791400,f29c5b00-a6fe-4b3e-aa63-d9cf9fd74d48,53529405-e189-4bb8-bc9d-3211c7653c2c,5,Very satisfied with the rental experience.,0.93,"[""delivery""]",2025-08-31
ab96499d-310a-4f74-9dd6-f9586074ae03,a313c410-78f1-412c-a399-2c47a873c2f9,9d630c40-9c29-4bd4-ae91-bc07a9b372ce,5,"Professional team, will rent again.",0.716,"[""delivery"", ""service""]",2025-05-13
7e3c9bba-12a0-4984-8a6e-9b43d81f4a84,b4345950-dd8c-497b-acdd-5ee00e70b96d,1639c0e7-2411-43c7-8a35-9d7252edc546,4,"Great service, delivery was on time.",0.727,"[""equipment_quality"", ""communication"", ""delivery""]",2025-01-23
38388e76-4b52-4db5-8d74-a597d885d2ce,2c6b1689-bda3-4937-9079-0d528e35dbbd,85d5e4da-e4aa-4050-8f82-bb90e3887bcb,5,"Great service, delivery was on time.",0.685,"[""equipment_quality"", ""delivery"", ""communication""]",2025-08-13
c3990072-fbee-457f-a4fb-cb53e77a35e9,5bbb14cf-9dad-4bbf-8aed-4e2e30dfeb16,45ef5da4-7122-438c-b5ba-64fbb98777f3,5,"Great service, delivery was on time.",0.939,"[""pricing"", ""delivery""]",2025-01-18
bfcafe2d-a483-4a55-8c0b-7e02b1125faa,d4f0e86e-a355-434d-961a-b9597212aea3,6ee5160b-bb19-4227-a671-782cf133347e,5,"Professional team, will rent again.",0.827,"[""delivery""]",2026-03-26
af1eb8ca-5881-4358-9322-a520e8915c43,db1ad761-4a3e-4989-8438-2dd4c3027c12,9e8c7190-129c-418e-886d-d6bb40deaacf,3,"Decent experience, room for improvement.",0.214,"[""equipment_quality"", ""communication""]",2026-04-20
a358d504-f849-4b2f-b03d-5a3ce235708a,70fc6cc4-7bba-43b6-8cd8-314987426792,e546711f-9788-4090-af4a-0d519c395bbf,2,Machine needed maintenance during rental.,-0.373,"[""service"", ""equipment_quality""]",2026-05-03
403fca3d-ffe5-4b7a-89f1-be5987cefa4d,08463e2c-bb4c-4072-9776-41809b410c82,b90a6c94-aa23-4de2-adc2-8d7a139046f9,5,"Great service, delivery was on time.",0.638,"[""equipment_quality"", ""service"", ""communication""]",2026-01-15
078f85a8-6f25-48ae-ae18-dd2153bf6641,713a8773-913e-4531-a453-18bf5e372f56,399789a4-f3ca-4214-88ce-f5c4707cc20c,5,"Excellent equipment, worked perfectly on site.",0.746,"[""equipment_quality"", ""communication""]",2026-03-13
401f558a-97bc-4d34-aa38-4bb4fd58c600,f2097674-89c1-4f81-8ddc-810c9bf9a0e0,ac0a38a8-0bc5-4d08-b0cb-d6dc483d76ed,4,Very satisfied with the rental experience.,0.934,"[""pricing"", ""delivery""]",2026-06-27
fc755177-682e-476a-b1e4-824e7e8b6631,f2097674-89c1-4f81-8ddc-810c9bf9a0e0,383980cd-da78-409d-afa4-9f63db2d5e11,2,Machine needed maintenance during rental.,-0.136,"[""pricing"", ""delivery"", ""communication""]",2025-09-08
d1f8ff1d-d8b1-4be7-9076-9dee525c44ee,df18fe4c-7ed9-4647-9f9e-eaf8a4c7c1a9,89d13641-ef4d-404e-afc5-a90d5c05bdcc,4,Machine was in top condition.,0.788,"[""service"", ""pricing""]",2026-06-24
2aa3145f-2ecb-4efe-9028-4251d802b538,c83f1960-2dde-43f1-971a-6c8d6cc13c53,30e2fa64-a5ac-4e1d-9b75-6baf904d4221,5,Machine was in top condition.,0.807,"[""communication"", ""equipment_quality"", ""delivery""]",2024-11-04
ec078bba-7348-49d4-9231-a31572bb1fe3,6e2e99a4-a052-4bbe-b097-030dc3c65633,acae13ea-5f56-4ad9-843f-47c234d45f03,4,Very satisfied with the rental experience.,0.71,"[""equipment_quality"", ""service"", ""communication""]",2024-10-06
b7a34f45-430d-47ac-8811-4ea889ee91e8,70c2eb70-4638-460d-8ab5-33be24e73ae9,28c2c33b-f5e1-45bd-9042-04c07fbfe3a7,4,Very satisfied with the rental experience.,0.994,"[""service""]",2025-12-02
a920d719-fba8-4206-a5ee-edf11fc2a4f3,124bd83d-5184-4007-bb65-d189bf5495e8,5085a04f-6d22-4a59-9cf9-38e4ca7939b3,5,"Professional team, will rent again.",0.922,"[""pricing""]",2026-03-20
f1e01541-e6e7-42d2-901d-ee2f17f9e454,86c3a2ec-f32e-4da3-8174-6e60c5702ac8,70549003-4198-4c43-8056-4c1e10b27966,4,Machine was in top condition.,0.979,"[""delivery"", ""service"", ""equipment_quality""]",2026-06-15
0aff6ed8-45c0-427f-9f35-a9a37d950ba6,fa5b0920-dbe9-4b44-a70c-393ffab78137,d285f584-97cb-49e4-9d8d-2ad96d73a0e0,3,"Decent experience, room for improvement.",0.381,"[""equipment_quality"", ""communication""]",2026-04-30
a3d9fe1a-202f-47b2-8f64-956b647b5fe9,c6f3db6b-c7d1-4e65-93bc-535cf64e3e62,1ecb9c68-ebde-4038-96a1-61a687b07e5c,5,"Excellent equipment, worked perfectly on site.",0.909,"[""equipment_quality""]",2024-08-17
5ededda1-9152-4d85-97be-6c9726dfb50a,6529da10-1475-4c3c-92a1-18d6c99a2fd3,b0e24b63-8b14-4cf6-b10c-57d63fcf1a8c,3,"Decent experience, room for improvement.",0.256,"[""delivery"", ""pricing""]",2025-10-29
06d99bdf-e050-46b4-8c91-328998a9fa5d,7225b43f-3e06-47ce-8a9a-fafcacf310b6,59e3b521-e1e3-4322-bbd8-196a44a7658d,5,"Excellent equipment, worked perfectly on site.",0.988,"[""pricing"", ""equipment_quality""]",2026-04-11
689d2a16-21d5-40a1-aa4e-384f4b539523,a1e58be3-3048-4742-80d4-9d1aed1da5ec,a531abf0-30e1-40c6-aeeb-814717d7418b,3,"Decent experience, room for improvement.",0.55,"[""service"", ""communication"", ""delivery""]",2024-10-22
09b410ec-61c8-40c9-963e-532677976a0a,a1e58be3-3048-4742-80d4-9d1aed1da5ec,bf76a915-e6ed-44a1-b4b5-0c4b95968f04,5,"Great service, delivery was on time.",0.644,"[""equipment_quality"", ""delivery""]",2025-12-10
4d509dc9-7822-4c16-ad5a-6ae8a598b94a,491f1311-7d04-417e-bd66-349490c29ded,9b0c9c47-99d8-4e29-8e86-c3b8eb62241e,5,"Excellent equipment, worked perfectly on site.",0.677,"[""pricing""]",2025-06-25
bd36e87d-358d-4db7-9a15-f6255a6e6c96,2c6b1689-bda3-4937-9079-0d528e35dbbd,d00a01ca-16a1-416c-9865-4d3f7f1ba694,4,Very satisfied with the rental experience.,0.874,"[""delivery""]",2024-11-24
f5262a08-28bc-463a-8305-09f2581dd6b0,04b23723-2b58-4f4d-adc4-05e0ea43c46c,5fe5ae81-a636-4d8d-b063-cc810802d65c,5,Very satisfied with the rental experience.,0.828,"[""delivery""]",2025-09-18
fbd1887e-e794-4051-b439-8c4956f5b76b,6a811073-bf7a-4c4e-98fb-ab063f5c9805,4131103e-f08a-4eea-a965-3044551f7e8f,5,Very satisfied with the rental experience.,0.837,"[""equipment_quality"", ""communication"", ""service""]",2026-07-20
f2bb195d-932f-4771-98c6-1aae56b1eae7,a5fcd9c2-0c09-4826-8cf7-928389e787ad,47d5068a-c4fe-43d3-a939-6e0f3f584098,2,Delivery was delayed by 2 days.,-0.417,"[""pricing""]",2026-05-08
ee3aa4dd-8f96-4dbc-98c8-93206250f771,6977c136-837c-44cb-9bf0-0a3ee8532eb4,b47de838-4bfb-4623-853b-7481ab11b7ed,4,"Professional team, will rent again.",0.873,"[""delivery"", ""pricing""]",2025-03-11
372b4c87-5705-4a60-8385-f1a91339f187,76e7a621-003e-42cc-9f06-fea80a0747ca,31b5ef4d-2908-4b01-81a8-ca083d2dd0d4,5,Very satisfied with the rental experience.,0.92,"[""communication"", ""equipment_quality"", ""service""]",2024-10-07
4c7329de-a808-4205-bf5d-9e74e623b428,a1601b20-3206-4485-8d36-acd9f25d2813,c732b5d0-87a8-4d40-b254-7c2930726d18,2,Machine needed maintenance during rental.,-0.744,"[""service""]",2024-11-10
3c0cb31a-c489-49b4-b8dc-a891177cdff8,9888ccc8-2785-40b0-85db-04f4d4a34792,d5d9f588-be0d-4b7e-8b91-210f9c12888d,5,Very satisfied with the rental experience.,0.997,"[""communication"", ""service"", ""equipment_quality""]",2025-06-12
7f6af556-55a6-4c83-a24e-5de0babfa667,ab04e845-df18-47cc-a8ce-c436e66303d8,02c63d7a-e25d-4c40-882a-5d3323a4171d,5,"Excellent equipment, worked perfectly on site.",0.77,"[""service"", ""pricing""]",2026-07-21
eb4e7ac0-f035-4b0c-9a8f-495aae20f497,8e18bd5f-b41a-4396-b73a-ea2c053d6a63,33ef35c6-382f-4be0-80cd-689a771cc6b0,2,Equipment had some issues during operation.,-0.038,"[""delivery"", ""equipment_quality""]",2025-08-20
36eb3e76-4d4a-4619-85a1-d2a593bc5378,a5fcd9c2-0c09-4826-8cf7-928389e787ad,7f16873f-ded3-40de-9647-1bf9e58ecc2e,4,"Professional team, will rent again.",0.642,"[""communication"", ""equipment_quality"", ""delivery""]",2025-12-22
d4a79e56-1857-4904-996f-773e33f93805,707938a2-022a-47a4-8b9d-b4d50b26a0cc,fb089ea6-d203-44b0-ab37-5359922b0332,5,"Great service, delivery was on time.",0.999,"[""communication"", ""equipment_quality"", ""pricing""]",2026-04-01
7833a9ab-d8b2-4227-ae5d-58a42d721b6c,70c2eb70-4638-460d-8ab5-33be24e73ae9,dc826715-8a30-4754-88e4-9b1d96a33388,4,"Great service, delivery was on time.",0.965,"[""equipment_quality"", ""communication""]",2026-05-28
8fe4a303-2bbe-4f9e-a508-8a15f568c862,a5fcd9c2-0c09-4826-8cf7-928389e787ad,86c13161-c73b-43ca-9db2-5049223dd384,5,Very satisfied with the rental experience.,0.768,"[""pricing"", ""delivery""]",2024-12-18
173997f5-5c29-432d-962f-016578111e96,0b0f5fd2-9141-4623-9ab3-7b9414d43046,89e307c2-6fda-4d0b-839e-749ffb05d42b,5,"Great service, delivery was on time.",0.627,"[""service"", ""pricing""]",2025-10-06
59dd3a2b-51d9-4284-b3f2-c5cad64df07f,797a670a-c348-437e-b9f4-75e2b92ba55d,a2e7010c-d1fb-4efe-a932-8a6b9ff8a387,4,"Great service, delivery was on time.",0.835,"[""pricing""]",2026-05-30
a4a9d429-7391-469d-979d-315592ca7757,abdec9da-09ae-4e7c-9e1a-2021fa40b6fb,6520a466-d831-4b03-9c4c-317a655ef3af,4,Very satisfied with the rental experience.,0.671,"[""communication"", ""service""]",2025-10-09
4af303bb-b061-4f60-a581-bf1bade14792,84428284-9b3a-43cd-a5fd-befb2cf188b7,ea0ba6a1-fb91-4db6-a798-826ecb536f39,5,"Excellent equipment, worked perfectly on site.",0.651,"[""service"", ""delivery"", ""communication""]",2025-09-23
01bc58bb-3f78-46e3-9e02-16e6d988a6d1,4ecea141-5d6c-46e0-93f0-274c9ede4ec1,a20a4683-5470-4e1c-906e-33827b37cdef,4,"Excellent equipment, worked perfectly on site.",0.912,"[""delivery"", ""pricing""]",2025-02-02
0360c0b5-f591-4769-aaaa-e7c3715a4be4,0b0f5fd2-9141-4623-9ab3-7b9414d43046,eeade73f-8247-4d50-8606-694ed19cec73,4,"Great service, delivery was on time.",0.901,"[""delivery""]",2025-02-19
3ab5bc19-4af3-47b0-9221-da0a0069544a,8300e3b8-4e36-4cd0-9094-c6787c5d4fb9,abaa5bad-8a10-4b63-ae33-231948a6a9ac,4,"Excellent equipment, worked perfectly on site.",0.703,"[""pricing""]",2026-04-03
3545f97d-ad99-487b-bfec-54a731cbcf06,17a3dd98-8ad3-4bb9-8be0-49f3d54b5163,64c2ad1a-6808-4deb-abe1-b67c72a3d3b4,3,"Decent experience, room for improvement.",0.599,"[""service""]",2026-02-01
00a4d6b1-2a10-4086-a280-5f30c1eed081,f3e717f8-eb3a-44a2-b0ba-922a53b43780,ff77b529-2545-42bc-b3c0-c80ecd420da8,3,"Decent experience, room for improvement.",0.363,"[""pricing""]",2026-05-16
a347cf50-a3bd-4e0e-8ce8-95f9aaf73c62,a9117ef3-8e70-4b83-9d0f-977338ea94ee,14fb43d9-6f45-4369-beec-71e35d8aba3a,3,"Decent experience, room for improvement.",0.4,"[""communication"", ""pricing""]",2026-05-09
19b9d755-20ca-4db5-b54f-21ee37f7b208,4ecea141-5d6c-46e0-93f0-274c9ede4ec1,3baa68eb-3c48-45fb-8158-0c1e947e41bc,3,"Decent experience, room for improvement.",0.564,"[""service"", ""delivery"", ""pricing""]",2025-11-11
fee4cc81-8103-4d1b-9d49-e7a48753e4c7,1b90b616-f317-4e8d-80cc-ebc097f2b812,0fea4205-ec77-4c2a-9f08-54d797816516,5,"Professional team, will rent again.",0.987,"[""equipment_quality"", ""pricing""]",2025-03-02
a03bdda7-81bc-4371-a8ed-688557083487,875ba428-18a8-4688-8ae3-6f0274a5017b,f786759e-32d0-4282-ba9b-d14b136d810f,4,"Professional team, will rent again.",0.701,"[""service""]",2026-07-24
1fed4959-d2fc-49f7-a3d5-9ac6d94e0a95,6b567828-70f9-42ea-aa79-c824a239f12b,7d35890b-6f24-4c1a-9d1d-21e52efbf87e,5,Machine was in top condition.,0.945,"[""service"", ""pricing"", ""delivery""]",2026-02-27
d39f78b0-d464-4f7c-a410-c3bc6feb1ee1,08463e2c-bb4c-4072-9776-41809b410c82,305107f7-3baf-430f-8f1f-ddb947a986fe,3,"Decent experience, room for improvement.",0.53,"[""equipment_quality""]",2024-08-13
c3f4a12f-b3ef-492d-8c84-1c46357eee03,abd04790-170c-4c35-822f-32406f606ca5,39505d8d-4a94-4ca8-9f61-0e5a133131e5,2,Customer support could be more responsive.,-0.988,"[""equipment_quality"", ""pricing""]",2026-01-26
45ba6422-e653-4dc4-ba51-a47e7f80bfba,662051b8-fb78-407a-b951-c5ff0ea3c966,a401f60c-b0e9-402b-b98e-4000cd2ee344,5,"Great service, delivery was on time.",0.969,"[""pricing"", ""equipment_quality"", ""service""]",2026-05-07
f8e53495-e5b9-486f-9ca4-568dddd7b268,0b0f5fd2-9141-4623-9ab3-7b9414d43046,662dd552-d215-45a9-90f1-5d8332667b93,4,"Professional team, will rent again.",0.928,"[""equipment_quality"", ""pricing"", ""communication""]",2024-12-08
b846cd0e-d989-414c-a585-29dcc553cd43,66c02283-de0d-46f3-b44b-99873c9895d9,a019e3b5-c21b-4609-93f6-f977a5ac62ea,2,Delivery was delayed by 2 days.,-0.95,"[""communication""]",2025-05-12
2a8825d5-b39b-4d23-8317-5cbea4c27db7,7b3f1125-9009-477e-a350-b52a7884ddc7,6365c94a-1ef5-4e8a-a887-67ca5429037b,3,"Decent experience, room for improvement.",0.254,"[""pricing"", ""equipment_quality"", ""delivery""]",2026-01-05
40a498e7-fa05-43a8-92d7-cb0374983d00,e538d010-b52c-4c23-afe0-077b50aabbfa,37d75b1f-c138-426e-8125-5b10e77b5a7d,3,"Decent experience, room for improvement.",0.422,"[""pricing"", ""service"", ""communication""]",2025-08-28
55880ab5-4bed-460d-a51f-1062ef920eb8,3af4598c-f599-45e0-b27b-8e366d645c50,fce64e61-90b3-4bb9-8326-342b95432419,5,Machine was in top condition.,0.822,"[""delivery"", ""service""]",2025-07-31
a13c9fc8-cd83-437e-8a4f-de07ff4db49f,bd93a9bb-94e7-4f6d-8f65-2dcf2da5d86b,02707cf8-5457-492f-8273-bc8ae31cd3f5,2,Equipment had some issues during operation.,-0.547,"[""pricing"", ""communication""]",2025-09-06
79ea1a19-ed03-4f70-8118-48dd52b0dc87,1d6b8257-1728-4d7c-8d72-7d1224245aeb,84474f78-1711-4b4f-b804-febcf91a09f5,5,"Professional team, will rent again.",0.749,"[""communication""]",2025-09-17
5fd815ca-c8dd-4b56-970d-b644eba3196f,bd93a9bb-94e7-4f6d-8f65-2dcf2da5d86b,acc2afe9-13eb-4117-80c0-db2ac4756bbc,5,"Great service, delivery was on time.",0.72,"[""pricing"", ""delivery"", ""service""]",2025-07-23
73fb3e96-af2c-4162-b4fb-7fb02071016d,2138c6c8-dd06-4493-96dd-1325c5d121f7,e4579601-cf69-450b-a467-cccd1b6d306a,3,"Decent experience, room for improvement.",0.444,"[""equipment_quality"", ""service""]",2025-06-04
bb2b37a7-ccaf-4efc-ac83-79cfdc73b980,76647c96-3126-4cc2-b315-7941cdbca7f7,963c9925-7ebb-4908-862f-d01eac625d70,4,"Excellent equipment, worked perfectly on site.",0.895,"[""pricing"", ""communication""]",2025-07-19
56f21451-72fb-4a41-821e-83a8d0b0b01e,86c3a2ec-f32e-4da3-8174-6e60c5702ac8,a2d88da8-7660-4e76-b52a-6269c3d75d1b,4,"Excellent equipment, worked perfectly on site.",0.635,"[""pricing"", ""delivery"", ""service""]",2025-01-07
999b466a-5b8c-4df2-8987-9b9baf3a2305,db1ad761-4a3e-4989-8438-2dd4c3027c12,64432781-ebb6-4b16-8ef8-e54442e0225a,2,Customer support could be more responsive.,-0.687,"[""equipment_quality"", ""pricing"", ""service""]",2025-08-11
3c694516-3446-4d6d-8bec-757bac54601a,797a670a-c348-437e-b9f4-75e2b92ba55d,1762caa4-085c-4f76-843e-fc9e9b19f4cf,4,"Excellent equipment, worked perfectly on site.",0.769,"[""service"", ""communication"", ""equipment_quality""]",2024-11-23
7e28f85e-ac2a-4589-98e5-9dcc64526696,f3e717f8-eb3a-44a2-b0ba-922a53b43780,a03bb256-fd86-4fd3-a463-b713dd6c12ac,4,Very satisfied with the rental experience.,0.71,"[""delivery"", ""communication""]",2026-03-25
8bf81ddd-2210-4c44-81b8-7651b0d976a1,ce90fa9e-b930-467c-afb9-2c0c3f5a31a8,80c22377-0fbc-4cb7-88f2-29db63624a2c,5,Very satisfied with the rental experience.,0.682,"[""delivery"", ""pricing""]",2026-03-20
acc18200-058f-4983-86e8-da9c77cbbbc2,5d9f6cae-2fb3-41ea-9f08-fbc1573ee862,987ccda7-3755-47a9-8c09-a3a47eb2cc2a,2,Equipment had some issues during operation.,-0.627,"[""pricing"", ""equipment_quality""]",2024-11-23
a6751376-fa6c-4351-9954-758866a882f3,db1ad761-4a3e-4989-8438-2dd4c3027c12,da08fb29-276b-412a-9e32-50d75d44d52a,5,"Professional team, will rent again.",0.711,"[""communication"", ""service"", ""equipment_quality""]",2026-07-05
13a31fac-b337-44f9-8e49-59b0242560a5,0cc7ed25-943f-419e-b55d-809703859fb0,4b0848a0-3f35-4028-b561-2fce874cd157,5,"Excellent equipment, worked perfectly on site.",0.97,"[""delivery"", ""equipment_quality"", ""pricing""]",2025-02-18
a63c322a-bbd5-4bcf-b7f4-90e370a380f9,9ad4451e-ad14-4dad-a808-cd0a259d20eb,31af25c3-adf4-4659-8495-aa720e10a57a,4,Machine was in top condition.,0.886,"[""equipment_quality""]",2025-04-14
86f19781-fbac-4b9e-86d3-95f39b73e8ed,ab04e845-df18-47cc-a8ce-c436e66303d8,9ba5f359-2136-4514-951f-a8083d8bd081,5,Very satisfied with the rental experience.,0.809,"[""communication"", ""pricing"", ""delivery""]",2024-08-01
8f519814-563d-472f-8f0d-d0d895fcf688,3bdc9a49-d23d-462a-81fc-e0a0c85272e3,fa7c4d4e-2290-447e-8d70-6e3ce5a1cc3f,5,"Great service, delivery was on time.",0.609,"[""service"", ""pricing"", ""equipment_quality""]",2025-09-04
a9f3f125-e358-4f50-b4f5-49a7ad8a7edd,84644143-a02b-4e48-a68d-4989cf2f8d7d,020a243f-8e96-46a0-8089-2caf9c860520,4,"Professional team, will rent again.",0.837,"[""service"", ""pricing"", ""delivery""]",2025-03-01
9e7350da-d25a-4ddb-910c-277d7aaad516,3de1dd21-eedf-4ff3-95ef-50dd9fc1147d,135aa494-8b14-4404-bcb2-c176fb074e08,4,"Excellent equipment, worked perfectly on site.",0.991,"[""equipment_quality"", ""communication"", ""service""]",2025-08-11
655b795f-3301-41d4-9c89-606e51b28584,39fee45e-547c-4ea0-aa42-fdb317c7996a,62acacb2-8119-4eee-872f-39a9c4b59421,4,Very satisfied with the rental experience.,0.784,"[""pricing""]",2025-03-24
71076716-5430-4ef1-9516-6dece9d04820,c83f1960-2dde-43f1-971a-6c8d6cc13c53,18aa0304-a19e-432c-943c-b7801bcc2c00,4,Machine was in top condition.,0.674,"[""equipment_quality"", ""delivery"", ""pricing""]",2026-05-17
90c7a439-401a-4697-a8f5-e3c32994d552,ff5c59ce-b7d4-4309-8726-dbeb94e2dd91,67db8b55-5a80-4051-858b-8aa7d3784016,3,"Decent experience, room for improvement.",0.516,"[""equipment_quality""]",2025-08-01
1151ce30-254c-4114-8301-14d25b996fdf,8647cf88-b986-493c-a5eb-e2954c813001,fc0aa494-2d71-42b1-872a-175ed1c67ec1,4,"Great service, delivery was on time.",0.656,"[""equipment_quality"", ""service"", ""delivery""]",2025-01-08
3753f514-a22c-462a-9ad0-f5970098f5c1,c952a0f2-7625-4b7e-b1c9-927504aba3d2,53b25659-797b-40be-804c-b646ae81c1fc,5,"Professional team, will rent again.",0.709,"[""equipment_quality""]",2024-12-14
ead40464-4f44-4311-b243-45d63d5ae393,6eff4e51-9b25-4fc1-896e-b88762a13160,90580f34-588a-4e63-a881-3db21e42366f,4,Very satisfied with the rental experience.,0.886,"[""pricing"", ""service"", ""delivery""]",2024-10-29
9004e536-1c74-4447-9071-21adbc78cf46,56293ff7-3050-4f6b-8df0-cef39f0c8800,d2aa537e-aa6c-424c-8bbf-e23bbf0353f0,3,"Decent experience, room for improvement.",0.326,"[""service"", ""pricing""]",2025-01-09
6fe0d330-a717-4950-9818-9ea40c9486d6,7b3f1125-9009-477e-a350-b52a7884ddc7,e2624e7a-0702-4d1c-833d-9b54b01c931f,5,"Excellent equipment, worked perfectly on site.",0.67,"[""equipment_quality"", ""service""]",2025-10-03
1e7e669f-9761-4f33-bb0c-c504792f1a6e,5a50c836-ec68-4aeb-9182-abd10c298a3c,ec322c39-8947-44da-945d-3b4ccaf5d5c4,5,"Professional team, will rent again.",0.646,"[""delivery"", ""equipment_quality""]",2025-01-12
c1022d89-e565-41be-8d12-f96822637c02,3de1dd21-eedf-4ff3-95ef-50dd9fc1147d,94c11508-3e44-4670-9479-b5d9b5461803,3,"Decent experience, room for improvement.",0.434,"[""service"", ""pricing""]",2024-10-14
a96f0038-7d6d-429b-b022-0a44cb03f328,b66af76f-48bd-4406-837c-25c442ae34ae,63013ca1-03d7-4cd3-b672-0ae0da143591,4,"Great service, delivery was on time.",0.771,"[""delivery""]",2026-01-03
e228b47b-7f96-4b3d-998d-da33eb211d0e,39fee45e-547c-4ea0-aa42-fdb317c7996a,e960c1d2-dce3-4508-8cf0-04541ba06536,4,"Excellent equipment, worked perfectly on site.",0.976,"[""equipment_quality"", ""communication""]",2025-01-01
9a3d4bc8-a7fe-4443-9113-da3082bda899,f56dc739-0cae-417b-b7b4-5b1b8a53c810,80ba68cc-4614-4118-9c3d-96a96dc8afc0,5,Machine was in top condition.,0.789,"[""pricing"", ""communication""]",2025-04-19
176d0719-79b8-456b-8478-5e0dc1372b19,37b3b1b8-ae9e-44c5-a5cc-4a5d8b3eb007,e33e0102-fd20-4eb6-8d1b-735b2f36c3ba,1,Customer support could be more responsive.,-0.619,"[""communication"", ""equipment_quality""]",2025-01-04
6c15aa3f-4407-4e72-8cbc-ad75597dfb00,c83f1960-2dde-43f1-971a-6c8d6cc13c53,25842abd-cc04-45ec-864a-845fd9050a76,1,Equipment had some issues during operation.,-0.109,"[""delivery"", ""pricing""]",2026-01-20
276a92d0-1f9b-4086-b5b6-8d6c3b2d4a16,6af897a0-0616-4d81-8467-83711f26ec73,e6ed2cad-2d25-4547-a017-aa36ba545e7f,5,"Professional team, will rent again.",0.771,"[""delivery""]",2026-06-05
21cdc59b-4ecd-4285-b189-aad592d2183e,07a4a12a-4581-419a-8701-06d37ea6bd3b,dd39ee0d-64f4-415b-ab25-a301e5d2da6c,3,"Decent experience, room for improvement.",0.326,"[""communication"", ""pricing""]",2024-11-27
6fa048c2-9366-4c68-ac2a-ba9b344a04d7,feb70aa7-dde2-4469-9d0f-22e7187f8fd7,0f3d3d72-bc31-4f12-ad46-a394f9711ba4,3,"Decent experience, room for improvement.",0.442,"[""communication""]",2026-07-14
c2f98e20-d7cb-49ae-90fe-53a068880447,654dddf4-fb54-4de8-bed2-79ced8278028,1a89f373-14c8-46ee-80fd-9d2257e079bf,2,Pricing was higher than expected.,-0.822,"[""pricing"", ""service""]",2026-07-15
9fa2cae6-3954-49db-9198-1f4e6ef1cc10,0afc5ef1-d838-4cba-848e-160931cb192f,7d1d21d2-52a7-40c1-8f9b-55f3cfed7245,3,"Decent experience, room for improvement.",0.365,"[""equipment_quality"", ""service""]",2026-04-11
8936f005-7b00-417b-ac24-61ba8770fbab,37b3b1b8-ae9e-44c5-a5cc-4a5d8b3eb007,de4cdd9b-71ee-41f2-89e9-92b6edce12e3,4,Very satisfied with the rental experience.,0.715,"[""communication"", ""delivery""]",2026-06-20
26c63449-7011-468d-bfd1-32bc110a6034,6beaae34-f8b5-48c9-8cf2-f3ccbacd1bbe,94959fab-9edf-4fbe-94bc-58aa18cb9567,4,"Professional team, will rent again.",0.97,"[""pricing"", ""delivery""]",2025-06-24
2ea919d3-ba03-4d55-9379-62f6bed988d4,c0c51c25-3f97-4979-880b-2c73da0069c5,11134625-8ec0-4344-9b87-acd175b80724,5,Machine was in top condition.,0.939,"[""delivery"", ""pricing""]",2024-08-16
8ee097be-53dc-4476-9719-3231371733f2,70fc6cc4-7bba-43b6-8cd8-314987426792,e1fc5905-efbf-46c5-849e-67f72b2ced3f,5,"Excellent equipment, worked perfectly on site.",0.909,"[""service"", ""equipment_quality""]",2025-06-22
a8d61bd6-f94b-4ad3-abc4-8ad23700347e,d0420392-03f3-42b2-92a6-b48642f1eb9f,840713e7-0b4c-41db-a9e6-ba42e87fd403,4,Very satisfied with the rental experience.,0.694,"[""pricing"", ""service""]",2025-09-29
532d4e20-c699-4ef6-b2ed-f0c953c1f969,662051b8-fb78-407a-b951-c5ff0ea3c966,053b5fa2-5733-4a20-a195-204110e75f65,4,"Great service, delivery was on time.",0.823,"[""delivery"", ""service"", ""communication""]",2024-09-16
e6047844-98e1-48c1-aeed-1d75065e1940,694fca20-72e6-47d5-b246-acc57eb09b95,1785b3ca-c8fb-4e30-8e0c-549ebc4b5c82,3,"Decent experience, room for improvement.",0.347,"[""service"", ""equipment_quality""]",2026-01-22
c447a1fd-d82a-4c25-ac2b-40b934dd729a,28627096-2515-4248-ae96-230506f08787,4b9712c8-684b-4a9c-9ac5-a25404490899,3,"Decent experience, room for improvement.",0.232,"[""communication"", ""delivery"", ""equipment_quality""]",2024-10-01
b6812010-6f80-41cd-9ea4-1b6e0d58203a,b00e9788-a39e-4b89-81d7-403c66ee6f0a,b1d7bd15-adcc-41e1-9928-f5893b605c1a,4,"Professional team, will rent again.",0.852,"[""communication"", ""equipment_quality""]",2024-09-06
8c86f424-508a-4ca4-a8c4-5d2734ff6c47,8e18bd5f-b41a-4396-b73a-ea2c053d6a63,d408de46-19a4-4e5a-acd3-af6dac5a3212,4,"Excellent equipment, worked perfectly on site.",0.673,"[""delivery"", ""pricing""]",2025-12-07
508fe579-ac26-4633-8375-6325c6899bbb,df18fe4c-7ed9-4647-9f9e-eaf8a4c7c1a9,4a66cc0b-1521-439b-b37c-c49884ccac8c,3,"Decent experience, room for improvement.",0.304,"[""delivery""]",2026-07-08
a8b8aa84-2a32-4712-90ec-ab32c42ff6df,030c22a0-4626-433f-94aa-74d48d9cb4df,f4733718-443b-474a-95c1-b162561cf147,4,Machine was in top condition.,0.79,"[""pricing"", ""delivery""]",2025-05-04
f7b33f66-d40e-4b00-847a-f37756a612b1,7225b43f-3e06-47ce-8a9a-fafcacf310b6,d9506155-0a87-4e60-a03f-d02316c0be3b,3,"Decent experience, room for improvement.",0.465,"[""communication"", ""service""]",2025-01-14
25a13616-f4ab-47f3-8543-a8cc7ee9e357,5a50c836-ec68-4aeb-9182-abd10c298a3c,19a24b15-ca75-453d-8c35-aa5ec026394a,3,"Decent experience, room for improvement.",0.435,"[""equipment_quality"", ""service""]",2025-09-11
87001cec-166c-4fc6-b121-8a31687624a2,2b04ea90-4ead-4b58-912d-a64ec9694a0c,274dbce2-cc1a-4a06-ad62-c41ece993ec2,5,"Professional team, will rent again.",0.821,"[""pricing"", ""delivery""]",2024-12-08
65290693-2b10-4afa-b670-ed7712b1bcaa,70c2eb70-4638-460d-8ab5-33be24e73ae9,5803ad81-ddbe-41f8-b738-a9575d0bcfe5,3,"Decent experience, room for improvement.",0.435,"[""pricing"", ""equipment_quality""]",2024-10-29
5c84361e-61b7-46d5-9d46-a8b0023dae37,fa1aba87-5e36-4b91-8fe6-51843a62ecd6,705c1cf5-4d6a-4626-aace-0eeae73bfe07,3,"Decent experience, room for improvement.",0.532,"[""service"", ""pricing""]",2025-03-06
35364122-6dd8-440b-9dcf-36e8f37969d9,56293ff7-3050-4f6b-8df0-cef39f0c8800,3c44a904-f2ea-4f13-9eb7-907077e3ee38,3,"Decent experience, room for improvement.",0.536,"[""delivery"", ""equipment_quality"", ""service""]",2024-09-15
8bd03c6f-5b6c-4d5b-bfde-6b9d2452110b,9888ccc8-2785-40b0-85db-04f4d4a34792,fbf3ead3-ecb5-467b-90c0-3f58006bc44a,4,"Excellent equipment, worked perfectly on site.",0.696,"[""communication"", ""equipment_quality""]",2025-09-19
daf37d55-77da-480f-ad47-00f8968389ff,2138c6c8-dd06-4493-96dd-1325c5d121f7,8fdecc88-3c33-4e23-bffc-ce3efccb8fad,4,Machine was in top condition.,0.925,"[""pricing""]",2025-05-24
e2c3bf3a-7bd7-4eb9-82c8-749d0bf262f5,421634a2-1632-4e68-8f4c-2c882284ce4a,e705528c-cdc4-470b-a1e2-8492cde8950c,5,Very satisfied with the rental experience.,0.811,"[""communication""]",2025-08-16
eae099f9-faa8-4ea1-be22-0816a3cd8fa1,9ad4451e-ad14-4dad-a808-cd0a259d20eb,752e4566-d126-4953-a219-cb477c7b8726,5,"Excellent equipment, worked perfectly on site.",0.723,"[""communication"", ""equipment_quality"", ""pricing""]",2026-06-27
c41885c6-4a8e-4ae3-9331-69592bc79244,f12b1437-9c22-4bfa-b116-3f739dea41e7,c466b7ff-cb7e-4744-990f-abe7c0180503,3,"Decent experience, room for improvement.",0.41,"[""equipment_quality"", ""delivery"", ""pricing""]",2024-10-28
c2aa875c-d8fe-49a4-b235-20e17598a705,4cd3d45f-6184-4db5-b59f-ba7054a54284,dd1af806-5c78-4dd2-b946-17c4a11c3bf3,4,Machine was in top condition.,0.805,"[""equipment_quality"", ""communication"", ""pricing""]",2025-11-28
b72e75bb-7421-4769-b3ab-a5365a655882,70c2eb70-4638-460d-8ab5-33be24e73ae9,75788262-52e8-4d6c-9622-888ac5e4fc2b,4,Very satisfied with the rental experience.,0.853,"[""service"", ""pricing"", ""communication""]",2024-12-14
9e225926-d90d-4acc-826e-53bddd449cb2,421634a2-1632-4e68-8f4c-2c882284ce4a,ccd13fc8-9a55-426e-93d8-5ccec9e9c87c,4,"Great service, delivery was on time.",0.943,"[""pricing"", ""communication""]",2025-03-12
dc1dd934-ec62-405c-b1cb-f7f93ce15e1e,654dddf4-fb54-4de8-bed2-79ced8278028,7ba52062-b1ff-483d-9d33-63156cf166cb,4,Machine was in top condition.,0.728,"[""delivery"", ""pricing""]",2025-02-28
c9942c1b-8087-44c9-bdb4-f839e9951ca1,d6aa75f7-44c7-4fd7-9ef1-afc61e81fed5,fa40194b-bf92-4585-b9d5-6272289a0316,3,"Decent experience, room for improvement.",0.246,"[""pricing"", ""communication"", ""service""]",2025-02-08
b725d5bb-c7d4-4d64-ba41-560809e1d82e,abb0a010-dc9d-46bf-ada3-b3cd0a1a2f0e,b8933311-890b-41a0-9bb1-bcd702615d09,5,"Professional team, will rent again.",0.994,"[""delivery""]",2025-03-13
694dc406-c659-4b67-9c2f-ab38956545ed,0afc5ef1-d838-4cba-848e-160931cb192f,28824236-25da-46b0-8629-7ee33b87de6e,5,Very satisfied with the rental experience.,0.88,"[""communication"", ""pricing""]",2025-12-09
41207cd9-9bac-4cf7-a885-2e5ecba07a24,c9300334-c177-4f75-8b92-06f96c003057,f44a80a0-7170-484c-831c-9443b79943df,4,Machine was in top condition.,0.608,"[""equipment_quality""]",2026-07-19
7b3354eb-1adb-4b69-9b8e-b897642d0bfc,654dddf4-fb54-4de8-bed2-79ced8278028,096a40a8-2137-4a05-8a42-03c6d0c1cb20,5,"Excellent equipment, worked perfectly on site.",0.76,"[""equipment_quality"", ""communication"", ""service""]",2025-04-26
7d1e0a29-dfc8-421c-98fb-0973e28a0c56,7b3f1125-9009-477e-a350-b52a7884ddc7,9ac3af8b-cffb-4b1f-b84e-0d79be004577,3,"Decent experience, room for improvement.",0.318,"[""equipment_quality"", ""service""]",2024-11-23
13875777-5336-4fda-b615-a21aaf025949,c952a0f2-7625-4b7e-b1c9-927504aba3d2,e12a052e-6c67-4b5d-bdef-b137f1bd20a0,4,Very satisfied with the rental experience.,0.855,"[""equipment_quality""]",2025-08-16
3b354bb3-25a1-41d8-a9ec-88d997e7d643,03bbff31-a890-4d49-a6df-3269f635750c,c99741e4-29ec-4386-8210-050aa04c5084,5,"Excellent equipment, worked perfectly on site.",0.923,"[""equipment_quality"", ""pricing"", ""communication""]",2026-01-12
c06a97cf-716d-4e90-aaca-0894e7e9b917,7429d915-b1c5-4534-9e4a-4ee79a9aa006,0bcad488-73bd-4986-918e-ad9af61b9fb0,5,"Excellent equipment, worked perfectly on site.",0.965,"[""service"", ""delivery""]",2025-10-28
91a62801-36ae-451a-93ca-7d881908c544,6ff51d1a-5577-4866-93bf-ecc7450b9784,e421f92f-48f4-47ac-b9f4-78fcd98a99af,3,"Decent experience, room for improvement.",0.547,"[""delivery""]",2025-01-04
c536d98d-3579-476a-bea6-9687e7d010ca,84428284-9b3a-43cd-a5fd-befb2cf188b7,9a061992-2611-4b9c-b8f3-0fd94d3ba0b2,4,Very satisfied with the rental experience.,0.796,"[""delivery""]",2025-10-28
c37325d2-be3e-4865-948e-7c73a1753e41,b0cfe83a-9793-4c65-8cc8-0cd6ce6d9bd1,9b575d50-a500-4e6c-8d97-61150229644f,5,Very satisfied with the rental experience.,0.715,"[""service"", ""pricing""]",2025-01-06
9f4443d3-fc7c-4221-a315-c228fb9df38e,cd65fec9-7248-44f5-bcb2-10f5841b02bc,a33d532b-3ce5-4ec5-9c99-64f28d65c065,4,Machine was in top condition.,1.0,"[""pricing"", ""communication"", ""delivery""]",2026-03-27
1ffdce7a-63d8-4106-a7ba-3066de2e167c,9888ccc8-2785-40b0-85db-04f4d4a34792,086e5286-cd1c-4706-8e47-d8b699ec9e88,4,Machine was in top condition.,0.7,"[""service"", ""pricing""]",2026-02-03
b627a585-14e7-4ca8-a29b-5d2556334359,713a8773-913e-4531-a453-18bf5e372f56,ae09f4f8-9735-4f24-bec8-4197bd55d7e6,3,"Decent experience, room for improvement.",0.472,"[""equipment_quality"", ""pricing"", ""delivery""]",2024-10-23
5f8da9c1-9199-4084-bfe7-a4f4e66ac743,db1ad761-4a3e-4989-8438-2dd4c3027c12,6dac3ce8-1e62-4e1c-be08-304f2f629d20,5,"Excellent equipment, worked perfectly on site.",0.689,"[""service"", ""delivery"", ""equipment_quality""]",2026-07-29
c79a81a4-fb38-495b-9ad2-727b99d7aa86,08205d3f-5e37-43de-aea8-0aca3ee7469d,8b78e661-b93b-409e-b63e-8d826948990d,4,"Great service, delivery was on time.",0.742,"[""service"", ""communication"", ""delivery""]",2025-09-18
234b4705-68f3-4665-b0b3-e9fef1693b66,3c7c2248-73d0-4b68-ab2a-0009500b2fc5,347f2404-2c2f-4f5a-a72f-f617b990c7dc,5,Machine was in top condition.,0.931,"[""service"", ""delivery""]",2024-09-21
3ec74393-aafc-4b4d-99c4-ef2b5ca8bfbe,6ff51d1a-5577-4866-93bf-ecc7450b9784,d81dbe83-d7d3-412b-a186-69106906a427,1,Delivery was delayed by 2 days.,-0.838,"[""communication""]",2024-11-21
658e5006-9bcc-4bbf-b4a5-96496807f51d,74166b54-578d-4e44-882b-45c9694a9729,c5f9cede-f413-4c52-8c7e-1e9945578f98,5,"Excellent equipment, worked perfectly on site.",0.878,"[""equipment_quality"", ""service""]",2025-04-28
660ef304-2a73-45c9-ba92-ae820a09ca85,b3dd61ee-5291-46c4-84e8-acaebddc7ed1,1d8d95f3-4b1c-40f8-bdf7-900997616457,2,Pricing was higher than expected.,-0.923,"[""communication""]",2026-03-09
1e62118b-3a4d-4d70-94ae-9ea0ec924101,1e991cc8-c30a-4746-820d-c630e21ff5be,4eff9f96-3fbc-4bef-9850-849d6d2dcbf4,5,Very satisfied with the rental experience.,0.765,"[""delivery"", ""communication"", ""service""]",2025-11-11
62f1dd43-608a-4527-ba8b-ac7d0801dd1a,da67d85f-a261-4fb5-9a01-a173c4464f0f,dc06d584-9e50-49a2-9501-caf1b88cd105,3,"Decent experience, room for improvement.",0.574,"[""pricing"", ""communication""]",2024-11-13
9f205a02-6262-491d-be3b-3ae1c223ee81,23edac92-2354-4178-a4a0-5d165c377eb8,39bc9468-c81e-4422-a48a-b728f557cdb2,3,"Decent experience, room for improvement.",0.316,"[""delivery"", ""equipment_quality"", ""communication""]",2025-08-13
5df0d7f7-55af-41f1-8430-53d7442b89ad,d0420392-03f3-42b2-92a6-b48642f1eb9f,de380619-33da-4d2f-b5e6-a58eb8a2636e,3,"Decent experience, room for improvement.",0.352,"[""equipment_quality"", ""delivery""]",2025-12-05
84d0ffcf-d023-4a9c-8ddc-86de95771852,edcd7270-7c38-4e2b-a544-37d79eae44b4,b8bd38c6-1c4b-453c-8d24-c7d53c652bf5,4,"Great service, delivery was on time.",0.819,"[""communication"", ""delivery""]",2024-10-05
c1cc17c2-5b93-4070-8ea1-c052d47ddc41,012b7f96-c4b3-41ee-ab40-fa4c408c1e1e,fae853ed-1a94-4fee-bfba-93f20720b597,5,"Great service, delivery was on time.",0.806,"[""delivery""]",2025-08-21
dcc4e6e8-516e-45f2-bfff-18857f37e49d,c200ec03-44b1-4949-8427-a625ec4741bf,6e3e4813-f0c5-4451-977d-5f8842a6af0e,3,"Decent experience, room for improvement.",0.212,"[""communication"", ""delivery""]",2024-10-30
c56797ba-bebe-4cac-bab6-3b0ebd171013,6e2e99a4-a052-4bbe-b097-030dc3c65633,0e49e106-b236-4112-877c-828fc0fde81d,4,"Great service, delivery was on time.",0.927,"[""equipment_quality"", ""delivery"", ""service""]",2026-07-15
ada299f5-77d4-4cb5-bc5e-3e8ed16ff16b,d6aa75f7-44c7-4fd7-9ef1-afc61e81fed5,6a8f065c-17d1-43fc-85b8-b442da36b0f0,3,"Decent experience, room for improvement.",0.294,"[""service"", ""pricing""]",2025-12-29
a9e154b8-edda-4ea2-8f31-1c45f32520b5,b4345950-dd8c-497b-acdd-5ee00e70b96d,6e69c2a5-e4c2-4195-9253-b0f9c69633d1,4,"Excellent equipment, worked perfectly on site.",0.788,"[""pricing""]",2025-12-20
d169fe74-3193-4c2d-a170-0318595a28a6,ff5c59ce-b7d4-4309-8726-dbeb94e2dd91,7f04e565-7ae7-43c5-8e62-60b04e084142,2,Pricing was higher than expected.,-0.349,"[""communication""]",2026-03-20
6755b90b-5000-42de-b80f-114f44898823,08463e2c-bb4c-4072-9776-41809b410c82,29c840c3-899c-4491-bf92-fe43e589da8f,4,"Professional team, will rent again.",0.944,"[""delivery"", ""pricing""]",2025-04-28
bb4ddffb-c072-48ef-b764-52afcce3ce20,538aca8e-9280-478d-8ee0-abab8238c773,5770fef8-557a-4bf2-a694-4fbe25fafa79,2,Delivery was delayed by 2 days.,-0.795,"[""equipment_quality""]",2024-11-04
033e86ba-3a57-4be5-81c7-09b75b8f1cce,04b23723-2b58-4f4d-adc4-05e0ea43c46c,88f3d568-9a1a-4a17-8bec-20c4e17301cb,1,Delivery was delayed by 2 days.,-0.699,"[""service"", ""pricing"", ""equipment_quality""]",2024-10-15
2117d17c-54e8-4956-9037-1083c49bfabd,bd93a9bb-94e7-4f6d-8f65-2dcf2da5d86b,c4fe59ed-6235-4875-83dd-64fd292e96b3,2,Machine needed maintenance during rental.,-0.241,"[""pricing"", ""communication"", ""equipment_quality""]",2025-05-31
93f46fe4-f990-462d-8ae4-c68103b2cb26,b2c31650-b23a-4c34-898a-70205c337192,5a926a5a-cf38-487b-82ac-472599a4af25,4,"Great service, delivery was on time.",0.949,"[""service"", ""communication""]",2024-09-17
efdd3d0c-9354-4b51-ae80-5496d9179413,23e0230e-4a39-4c08-b9b0-a6f965d67d7e,1a685386-44c5-4506-8328-9aebe6cc93d2,5,Machine was in top condition.,0.639,"[""service"", ""pricing"", ""equipment_quality""]",2025-01-27
e762ff7c-438c-442c-b481-b66135fd3f15,4212e07a-0023-405f-9bf2-105bc07b5250,39ae0ea4-aad1-4e25-b7c1-cf70afce8a7a,1,Machine needed maintenance during rental.,-0.842,"[""pricing"", ""equipment_quality"", ""delivery""]",2025-07-05
d848fd9b-6e36-4849-b24d-309817be499c,0f13ce4b-33a8-4e88-aa71-9d5000ba5158,88b0de6f-8359-4234-9c98-d9b8a3f06f44,2,Pricing was higher than expected.,-0.608,"[""equipment_quality""]",2026-05-14
7a2ea631-0435-4cb2-8529-61293d06afac,fa5b0920-dbe9-4b44-a70c-393ffab78137,8770c510-d51b-40fd-89ad-ff49090a5199,5,"Professional team, will rent again.",0.883,"[""delivery"", ""service"", ""equipment_quality""]",2026-04-01
45cf60bd-7123-491a-a938-0787cca4e4f5,f28f4751-3cf3-4c7f-ac99-d9e9df03a0bc,ac785e45-0703-47de-9e9c-2cd7aa3aef85,4,"Excellent equipment, worked perfectly on site.",0.98,"[""service""]",2026-04-04
83f8be11-9f3f-48b0-9049-799b54b99818,cb30a089-6b70-4abd-b732-eb89a8b5902d,91b4476a-e77e-4b9e-b87e-6b378d980a1a,3,"Decent experience, room for improvement.",0.596,"[""delivery"", ""equipment_quality""]",2024-11-09
d41a72f0-c19c-4d86-96e5-4555058b7d0c,930e80c5-5d08-4519-b58c-256246376e91,81a3dfc8-a8fb-4071-88e4-b3e947ef45c5,5,"Excellent equipment, worked perfectly on site.",0.716,"[""communication"", ""equipment_quality"", ""pricing""]",2025-05-29
9611cc4e-fc86-4fcf-9ca8-8c2459514542,491f1311-7d04-417e-bd66-349490c29ded,90940ebc-d09b-4f6f-9ace-748d278b2612,4,Very satisfied with the rental experience.,0.924,"[""delivery"", ""communication"", ""pricing""]",2026-02-05
42647700-d0a1-4957-866e-ddf33047c2b3,d5b53c1f-34b8-4676-b971-7229d4d85131,65ff2610-91ea-4e65-9a21-f28f50aee922,3,"Decent experience, room for improvement.",0.22,"[""communication""]",2025-09-10
5c6b659c-6a9b-4b05-81b5-a40640defec3,5bbb14cf-9dad-4bbf-8aed-4e2e30dfeb16,cd36cc20-9eaa-4021-8d98-e533c5ce7906,5,"Excellent equipment, worked perfectly on site.",0.808,"[""service""]",2026-07-24
82ae3756-a21d-45ea-8cc5-f875490f00c3,abd04790-170c-4c35-822f-32406f606ca5,a74225ae-b761-4629-aa6b-ccec4ade056d,2,Equipment had some issues during operation.,-0.379,"[""communication"", ""pricing"", ""service""]",2026-01-14
a99d99f3-391c-485c-a49d-10bc559cc5d9,a14deceb-f9b0-4286-a069-9c291a911000,e2386791-ea33-4bcc-99de-f1e75b65f9e7,2,Machine needed maintenance during rental.,-0.644,"[""communication"", ""delivery"", ""pricing""]",2025-04-17
13792366-1b8e-4b10-81bd-38d1e2539b7f,3d72e7ae-13d1-4ed5-aa94-9ef92f1ed0ab,5f279e1d-af07-4717-999d-baf15bdb7b48,5,"Excellent equipment, worked perfectly on site.",0.696,"[""pricing"", ""service""]",2024-10-12
473bccbe-fb4f-48ac-8bcb-612dab5aa8bf,828d1746-672a-4755-a85d-fc6f8869d1f2,0c7f02b6-c757-4f17-8a94-9c23496e2ac3,2,Customer support could be more responsive.,-0.507,"[""delivery""]",2024-12-12
7cbb17e7-be89-4360-bfed-fe91f96224de,926a6948-12d2-420d-b960-eaaca6965dbd,7382dc9f-dad1-4383-8296-e02c81a6f4af,5,"Professional team, will rent again.",0.693,"[""service""]",2025-03-23
0582c6f2-b800-48fa-9d06-0b789a3d1ee7,b00e9788-a39e-4b89-81d7-403c66ee6f0a,7b57ab07-905b-4dc0-be31-6767f9e74b9b,3,"Decent experience, room for improvement.",0.546,"[""service""]",2025-05-19
9bf70836-a73b-4422-a29a-b1df944b9274,a25f72b5-1730-44fd-b6c7-c769a3920171,08a4b4d7-fa81-4de4-b1de-7c28008d7093,4,"Excellent equipment, worked perfectly on site.",0.747,"[""delivery""]",2024-08-12
f8377801-24ba-4fa9-85bd-6563567b3ddd,3c7c2248-73d0-4b68-ab2a-0009500b2fc5,c7e83078-8b14-460a-83e4-10b19f32cd94,3,"Decent experience, room for improvement.",0.2,"[""pricing"", ""communication"", ""delivery""]",2026-07-20
c324f685-d87d-4b74-bf40-36cbd94437d9,39fee45e-547c-4ea0-aa42-fdb317c7996a,42cb2c7c-ff7c-43ba-b318-544078866495,2,Equipment had some issues during operation.,-0.532,"[""equipment_quality""]",2025-03-07
ba21ac32-df22-4283-a766-2a26bfaafbb5,8d29907d-1109-404c-8316-4e748e853fa9,316e26ac-57bb-42d7-829c-480ec56b448d,2,Pricing was higher than expected.,-0.606,"[""communication"", ""delivery""]",2026-01-06
5dfbe072-f960-4648-8aef-ea1a28c93804,538aca8e-9280-478d-8ee0-abab8238c773,dd58e15e-1e3d-44ab-9853-1a4705323f40,5,Machine was in top condition.,0.641,"[""pricing""]",2025-01-12
73fb4047-faeb-421b-85a8-bac99c00af9b,707938a2-022a-47a4-8b9d-b4d50b26a0cc,a08f6f4b-a3d2-4ebe-82a6-ad8fe3ae2cbe,1,Machine needed maintenance during rental.,-0.755,"[""service""]",2026-04-22
e0eeeb13-e51a-4a8a-8054-1d5e2dc3571b,4472a331-943c-426e-91e8-e0757818a2ad,9f1c3f1f-9f52-41fe-9b8f-a86b577c713c,4,"Professional team, will rent again.",0.841,"[""service"", ""pricing"", ""delivery""]",2025-07-26
a4ffe886-4706-4e54-9e1e-4f9248c64575,9ad4451e-ad14-4dad-a808-cd0a259d20eb,61d851bf-765f-4d03-a4bd-d77ac41b2503,2,Equipment had some issues during operation.,-0.306,"[""equipment_quality""]",2025-04-22
76f9efc1-5432-4bfc-a0a2-4f8a5c7ff23c,930e80c5-5d08-4519-b58c-256246376e91,d967544c-77b3-47e4-9aa6-978cd8effe85,3,"Decent experience, room for improvement.",0.317,"[""equipment_quality"", ""pricing"", ""service""]",2026-07-16
f9241a69-e397-46b9-b090-a700ae5a4f7f,d4f0e86e-a355-434d-961a-b9597212aea3,9f30bc34-a7d9-4d36-ab99-21361488c963,4,"Great service, delivery was on time.",0.795,"[""pricing"", ""equipment_quality"", ""service""]",2026-03-21
d8e7bc1e-cf3c-4b5f-8c7b-c3d0ace2d8e9,69a242bb-b019-4dae-9df7-31f6202caabe,bbd05adf-2898-44af-9e1e-356c0e713085,4,"Great service, delivery was on time.",0.795,"[""equipment_quality"", ""service""]",2026-07-12
42338fa8-52a9-4795-9381-fe84cbdad7c6,8d29907d-1109-404c-8316-4e748e853fa9,63b25323-d0e6-47d4-8a29-a551c185e3f0,3,"Decent experience, room for improvement.",0.221,"[""equipment_quality""]",2025-05-26
449abf97-725a-4659-b375-1ae4229a6f19,421634a2-1632-4e68-8f4c-2c882284ce4a,a33a6522-102b-4709-ab7e-c6049b0bb7bb,4,"Excellent equipment, worked perfectly on site.",0.761,"[""communication"", ""equipment_quality""]",2026-02-11
e78f0bb1-09dc-4a46-a756-12ceb8433184,c6f3db6b-c7d1-4e65-93bc-535cf64e3e62,786a7eb7-6365-4355-a8a7-cc566652aabc,5,"Great service, delivery was on time.",0.99,"[""equipment_quality"", ""delivery"", ""communication""]",2025-05-08
57c453fe-d053-4852-b4b3-f9099497f3e9,c6f3db6b-c7d1-4e65-93bc-535cf64e3e62,2abaf5dd-c1ba-455d-9554-3e7dd9c9a6a1,5,"Great service, delivery was on time.",0.947,"[""delivery"", ""equipment_quality""]",2025-09-03
c840ff07-9c53-4cfa-bbfe-497970683761,41143a63-c315-4909-8012-ac3adcf17520,f4c78f22-9520-42e7-9f06-57c4500e4705,4,"Excellent equipment, worked perfectly on site.",0.831,"[""communication"", ""delivery""]",2025-09-01
e1e94616-e260-4269-8d51-5877cf9561a6,3af4598c-f599-45e0-b27b-8e366d645c50,ce2e6794-d5ca-4cd9-9b11-bd78b4ef7d80,5,"Excellent equipment, worked perfectly on site.",0.993,"[""communication"", ""delivery""]",2025-02-27
23d0e7bc-4dc4-4329-b4e6-49eff03016c0,c9300334-c177-4f75-8b92-06f96c003057,923e0f4c-f1b5-4790-91e4-6ea79c7ee1d4,5,Machine was in top condition.,0.793,"[""service"", ""pricing""]",2024-09-25
44fcec41-85bf-4ac9-9a92-d39bc821209e,03bbff31-a890-4d49-a6df-3269f635750c,9bdca1d2-1d8e-4379-bc12-5fbeb9ae7fb6,4,"Professional team, will rent again.",0.657,"[""pricing"", ""equipment_quality""]",2025-02-12
42dcf869-9dd8-475c-b82f-3173d3c77000,1d6b8257-1728-4d7c-8d72-7d1224245aeb,d162637b-37f2-4830-80c1-8c4739fb7ec2,5,"Professional team, will rent again.",0.796,"[""communication""]",2025-12-17
868e1a90-2273-469f-bcc3-4786d53b2d3e,76647c96-3126-4cc2-b315-7941cdbca7f7,5175e71f-8254-4006-90be-010af9c1afd3,4,"Excellent equipment, worked perfectly on site.",0.908,"[""equipment_quality"", ""delivery"", ""pricing""]",2025-11-18
88a8e76f-e3ed-448c-8253-07a604e6ef98,a313c410-78f1-412c-a399-2c47a873c2f9,81853f2b-15ca-4449-9404-4d134fcdd20d,3,"Decent experience, room for improvement.",0.29,"[""communication"", ""delivery""]",2025-09-21
774c5253-2f96-49ce-a15e-05b706786aab,d6aa75f7-44c7-4fd7-9ef1-afc61e81fed5,aaa9d975-bb59-4a1b-8558-549cd893d1a5,3,"Decent experience, room for improvement.",0.408,"[""pricing""]",2024-12-11
eb1e388e-40cf-4582-911b-2db77ffde92d,035c0bf2-10b9-4eb6-aa15-b3f44f78f2e4,1ac2f1f0-9dbf-4f9d-abb6-8a928b1ca27c,4,Very satisfied with the rental experience.,0.689,"[""equipment_quality"", ""delivery""]",2026-06-04
7216a58c-616c-4c51-93bd-92f351f4efeb,c200ec03-44b1-4949-8427-a625ec4741bf,ec922211-8cab-4b61-b6e7-5b02247f77df,4,"Excellent equipment, worked perfectly on site.",0.691,"[""pricing"", ""delivery"", ""equipment_quality""]",2024-10-06
b2cb9c16-424d-482e-9641-be3ae8aadf78,35e496ab-5e9f-4445-834e-44a70b00f1fa,469b0a94-f30e-40fa-b7e3-a40013a1e6e6,4,"Great service, delivery was on time.",0.954,"[""service"", ""pricing"", ""communication""]",2024-12-28
ca5b68e9-1e9b-48bd-8fd8-eb625b7731fc,f56dc739-0cae-417b-b7b4-5b1b8a53c810,86e2f79d-c515-4ea5-8cc9-5e80f2ff1d24,4,Very satisfied with the rental experience.,0.66,"[""pricing"", ""communication"", ""equipment_quality""]",2024-10-03
9335e516-c915-40fa-a1ee-435c2267c532,6529da10-1475-4c3c-92a1-18d6c99a2fd3,3347f08c-8167-4101-8592-8ca39886423c,3,"Decent experience, room for improvement.",0.567,"[""pricing"", ""delivery"", ""service""]",2025-01-15
cded686c-efa9-49f4-a348-cefb61fbeaab,3e2bc8c1-8cf5-40ff-afa7-fab4570ea542,980291c6-dd55-46c0-8558-f6f7872635bb,4,"Professional team, will rent again.",0.688,"[""equipment_quality"", ""service""]",2026-07-05
82499fc0-aa75-4769-a515-faac938109e2,6a9e9061-7336-48ff-bc33-3537b6f922a6,61ffa0c0-01c4-4250-9b2b-9e66842ef7a0,3,"Decent experience, room for improvement.",0.254,"[""service"", ""delivery""]",2024-09-30
c2e7f509-911f-4f33-ab9e-c1d8557f5cff,6ff51d1a-5577-4866-93bf-ecc7450b9784,17fde173-77a6-4e23-8fa6-08334b782312,1,Delivery was delayed by 2 days.,-0.292,"[""equipment_quality"", ""pricing""]",2025-04-21
e774829b-67b2-4119-b5cf-fefd9126035e,421634a2-1632-4e68-8f4c-2c882284ce4a,1af7b4e4-9b2f-422a-8b8f-07210b17e6bf,5,"Great service, delivery was on time.",0.973,"[""delivery"", ""service""]",2026-04-19
ed0ebfde-488c-4b09-b4cf-249ffae14583,b3dd61ee-5291-46c4-84e8-acaebddc7ed1,14302396-f12a-41e1-83d5-57e62d9e740b,5,Machine was in top condition.,0.635,"[""equipment_quality"", ""communication"", ""delivery""]",2026-07-20
0e6eefd5-8e5b-43c6-a4eb-d93f7bb976ef,d5b53c1f-34b8-4676-b971-7229d4d85131,d99cdc79-3e0b-458b-ad77-dc19916f9c2d,4,"Professional team, will rent again.",0.928,"[""equipment_quality""]",2026-06-19
09d9626d-bfc5-4365-80fd-08ddbfff8727,3de1dd21-eedf-4ff3-95ef-50dd9fc1147d,53c1f83c-6df7-47f9-8290-ecf03ce414d4,4,Very satisfied with the rental experience.,0.677,"[""communication""]",2025-11-15
b19597bc-86d4-42eb-918c-382b62f925a0,528d5dc5-fa22-4054-9dfb-5f7a8114c6cd,4ba7e950-8e1a-4207-8cb0-105915e49c0c,5,Machine was in top condition.,0.99,"[""pricing"", ""delivery""]",2026-02-15
31fc1de4-2b0a-4633-9fe0-5454b14dfba0,6c9fc10c-2676-4cb2-a180-6b6c7d05b723,4dedadbf-285b-41ae-ab59-bd1574894704,5,Very satisfied with the rental experience.,0.969,"[""service"", ""equipment_quality"", ""communication""]",2026-05-04
f4457a72-cc1f-43ef-8f18-aeda5ceb909c,0563024d-7b54-43f3-87f4-cbae099dfd04,3eed8e72-cf8e-4b5b-9125-0a3cd88e3c0f,5,"Excellent equipment, worked perfectly on site.",0.763,"[""service""]",2025-09-05
2cde49d4-3fb1-47f0-bd20-4e53cd2d381a,70fc6cc4-7bba-43b6-8cd8-314987426792,c440c5a4-3f6e-4093-ae03-b0c53ebbe8a3,3,"Decent experience, room for improvement.",0.48,"[""service"", ""equipment_quality""]",2025-04-02
22509d4e-93ee-4e15-90a5-1b30e3b3e648,df18fe4c-7ed9-4647-9f9e-eaf8a4c7c1a9,68591402-13b7-48db-a6f1-e872ef22dc50,3,"Decent experience, room for improvement.",0.239,"[""communication""]",2025-02-27
5243356e-3b6b-4ba2-82ad-e3695d19afb7,926a6948-12d2-420d-b960-eaaca6965dbd,e7c04f4f-2afb-4eaa-803c-a6fd77e679c7,1,Delivery was delayed by 2 days.,-0.913,"[""communication"", ""equipment_quality"", ""delivery""]",2024-10-12
89b08564-c521-4702-bc9d-0b5cac5aba58,051f3965-8927-4e21-aa88-d1eaccf7ff9b,e29d9e94-cb96-425b-b8ce-e78e0d95ccae,5,"Professional team, will rent again.",0.891,"[""service"", ""communication""]",2025-01-06
b4e546db-6a45-4d40-95e6-e2e2e2c74035,ebdee9fd-d8e7-4a19-b327-be6d80cab435,5e2203ab-518a-43fc-a197-b5ad8fcba7dc,3,"Decent experience, room for improvement.",0.58,"[""delivery""]",2026-06-10
7c1e4a11-016f-4101-a56a-875bc2ddc1da,199ab532-fb75-4ff6-bfbc-e060064f2799,eac35937-4d55-49c2-85eb-68ddaba32a02,5,Very satisfied with the rental experience.,0.931,"[""equipment_quality"", ""communication"", ""pricing""]",2025-01-14
009b05e1-e5f0-4d3f-91e7-29c8dcb3a985,2a04ff3f-9519-4a1a-8315-3684798f5345,58af4183-1232-4103-98e1-cd454c26df41,5,Very satisfied with the rental experience.,0.953,"[""equipment_quality"", ""service""]",2025-10-08
5b2f3a43-7a0a-4da3-81c9-2707c9d93543,f2097674-89c1-4f81-8ddc-810c9bf9a0e0,065dc714-4b04-4f47-9d9b-b338b7851ba2,3,"Decent experience, room for improvement.",0.529,"[""communication"", ""delivery""]",2025-09-11
f44a0b8b-117c-42bf-9a5d-e6afff9e415d,6e2e99a4-a052-4bbe-b097-030dc3c65633,6087c4b9-3d95-4173-ba49-8921ce23e229,2,Machine needed maintenance during rental.,-0.13,"[""communication"", ""pricing"", ""equipment_quality""]",2024-09-10
eb4592a2-cf27-4395-b39e-2b6852fe2c97,66c02283-de0d-46f3-b44b-99873c9895d9,92980102-35fa-4694-884b-305cb9857436,4,Machine was in top condition.,0.694,"[""service"", ""communication""]",2025-02-23
98ddfea7-e097-4ddd-a79e-73c6c72412f8,3b4c197c-5f64-405f-998b-18fed0deefea,65e33d7d-d4b2-4829-8d4c-55b152a1c948,4,"Excellent equipment, worked perfectly on site.",0.987,"[""communication""]",2026-02-25
d3a6a2f0-93d2-4f69-98f5-58cd364b9538,4472a331-943c-426e-91e8-e0757818a2ad,2bde47ed-959f-4b39-85ad-208e62bb97fd,5,"Professional team, will rent again.",0.995,"[""communication"", ""delivery"", ""equipment_quality""]",2025-01-11
e9813027-55aa-4f02-9bf2-d38a09efc87e,a25f72b5-1730-44fd-b6c7-c769a3920171,1dad13a9-54b3-42ec-bcc4-788d2d6df151,5,Machine was in top condition.,0.915,"[""service"", ""pricing""]",2025-07-30
9d99c434-3a02-4670-bafb-0cc036205968,db1ad761-4a3e-4989-8438-2dd4c3027c12,bac51bf8-79f5-4e6f-ba64-81119ab051d1,4,"Professional team, will rent again.",0.629,"[""service"", ""delivery""]",2025-02-03
33769998-d5cd-4e50-ba45-898c76fb2792,6a9e9061-7336-48ff-bc33-3537b6f922a6,b07fb398-ae1d-471e-a424-3750a237769d,4,"Professional team, will rent again.",0.874,"[""equipment_quality"", ""communication""]",2025-11-12
c58492e8-7b34-4416-8159-a42562e13679,2138c6c8-dd06-4493-96dd-1325c5d121f7,928ffb5a-32a6-499f-baf7-a5313d5d0856,4,"Great service, delivery was on time.",0.784,"[""service"", ""communication"", ""delivery""]",2026-05-10
2be19054-ff26-4125-8061-0c66f82da62b,5d9f6cae-2fb3-41ea-9f08-fbc1573ee862,c280b12d-f4aa-4988-9202-e655554d7a81,5,"Excellent equipment, worked perfectly on site.",0.665,"[""communication"", ""delivery"", ""equipment_quality""]",2024-12-03
cb170835-c957-420f-93db-fabbe5320c63,8647cf88-b986-493c-a5eb-e2954c813001,f0b5652d-fabb-4161-8128-59219941308d,5,"Excellent equipment, worked perfectly on site.",0.956,"[""equipment_quality""]",2026-01-23
a0fc27bb-6887-4527-a97f-54d4a0e7a6af,df18fe4c-7ed9-4647-9f9e-eaf8a4c7c1a9,5a6cde4b-34fe-4644-9ae0-59bf18251ee7,2,Pricing was higher than expected.,-0.539,"[""communication"", ""delivery"", ""equipment_quality""]",2024-11-11
356c1128-acb5-4b10-983a-5ad30fae2577,d299015a-a646-4e51-a52e-955471ad806a,3f01c830-83d3-46d1-bc92-b7cae6eb287a,4,"Excellent equipment, worked perfectly on site.",0.699,"[""service""]",2025-01-06
22e8044e-8b4d-481d-952c-0af639911881,4aafaf10-24f7-4d03-90f9-189f498d73df,ae5e999f-61ef-4fb0-b772-dfdf5e8d1949,5,Very satisfied with the rental experience.,0.708,"[""communication"", ""delivery""]",2025-10-02
9df5e89f-092f-4b34-8624-b46edec9cbd0,124bd83d-5184-4007-bb65-d189bf5495e8,ac0b3ff7-b882-4c67-b696-4a7243b687da,4,"Professional team, will rent again.",0.892,"[""service""]",2025-06-10
7e17e961-5ebc-45f7-a250-95cdff6fe832,875ba428-18a8-4688-8ae3-6f0274a5017b,60cc959b-66e0-4fb7-a69f-1a4ec9b6a25d,4,"Excellent equipment, worked perfectly on site.",0.895,"[""pricing""]",2025-05-27
f408e4eb-0b5d-45f2-9d5b-d3193942c1b5,edcd7270-7c38-4e2b-a544-37d79eae44b4,ef04a8da-9426-4c3f-a518-e9d562a28dd4,4,Machine was in top condition.,0.693,"[""communication""]",2025-01-12
80fb76bf-5678-4727-8286-266ae5b75c89,5b32d7b1-04db-48ac-aaf5-d121a60ded76,a9b0b6d4-d9d6-489f-af47-c84009d67415,4,"Excellent equipment, worked perfectly on site.",0.671,"[""service"", ""pricing""]",2024-11-10
4e7e4c15-bb64-45ca-ad63-04a701adae1e,76e7a621-003e-42cc-9f06-fea80a0747ca,8b9ce4b5-c20a-4b07-982e-845743bd2c97,5,Machine was in top condition.,0.978,"[""pricing"", ""equipment_quality"", ""service""]",2024-09-19
636254ab-f29f-4247-a48a-d5507d5e2a1b,6beaae34-f8b5-48c9-8cf2-f3ccbacd1bbe,f3c03022-1690-429e-b4f5-5d711c2997f8,5,Machine was in top condition.,0.951,"[""service"", ""equipment_quality""]",2026-01-17
073e6c91-a1dc-4b84-ba28-c28198f8d2de,2d5b73fb-3360-43e3-ac08-cf0358ca5966,609d2e4e-5da7-42a9-9ea9-fd3086e3d937,5,"Great service, delivery was on time.",0.767,"[""pricing""]",2025-02-11
8fa49f20-a926-48fc-86c9-6a19cbaaac0d,4cf6ec55-a7f7-463a-b26c-5fa9ecff193c,f6041761-ec4f-4f85-949c-44d275e321de,5,Very satisfied with the rental experience.,0.771,"[""service"", ""communication"", ""equipment_quality""]",2026-06-10
4d4c307e-a4b5-4a83-a7eb-c2e879a5eade,fa1aba87-5e36-4b91-8fe6-51843a62ecd6,cfa34fb6-96e6-4d0f-8e1b-6ad60ba260c0,2,Pricing was higher than expected.,-0.561,"[""delivery"", ""communication"", ""service""]",2026-05-12
0abcb356-5a86-4d3f-91f9-d09486aec2b6,654dddf4-fb54-4de8-bed2-79ced8278028,a4754163-93de-443e-b000-9ed65979405b,4,"Great service, delivery was on time.",0.929,"[""equipment_quality"", ""pricing"", ""delivery""]",2025-03-17
7de1a6e5-ae78-40cc-a19b-a9f0a6dba5a9,ff5c59ce-b7d4-4309-8726-dbeb94e2dd91,f56ca41c-2357-40cc-868a-6938eec483b2,3,"Decent experience, room for improvement.",0.591,"[""pricing"", ""communication""]",2026-01-12
eda36335-0ea0-482c-a084-a4b49942a640,e189db02-47bd-4155-9ff0-f1b42d8b0d45,57366e82-47f3-49fa-b282-277d10a6069e,4,"Professional team, will rent again.",0.862,"[""service""]",2026-06-04
9818ef6c-7749-4572-9952-dcaaf0d1252f,e189db02-47bd-4155-9ff0-f1b42d8b0d45,e74ce375-3f34-499c-ba47-57ba98c2e95e,1,Pricing was higher than expected.,-0.838,"[""equipment_quality""]",2026-01-12
ab35c398-65bc-43a6-b9b7-62e0b5100596,3e2bc8c1-8cf5-40ff-afa7-fab4570ea542,af590589-64f8-4929-84e3-4391b5503d65,5,Very satisfied with the rental experience.,0.96,"[""service"", ""equipment_quality"", ""delivery""]",2025-08-17
e9219e8f-13bc-48fe-aeb0-7ad332639f1a,6571075a-673b-49e1-ae95-2c30b0df2081,5d3954f1-d35d-4aa9-ab5d-6d4baed96977,3,"Decent experience, room for improvement.",0.516,"[""communication"", ""equipment_quality"", ""service""]",2025-09-03
c2987545-78ed-420c-b9f9-eb0b77331a75,84644143-a02b-4e48-a68d-4989cf2f8d7d,74ebdb6a-6291-44c0-92da-845f623416cc,3,"Decent experience, room for improvement.",0.251,"[""communication"", ""pricing"", ""service""]",2025-04-27
f74cf734-ff34-4d37-9fc0-f1f11e368c0d,bba0a92a-9bde-4c8f-869f-eca467215e00,69935163-6914-4d69-ac37-f77e8438689b,2,Pricing was higher than expected.,-0.81,"[""equipment_quality"", ""service"", ""pricing""]",2026-01-29
b4ec1d1f-3a25-4d56-bf11-525350b96eaf,70fc6cc4-7bba-43b6-8cd8-314987426792,e834846a-3887-4e8a-b5a4-70b77a75c2a4,5,"Excellent equipment, worked perfectly on site.",0.686,"[""communication""]",2024-08-24
52515261-2eaa-422d-bd5d-ad5b2409359b,654dddf4-fb54-4de8-bed2-79ced8278028,2b7ea4e2-8ef3-41ac-82eb-401df29efa15,5,"Excellent equipment, worked perfectly on site.",0.809,"[""delivery"", ""pricing""]",2026-07-10
7d8f2c15-bede-45be-8817-f6bbb8c17492,8647cf88-b986-493c-a5eb-e2954c813001,3e055102-e05f-4bee-a770-2049e3e056b1,4,Machine was in top condition.,0.846,"[""equipment_quality"", ""delivery"", ""communication""]",2024-08-08
c7cc68e2-42ab-49b7-9ad0-a57e6fc660b4,b2c31650-b23a-4c34-898a-70205c337192,c52ab356-ca34-46a1-a3c2-c68319d47838,5,Machine was in top condition.,0.738,"[""delivery"", ""service"", ""communication""]",2025-04-04
eef2295f-d2d6-4822-933d-07ad90ee7634,1ca9595e-b927-4c8b-a17f-323e0c283060,b874cf59-8ff2-4d6a-9166-96c75f3d22a0,2,Customer support could be more responsive.,-0.019,"[""delivery""]",2025-02-24
47928fb9-7049-4de5-a078-79b1e7412330,d6aa75f7-44c7-4fd7-9ef1-afc61e81fed5,4781ac64-4817-4024-96eb-6b1032483939,4,"Excellent equipment, worked perfectly on site.",0.813,"[""pricing""]",2024-09-12
b5a83174-737e-4a0d-ac07-54a5b277ec69,ce90fa9e-b930-467c-afb9-2c0c3f5a31a8,490537fb-d758-4436-8c99-ec2d1e19a270,3,"Decent experience, room for improvement.",0.502,"[""delivery"", ""service""]",2024-10-25
44df06e8-9c75-4ffd-91da-11a1ce23b3c5,d4f0e86e-a355-434d-961a-b9597212aea3,14af5183-519d-4b44-b745-693392f7b624,4,"Excellent equipment, worked perfectly on site.",0.94,"[""equipment_quality""]",2025-05-18
301230c2-e2c9-4815-9ef3-3920a16c3c95,3c7c2248-73d0-4b68-ab2a-0009500b2fc5,2e361566-c455-473a-b31a-a708401d4268,5,Very satisfied with the rental experience.,0.728,"[""pricing"", ""service"", ""equipment_quality""]",2025-01-14
cd6f4fb8-25bc-4ef9-871c-8f5e073c542a,3f3bf212-52e9-4b36-94a9-cb6ebb4feab1,baab0dde-11ea-4820-9e96-0099398a8cf5,5,"Great service, delivery was on time.",0.804,"[""service""]",2026-07-24
51c5d953-27f0-4ac8-9b1f-49d8dcda933e,199ab532-fb75-4ff6-bfbc-e060064f2799,423fdfbf-4360-4e75-bdf7-32d871f4576c,5,"Great service, delivery was on time.",0.911,"[""communication"", ""pricing"", ""equipment_quality""]",2025-09-14
b8ba2429-a04e-4980-933b-7d06c976f68a,199ab532-fb75-4ff6-bfbc-e060064f2799,ce7f169c-9386-47f5-bd7d-d79a5a56dbee,5,"Great service, delivery was on time.",0.747,"[""delivery""]",2025-11-19
d1797cdd-8c93-4aa8-8ae3-13a90e157bb4,0f13ce4b-33a8-4e88-aa71-9d5000ba5158,2c846558-0072-403c-af87-1396695fb743,4,"Excellent equipment, worked perfectly on site.",0.728,"[""service""]",2026-06-02
0aae2c21-26b9-43a8-87b2-58450fe8f412,6c9fc10c-2676-4cb2-a180-6b6c7d05b723,4fb1f7d0-49c2-4124-be37-5f0350b7937a,4,"Excellent equipment, worked perfectly on site.",0.717,"[""pricing"", ""service"", ""equipment_quality""]",2025-11-26
b777e974-0e48-4c34-9843-f9532a88d16f,0947586f-39c5-4479-a564-3d1a8d05415a,7fcba8cc-c9bc-4626-8ebf-fbc7534d8337,4,Very satisfied with the rental experience.,0.674,"[""delivery"", ""equipment_quality"", ""communication""]",2025-02-07
bbf310e3-4539-4fa7-8a3b-ae7433e80ce0,a9117ef3-8e70-4b83-9d0f-977338ea94ee,a7a6676e-96be-452f-af1f-d1bbbaec39c4,4,Very satisfied with the rental experience.,0.751,"[""delivery"", ""pricing""]",2025-11-14
cda9e25e-f688-4f85-a704-6219725dd5a3,4472a331-943c-426e-91e8-e0757818a2ad,38bf49b1-01eb-49eb-8d35-992d93b3d02e,2,Pricing was higher than expected.,-0.116,"[""pricing"", ""delivery""]",2025-08-11
da444921-2931-4737-a5de-f83ed4959c18,5bbb14cf-9dad-4bbf-8aed-4e2e30dfeb16,ad1046c2-3b48-4008-8af9-12a120ede12b,3,"Decent experience, room for improvement.",0.249,"[""service"", ""pricing""]",2024-08-24
9cc9d602-b0aa-4619-b233-04c75b5f7156,0f13ce4b-33a8-4e88-aa71-9d5000ba5158,3359c092-52cb-4eef-9eda-5ffce6824d7a,2,Delivery was delayed by 2 days.,-0.326,"[""equipment_quality"", ""service""]",2025-05-30
8bd87ccc-2ca3-4b34-a4f1-4f55c342260c,bd93a9bb-94e7-4f6d-8f65-2dcf2da5d86b,9bcc6067-8683-485e-a6b8-531efeced77b,4,"Great service, delivery was on time.",0.805,"[""delivery"", ""pricing"", ""communication""]",2026-05-18
a21f37b5-03f3-4c13-a128-282f31fe9a94,6eff4e51-9b25-4fc1-896e-b88762a13160,a76369ab-9ecc-4362-a21a-578489d8c681,4,"Great service, delivery was on time.",0.806,"[""service"", ""pricing""]",2025-12-07
7d2547c5-05f5-492c-a417-e36fc0353773,08205d3f-5e37-43de-aea8-0aca3ee7469d,da15f0f1-ec41-4e96-b6ae-36e95153df3c,4,"Excellent equipment, worked perfectly on site.",0.847,"[""communication""]",2025-09-24
f52946db-cf3b-494e-8aad-0c9077406c63,abef463b-a7a9-4e1a-a64f-c53d41cebf1d,ff95cb97-9727-46d3-878b-110a7dacfe99,3,"Decent experience, room for improvement.",0.583,"[""equipment_quality"", ""delivery"", ""service""]",2025-03-08
37962c3e-ab8d-4aba-a1f3-1245ccb7a5f2,8d29907d-1109-404c-8316-4e748e853fa9,198bc95f-cbc8-4f1d-aafe-0bb837ee062f,3,"Decent experience, room for improvement.",0.252,"[""service"", ""pricing""]",2026-01-23
0c8ebe29-bebc-49ad-9039-fca4376bd2b8,3b4c197c-5f64-405f-998b-18fed0deefea,e2584226-bd6a-4ffd-b07e-3d8087449c0a,5,"Great service, delivery was on time.",0.884,"[""service"", ""pricing"", ""delivery""]",2026-05-01
18a6141a-1d65-4817-8518-f9f320fd6c68,3bdc9a49-d23d-462a-81fc-e0a0c85272e3,f2c87a58-68d0-4e60-aacb-107056ea762f,5,"Great service, delivery was on time.",0.891,"[""equipment_quality""]",2026-03-21
023d971d-9505-49fc-8dd7-9856212ffd96,828d1746-672a-4755-a85d-fc6f8869d1f2,0cfb1108-fe46-4a28-b2bf-be6b81071cea,4,Machine was in top condition.,0.675,"[""service"", ""communication""]",2025-01-29
6e602377-fd01-4cae-bada-2603e47840c1,662051b8-fb78-407a-b951-c5ff0ea3c966,8fe2d572-a32f-4c9f-be1f-ae539847e875,3,"Decent experience, room for improvement.",0.428,"[""equipment_quality""]",2025-04-25
67e9d746-cf52-4147-87ef-b27de25daecc,33837d43-76dd-4f9e-b1e3-f1845b7bbc95,e791aff2-91bc-43ef-b649-2e0fac86a99b,5,Machine was in top condition.,0.925,"[""communication"", ""delivery"", ""equipment_quality""]",2025-11-14
dbbc0f49-e159-4fcf-b7b4-c43b51285ea1,4cd3d45f-6184-4db5-b59f-ba7054a54284,2b55dcfc-1bf3-452a-b3d9-1643d202e27b,4,"Excellent equipment, worked perfectly on site.",0.945,"[""pricing"", ""service"", ""equipment_quality""]",2025-10-21
73510b5f-8675-48d3-99c5-ef510d283d1a,3de1dd21-eedf-4ff3-95ef-50dd9fc1147d,c7112c76-577f-42aa-bc42-587a38d3c389,5,Machine was in top condition.,0.735,"[""equipment_quality"", ""communication"", ""delivery""]",2025-11-05
bd3bb7bc-7320-4a51-9aaf-4626894566e9,0563024d-7b54-43f3-87f4-cbae099dfd04,40781cf4-084f-4760-8bd7-0a11d67aa786,5,"Great service, delivery was on time.",0.926,"[""equipment_quality""]",2025-02-25
13ff7b25-d189-42ae-a8aa-a97329d5787c,8afccdd5-a2a5-4249-b270-330d173f26df,651e99d7-8d08-4ad7-b666-736a70962e6e,4,Very satisfied with the rental experience.,0.784,"[""pricing"", ""communication"", ""equipment_quality""]",2025-09-17
0a620857-8906-4472-8b40-fd5c4c0964ec,8afccdd5-a2a5-4249-b270-330d173f26df,70244c0c-d625-46f2-930f-3126dffe9448,4,Very satisfied with the rental experience.,0.819,"[""pricing"", ""delivery""]",2026-01-23
f8ed217f-022b-48e3-b87c-d9c343300927,6977c136-837c-44cb-9bf0-0a3ee8532eb4,8d7ae0df-2e78-43b2-9cce-fed843b8fc44,4,"Great service, delivery was on time.",0.75,"[""communication"", ""service"", ""equipment_quality""]",2025-09-05
60365709-2e1e-42ec-9858-a070b79fbee3,b4345950-dd8c-497b-acdd-5ee00e70b96d,e2be01a3-fcd9-4bc8-8535-d3f683bb1223,3,"Decent experience, room for improvement.",0.412,"[""service""]",2024-10-01
bbed6aa3-d2d5-4995-bb5a-ff791efb974a,5d9f6cae-2fb3-41ea-9f08-fbc1573ee862,6ad5244c-9f33-47b1-a4bb-642fb7b2a42e,2,Machine needed maintenance during rental.,-0.52,"[""pricing"", ""service"", ""communication""]",2024-12-16
302e8ffa-6174-490a-9972-e495b0589437,4472a331-943c-426e-91e8-e0757818a2ad,8eb97995-f2f1-4195-9960-d36c3ada2d1f,4,"Excellent equipment, worked perfectly on site.",0.816,"[""equipment_quality"", ""pricing""]",2025-01-03
d257e01a-d700-4423-94f5-e5c53dca2c36,5a50c836-ec68-4aeb-9182-abd10c298a3c,321cd478-8181-4d3e-b28b-dac1ccbbdfa2,5,"Great service, delivery was on time.",0.894,"[""pricing"", ""communication""]",2026-03-26
07aa865d-c453-4db6-9d8c-931d0067e00e,b4345950-dd8c-497b-acdd-5ee00e70b96d,9b6f4be3-0c5c-46e6-95d9-acd6ad984676,5,Machine was in top condition.,0.779,"[""pricing""]",2024-09-11
bb49b606-f834-4699-85dc-798fd43c7f13,39fee45e-547c-4ea0-aa42-fdb317c7996a,9fc7d985-6858-4ac3-88b4-1b0c1901340f,2,Pricing was higher than expected.,-0.038,"[""pricing"", ""equipment_quality""]",2025-09-29
f7e00697-9d12-4a40-bb59-12bc658b9b98,7b3f1125-9009-477e-a350-b52a7884ddc7,e17def70-f69b-414a-8d49-02f67d2fd444,5,"Professional team, will rent again.",0.922,"[""service"", ""delivery""]",2025-05-14
a745f321-0692-4a8c-b551-16a463daf6eb,b66af76f-48bd-4406-837c-25c442ae34ae,c787310d-acc4-4fc6-8ad2-10dce82fcc78,5,"Professional team, will rent again.",0.689,"[""communication""]",2025-09-16
be9a1e05-b218-497a-b9ae-5a5e4d4bcdb7,69807b72-e108-4d02-b81f-379de2691ce0,df2a60a0-c981-4eb8-9860-d4d78171b27d,3,"Decent experience, room for improvement.",0.451,"[""equipment_quality"", ""service""]",2025-06-07
a6fc236e-3905-4f35-a6d1-dd8929fc07b6,0947586f-39c5-4479-a564-3d1a8d05415a,c6b28c69-84d1-4217-ad41-9d9d63d39c76,4,"Great service, delivery was on time.",0.94,"[""delivery"", ""equipment_quality""]",2024-11-21
24c09837-9426-4c57-8032-1cd52517f82f,6a811073-bf7a-4c4e-98fb-ab063f5c9805,2a600b66-4b09-4f8f-a7ba-1dd69feb46b4,4,"Excellent equipment, worked perfectly on site.",0.717,"[""delivery"", ""communication""]",2025-06-04
32c802c6-d262-4c6e-bff8-d1c7dc5883c3,fa1aba87-5e36-4b91-8fe6-51843a62ecd6,6a101404-9bb5-4d81-a42c-d81e92635abf,4,"Excellent equipment, worked perfectly on site.",0.735,"[""equipment_quality""]",2024-11-04
673c69ee-4b42-47ed-b63b-fea9b80040c2,f2097674-89c1-4f81-8ddc-810c9bf9a0e0,c831f859-2b76-4efb-9b9c-caaae8bdbfdd,4,Very satisfied with the rental experience.,0.736,"[""pricing""]",2025-03-18
250e7b1b-c71e-4f2e-b443-7ad6b92fb2c6,76e7a621-003e-42cc-9f06-fea80a0747ca,ed8763a8-21bd-4b1b-9b16-4ab34a153391,5,"Excellent equipment, worked perfectly on site.",0.75,"[""communication"", ""equipment_quality""]",2026-02-12
b81a0319-924d-47d0-81d9-588d11f986b4,3f483723-85eb-43fc-aa06-a41e4b92850a,9a5c8401-7018-40a4-b965-e532688c7b52,5,"Great service, delivery was on time.",0.607,"[""pricing"", ""delivery"", ""equipment_quality""]",2025-11-10
5ee49ca8-7b7b-44fd-99fd-0c92892911d6,8300e3b8-4e36-4cd0-9094-c6787c5d4fb9,2c9c5d61-36c9-43a3-a85a-a5f1fa825ec5,4,"Excellent equipment, worked perfectly on site.",0.984,"[""equipment_quality"", ""pricing""]",2025-09-20
a1b963f9-7765-4dd8-87e6-336c71f354d8,421634a2-1632-4e68-8f4c-2c882284ce4a,3f60ed1b-586f-43fd-8b17-7a3fea7edb39,4,Machine was in top condition.,0.653,"[""service"", ""pricing""]",2026-07-20
1583c898-e0bc-4363-bc29-93586c385640,03bbff31-a890-4d49-a6df-3269f635750c,b0c4b785-c779-4bdc-aed1-a1b3d7cec882,2,Equipment had some issues during operation.,-0.287,"[""delivery""]",2026-06-19
a1a47ca1-5202-49ff-a833-6b15f3793dda,cb30a089-6b70-4abd-b732-eb89a8b5902d,416b8823-82a2-4e09-9690-889282177f64,4,"Great service, delivery was on time.",0.803,"[""pricing""]",2026-03-07
8770aab1-f128-4618-bc29-c01e703cc79c,b2c31650-b23a-4c34-898a-70205c337192,30d42c63-e5b5-4deb-8eba-cb1b575421c4,3,"Decent experience, room for improvement.",0.379,"[""equipment_quality"", ""communication""]",2026-06-25
2b9e14c6-4f0f-441b-a597-5fa828eef8a5,35e496ab-5e9f-4445-834e-44a70b00f1fa,27f98365-ef13-42b1-a2f0-dd54be39bc8e,4,"Excellent equipment, worked perfectly on site.",0.958,"[""equipment_quality"", ""pricing""]",2025-07-21
1105d350-160e-49a3-8b86-e0067f52e38e,ebdee9fd-d8e7-4a19-b327-be6d80cab435,b47e341d-dad9-4b5d-9397-10f0d52f314f,3,"Decent experience, room for improvement.",0.554,"[""service"", ""equipment_quality"", ""pricing""]",2026-04-03
e45c2c1a-61e5-40fb-888d-d310a1a1ee73,c83f1960-2dde-43f1-971a-6c8d6cc13c53,4b1bcadd-fa8c-4414-a7d8-0ab2a900c889,4,Very satisfied with the rental experience.,0.849,"[""equipment_quality"", ""communication""]",2025-01-10
ae1d122c-49fb-41c1-9afb-b6c435f3c195,6b567828-70f9-42ea-aa79-c824a239f12b,d3425edf-9581-4cbf-ba0d-927a6118d718,4,Very satisfied with the rental experience.,0.878,"[""communication"", ""delivery"", ""equipment_quality""]",2026-03-11
19b4cbbd-4324-45cc-87de-cc2f9a7bf549,07f4921e-099c-4d48-9e53-ec1b8c15bf6f,cae6a5d3-d911-415c-adcb-0a4923ad0bf6,5,"Professional team, will rent again.",0.637,"[""equipment_quality"", ""delivery"", ""service""]",2025-11-05
3dbb4de2-398c-4eba-8613-2980d7f4db4b,76647c96-3126-4cc2-b315-7941cdbca7f7,8a7db8ed-175f-4c99-a51e-d447b019facc,3,"Decent experience, room for improvement.",0.26,"[""communication""]",2026-06-05
c89e7378-ee5c-40ba-b059-99ca267f71c1,035c0bf2-10b9-4eb6-aa15-b3f44f78f2e4,2e00e621-e627-4e6a-99c3-07c0ca7c941a,4,"Excellent equipment, worked perfectly on site.",0.794,"[""equipment_quality""]",2025-02-23
442aaead-8a10-4745-b628-d2cbdac01e84,926a6948-12d2-420d-b960-eaaca6965dbd,b62078ed-1551-4bd1-bd97-f754386fdab3,5,"Excellent equipment, worked perfectly on site.",0.765,"[""delivery"", ""pricing"", ""equipment_quality""]",2025-12-26
aaf84fb5-401a-439a-ad64-305896adfb4b,1d6b8257-1728-4d7c-8d72-7d1224245aeb,8636ac8e-dc49-4842-9ba6-709a7bfc8688,4,"Excellent equipment, worked perfectly on site.",0.93,"[""communication"", ""equipment_quality"", ""delivery""]",2024-09-28
3b9c594c-6fb7-4b39-b19e-57f760ebb45a,07f4921e-099c-4d48-9e53-ec1b8c15bf6f,f54d4f4a-506f-45ef-9301-63af785d332c,4,Machine was in top condition.,0.781,"[""equipment_quality"", ""pricing"", ""service""]",2025-02-10
6905613b-421b-43d9-b990-59b69a5970e8,d6aa75f7-44c7-4fd7-9ef1-afc61e81fed5,5c056265-0966-47aa-9f25-b8bd29518ec4,4,Very satisfied with the rental experience.,0.98,"[""delivery""]",2025-08-20
9c511a0d-11f5-4bae-8321-eaa8749540e8,c3770f50-7096-4ffa-8ec8-3df91ff0f2c8,d6e65ab0-6f37-4d05-b3b5-5a23793049b6,3,"Decent experience, room for improvement.",0.47,"[""pricing"", ""service""]",2026-03-02
5d061722-8fd4-4f3c-a0a6-7543fe97ae4b,69a242bb-b019-4dae-9df7-31f6202caabe,80af0b3d-aad7-487c-8c46-44dbc441d263,3,"Decent experience, room for improvement.",0.23,"[""equipment_quality"", ""delivery""]",2025-11-27
a6ff1714-ec36-4391-8836-461813d24788,3bdc9a49-d23d-462a-81fc-e0a0c85272e3,e731cc24-718f-450e-b9a3-eb84b504866c,3,"Decent experience, room for improvement.",0.455,"[""equipment_quality"", ""service""]",2025-01-01
a83921ea-2d42-46a9-b54b-07a3fbfca78d,0947586f-39c5-4479-a564-3d1a8d05415a,8c2d7e4c-799a-4089-94fa-31b03b8e0071,3,"Decent experience, room for improvement.",0.542,"[""delivery"", ""pricing"", ""service""]",2025-03-26
1c19bdbf-018e-4589-81b7-66b262229d19,9888ccc8-2785-40b0-85db-04f4d4a34792,5c26f0d5-3d60-4e29-b9a9-bbecf933877b,4,"Great service, delivery was on time.",0.78,"[""communication"", ""equipment_quality"", ""service""]",2026-02-17
be16202d-8fb6-4da3-8d95-f02e0754af28,030c22a0-4626-433f-94aa-74d48d9cb4df,1b98d0a0-9fb4-4bb0-863f-c5c9fcacf9f8,5,Very satisfied with the rental experience.,0.788,"[""service""]",2025-11-03
d7c6d555-6865-434b-91b4-f28ad8461cf8,0bd1b1eb-11c6-49df-88eb-31691f867bf5,0826a9ce-e310-4ba0-89c6-7071ca0233e9,5,Machine was in top condition.,0.799,"[""service""]",2026-02-22
f5e963bf-5357-404b-8c32-41c9eda99ca7,6ff51d1a-5577-4866-93bf-ecc7450b9784,ca5868e4-65a7-4a3d-848d-211b88096294,5,"Excellent equipment, worked perfectly on site.",0.786,"[""delivery"", ""communication""]",2026-03-02
b7f3da4a-c2fb-489d-be30-3e77189cac41,030c22a0-4626-433f-94aa-74d48d9cb4df,e81c37ca-83c6-4f2f-83b9-f70c24b02dd1,3,"Decent experience, room for improvement.",0.239,"[""delivery"", ""equipment_quality""]",2025-10-14
90f274f9-12ad-4e70-b84f-1bff6879bbcc,23e0230e-4a39-4c08-b9b0-a6f965d67d7e,b38d8ef0-7e06-459f-bfad-193e9110e179,5,"Great service, delivery was on time.",0.732,"[""equipment_quality"", ""service""]",2026-05-05
70d623ff-3f85-460f-ae46-a6562cc26624,28627096-2515-4248-ae96-230506f08787,675df777-c08b-4a5c-a480-2ff69081f265,5,Machine was in top condition.,0.845,"[""delivery""]",2026-03-13
7ea18a7e-e766-4ac1-9b9c-37edce4a48b8,030c22a0-4626-433f-94aa-74d48d9cb4df,e16c88d6-f0d0-4a82-8863-b5c0640a8a3b,4,"Excellent equipment, worked perfectly on site.",0.903,"[""equipment_quality"", ""delivery""]",2026-05-12
82e8f673-7241-497d-8d46-c495b8c80e2c,3f483723-85eb-43fc-aa06-a41e4b92850a,c3a35acf-0713-42dc-8782-433dc1dd62b1,4,"Great service, delivery was on time.",0.661,"[""service"", ""equipment_quality""]",2026-05-01
80d5bd11-6761-44ab-ae37-17e2b8e6af41,35e496ab-5e9f-4445-834e-44a70b00f1fa,8dae87f3-64da-4330-9ef3-559155e7e74b,5,Machine was in top condition.,0.848,"[""delivery"", ""pricing""]",2026-01-16
4aa21161-5f26-4d89-b8b2-c972463e0ea9,edcd7270-7c38-4e2b-a544-37d79eae44b4,c13e86e2-6585-4117-9881-7dc80235e49e,4,"Excellent equipment, worked perfectly on site.",0.8,"[""communication"", ""service"", ""equipment_quality""]",2026-01-10
be4d822d-a9c0-4e3a-ad83-3a8d632975ea,edcd7270-7c38-4e2b-a544-37d79eae44b4,a73550f3-1f26-41e3-af4f-06d0c87ea66b,3,"Decent experience, room for improvement.",0.523,"[""delivery""]",2024-09-30
ed7a23cb-ba47-475d-8b6e-7b764b5a2195,6beaae34-f8b5-48c9-8cf2-f3ccbacd1bbe,b87ab3ba-e678-49f8-b236-dc06cf60eca6,5,Machine was in top condition.,0.878,"[""pricing"", ""communication"", ""delivery""]",2025-12-10
a5f2eed5-0074-4539-8bb9-20a4b23d45e4,aec30178-605b-42a8-a94c-df32b0f497bd,99ab1430-841e-4f0f-9897-45a5c4e2143c,5,"Excellent equipment, worked perfectly on site.",0.795,"[""communication"", ""service""]",2025-02-28
e66a1d52-c8af-4272-aed6-c2d068cbb866,db1ad761-4a3e-4989-8438-2dd4c3027c12,ad33eea6-ab3e-4bb7-90eb-029813bb7be0,5,Machine was in top condition.,0.801,"[""service"", ""equipment_quality""]",2025-12-03
71094c30-04ea-4ef6-976b-569f426f6fca,4aafaf10-24f7-4d03-90f9-189f498d73df,2b26b392-ea83-40fa-af8e-d42fa29b9683,4,"Great service, delivery was on time.",0.908,"[""service"", ""communication""]",2026-02-14
bbc3bf88-dbdd-4158-864e-3ec60cd780c9,23edac92-2354-4178-a4a0-5d165c377eb8,67e96ce4-7b84-4952-b6bc-8662772dba33,3,"Decent experience, room for improvement.",0.415,"[""communication"", ""equipment_quality"", ""delivery""]",2025-07-03
f412ec08-ca49-4fbb-803a-1a658db79695,035c0bf2-10b9-4eb6-aa15-b3f44f78f2e4,81587557-6cae-485a-bf39-6e728120bc04,3,"Decent experience, room for improvement.",0.444,"[""pricing"", ""equipment_quality""]",2024-09-15
9376b1cb-0157-4cde-8f41-670af9fb84da,56293ff7-3050-4f6b-8df0-cef39f0c8800,52376b1c-2203-49bb-b957-bf59040d29b0,3,"Decent experience, room for improvement.",0.297,"[""pricing"", ""equipment_quality""]",2026-03-16
ab37d94c-3808-450d-944f-7086a2dd9e33,b00e9788-a39e-4b89-81d7-403c66ee6f0a,db114e14-6c77-472c-b7be-a9b11db974a9,5,"Excellent equipment, worked perfectly on site.",0.754,"[""pricing"", ""equipment_quality""]",2025-10-21
261517e6-9a8b-4527-ba7c-47518eed11bd,035c0bf2-10b9-4eb6-aa15-b3f44f78f2e4,5c2c6527-834e-4bb1-ab4a-335843c409e6,5,"Great service, delivery was on time.",0.897,"[""delivery"", ""service"", ""communication""]",2026-03-11
e54e7d46-8cad-4031-ae59-0a51af83d1c6,d0bda241-2bb1-4a4d-9ebb-a56c96f85c7b,63e4cbc3-0c9b-42dc-bcd8-6c1ac9258899,3,"Decent experience, room for improvement.",0.429,"[""delivery"", ""equipment_quality""]",2024-12-10
45d0c8ec-3bb2-4f02-a0d1-0049622596db,b81ba5de-7041-49e7-a3f5-37f7f61d59a4,c62eeeab-f92e-4384-b8b1-1f72ab55f81e,3,"Decent experience, room for improvement.",0.579,"[""pricing"", ""equipment_quality""]",2025-05-25
a043fd40-3975-4c28-81e2-655707243c78,4236e673-ef5d-4ba1-94df-857605a8084d,7aa0d965-d4e1-4241-8754-fe909442be48,5,Very satisfied with the rental experience.,0.866,"[""communication"", ""equipment_quality"", ""delivery""]",2025-08-31
088b4907-a242-43b9-aa4b-fcdbe074c445,ff5c59ce-b7d4-4309-8726-dbeb94e2dd91,b7b8aae4-e519-4c79-8fb4-b0ad31f90634,3,"Decent experience, room for improvement.",0.453,"[""equipment_quality""]",2025-03-30
e15d71de-19e5-43fd-a31b-0b1791c8e0a2,d5b53c1f-34b8-4676-b971-7229d4d85131,b162502d-6966-423a-815f-4c7358f6f794,4,Machine was in top condition.,0.777,"[""delivery"", ""equipment_quality"", ""service""]",2026-04-17
ce830968-519e-47f6-9289-93bdf3a0e5b6,fa1aba87-5e36-4b91-8fe6-51843a62ecd6,4ab1658e-1f30-4d9b-85a1-484fee924d2e,4,Very satisfied with the rental experience.,0.624,"[""communication""]",2024-12-24
8a0fc952-2ef0-4d4e-b392-e479925079de,c83f1960-2dde-43f1-971a-6c8d6cc13c53,d20d6dd0-cb68-4cb3-92f2-2bc52c201979,5,"Excellent equipment, worked perfectly on site.",0.858,"[""equipment_quality""]",2026-05-05
3f7815eb-0913-4349-a980-969d442eec1c,d299015a-a646-4e51-a52e-955471ad806a,e7a483fd-5d81-4f57-bdd6-86c1cd264d7c,4,"Excellent equipment, worked perfectly on site.",0.835,"[""equipment_quality"", ""service"", ""delivery""]",2024-11-07
57786539-611e-4c04-8114-8c2602a26eed,421634a2-1632-4e68-8f4c-2c882284ce4a,913f1ce3-941a-4301-8017-733e972ff989,3,"Decent experience, room for improvement.",0.592,"[""communication"", ""pricing""]",2025-10-20
eea8a82a-f558-47ae-9c17-dff5b8e9038e,f6e95077-b010-4354-9b49-bc9b6f6deb5d,fb8eb0cb-00bc-43ed-9c42-d2dda4cb64eb,4,"Professional team, will rent again.",0.633,"[""delivery""]",2025-11-29
065da2cb-98d4-4557-83af-a13ea5b98ccb,4aafaf10-24f7-4d03-90f9-189f498d73df,dd7b3237-9533-4e25-b550-82ff1f79abf8,4,"Great service, delivery was on time.",0.689,"[""communication"", ""equipment_quality""]",2026-04-17
