id,equipment_id,scheduled_date,completed_date,maintenance_type,description,parts_replaced,cost,technician_name,predicted_failure_component,ml_confidence_score,downtime_hours,is_completed,created_at
e805df99-c04e-471d-b671-47c6a9eba7d2,499abaa9-c7a5-44f5-a672-40edf44782fe,2026-07-02,2026-07-02,predictive,Predictive maintenance: bucket service,[],430.84,Miranda Williams,tracks/tires,0.833,1.4,True,2026-06-20
14a589c7-5a98-4495-a5e9-cba0ab89bcd3,81c0302e-89de-45fb-adf7-ccee6ebec7fc,2025-03-31,2025-04-02,predictive,Predictive maintenance: filters service,"[""bucket"", ""hydraulic_system""]",295.69,Riley Gordon,engine,0.678,2.2,True,2025-03-22
03a5711b-18f5-42ff-a2ac-bf6ca2b5294c,fb8e252b-b60a-4ca7-93ef-511390a4a69b,2026-01-03,2026-01-03,scheduled,Scheduled maintenance: belts service,[],316.34,Mackenzie Hawkins,,,4.2,True,2026-01-02
d1cfe973-2851-4296-889c-a22c990e4300,dd56e682-c874-40c4-ad19-d047d8dfd8dc,2025-04-30,2025-05-05,scheduled,Scheduled maintenance: bucket service,"[""transmission"", ""boom"", ""engine""]",251.05,Allison Welch,,,8.7,True,2025-04-18
1673e098-e928-49fb-9a37-218255ea3396,327125e1-ed4e-4a6f-91db-4e8dee4083cd,2024-09-03,2024-09-07,emergency,Emergency maintenance: transmission service,[],61.87,Gina Williams,,,1.8,True,2024-08-21
1055e20e-80f4-4c68-9b8f-c06cecf06442,6af0c8ad-c01b-4298-8b67-49018447806d,2024-12-06,2024-12-08,inspection,Inspection maintenance: tracks/tires service,"[""hydraulic_system""]",74.02,Nicole Owen,,,6.6,True,2024-11-23
343c087d-37da-446d-b5c3-55014fd33f01,a7037454-abe4-4fbb-9b42-86d1f7928404,2026-07-20,2026-07-20,emergency,Emergency maintenance: tracks/tires service,"[""hydraulic_system"", ""electrical"", ""bucket""]",53.79,Robert Pineda,,,13.2,True,2026-07-08
09b40396-f84c-483f-a8f9-f8ccba648a2d,c98a739e-0962-412c-9625-b5b78614d117,2026-03-29,2026-04-02,scheduled,Scheduled maintenance: electrical service,"[""electrical"", ""bucket"", ""transmission""]",78.86,Matthew Wallace,,,24.2,True,2026-03-21
e307e0a4-8ae4-4ba0-9ecf-fa62da0e1508,585722cb-3d5f-42da-8de2-7c764b80bdd5,2025-05-11,2025-05-12,predictive,Predictive maintenance: filters service,[],1334.84,Kimberly Campos,bucket,0.954,8.8,True,2025-05-10
c1033d3b-894c-49c9-9ce6-d2882556e648,60bd7bca-1222-4895-9831-63ce2ac7cfe8,2025-05-25,2025-05-30,inspection,Inspection maintenance: boom service,"[""hydraulic_system"", ""transmission"", ""engine""]",699.31,Robert Fuller,,,6.0,True,2025-05-20
75a4fc48-d25c-45b4-85fb-c46c1e740c77,45418852-2841-45b8-993c-98fa0322df4c,2025-02-03,2025-02-06,inspection,Inspection maintenance: filters service,[],165.2,Linda Fleming,,,2.6,True,2025-01-30
3d64a9d0-6f9a-4cad-93e1-ba40ebd8da14,34a02f6c-83c5-4f49-9d62-0761c17e248e,2025-12-07,2025-12-09,scheduled,Scheduled maintenance: tracks/tires service,"[""tracks/tires"", ""engine""]",647.28,Valerie Hunter,,,0.3,True,2025-12-04
bda43c24-aa45-42ed-831c-6fcf5379d838,a974cd4a-dc4d-4da0-a45d-4bafe4e9a602,2026-04-12,2026-04-17,inspection,Inspection maintenance: electrical service,"[""transmission"", ""belts"", ""engine""]",2730.11,Julie Stokes,,,4.7,True,2026-04-01
287550e1-8f77-41c1-9a5e-4e759433be48,7e9b8e5b-6b9a-4618-9cac-4ea81c4ac4ac,2025-07-26,2025-07-28,predictive,Predictive maintenance: transmission service,"[""belts"", ""transmission"", ""electrical""]",631.16,Angela Diaz,electrical,0.867,12.1,True,2025-07-17
4004a182-a38e-4647-b8bd-b55ab942e823,c5021d1c-2288-4f78-98e5-46574e1ee7cd,2025-04-02,2025-04-03,scheduled,Scheduled maintenance: transmission service,"[""engine""]",1340.37,Crystal Ruiz,,,9.3,True,2025-03-28
45d714d5-4994-41d8-b4d8-140d2e66772a,e6f0322b-02d1-4905-ba34-1cca3352fb8a,2025-05-03,2025-05-06,predictive,Predictive maintenance: electrical service,[],124.07,Lawrence Ruiz,hydraulic_system,0.792,0.1,True,2025-04-29
99140644-ce62-4508-8343-c618f19e7f28,6bb78ee8-3ddc-48f2-84a1-18a349930a02,2025-08-16,2025-08-18,predictive,Predictive maintenance: bucket service,"[""belts"", ""tracks/tires""]",278.16,Alison Jackson,hydraulic_system,0.957,2.9,True,2025-08-15
8c445dfc-77f2-4de3-8a73-7a9b031b6f48,7e9b8e5b-6b9a-4618-9cac-4ea81c4ac4ac,2026-05-14,2026-05-15,scheduled,Scheduled maintenance: filters service,"[""tracks/tires"", ""hydraulic_system"", ""belts""]",456.14,Katherine Hinton,,,9.6,True,2026-05-02
1514474f-790f-4b53-8d88-35abb78be76e,864ac467-35cc-4602-b5c0-c8e8053a62d8,2025-09-06,2025-09-06,predictive,Predictive maintenance: engine service,"[""belts"", ""hydraulic_system"", ""boom""]",375.01,Amanda Hinton,electrical,0.775,3.7,True,2025-08-29
45ef21f2-5284-412b-aa07-b7cb4581fb6f,1b648b73-4d61-4583-9733-c63854f6e8bc,2026-07-17,2026-07-17,inspection,Inspection maintenance: filters service,"[""engine""]",1442.67,Frederick Davila,,,4.4,True,2026-07-11
1aefd721-5134-45e9-9217-8cf1dd3deacb,0011544a-5ae6-409e-a953-1496a9ee0b68,2025-08-20,2025-08-23,scheduled,Scheduled maintenance: engine service,"[""belts"", ""electrical"", ""filters""]",55.73,Michael Holloway,,,0.5,True,2025-08-09
3338aa83-cb3c-4893-bccf-9093198818b8,9e96e240-502d-4c40-93ab-735ed1290c24,2025-08-03,2025-08-07,scheduled,Scheduled maintenance: boom service,"[""belts"", ""transmission"", ""engine""]",672.71,Brian Ellis,,,19.6,True,2025-07-29
0a1ae9e3-4714-4de6-9521-10dfaaacfd1b,c4ebb8c0-1833-4d0d-865d-b50758a8997f,2025-08-08,2025-08-10,inspection,Inspection maintenance: transmission service,"[""filters"", ""hydraulic_system""]",960.88,John Jackson,,,0.5,True,2025-08-03
25f7e480-4d21-4587-844f-99f76a32a585,25625f85-61ca-454c-8800-9442a81efa83,2025-12-16,2025-12-16,predictive,Predictive maintenance: boom service,[],392.92,Adriana Howard,tracks/tires,0.828,4.2,True,2025-12-02
24943a2b-2ef4-43e2-b50b-607668e1fa93,534fb71e-7d96-4dc5-a491-a1d814dcb3df,2024-08-06,2024-08-11,inspection,Inspection maintenance: bucket service,"[""filters"", ""electrical"", ""tracks/tires""]",138.45,Natalie West,,,5.7,True,2024-08-01
822928cb-2a18-4c82-82d4-47ff53e9dc06,7bc3cbca-b4c9-45c2-9c98-9a7c8435a94a,2026-07-20,2026-07-25,emergency,Emergency maintenance: filters service,"[""engine"", ""electrical"", ""belts""]",295.51,Lauren Moore,,,3.9,True,2026-07-17
765c72cf-8eb4-44a9-96a0-5ee80885acbc,a9fa082c-7485-4391-8f10-e651e8511893,2025-08-13,2025-08-13,predictive,Predictive maintenance: bucket service,"[""boom"", ""hydraulic_system"", ""bucket""]",507.89,Alicia Rogers,filters,0.797,3.2,True,2025-08-04
fa3c16dd-8fe7-4f47-8b5f-aa95342c9b3b,4153e144-eafe-4a0d-8a73-fb0e00684dca,2025-04-05,2025-04-06,predictive,Predictive maintenance: boom service,[],173.52,Cheryl Ramirez,hydraulic_system,0.675,3.5,True,2025-04-04
edd26bbb-fced-4145-945d-b60ae10f550d,ffd0e402-12a8-4158-9c2a-4d41ba961885,2024-10-18,2024-10-20,scheduled,Scheduled maintenance: boom service,"[""bucket"", ""filters"", ""belts""]",2036.54,Christopher Brown,,,10.8,True,2024-10-11
80695ea0-95ae-4901-9f84-a21099381989,ba527597-80a4-4328-8151-50334a493329,2025-09-25,2025-09-27,predictive,Predictive maintenance: electrical service,[],194.85,Alexis Perez,hydraulic_system,0.852,0.8,True,2025-09-19
eae8a833-d261-4d91-8ae1-77361c7565d5,5ae99346-70e5-4ecd-a761-37fc492ec014,2026-07-06,2026-07-09,predictive,Predictive maintenance: filters service,"[""hydraulic_system""]",267.17,Tina Coleman,engine,0.693,9.4,True,2026-07-04
a3359169-2eed-49ed-b3eb-a2e1147a4993,2d860599-e5d8-4008-93a8-249e3808efb5,2025-09-04,2025-09-04,scheduled,Scheduled maintenance: bucket service,"[""engine"", ""filters""]",311.08,Amanda Weber,,,15.2,True,2025-08-21
1f219223-aebe-47de-9a8f-075c038c2268,3b7f53dc-89bc-42d5-bba4-4b64972c25dc,2025-10-08,2025-10-13,emergency,Emergency maintenance: belts service,"[""bucket"", ""tracks/tires""]",843.61,Kenneth Bryant,,,3.5,True,2025-10-07
aedfaa3b-e596-4c33-874f-91cf92ef0a17,dc78356a-fed9-45ea-beab-0914299bb385,2025-04-23,2025-04-25,scheduled,Scheduled maintenance: engine service,"[""belts"", ""tracks/tires"", ""boom""]",392.19,Melvin Ford,,,16.4,True,2025-04-16
4ad84d58-ef85-4f1d-aee5-ee9d636ecc2f,3e7ebecc-5d5c-4427-b151-3ea728111ecf,2024-09-07,2024-09-07,scheduled,Scheduled maintenance: filters service,"[""electrical"", ""hydraulic_system"", ""boom""]",253.36,Blake Vazquez,,,0.0,True,2024-08-31
788bddae-18da-4fbc-8d1c-b69a98fc196f,7a484d66-c096-48a2-b5ca-78f101e878b5,2025-03-17,2025-03-18,scheduled,Scheduled maintenance: filters service,"[""electrical"", ""transmission""]",35.7,Derek Jackson,,,5.3,True,2025-03-03
fd0a317b-aa56-45b3-98dd-39c4d9f71d4b,e5f9c625-ef35-4d40-b589-e5e8c7796840,2024-08-26,2024-08-26,predictive,Predictive maintenance: hydraulic_system service,"[""boom"", ""electrical""]",52.05,Philip Williams,bucket,0.925,2.7,True,2024-08-12
a732988a-676c-4f94-9239-4f447dee15f4,c2cb93cd-ef91-41d5-804b-e127e14d401f,2025-12-23,2025-12-23,scheduled,Scheduled maintenance: transmission service,"[""tracks/tires"", ""electrical""]",321.59,Bryan Rivera,,,4.2,True,2025-12-16
6d5e4854-d794-4886-924e-bb69c6de8be9,7b52a643-7d48-4552-86a7-b3637d5ba953,2024-11-22,2024-11-24,emergency,Emergency maintenance: tracks/tires service,[],439.17,Autumn Henderson,,,13.9,True,2024-11-19
e101e0e4-9788-4ea3-b6ad-11e1c4c2822d,4d1f93ef-9f20-4d42-95b3-50f240c48266,2025-07-02,2025-07-03,scheduled,Scheduled maintenance: engine service,"[""engine""]",589.13,Jennifer Davis,,,15.5,True,2025-06-22
a286ad69-4198-4ae2-b6f8-5367eff2cff7,8e7ae8fd-f5b7-47d4-81a5-ec025a3a8869,2025-01-14,2025-01-16,emergency,Emergency maintenance: tracks/tires service,"[""bucket"", ""engine"", ""filters""]",14.29,Michael Carter,,,14.9,True,2025-01-12
1e76b02e-def1-445a-a92a-afdae3e625aa,0fe403fa-d3ba-4841-b786-20b08f190bd7,2026-02-02,2026-02-05,scheduled,Scheduled maintenance: tracks/tires service,"[""transmission"", ""engine"", ""hydraulic_system""]",477.94,Donald Murray,,,16.9,True,2026-02-01
529f42f1-af4d-497c-8c92-297b158f5778,7e5d4a8c-1dca-4355-bf3c-21051af0ada4,2025-09-01,2025-09-03,predictive,Predictive maintenance: hydraulic_system service,"[""belts"", ""filters""]",297.74,Timothy Nielsen,electrical,0.669,0.3,True,2025-08-29
0766a925-dade-49d9-899c-77e37cbca888,e3e0542c-edff-458e-babf-076f42ac3d26,2025-11-02,2025-11-03,inspection,Inspection maintenance: hydraulic_system service,"[""boom"", ""transmission"", ""engine""]",21.2,Janice Thomas,,,3.5,True,2025-11-01
f8bccc23-d40c-4c4e-a4fe-76903470e698,79f5bb58-6b8a-4eb8-82d9-816fbcff25fb,2024-12-19,,emergency,Emergency maintenance: engine service,"[""bucket"", ""belts"", ""electrical""]",589.23,Alan Pratt,,,0.8,False,2024-12-18
59fc9b95-fade-4792-86d8-481f7a9b7ee8,1a1f0949-9c73-4342-a795-39b7dace660e,2024-08-11,2024-08-14,scheduled,Scheduled maintenance: engine service,"[""bucket"", ""engine""]",57.97,Aaron Herrera PhD,,,5.5,True,2024-08-04
693ba2d2-3666-4af1-b8e0-ef02060965a9,302a2187-abca-48b5-824b-a164d18aa722,2025-07-03,2025-07-03,scheduled,Scheduled maintenance: transmission service,[],294.47,Ronald Mcdonald,,,1.0,True,2025-06-21
aa91406e-38d6-49c1-a835-383a96cedb7b,8c452087-0c9b-400b-96f8-f88881baa3f3,2026-01-29,2026-02-03,inspection,Inspection maintenance: belts service,"[""tracks/tires"", ""transmission"", ""hydraulic_system""]",822.68,Dylan Juarez,,,15.5,True,2026-01-22
a35498b8-6705-42cd-9d5e-24d4a024bfc4,7edcfa59-db28-4bba-9f31-5f2b6b39f147,2025-12-09,2025-12-12,scheduled,Scheduled maintenance: transmission service,"[""tracks/tires"", ""transmission""]",475.52,Ronald Jimenez,,,2.3,True,2025-12-06
39bce106-d842-4c51-8163-2f517b33580f,17916214-0191-4dca-a455-c111cbb71a77,2025-05-25,2025-05-30,scheduled,Scheduled maintenance: engine service,"[""electrical"", ""engine"", ""transmission""]",605.97,Kevin Davenport,,,0.2,True,2025-05-20
09c85f02-0331-483c-b07e-9b32114f9df0,5d870766-d261-482d-a5e2-d98a65859089,2024-10-24,2024-10-27,scheduled,Scheduled maintenance: transmission service,"[""tracks/tires"", ""boom""]",385.17,Chelsea Day,,,5.3,True,2024-10-20
6df8e3d9-f6ea-4e20-aff2-7dfe819741e9,fb8e252b-b60a-4ca7-93ef-511390a4a69b,2025-05-09,2025-05-14,emergency,Emergency maintenance: boom service,"[""hydraulic_system"", ""engine"", ""bucket""]",311.04,John Patton,,,2.3,True,2025-05-05
e43aeb02-a569-4c14-beb8-0013f1492609,028a6f52-add2-4c7a-b7a3-a9c22ddb4879,2025-11-27,2025-12-02,scheduled,Scheduled maintenance: bucket service,"[""belts""]",191.38,Brian Kirby,,,2.2,True,2025-11-14
06148621-a2cc-4dba-ba1a-b6880c4bf9e6,cb415840-0767-41a7-9e53-940076a20c84,2025-07-23,2025-07-26,predictive,Predictive maintenance: boom service,[],1116.61,Sarah Lee,belts,0.656,8.7,True,2025-07-09
5c62b240-3c5c-4759-9989-82359209625d,5aeb4d24-f2c3-4048-bc18-aa047ef63c9c,2026-06-18,2026-06-23,inspection,Inspection maintenance: engine service,"[""transmission"", ""boom"", ""filters""]",806.85,Carol Mccullough,,,13.6,True,2026-06-04
0e15ef84-68a9-45c6-aabf-67b00144c49b,7e5d4a8c-1dca-4355-bf3c-21051af0ada4,2026-04-12,2026-04-13,predictive,Predictive maintenance: filters service,"[""engine"", ""transmission""]",65.56,Nathaniel Lewis,hydraulic_system,0.766,1.0,True,2026-04-11
8c167d43-adae-4202-9732-047256eb1101,3e3019fa-a267-4d7f-bb15-663440ce03d0,2024-09-01,2024-09-02,scheduled,Scheduled maintenance: bucket service,"[""bucket"", ""filters""]",583.89,Lauren Mason,,,10.8,True,2024-08-24
ae3e89cd-e343-4efc-981a-ede8aafc16a7,ba5033b1-3a46-463d-b0a5-c4d5b24a7271,2024-08-14,2024-08-16,inspection,Inspection maintenance: bucket service,"[""transmission""]",393.22,Erica Cardenas,,,5.5,True,2024-08-09
3bef5000-d610-4e0f-a8c3-0583fea79c22,625e3638-bb4d-4ec4-9a4a-6dc7b898370e,2026-05-19,2026-05-19,scheduled,Scheduled maintenance: belts service,[],333.92,Stephanie Guerrero,,,1.0,True,2026-05-15
50b6aaca-bb4f-4411-a89f-6b661c4fb2df,a974cd4a-dc4d-4da0-a45d-4bafe4e9a602,2026-03-23,2026-03-23,scheduled,Scheduled maintenance: tracks/tires service,"[""tracks/tires"", ""transmission"", ""bucket""]",668.3,Amanda Grant,,,2.2,True,2026-03-14
89489e87-bdd0-4bb9-a21b-470b25b100b3,5aeb4d24-f2c3-4048-bc18-aa047ef63c9c,2025-07-11,2025-07-11,predictive,Predictive maintenance: engine service,"[""electrical"", ""belts"", ""tracks/tires""]",772.43,Amy Garrett,transmission,0.856,3.5,True,2025-07-10
4988a022-4309-470f-a757-339320867f90,2ae14b25-d7d0-4e75-b7fe-7fdf25c28459,2025-11-17,2025-11-20,scheduled,Scheduled maintenance: filters service,"[""engine"", ""transmission"", ""hydraulic_system""]",61.76,Richard Bryan,,,10.6,True,2025-11-12
380d44e2-4a79-4573-b919-736e8623a0ab,85ceefd0-0dcd-43e6-a1b3-2c32886dc130,2025-04-12,2025-04-12,inspection,Inspection maintenance: boom service,"[""boom"", ""tracks/tires"", ""transmission""]",163.44,Mr. Kenneth Murphy MD,,,3.0,True,2025-03-31
40b566cf-d0a1-4b67-b757-64da1a74c240,1b7b60bf-0ac4-49da-966a-5a98b83418e1,2026-04-12,2026-04-14,scheduled,Scheduled maintenance: electrical service,"[""engine"", ""bucket"", ""belts""]",580.04,Benjamin Kelley,,,6.7,True,2026-04-04
1cb9c126-4761-4dd4-a218-e7f90cd96b22,d47eca91-9b10-4616-a8ac-c4a615f58553,2025-09-17,2025-09-18,predictive,Predictive maintenance: hydraulic_system service,"[""hydraulic_system""]",1079.86,James Cox,tracks/tires,0.652,0.3,True,2025-09-13
797feb84-cdd8-4cff-af75-fd76b9c13b25,e8a114b7-cf32-44df-8c23-271167d56b06,2025-04-24,2025-04-25,predictive,Predictive maintenance: boom service,"[""electrical"", ""belts"", ""bucket""]",90.08,Rebecca Conway,filters,0.677,12.6,True,2025-04-12
bd848b36-2255-4f3a-887a-d5ac74f99d60,e5f9c625-ef35-4d40-b589-e5e8c7796840,2024-12-19,2024-12-21,scheduled,Scheduled maintenance: transmission service,"[""bucket"", ""filters"", ""transmission""]",320.68,John Smith,,,13.5,True,2024-12-18
7cc2a409-144a-4aed-a9b9-892111413054,dafc1843-ef7c-45ed-8027-7a0fb93d8b7f,2026-07-05,2026-07-07,scheduled,Scheduled maintenance: hydraulic_system service,[],295.12,Gregory Kelly,,,4.8,True,2026-07-01
0b6d4072-abc9-4d4a-b96c-6f66cb1e36c2,4d1f93ef-9f20-4d42-95b3-50f240c48266,2026-07-12,,scheduled,Scheduled maintenance: filters service,"[""filters"", ""transmission"", ""engine""]",426.8,Amanda Hicks,,,3.2,False,2026-06-29
177b9cd5-3f44-4f41-918e-03c418ec5d17,2ab932e1-c4fd-4896-959e-68103ceed44c,2025-06-26,2025-06-27,scheduled,Scheduled maintenance: transmission service,"[""transmission"", ""electrical"", ""boom""]",351.82,Ryan Bryant,,,1.2,True,2025-06-21
27fec2d5-9812-4f91-bb55-4f480a5609b6,9266e553-423b-4eb2-b73d-bb4fc3a7cb5f,2026-07-17,2026-07-18,scheduled,Scheduled maintenance: engine service,"[""hydraulic_system"", ""transmission""]",966.18,David Sanders,,,0.4,True,2026-07-12
caee7c30-08fa-465b-8d69-b85841cd66ca,7d745603-179b-4273-bbc0-e1e6fa47306b,2026-03-01,2026-03-06,predictive,Predictive maintenance: transmission service,"[""boom"", ""tracks/tires"", ""hydraulic_system""]",780.25,Kara Rice,bucket,0.776,16.9,True,2026-02-23
d281a902-a57a-49e1-a823-af1ffa5b5dc4,c2cb93cd-ef91-41d5-804b-e127e14d401f,2025-03-29,2025-04-01,predictive,Predictive maintenance: belts service,"[""boom"", ""engine""]",211.56,Crystal Campbell,belts,0.926,12.1,True,2025-03-15
bd42afa6-4c0a-4d7e-9f48-2db3424e74fb,64c0e7f6-be13-41da-8422-adf86c400857,2025-04-04,2025-04-09,scheduled,Scheduled maintenance: filters service,"[""belts"", ""boom"", ""electrical""]",684.93,Stacey Haynes,,,0.7,True,2025-04-03
dfc10b98-0395-42e0-8d6e-bee76b3d9263,f1b4d8ee-ca3f-4950-8d28-3bd74f725346,2025-09-23,2025-09-26,predictive,Predictive maintenance: tracks/tires service,[],370.76,Gary Ruiz,hydraulic_system,0.967,3.5,True,2025-09-22
7bfd4eda-d7ec-4cb2-8fd8-421f81fab78c,f65bd9f5-b41b-48b3-8d2c-b1e53f73cb7d,2026-05-06,2026-05-06,scheduled,Scheduled maintenance: transmission service,[],959.83,Ashley Brewer,,,5.1,True,2026-04-30
e123f201-ab20-4f0e-9e64-b6d9822d3b09,2a3e913c-f1f7-4092-942d-a5b2787c31f6,2026-06-19,2026-06-22,predictive,Predictive maintenance: boom service,"[""tracks/tires"", ""electrical""]",400.34,Jo Watson,boom,0.802,8.5,True,2026-06-05
b411335b-446e-4673-be58-131cb7281933,ce450d7c-8744-4bea-b762-ae5dea8c17fa,2024-12-19,2024-12-22,predictive,Predictive maintenance: boom service,"[""filters""]",299.94,Wayne Thompson,bucket,0.909,10.6,True,2024-12-14
a0797e62-ce21-4276-870d-c0651250767a,9755da49-9715-44bb-9451-f695a12990e6,2024-08-26,2024-08-28,scheduled,Scheduled maintenance: hydraulic_system service,"[""tracks/tires"", ""electrical"", ""belts""]",92.05,Anthony Villegas,,,7.6,True,2024-08-18
9075a473-ca91-40a3-ad9c-40fe04cba903,327125e1-ed4e-4a6f-91db-4e8dee4083cd,2026-04-30,2026-05-05,scheduled,Scheduled maintenance: hydraulic_system service,[],572.04,Kristy Hernandez,,,4.5,True,2026-04-18
76c2b6d2-9cfb-45b2-9dc6-3ff0bab93154,e0d0a08d-b2c6-4224-b766-e6db1643197a,2025-01-05,2025-01-06,emergency,Emergency maintenance: electrical service,[],866.4,Heather Davis,,,2.1,True,2024-12-22
7d2d893e-6911-4e84-a42b-072f82bd9c77,e1105589-f4b9-4bbb-a8a8-6fc603567db8,2025-10-23,2025-10-24,scheduled,Scheduled maintenance: tracks/tires service,"[""belts""]",138.34,Donald Fletcher,,,1.3,True,2025-10-19
61307821-d78d-4cdc-8667-9ada844ceeb9,d024093d-cb09-4d73-8df9-85052f0d96b9,2025-11-13,2025-11-14,predictive,Predictive maintenance: tracks/tires service,"[""bucket""]",552.59,Harold Elliott,electrical,0.976,11.0,True,2025-11-12
a4bd305d-9934-463f-9968-dbc6ca6d800c,00dfc27a-dd6a-4526-8f65-77ab0420d66f,2025-03-21,2025-03-24,scheduled,Scheduled maintenance: tracks/tires service,[],32.84,William Ellis,,,4.9,True,2025-03-08
578c184b-6547-40f6-bb37-ebe5d7fe7729,5df928a2-4565-45a3-945e-629df25d6ef4,2024-12-16,,predictive,Predictive maintenance: bucket service,[],245.02,Meagan Odonnell,electrical,0.849,3.4,False,2024-12-03
5ab695b8-c4be-44ad-a246-f24bdf944d92,430ede0b-bf08-4d46-87e1-b8fd96521518,2024-12-11,2024-12-12,inspection,Inspection maintenance: engine service,"[""bucket"", ""electrical"", ""tracks/tires""]",107.14,Nicholas Clayton,,,1.3,True,2024-12-06
52ffe7b9-7300-4ed0-8774-377c2ac8a7d9,edd08cfa-27bd-43ea-a9de-619405ee2af8,2025-04-22,2025-04-25,scheduled,Scheduled maintenance: hydraulic_system service,[],1048.96,Patrick Johnston,,,1.6,True,2025-04-20
19a49817-5d29-447d-aeca-3c5593f0f530,78ab9fb2-0716-480a-9bad-035613f3b28e,2026-03-17,2026-03-22,inspection,Inspection maintenance: filters service,"[""belts""]",1765.89,Karen Perkins,,,2.2,True,2026-03-16
4171e847-7b91-491a-acb8-009a3498a5c0,5aeb4d24-f2c3-4048-bc18-aa047ef63c9c,2026-04-05,2026-04-09,inspection,Inspection maintenance: engine service,[],139.01,Leslie Munoz,,,4.0,True,2026-03-24
c8d9eee7-7efe-43fb-9db6-5ff527183d76,6fa5fe73-6509-439e-b774-bdd26d66730b,2025-09-22,2025-09-23,scheduled,Scheduled maintenance: boom service,"[""tracks/tires"", ""filters"", ""electrical""]",71.37,Christopher Tran,,,0.6,True,2025-09-14
541332b3-70db-45ab-9a67-fcf96bb69db0,e4810aa1-9b11-4f29-bca2-74d831309b14,2025-07-28,2025-08-01,scheduled,Scheduled maintenance: belts service,"[""tracks/tires"", ""belts""]",1778.29,Julie Gomez,,,7.8,True,2025-07-25
229ad3e1-1980-49b4-b92e-f0758d9ce02e,949f1670-da08-4a43-9030-bfabbedb1e17,2026-04-25,2026-04-28,inspection,Inspection maintenance: engine service,"[""belts"", ""boom""]",494.34,Micheal Watkins,,,7.8,True,2026-04-21
c4328433-b800-49cd-abaa-0edc9d3f23c5,0aa11de9-1db1-4eae-a9b5-d924abe9c2a2,2024-11-19,2024-11-21,scheduled,Scheduled maintenance: filters service,"[""bucket"", ""transmission"", ""hydraulic_system""]",559.75,Jodi Porter DDS,,,4.8,True,2024-11-18
a71af422-1ffc-4eca-bfa6-6e8fb09e5817,915f5e10-640b-41dd-9184-0d7c8f35e828,2025-01-07,2025-01-07,scheduled,Scheduled maintenance: boom service,[],60.45,Kimberly Daniels,,,7.3,True,2025-01-06
4ea68550-f1c0-4765-b692-a65efad7a162,5aeb4d24-f2c3-4048-bc18-aa047ef63c9c,2025-05-14,,scheduled,Scheduled maintenance: engine service,"[""boom""]",824.24,Matthew Carlson,,,5.9,False,2025-05-10
3dff5fca-fd66-414a-8979-dbba808370b5,6dd74016-a902-444b-b617-7bd4f6b83294,2025-01-02,2025-01-03,scheduled,Scheduled maintenance: bucket service,"[""electrical""]",8.63,Kenneth Hill,,,12.5,True,2024-12-31
c161977a-0251-4575-8a22-75e1bb9bb783,ac122536-8c85-42fc-9eb2-e2d469100074,2025-11-04,2025-11-07,predictive,Predictive maintenance: electrical service,"[""hydraulic_system""]",338.96,Brittany Morris,engine,0.727,0.2,True,2025-10-24
91a8462a-7715-494e-ad2d-54f6fd47f05b,7b52a643-7d48-4552-86a7-b3637d5ba953,2026-02-18,2026-02-23,predictive,Predictive maintenance: tracks/tires service,"[""belts"", ""electrical"", ""boom""]",1038.52,Brandon Nguyen,belts,0.884,26.0,True,2026-02-06
37c940cc-38d0-4db8-a379-05d9ff05ffce,63bb2d34-862a-4956-99fa-e25a4fdc39ff,2026-05-25,2026-05-26,predictive,Predictive maintenance: boom service,"[""tracks/tires"", ""electrical""]",1147.42,Brenda Douglas,engine,0.874,2.9,True,2026-05-18
1b2d47d3-129c-4318-b35c-100ee9a12427,6dd74016-a902-444b-b617-7bd4f6b83294,2026-06-27,2026-06-27,scheduled,Scheduled maintenance: filters service,"[""transmission""]",185.11,Amy Anderson,,,0.1,True,2026-06-15
d01a40a2-25b6-4d42-a5da-e627efa5d419,aca42319-33a0-4cf6-8b7d-78859b677eb0,2024-10-01,,scheduled,Scheduled maintenance: boom service,[],33.15,Ronald May,,,5.3,False,2024-09-23
b35ce0ce-db20-492e-8404-1084379d58e8,17d127a3-7a84-4ff8-88fa-1f0f76419d22,2026-06-20,2026-06-22,inspection,Inspection maintenance: hydraulic_system service,[],0.73,William Espinoza,,,5.6,True,2026-06-12
0c132705-3248-40c9-83d6-eaa5839010b3,5f2cf8b3-200e-4e56-b3f1-e29f28dca3c3,2025-10-22,2025-10-27,scheduled,Scheduled maintenance: electrical service,"[""belts"", ""bucket""]",372.69,Francisco Lang,,,11.7,True,2025-10-11
b77a6c91-57f3-410b-83a1-75e331137586,79f5bb58-6b8a-4eb8-82d9-816fbcff25fb,2026-05-25,2026-05-27,predictive,Predictive maintenance: filters service,[],45.68,Charlotte Navarro,tracks/tires,0.883,3.3,True,2026-05-19
1a2597ff-a526-4a5a-8233-92aa4a24fe3e,210c0724-60bc-41f4-9acb-2ac925b626ad,2025-06-07,2025-06-07,scheduled,Scheduled maintenance: electrical service,[],1359.92,Timothy Garner,,,8.9,True,2025-05-28
7cdc3494-3fbd-436a-b9cd-098372d89ab4,7e626839-b994-4621-bcde-ddb6fe962558,2026-03-28,2026-03-30,scheduled,Scheduled maintenance: hydraulic_system service,"[""boom""]",318.17,Lynn Garcia,,,0.2,True,2026-03-14
3126ca80-83d7-4a38-89c6-e5075648a0e8,da900d73-122f-44c7-b4c8-977bcf9fbe8a,2025-02-02,2025-02-06,predictive,Predictive maintenance: engine service,[],114.4,Michael Costa,filters,0.799,1.2,True,2025-01-26
92c908f1-8396-46f9-9837-b9a45b5583e1,24130e7e-cf6f-4437-a686-8de546e64bf9,2025-01-10,2025-01-15,scheduled,Scheduled maintenance: filters service,"[""tracks/tires"", ""engine""]",0.09,Timothy Armstrong,,,17.5,True,2025-01-04
1dbbec9e-957a-4b30-932d-3a2fa9972ccf,34f67dd0-61c6-4994-8301-feea4be369f0,2026-01-28,2026-01-28,inspection,Inspection maintenance: tracks/tires service,"[""electrical"", ""boom"", ""filters""]",1033.46,Charles Perry,,,3.0,True,2026-01-22
247be004-6139-454e-a414-429b75b6a3c9,2b98e130-e6ae-438b-bcf6-a122ba1e33b2,2025-12-10,2025-12-11,inspection,Inspection maintenance: electrical service,"[""filters""]",1110.09,Jamie Simpson,,,9.6,True,2025-12-05
855724fc-7bf4-4bde-8d15-e732fd9ac368,85ceefd0-0dcd-43e6-a1b3-2c32886dc130,2025-01-18,2025-01-19,scheduled,Scheduled maintenance: tracks/tires service,"[""transmission""]",649.61,Arthur King,,,16.3,True,2025-01-14
35d6bb66-37ca-4b32-9909-0d116bb2fe12,0f65b696-8a2c-4c6b-a171-c139dfaae23b,2025-06-27,2025-06-30,inspection,Inspection maintenance: engine service,"[""belts"", ""bucket"", ""filters""]",308.24,Jamie Daniels,,,1.1,True,2025-06-26
b5327bf2-3dff-4554-8872-7000f5263a6b,dee64018-fcb3-4090-a5be-57348cde4ce5,2024-12-13,2024-12-18,inspection,Inspection maintenance: boom service,[],264.26,Janice Glass,,,0.5,True,2024-11-29
4f2921fd-95d3-4542-856c-7095cc39e3e3,0e2e2d65-7058-4484-8176-fc5c68adb06f,2025-02-17,2025-02-22,predictive,Predictive maintenance: engine service,[],82.12,Caroline Golden,belts,0.973,1.9,True,2025-02-03
a442ca4b-79de-4e3f-95f3-a46f01a1c892,8ede79e4-703c-4fab-bba4-5094bb0a2cc7,2025-06-01,2025-06-01,predictive,Predictive maintenance: transmission service,"[""hydraulic_system"", ""boom""]",277.64,Kaitlyn Murphy,tracks/tires,0.943,13.0,True,2025-05-29
1f7de509-1367-42c3-91a0-820dfedcc7a3,31742f32-cee0-4b3f-81ad-3b795aebf7f5,2025-04-30,2025-05-04,emergency,Emergency maintenance: belts service,"[""transmission"", ""bucket"", ""tracks/tires""]",369.35,Brian Lewis,,,29.4,True,2025-04-20
f373c65c-fc91-4537-ab3e-76ac9e3c0edf,798bad4b-0934-4074-af03-e48a7794931d,2025-06-17,2025-06-20,scheduled,Scheduled maintenance: transmission service,"[""tracks/tires"", ""belts"", ""engine""]",472.3,Hannah Gay,,,0.6,True,2025-06-03
0b743dc0-5b57-47b5-bacf-8b7c1da4334a,4b215616-4579-4381-a2c1-209d11646376,2025-06-21,2025-06-25,emergency,Emergency maintenance: electrical service,"[""boom"", ""bucket"", ""hydraulic_system""]",807.88,Maria Sutton,,,13.4,True,2025-06-17
5427d30e-fa9a-4efb-a7c9-a26ca6aef672,3ccab184-a3f8-442d-b964-3f31eef59ba8,2025-02-27,2025-03-01,predictive,Predictive maintenance: tracks/tires service,[],587.14,Eric Davis,hydraulic_system,0.896,8.3,True,2025-02-15
5a538cb8-7fea-49c8-8f90-29756b29b3c1,eefb49ea-1cbf-44c5-b9ed-38d99ab28113,2024-08-18,2024-08-22,inspection,Inspection maintenance: boom service,"[""boom"", ""electrical"", ""engine""]",783.09,James Gardner,,,9.9,True,2024-08-06
6a204e21-0093-407c-a4bb-dd56a36bf0fc,1507a05d-1306-40f6-92d1-706df48e3e96,2026-01-08,2026-01-13,scheduled,Scheduled maintenance: electrical service,"[""belts""]",969.03,Kerry Perez,,,2.4,True,2026-01-03
6c973862-6f32-4cf6-8cf0-a95f1ae24e1e,9522cc74-7330-47e0-bbb8-9b4e4146c7ee,2025-12-26,2025-12-30,predictive,Predictive maintenance: bucket service,"[""electrical""]",335.29,Linda Johnson,tracks/tires,0.886,5.4,True,2025-12-13
c4ce97a2-0212-472f-9bb8-1f7b75662f40,6362aa13-f90b-43d0-8f04-4e1394a1b586,2024-09-03,2024-09-05,inspection,Inspection maintenance: hydraulic_system service,"[""filters"", ""bucket"", ""transmission""]",80.84,Lauren Jackson,,,6.0,True,2024-08-28
77f3a80e-0eea-4be5-937f-1e479f903e36,0f7d5c97-b430-406b-90e3-da526bfca28c,2025-05-09,2025-05-12,inspection,Inspection maintenance: belts service,"[""tracks/tires"", ""engine"", ""belts""]",79.61,Andrew Martinez,,,12.2,True,2025-05-01
d1ac6552-683d-4b56-9238-348439a6c36f,01194123-b1ee-4dc5-a5b2-846bba440301,2026-05-12,2026-05-14,predictive,Predictive maintenance: filters service,[],869.6,Danielle Hudson,tracks/tires,0.774,3.7,True,2026-04-29
b536d8d7-a27d-4f0e-a339-ebeae4dc25cb,4f07e9ad-90f9-4b69-9f21-7bd4c505e044,2024-07-31,2024-08-05,inspection,Inspection maintenance: transmission service,"[""tracks/tires"", ""hydraulic_system""]",114.7,Thomas Wells,,,1.6,True,2024-07-29
353f0a88-9ae5-4118-9fa1-21069812e572,a9fa082c-7485-4391-8f10-e651e8511893,2026-04-03,2026-04-04,predictive,Predictive maintenance: electrical service,[],155.89,Alicia Jones,belts,0.859,3.1,True,2026-04-01
1a3abd9e-12fa-45eb-b0d3-f8b5c666ef7f,f2bac680-a9dc-420e-a636-9aaa6c9d3dae,2025-04-29,2025-05-01,inspection,Inspection maintenance: tracks/tires service,"[""filters"", ""boom"", ""electrical""]",83.0,Cynthia Perez,,,0.5,True,2025-04-25
60a606ec-df41-46d8-a211-de69047709c0,7edcfa59-db28-4bba-9f31-5f2b6b39f147,2025-01-18,2025-01-23,predictive,Predictive maintenance: tracks/tires service,[],905.66,Ryan Reynolds,transmission,0.923,5.4,True,2025-01-10
4d5b7a7a-7fbf-49fa-a408-064cc96219b4,c5021d1c-2288-4f78-98e5-46574e1ee7cd,2025-02-05,2025-02-07,inspection,Inspection maintenance: hydraulic_system service,"[""hydraulic_system"", ""filters""]",49.29,Beverly Wilkins,,,5.1,True,2025-01-23
ba83e8e2-fc28-48dc-b17a-29a6e21a9bed,90fa2865-4ccb-475d-9d8e-a88abca7b3f3,2025-07-27,2025-07-30,inspection,Inspection maintenance: hydraulic_system service,"[""transmission""]",883.12,Michael Miller,,,3.6,True,2025-07-22
565559cc-e5b1-485b-b085-d82f25c49ebd,5642a992-bebb-41f3-a1d4-3bb12ba707ce,2025-07-20,2025-07-23,predictive,Predictive maintenance: engine service,"[""engine"", ""belts"", ""hydraulic_system""]",86.15,Jennifer Smith,tracks/tires,0.973,6.7,True,2025-07-09
d90e2378-1397-4e87-b7bb-ddfcbc1fc3ab,58d7f473-b107-4c79-ad93-1552a4a76588,2024-12-20,2024-12-24,scheduled,Scheduled maintenance: belts service,"[""filters"", ""boom""]",206.0,Dr. Sara Lowe,,,0.5,True,2024-12-19
c84e2b14-a3f2-4880-90f9-b58de3eb372b,6eb3c128-7f31-49ca-8af6-cacf3145b1c2,2025-06-30,2025-06-30,emergency,Emergency maintenance: boom service,"[""transmission"", ""boom"", ""filters""]",648.53,Dana Hernandez,,,0.8,True,2025-06-26
48ff4b51-b217-45f9-8fce-1a4f3f103282,230650f2-7517-458c-9b85-c1f3b5badf91,2025-03-11,2025-03-11,scheduled,Scheduled maintenance: hydraulic_system service,"[""tracks/tires"", ""belts"", ""electrical""]",591.56,Andrew Kramer,,,8.2,True,2025-03-03
eca2b350-f894-4c12-8ba4-289cba5717d8,6eb3c128-7f31-49ca-8af6-cacf3145b1c2,2025-01-07,2025-01-11,emergency,Emergency maintenance: belts service,"[""transmission""]",197.28,James Williams,,,7.3,True,2025-01-02
0c8e657b-41fe-426b-8eab-14ddc581a9b4,302a2187-abca-48b5-824b-a164d18aa722,2026-02-10,2026-02-15,scheduled,Scheduled maintenance: tracks/tires service,"[""hydraulic_system""]",271.59,Pamela Baker,,,13.5,True,2026-02-07
2874b970-720d-4a8c-a20e-9ea894dce24f,207765ff-11bf-4aa6-9f0d-278560a93eee,2026-06-18,2026-06-20,inspection,Inspection maintenance: electrical service,"[""electrical""]",69.32,Kelly Hunter,,,5.2,True,2026-06-09
d61e9850-c39e-45b0-90b5-3a3e11e9ab49,9c0cc10b-8f2f-493e-a13a-05b08677a89d,2025-08-16,2025-08-21,inspection,Inspection maintenance: transmission service,"[""tracks/tires"", ""transmission""]",10.42,Joseph Thompson,,,4.3,True,2025-08-10
03d4dec8-1337-4897-ac18-9067fa6765b9,aca42319-33a0-4cf6-8b7d-78859b677eb0,2025-06-30,2025-07-03,scheduled,Scheduled maintenance: bucket service,"[""filters""]",101.32,Jenna Garcia,,,18.1,True,2025-06-21
bef28032-ac33-4016-9a22-d2da6111f07f,edbfc236-f068-4c48-8c30-1763e4b6bf40,2026-05-18,2026-05-21,predictive,Predictive maintenance: bucket service,"[""transmission""]",1761.65,Kirsten Flores,tracks/tires,0.97,0.6,True,2026-05-12
e4e26217-d233-449a-9537-3942c386f7a9,3388e9b7-3e8d-462f-acca-1799519b56ff,2026-06-20,2026-06-23,inspection,Inspection maintenance: engine service,"[""belts"", ""boom""]",392.16,Douglas Santos,,,1.8,True,2026-06-08
74e7f3c3-83b6-439d-a082-4465363e83be,c4ebb8c0-1833-4d0d-865d-b50758a8997f,2025-11-08,2025-11-10,predictive,Predictive maintenance: engine service,"[""electrical"", ""boom""]",182.75,Chelsea Huffman,hydraulic_system,0.916,0.3,True,2025-10-25
a2ad0554-fdd2-403f-a8b3-d9a960bd83d2,1486d85f-1ac1-481e-bff8-9ad51834093e,2026-07-15,,scheduled,Scheduled maintenance: transmission service,"[""belts"", ""boom""]",429.7,Samantha Bass,,,7.1,False,2026-07-08
49dafd4c-4f41-4896-8684-0f8ec30b0d22,771c0b78-dd33-4ba3-afd4-4c7825793e20,2024-08-12,2024-08-13,emergency,Emergency maintenance: transmission service,"[""engine"", ""belts"", ""boom""]",198.71,Lauren Hinton,,,4.2,True,2024-07-30
0eb74c2d-d1ab-4021-8da0-3ba7190146cf,3388e9b7-3e8d-462f-acca-1799519b56ff,2024-08-21,2024-08-24,inspection,Inspection maintenance: engine service,[],71.75,Mark Russo,,,15.8,True,2024-08-15
d7ab4116-542a-4a23-abe6-76a7d7f6f59d,bb0fe6b8-0fe1-460a-9f6a-a46d0e37c137,2025-01-05,2025-01-08,emergency,Emergency maintenance: boom service,"[""bucket"", ""transmission"", ""electrical""]",792.89,Lauren Thornton,,,6.8,True,2024-12-26
5efc47f8-04cf-4d18-a7c9-56205781a244,a33f620d-89b6-4e13-a446-e75f7a6c28b0,2025-07-23,2025-07-24,predictive,Predictive maintenance: belts service,"[""transmission"", ""belts"", ""hydraulic_system""]",8.14,Robert Collier,transmission,0.726,4.4,True,2025-07-22
8354d562-d14b-4128-866e-9b9ebc0768cf,64c0e7f6-be13-41da-8422-adf86c400857,2025-04-23,2025-04-24,predictive,Predictive maintenance: boom service,"[""filters"", ""transmission"", ""boom""]",540.53,Kaitlyn Bruce,filters,0.813,15.1,True,2025-04-16
a92a7e46-9741-4c57-af22-52552631f569,798bad4b-0934-4074-af03-e48a7794931d,2025-12-29,2025-12-29,predictive,Predictive maintenance: filters service,"[""engine"", ""bucket""]",687.92,Stephen Williams,belts,0.933,0.1,True,2025-12-27
243cb189-8e33-4bc6-835d-635a35af009e,41cb35e1-5085-4091-95b7-1fb9522f7a08,2025-10-29,,predictive,Predictive maintenance: bucket service,"[""belts""]",659.34,Allison Thomas DVM,boom,0.846,12.7,False,2025-10-17
463d0105-617d-4132-9f5b-65ae812e4017,ea8db8f4-5db0-40dc-a1dd-210b0826b974,2026-04-28,2026-04-30,predictive,Predictive maintenance: transmission service,"[""boom"", ""transmission""]",931.31,Ruth Johnson,tracks/tires,0.96,14.6,True,2026-04-26
8997869f-d04e-4ca6-944d-781321b0fd07,217a5a50-7fdb-4284-8663-384394b4b579,2025-03-17,2025-03-22,inspection,Inspection maintenance: hydraulic_system service,"[""filters"", ""engine"", ""transmission""]",1141.99,Erin Neal,,,0.2,True,2025-03-07
ad93fb0a-e891-4eda-b954-db7506add055,4f71b56f-b097-48ad-9638-8d2076107986,2024-12-17,2024-12-22,scheduled,Scheduled maintenance: bucket service,[],1168.19,Karen Bender,,,20.7,True,2024-12-03
46630f4d-19ed-4a07-9673-b3bc626016fa,622619e6-8ca8-4ef0-8937-8e4555a60be7,2025-12-26,2025-12-27,predictive,Predictive maintenance: engine service,[],311.84,Jeffrey Sanchez,belts,0.815,8.7,True,2025-12-19
18b8de77-dae1-487f-b80f-4a603412a644,0011544a-5ae6-409e-a953-1496a9ee0b68,2025-08-26,2025-08-31,scheduled,Scheduled maintenance: boom service,[],163.33,Angela Luna,,,3.3,True,2025-08-14
a73cd945-b379-4019-bb03-b76e7ad8a845,a974cd4a-dc4d-4da0-a45d-4bafe4e9a602,2025-09-21,2025-09-22,emergency,Emergency maintenance: bucket service,"[""bucket""]",539.0,Michael Campbell,,,7.1,True,2025-09-15
ff1c1631-ca36-41d0-8172-e479e682293b,f7c15745-4bc1-4282-8037-a0ee456cae2b,2025-07-21,2025-07-24,inspection,Inspection maintenance: electrical service,"[""engine"", ""transmission""]",361.06,Susan Torres,,,8.2,True,2025-07-17
66974b5e-fee6-4e00-be48-51651d372b03,cee855a1-a507-44ef-b02f-ca693296d8b5,2025-02-11,2025-02-12,scheduled,Scheduled maintenance: transmission service,"[""boom""]",278.51,Holly Davis,,,8.3,True,2025-02-06
9a9fdacb-6d28-4feb-bd31-b73a959781ab,dbf6eb8a-fc4b-48b4-8e1c-07bc73cf204d,2025-09-05,2025-09-05,predictive,Predictive maintenance: tracks/tires service,"[""engine"", ""hydraulic_system"", ""boom""]",394.93,Nicole Hoffman,tracks/tires,0.773,15.4,True,2025-08-31
f6f4d938-23f0-467e-bd0c-73dd7c98edaa,f1fc31b5-edd2-47b4-82bb-badf28984e0a,2025-12-21,2025-12-25,predictive,Predictive maintenance: engine service,"[""filters"", ""tracks/tires""]",41.65,Jordan Ho,hydraulic_system,0.929,23.5,True,2025-12-09
2d6f094d-2a21-4683-ab8c-67c2a1000c96,815040ba-e99b-4b90-8f09-ef80bca4e065,2025-09-03,2025-09-04,scheduled,Scheduled maintenance: transmission service,"[""tracks/tires""]",149.08,Melody Bradshaw,,,5.1,True,2025-08-25
2217d991-d2e3-4ee3-8988-0fb94afff130,95e51da3-317f-40fd-b01a-02329bd71fbd,2026-05-10,,scheduled,Scheduled maintenance: electrical service,"[""hydraulic_system"", ""tracks/tires"", ""filters""]",395.23,Haley Lucas,,,7.5,False,2026-05-07
7e31125c-1037-4b32-b8f8-1d4f0e36ff79,e4269275-0324-471a-a492-bfe7425a20ab,2025-06-29,2025-07-03,inspection,Inspection maintenance: boom service,"[""boom"", ""tracks/tires"", ""transmission""]",240.23,Donald Hawkins,,,21.4,True,2025-06-25
a6b4b1e3-a5f3-4c91-95a2-f229dcd6796e,571e763d-99fa-4363-b4d2-b8ca70e2f73a,2026-04-23,2026-04-24,inspection,Inspection maintenance: boom service,"[""engine"", ""electrical"", ""boom""]",190.02,Margaret Stanton,,,0.7,True,2026-04-12
56d8c6cf-6c56-4dac-8e76-065e7e2d8714,585722cb-3d5f-42da-8de2-7c764b80bdd5,2025-02-01,2025-02-06,scheduled,Scheduled maintenance: belts service,"[""tracks/tires""]",671.65,Melissa Bruce,,,4.7,True,2025-01-27
d603be1b-6dcb-44db-b0dd-4be8427d6090,e6f0322b-02d1-4905-ba34-1cca3352fb8a,2024-09-26,2024-09-27,scheduled,Scheduled maintenance: hydraulic_system service,"[""hydraulic_system""]",99.23,Lisa Johnson,,,5.6,True,2024-09-24
e617aa69-82e9-42de-bf1d-d42960f61c32,aa86ae3f-9268-4b77-87ec-6c368c37f7b0,2025-03-22,2025-03-26,emergency,Emergency maintenance: electrical service,[],5.95,Bethany Torres,,,27.6,True,2025-03-17
fdb9c09d-e1f9-41a9-a740-0a6d75c33035,743d0956-b79b-4f08-b1a0-c2b47067f881,2024-09-08,2024-09-11,inspection,Inspection maintenance: filters service,"[""tracks/tires""]",575.47,George Fernandez,,,6.4,True,2024-08-29
c9da6e9d-2393-472e-9f7c-3c05c3c2eb23,7b26b146-0b8b-4b6f-a925-7226c0054069,2026-01-27,2026-01-28,scheduled,Scheduled maintenance: tracks/tires service,"[""hydraulic_system""]",1435.23,Stephanie Jones,,,21.4,True,2026-01-23
f0ced4ad-dfff-448c-8849-65c7dfc3706d,afc92c08-9b77-441c-b904-e45ab79e8aa6,2024-08-17,2024-08-21,scheduled,Scheduled maintenance: filters service,"[""bucket""]",685.6,Paula Alvarez,,,13.2,True,2024-08-06
b9c0ff9a-db96-450f-9b9c-cec9164e097b,e4810aa1-9b11-4f29-bca2-74d831309b14,2025-08-30,2025-09-02,predictive,Predictive maintenance: belts service,[],85.09,Terry Hogan,tracks/tires,0.863,0.9,True,2025-08-19
b0a84672-e3ee-4bd9-aa3b-2a41b10ecab2,bd8a6a23-7708-4053-a7fd-05e7c8f03798,2025-04-27,2025-05-01,inspection,Inspection maintenance: electrical service,[],566.51,Karen Gonzalez,,,7.6,True,2025-04-26
1902689b-cdc0-4a2f-9199-4352a89cd6fb,9e63695f-0c10-4a4b-a2e3-87826df60aaa,2024-11-14,2024-11-19,scheduled,Scheduled maintenance: belts service,"[""bucket""]",118.56,Gloria Stevens,,,2.5,True,2024-11-13
e928263c-a6ce-4532-ae56-d0ea2bb8c2dd,ac859575-e0ab-4de6-9d1a-53324db062f4,2026-01-17,2026-01-17,scheduled,Scheduled maintenance: belts service,[],486.35,William Jenkins,,,16.2,True,2026-01-13
acacb696-ab03-4b8a-b0e8-afde32ccc1ca,2f5e6827-9329-4d92-8e02-fc8d70da08a3,2025-10-10,2025-10-15,scheduled,Scheduled maintenance: transmission service,"[""tracks/tires"", ""transmission""]",60.55,Michael Richards,,,1.5,True,2025-09-28
2719a063-24f9-4707-afe6-88eaba1ae2cd,69404dc5-9f98-4cce-ab3e-2fa6dc6be082,2025-07-19,2025-07-24,inspection,Inspection maintenance: transmission service,"[""hydraulic_system"", ""tracks/tires""]",362.95,Veronica Cummings,,,7.2,True,2025-07-12
adc7c2e0-0d28-48f4-ae1a-d3275b8d11b9,87113b1c-6af7-4c58-a71e-1e9fa077fa22,2025-02-01,2025-02-04,inspection,Inspection maintenance: electrical service,"[""boom"", ""bucket"", ""hydraulic_system""]",426.44,Allison Fisher,,,16.5,True,2025-01-18
4bc7b007-b4af-4852-a6f4-c505de42a0d5,c34fbd26-0da6-4bde-8c95-ef4fbc8fa5da,2026-01-23,2026-01-24,inspection,Inspection maintenance: hydraulic_system service,"[""bucket""]",488.28,Alexander Stewart,,,3.1,True,2026-01-20
22e3a9e1-b0ac-4206-a68b-edc90faa7eb7,0c312c42-76c0-4fd5-a0c3-c394c5555555,2024-09-05,2024-09-08,predictive,Predictive maintenance: belts service,"[""tracks/tires"", ""electrical"", ""transmission""]",299.25,David Gonzales,tracks/tires,0.699,11.4,True,2024-08-28
c078337f-052e-4527-a61b-ccf533297757,f1b4d8ee-ca3f-4950-8d28-3bd74f725346,2025-06-14,2025-06-18,emergency,Emergency maintenance: filters service,"[""transmission"", ""belts""]",1525.85,Shelby Smith,,,0.8,True,2025-06-05
80c12a71-723f-4dea-891d-888850fce59b,30c0e668-7f1d-4cb6-be47-028c51896cb2,2025-11-29,2025-12-02,predictive,Predictive maintenance: electrical service,"[""transmission"", ""electrical"", ""engine""]",154.66,Matthew Walker,hydraulic_system,0.953,9.8,True,2025-11-25
84703c1a-96b8-4246-8783-05f02652d6d2,bc90d5e7-ae38-4e79-9fc0-c57a30f96651,2024-10-27,2024-10-31,emergency,Emergency maintenance: boom service,"[""transmission""]",508.89,Andre Schroeder,,,6.9,True,2024-10-13
df307313-8756-42c5-b351-9e7fa5464f68,690ab0be-783e-4fb2-95d2-02bb7a2bc4fc,2026-01-18,2026-01-19,inspection,Inspection maintenance: tracks/tires service,"[""electrical""]",46.8,Carrie Griffith,,,3.6,True,2026-01-11
e46aa0d5-c690-4394-9727-1ab276f2dd0c,6290d4a0-65e8-49de-a090-a68e27eb5923,2025-06-07,2025-06-10,inspection,Inspection maintenance: engine service,[],21.88,Linda Ryan MD,,,15.6,True,2025-06-05
da743270-45e3-40f9-9e20-555fa9fe9774,6af0c8ad-c01b-4298-8b67-49018447806d,2025-02-03,2025-02-04,scheduled,Scheduled maintenance: boom service,[],1219.87,Molly Richardson,,,16.1,True,2025-01-31
15e28212-b25a-4334-8604-3292d28f3fb5,c6a31ae8-8714-4f06-b1e0-3053795ec697,2025-07-28,2025-07-28,inspection,Inspection maintenance: transmission service,"[""belts"", ""boom""]",154.27,Lisa Mendez,,,10.6,True,2025-07-14
23faf644-1315-49ed-91bf-837ef4337ff6,a6b243e1-d7b4-459e-a48c-e1ad64b258ad,2026-03-30,2026-04-04,inspection,Inspection maintenance: engine service,"[""filters""]",933.13,Lisa Smith,,,1.7,True,2026-03-17
d87c13d2-9aad-4722-b41a-2f559ad42562,cbf00e30-696a-43bb-bd02-c3a3847cc39c,2026-06-22,2026-06-25,predictive,Predictive maintenance: bucket service,"[""engine"", ""bucket"", ""tracks/tires""]",699.58,Victoria Thomas,tracks/tires,0.92,1.9,True,2026-06-19
961946fa-dbbe-4157-b29f-56478e9a7fa8,a387491d-6043-436a-973c-8494e098cf26,2025-05-29,2025-05-29,scheduled,Scheduled maintenance: transmission service,"[""belts""]",181.1,Jordan Taylor,,,5.6,True,2025-05-21
80115223-c37a-4994-9895-e02e6e47f7f0,230650f2-7517-458c-9b85-c1f3b5badf91,2024-11-11,2024-11-11,scheduled,Scheduled maintenance: electrical service,[],99.24,Alexa Perry,,,1.0,True,2024-11-04
e3b67ab2-1b6f-41ed-8048-9d2ada792200,49b11f4f-d6d3-49d2-b07a-3a8588312282,2024-10-30,2024-10-31,scheduled,Scheduled maintenance: electrical service,[],412.27,Robert Jackson,,,5.8,True,2024-10-17
a1d7a0de-d3ae-4f1e-a003-444cacfa5ef7,24130e7e-cf6f-4437-a686-8de546e64bf9,2024-09-24,2024-09-28,scheduled,Scheduled maintenance: hydraulic_system service,"[""belts""]",150.28,Joseph Davenport,,,2.5,True,2024-09-10
98fc6f0c-01bd-499e-bace-8c83e78b6d49,ec4390c1-d585-4a47-a160-207344ae5b17,2025-10-15,2025-10-16,predictive,Predictive maintenance: transmission service,[],412.27,Michael Walker,belts,0.871,0.2,True,2025-10-06
1b51a09a-60be-4cd0-9db0-a3854d87bb10,3dfb90be-aaab-4750-9066-b73192721c59,2026-07-08,2026-07-11,predictive,Predictive maintenance: tracks/tires service,"[""engine"", ""bucket"", ""electrical""]",442.78,Kevin Gray,engine,0.69,8.1,True,2026-07-02
1df15ad3-616c-4e19-9d7a-e62824264737,d7510823-5557-4eac-845c-6f4030784241,2026-04-06,2026-04-09,scheduled,Scheduled maintenance: transmission service,"[""electrical"", ""filters"", ""transmission""]",1943.72,Lisa Wilson MD,,,10.6,True,2026-03-26
b188907c-51de-451d-a80b-2e8eb789dcc2,e3540d48-62ca-4f91-b4b8-6c2922c8c5bb,2025-07-03,,emergency,Emergency maintenance: engine service,"[""tracks/tires"", ""hydraulic_system"", ""filters""]",122.41,Kristina Roberts,,,5.5,False,2025-06-22
29a62848-3fae-4e39-858c-995aefef865e,69404dc5-9f98-4cce-ab3e-2fa6dc6be082,2025-02-11,2025-02-16,inspection,Inspection maintenance: filters service,"[""tracks/tires"", ""engine""]",369.19,Michael Jimenez,,,16.4,True,2025-01-28
83b11aa8-adb8-4e60-a01a-4f25f4bab5f2,1bb9682d-623b-450f-ad8d-c9a04db6b5c1,2024-09-06,2024-09-08,scheduled,Scheduled maintenance: engine service,"[""filters"", ""tracks/tires"", ""belts""]",653.38,Sandra Jimenez,,,10.7,True,2024-08-24
f45bde8b-982d-40c7-8c2d-5507794c02ce,5c37c756-102a-4b6e-9c5b-779b83c9fc1b,2025-09-18,2025-09-19,emergency,Emergency maintenance: bucket service,"[""tracks/tires""]",290.45,Matthew Mason DDS,,,7.5,True,2025-09-07
91c5ff7f-8823-46cb-be06-dd4ef81da915,620b4e94-ec7b-4abc-8e70-f3e7fb3b8cda,2026-06-09,2026-06-10,inspection,Inspection maintenance: hydraulic_system service,[],279.34,Heather Sanchez,,,4.1,True,2026-06-06
d7e32a7b-48e2-44b1-b6de-973d524397f6,0ff4f72d-1e18-4022-849e-5d7cfc79132d,2025-12-11,2025-12-16,scheduled,Scheduled maintenance: electrical service,[],1001.13,Mrs. Gwendolyn Lopez MD,,,6.5,True,2025-11-30
036efb26-6b89-4312-82b9-a05920717b7a,d024093d-cb09-4d73-8df9-85052f0d96b9,2026-03-06,2026-03-09,predictive,Predictive maintenance: bucket service,"[""hydraulic_system""]",88.95,Brittany Phelps,filters,0.906,13.4,True,2026-02-23
b2a65960-eb06-4b64-90ae-8f4876dd9a70,5c29d236-4463-4b2f-a1d6-4d3174be2073,2024-11-10,2024-11-11,inspection,Inspection maintenance: belts service,"[""engine"", ""filters"", ""bucket""]",85.58,Elizabeth Baker,,,3.8,True,2024-11-06
62b3c18f-8235-4a72-a97f-212dbb7419d3,0f65b696-8a2c-4c6b-a171-c139dfaae23b,2024-12-05,2024-12-08,scheduled,Scheduled maintenance: electrical service,"[""hydraulic_system"", ""belts""]",518.03,Douglas Burke,,,10.4,True,2024-11-26
59912601-1a43-4e8e-9ccf-4cbbe75c7bdc,c5df0010-b24f-4d6f-951e-4b0703f20dfd,2025-06-09,2025-06-09,predictive,Predictive maintenance: belts service,"[""belts"", ""electrical""]",189.19,Emily Maxwell,electrical,0.827,2.1,True,2025-06-06
e50d1509-8812-4b11-a496-2ea60e5c9707,3aee661c-416e-475e-8c0d-db608c93029d,2026-03-30,2026-03-30,predictive,Predictive maintenance: filters service,"[""engine""]",133.33,Pamela Mcneil,engine,0.978,15.5,True,2026-03-23
a06361d3-7dcd-4aa9-b7f0-5beec3cb9117,f7c15745-4bc1-4282-8037-a0ee456cae2b,2024-10-13,2024-10-14,predictive,Predictive maintenance: electrical service,"[""bucket"", ""filters""]",541.76,William Cook,transmission,0.901,6.7,True,2024-10-10
5f7b71d2-0fa8-4130-a3b0-4ee4d5b8268d,ad93f44d-9ddc-4672-855d-100cd24c8b51,2026-03-15,2026-03-16,scheduled,Scheduled maintenance: belts service,"[""tracks/tires""]",545.69,Brenda Mcintosh,,,2.0,True,2026-03-14
700801de-9254-4cc4-8aaa-d8852ef7c366,4f13b177-7a7a-40e6-bec3-6d41ae7f283a,2024-10-26,2024-10-26,inspection,Inspection maintenance: bucket service,[],72.83,Mrs. Tracy Daniels MD,,,2.0,True,2024-10-16
7086b563-edf7-4ac0-9515-00202557e2fd,2407b3e1-e827-4934-b475-37ac8507d2b5,2025-02-24,2025-02-25,scheduled,Scheduled maintenance: engine service,"[""boom"", ""tracks/tires"", ""hydraulic_system""]",1762.73,Regina Dillon,,,1.4,True,2025-02-22
d5e8390e-ab23-40e7-b56c-170524610345,91eb547c-4954-4ad6-a700-7fbda71130ab,2024-11-20,2024-11-25,emergency,Emergency maintenance: engine service,"[""filters"", ""belts""]",287.0,Cynthia Herrera DVM,,,0.5,True,2024-11-13
a8f060a4-0137-4608-94d6-96caf81ce4de,0a237b8c-0d71-4778-b797-fb586790d624,2026-04-01,2026-04-01,predictive,Predictive maintenance: engine service,[],236.21,Robert Watson,filters,0.651,0.2,True,2026-03-28
6a5d210e-3873-43e5-a911-c0ff94adc704,bccafa6b-2b49-4bb3-812f-b7db209ffdff,2025-07-26,2025-07-30,scheduled,Scheduled maintenance: engine service,[],845.75,Paul Davila,,,1.1,True,2025-07-18
e89f786f-ba8d-43c3-b6d4-cd10d66d7e0b,2fa01f07-a112-44e8-ac5d-57263f3da177,2024-10-04,2024-10-09,scheduled,Scheduled maintenance: transmission service,"[""bucket""]",105.16,Joshua Osborn,,,24.8,True,2024-09-27
1a926fad-79ad-4f8a-a9e4-ca4ab49db79b,05e05424-938e-4e3b-8ae0-2a6982435e87,2026-02-13,2026-02-15,inspection,Inspection maintenance: transmission service,"[""boom"", ""transmission"", ""engine""]",326.4,Marcia Hansen,,,0.5,True,2026-01-31
2184118a-a495-4377-b7cb-16d13fe059ad,1fddfa33-3e6a-478d-a550-373abc3af7e0,2026-07-26,2026-07-29,predictive,Predictive maintenance: hydraulic_system service,"[""hydraulic_system"", ""filters"", ""bucket""]",1374.57,David Williams,belts,0.761,5.8,True,2026-07-16
05ede5cb-c6c5-4875-8bae-67763f7f88e1,e2a6e5bf-afa9-4fa2-a0a8-326ffc691ff4,2026-03-22,2026-03-26,scheduled,Scheduled maintenance: engine service,"[""electrical"", ""bucket""]",246.77,Natasha Brooks,,,1.7,True,2026-03-10
78d4159d-ed59-4011-9443-ba5fd0fa1d1f,a33f620d-89b6-4e13-a446-e75f7a6c28b0,2026-03-18,2026-03-19,emergency,Emergency maintenance: engine service,"[""hydraulic_system"", ""filters"", ""bucket""]",950.99,Lisa Hall,,,3.0,True,2026-03-12
f4ee6a86-754b-4c22-8731-014dd82e07c1,950d7a86-1092-4549-af29-be32132f5e1c,2026-07-13,2026-07-17,inspection,Inspection maintenance: filters service,"[""electrical"", ""bucket"", ""belts""]",685.14,Sabrina Lewis,,,0.6,True,2026-07-12
b89aed58-ea74-45eb-8abf-5bd0d5f4b68d,3cd91b5a-e33b-4f47-b44f-9f339b017282,2025-09-30,2025-10-01,predictive,Predictive maintenance: electrical service,"[""tracks/tires"", ""boom""]",2281.66,Emily Lewis,electrical,0.83,0.3,True,2025-09-16
62c72eda-2cef-4327-9269-a4900530851f,d365d6ff-2b94-4722-b385-7cb32353367d,2026-07-20,2026-07-23,predictive,Predictive maintenance: boom service,"[""bucket"", ""transmission""]",19.92,Thomas Rose,transmission,0.752,24.0,True,2026-07-06
ffbd9dd3-5747-415b-9f18-91984a7deb75,d6b2dfcb-c3bf-426d-8204-3a05fc007a3c,2026-04-20,2026-04-22,predictive,Predictive maintenance: transmission service,"[""filters"", ""belts"", ""bucket""]",61.17,Anita Scott,boom,0.944,0.5,True,2026-04-11
cd1fbe9a-d8c8-4158-be8a-eaf864b1803e,e3e54c3b-0194-4920-b56b-e9c5d1cbec51,2025-02-13,,predictive,Predictive maintenance: tracks/tires service,"[""hydraulic_system"", ""electrical""]",423.17,Victoria Perez,transmission,0.807,2.6,False,2025-02-12
72779c26-160d-4ef0-bde4-96edad705e89,c4b2c196-1129-4ab1-afe7-10c94f191a12,2025-11-29,2025-12-04,emergency,Emergency maintenance: transmission service,"[""filters""]",154.9,Nicholas Rose,,,3.9,True,2025-11-17
cd2bba8e-329e-4cbb-9fc4-6130e91d643c,5307e25d-dfae-4ab5-9217-55c3b0f79237,2026-05-16,2026-05-18,emergency,Emergency maintenance: belts service,"[""bucket"", ""filters"", ""electrical""]",39.85,Troy Lopez,,,10.2,True,2026-05-15
038d8f7f-bd02-46d8-a88b-ec80a3f823b3,3c11391b-dc6c-4e85-a855-032de7f4f352,2025-03-08,2025-03-09,scheduled,Scheduled maintenance: hydraulic_system service,"[""hydraulic_system""]",266.33,John Burch,,,4.2,True,2025-02-26
878fbe30-93d2-4bbd-b43f-24c59db667c4,230650f2-7517-458c-9b85-c1f3b5badf91,2024-09-06,2024-09-09,predictive,Predictive maintenance: transmission service,[],208.43,Kimberly Hall,bucket,0.723,3.6,True,2024-08-31
91bdc516-9518-4938-acea-340c6b993557,5ae99346-70e5-4ecd-a761-37fc492ec014,2025-01-20,2025-01-23,inspection,Inspection maintenance: belts service,"[""electrical""]",482.77,Marissa Cochran,,,0.1,True,2025-01-06
67f207de-f4b8-477f-8156-36802f447b1f,c8e73a3f-4716-4826-baf3-297817e9e9c6,2025-09-19,2025-09-22,predictive,Predictive maintenance: hydraulic_system service,[],555.78,Jeffrey Mueller,belts,0.969,7.3,True,2025-09-16
a203f181-da8d-4f4b-8e2d-7858718f4796,5bff33a0-f7ce-4652-a372-02655071f818,2025-11-10,2025-11-10,predictive,Predictive maintenance: boom service,"[""belts"", ""hydraulic_system"", ""transmission""]",593.13,Jessica Gray,electrical,0.781,22.1,True,2025-10-27
8d645551-f8c9-41c0-a922-439d4852b708,34c219a5-e49e-4859-9f98-400ca757f93b,2025-01-09,2025-01-10,predictive,Predictive maintenance: boom service,"[""electrical"", ""tracks/tires""]",148.77,Charlotte Bailey,bucket,0.69,9.3,True,2024-12-27
3bc45f8d-ab8b-4b94-bae4-d7a2565b3c8f,e1105589-f4b9-4bbb-a8a8-6fc603567db8,2026-06-20,2026-06-24,inspection,Inspection maintenance: boom service,[],307.69,Jorge Hurley,,,15.4,True,2026-06-19
ad1c82a9-81ab-48e4-b97f-a7cb29a050cb,bd8a6a23-7708-4053-a7fd-05e7c8f03798,2024-10-14,2024-10-14,scheduled,Scheduled maintenance: transmission service,"[""transmission"", ""engine""]",691.52,Craig Mendoza,,,3.5,True,2024-10-09
23f9fe63-3606-434e-84cf-91f94d2e5ff3,da2b72a3-d844-4260-918a-caeb4bc0bf91,2026-04-13,2026-04-16,scheduled,Scheduled maintenance: tracks/tires service,[],228.98,William Daniel,,,0.7,True,2026-04-06
337e8b25-d5fc-4ebb-89f5-25ec4bb58da8,b513fe6c-9c41-4ec4-9459-bfca1d7e0cca,2026-07-29,2026-08-01,inspection,Inspection maintenance: transmission service,"[""filters"", ""hydraulic_system"", ""electrical""]",1242.32,Benjamin Clark,,,4.3,True,2026-07-15
8dde4740-95db-4a0c-8dfb-934a392048ef,9b63fbf7-b54f-4b89-baf2-9ef56f3a28c8,2025-04-13,2025-04-18,predictive,Predictive maintenance: tracks/tires service,"[""tracks/tires""]",1709.57,Melanie Krause,tracks/tires,0.866,7.9,True,2025-04-08
d2c13a1c-30be-483c-832e-902dc7c2f92f,9ab7aac6-6749-4e16-9084-81a94d6db167,2025-08-17,2025-08-18,inspection,Inspection maintenance: tracks/tires service,"[""electrical""]",547.1,Christina Jackson,,,8.8,True,2025-08-11
15e81fea-6b04-4281-a977-29a8f2831072,a1bf38d2-5ea0-4fc6-9953-35e979b3f2d9,2026-03-14,2026-03-16,scheduled,Scheduled maintenance: tracks/tires service,"[""electrical""]",92.67,Anthony Rodriguez,,,0.6,True,2026-03-04
3aebfa73-d48e-4a6e-9378-7d81780e95ee,41cb35e1-5085-4091-95b7-1fb9522f7a08,2024-12-23,2024-12-27,scheduled,Scheduled maintenance: filters service,"[""transmission"", ""bucket""]",516.7,Megan Rivera,,,9.4,True,2024-12-12
6788848b-427c-46db-a8f8-056a093ae738,5f2cf8b3-200e-4e56-b3f1-e29f28dca3c3,2025-07-25,2025-07-26,predictive,Predictive maintenance: bucket service,"[""tracks/tires""]",318.42,Shaun Higgins,transmission,0.956,0.8,True,2025-07-15
034f7826-06ea-46c6-8e43-16a6724a9cbc,625e3638-bb4d-4ec4-9a4a-6dc7b898370e,2025-10-10,2025-10-13,predictive,Predictive maintenance: hydraulic_system service,"[""tracks/tires""]",767.56,Christine Thompson,engine,0.766,13.4,True,2025-10-06
f65ba0f0-ab0a-4cbe-b5f4-332ee8dc1019,2773ef9f-ae14-4f4d-bb2c-52b34e45a83d,2026-01-08,2026-01-09,inspection,Inspection maintenance: boom service,"[""belts"", ""transmission"", ""boom""]",534.16,James Robinson,,,2.1,True,2025-12-29
bd464efa-27f6-41dd-a4a8-7a7a4ef81ae0,9006069d-b2ff-4450-8154-477980debaa0,2025-01-30,2025-02-01,inspection,Inspection maintenance: transmission service,"[""boom"", ""belts"", ""electrical""]",760.9,Lindsay Harmon,,,12.7,True,2025-01-28
fc928816-22f0-45a3-a756-bff688194420,5ef500a6-43c4-4756-8ef0-c813a2cf66cb,2026-05-16,2026-05-19,predictive,Predictive maintenance: transmission service,[],842.9,Bianca Baldwin,transmission,0.783,4.2,True,2026-05-06
1f2db6d1-a6e3-44cd-9001-5a9a3d622e8d,79f5bb58-6b8a-4eb8-82d9-816fbcff25fb,2026-07-26,2026-07-30,predictive,Predictive maintenance: electrical service,"[""bucket"", ""belts""]",968.64,Steven Smith,tracks/tires,0.889,5.5,True,2026-07-17
e008dd46-d0c3-4ec3-a954-ca031e8f95b1,d6b2dfcb-c3bf-426d-8204-3a05fc007a3c,2024-08-08,2024-08-10,emergency,Emergency maintenance: hydraulic_system service,"[""electrical""]",992.67,Malik Cruz,,,14.6,True,2024-08-07
0c757f79-ce8e-4b21-9108-68965748e994,b518d166-c271-4061-b5d9-4f864ffbea4d,2025-01-08,2025-01-13,emergency,Emergency maintenance: transmission service,"[""transmission"", ""bucket"", ""engine""]",1396.84,Debra Butler,,,42.8,True,2025-01-05
5cb89568-243d-4d45-8f0f-487bd7487b9b,d9dd841f-e1c8-4fa2-9e98-9cedb88adcee,2026-07-27,2026-07-28,predictive,Predictive maintenance: engine service,"[""tracks/tires"", ""bucket""]",1549.05,Kim Sanchez,electrical,0.815,6.1,True,2026-07-17
63eb12f3-dc5c-4e08-8fc3-17fb32ebbae9,3c11391b-dc6c-4e85-a855-032de7f4f352,2025-06-26,2025-06-26,predictive,Predictive maintenance: bucket service,[],515.89,Melanie Alvarez,engine,0.657,4.3,True,2025-06-20
fda5cf18-ea34-4909-b555-c3ee5cd6ba8d,4f71b56f-b097-48ad-9638-8d2076107986,2026-05-17,2026-05-18,predictive,Predictive maintenance: filters service,"[""tracks/tires"", ""electrical"", ""engine""]",263.52,David Horton,hydraulic_system,0.775,13.7,True,2026-05-16
801b1327-8805-4a40-a393-c9ce8f4a2055,f7e2d4bb-1c8c-42bd-8c1a-e0424303bb7f,2025-01-31,2025-02-05,scheduled,Scheduled maintenance: hydraulic_system service,"[""engine""]",8.91,Leroy Wright,,,6.5,True,2025-01-19
d193dfa6-6ac8-476c-80c3-af0a0825a6d0,553ecd0d-9304-43ec-90c5-948a90fd24fa,2025-01-07,2025-01-12,scheduled,Scheduled maintenance: belts service,"[""filters""]",246.29,Matthew Cabrera,,,10.1,True,2024-12-26
b2a49800-c479-49f0-861b-828a2b142ba8,5c8918ee-4d30-4993-a733-3dea6ef73fef,2025-06-29,2025-07-02,scheduled,Scheduled maintenance: engine service,"[""bucket""]",1383.31,Tyler Price,,,2.3,True,2025-06-25
0bb38204-d2e2-4c4b-9153-ae3948d6ea66,b02c5d8e-75ac-4378-8937-7cc5bea02b86,2025-08-13,2025-08-16,scheduled,Scheduled maintenance: hydraulic_system service,"[""filters"", ""boom"", ""engine""]",582.65,David Mills,,,17.6,True,2025-08-11
6b97bd62-1125-4a9c-9203-e7d56cdc6263,915f5e10-640b-41dd-9184-0d7c8f35e828,2025-11-08,2025-11-12,emergency,Emergency maintenance: bucket service,"[""filters""]",766.61,Christopher Parker,,,10.3,True,2025-10-27
3e83375e-5631-4f50-a58b-b29400096a24,a8220478-cf40-4301-a193-b84351b99eac,2025-07-29,2025-07-31,predictive,Predictive maintenance: belts service,"[""boom"", ""engine"", ""belts""]",650.99,Steven Weber,filters,0.925,1.3,True,2025-07-25
dc1ba0ae-72ee-48e3-8a7d-621a243d2d12,7e626839-b994-4621-bcde-ddb6fe962558,2024-10-01,2024-10-06,predictive,Predictive maintenance: tracks/tires service,[],384.49,Kevin Hill,filters,0.749,12.9,True,2024-09-28
78bf1685-6223-4c9c-b2f6-342b6e313cf8,5dd9dd93-c22a-4b2b-ba08-97fd9747c57c,2025-02-10,2025-02-12,scheduled,Scheduled maintenance: engine service,"[""tracks/tires""]",792.74,David Hansen,,,6.1,True,2025-02-08
156556cd-4905-4c18-ad7d-953c64408721,c98a739e-0962-412c-9625-b5b78614d117,2025-04-05,2025-04-05,predictive,Predictive maintenance: boom service,"[""boom""]",950.16,Alfred Schwartz,electrical,0.774,4.4,True,2025-04-01
1faa06f8-771b-4e24-94d8-7cf4c1f97dac,79c0d3ac-c9dc-4791-94d6-160686e0769d,2025-10-08,2025-10-10,emergency,Emergency maintenance: filters service,"[""hydraulic_system"", ""electrical""]",390.56,Andrea Zamora,,,7.0,True,2025-09-26
e1ec3604-a131-4c95-bff6-cb405d0de30a,798bad4b-0934-4074-af03-e48a7794931d,2025-09-07,2025-09-07,predictive,Predictive maintenance: filters service,"[""tracks/tires"", ""hydraulic_system"", ""engine""]",96.21,Vanessa Torres,belts,0.732,4.6,True,2025-09-02
18f56942-56b9-4c5a-8dca-c193861ba87f,815d7246-1521-445a-a263-10529652cda7,2025-02-02,2025-02-05,scheduled,Scheduled maintenance: filters service,"[""belts""]",76.91,Johnny Green,,,9.4,True,2025-01-30
07c9931c-91ff-4942-8a4a-a26ed47dffd0,dd56e682-c874-40c4-ad19-d047d8dfd8dc,2025-11-30,2025-12-02,scheduled,Scheduled maintenance: electrical service,"[""engine""]",806.65,Patrick Davis,,,1.5,True,2025-11-20
aa4203bf-56a3-4bba-a606-26c6c4a988d7,66178505-99fa-49db-a5fd-68d7929aab3a,2025-05-01,2025-05-04,emergency,Emergency maintenance: hydraulic_system service,"[""belts"", ""hydraulic_system"", ""boom""]",1254.7,Daniel Alvarez,,,29.8,True,2025-04-26
85c62919-e87f-441e-b4df-bd244bc81a95,d453fc78-ea1f-4a63-89b7-885207cb6d0f,2026-06-14,2026-06-18,predictive,Predictive maintenance: boom service,[],957.81,Richard Bryan,filters,0.767,9.0,True,2026-06-06
603cc924-3509-4e16-8369-40c96706b981,b7d44b63-8585-4eb2-a662-3a1acafa0e68,2025-06-08,2025-06-09,scheduled,Scheduled maintenance: boom service,[],72.75,Linda Marquez,,,5.6,True,2025-05-25
bacebfd8-0ed0-4a9c-9e1c-71b463f30659,a387491d-6043-436a-973c-8494e098cf26,2025-04-16,2025-04-21,predictive,Predictive maintenance: electrical service,"[""engine"", ""bucket"", ""tracks/tires""]",405.02,Tony Adams,boom,0.894,1.1,True,2025-04-11
734b62a3-7c56-4804-b682-adc46b91b1f2,8ede79e4-703c-4fab-bba4-5094bb0a2cc7,2025-06-30,2025-07-02,scheduled,Scheduled maintenance: tracks/tires service,"[""boom"", ""belts""]",25.86,Jesse Cox,,,19.6,True,2025-06-26
5fb59054-a13f-4a8e-bf8c-c1f60da1c8b4,5c29d236-4463-4b2f-a1d6-4d3174be2073,2025-12-22,2025-12-23,predictive,Predictive maintenance: transmission service,"[""belts""]",1416.95,Ann Romero,tracks/tires,0.675,0.3,True,2025-12-20
6b52bd54-0453-49c9-b2c7-077d734669d1,1bb9682d-623b-450f-ad8d-c9a04db6b5c1,2024-08-25,2024-08-30,inspection,Inspection maintenance: filters service,"[""boom"", ""electrical"", ""transmission""]",683.04,Jennifer Silva,,,4.1,True,2024-08-20
de3407b3-0f3e-4c21-94c7-591d055644e1,7b26b146-0b8b-4b6f-a925-7226c0054069,2024-12-02,2024-12-04,predictive,Predictive maintenance: filters service,[],800.66,Thomas Fitzgerald,belts,0.769,1.2,True,2024-11-29
4176a9be-993d-4f9a-9f7f-e85c0b3dee1c,e8a114b7-cf32-44df-8c23-271167d56b06,2025-08-05,2025-08-08,scheduled,Scheduled maintenance: bucket service,"[""transmission""]",1135.03,Kathryn Grant,,,20.1,True,2025-07-25
982e9b50-2110-431e-bdd3-bd2914fc42a7,864ac467-35cc-4602-b5c0-c8e8053a62d8,2025-08-31,2025-08-31,predictive,Predictive maintenance: boom service,[],190.12,Valerie Graham,hydraulic_system,0.961,0.2,True,2025-08-20
a9b2dcf3-273d-40d9-8489-de83c5f0dc6b,01194123-b1ee-4dc5-a5b2-846bba440301,2025-04-27,2025-04-30,scheduled,Scheduled maintenance: filters service,[],426.47,Christopher Kelly,,,0.6,True,2025-04-26
c2f5326d-8a64-46a9-b9a5-7b455666d884,a0da5a7c-f919-4b54-a421-ff8cb1c664c5,2026-05-26,2026-05-28,predictive,Predictive maintenance: filters service,[],529.44,Timothy Guerra,tracks/tires,0.778,4.5,True,2026-05-19
04e46eaa-ce2f-434e-9a73-556b57ab3a56,4c21c115-2eeb-44b6-b2ca-7b22bf53d9f0,2026-02-25,2026-02-25,inspection,Inspection maintenance: hydraulic_system service,[],587.91,Maria Ramirez,,,0.8,True,2026-02-16
8f81141b-9a70-4c08-ab7b-033f4f8d8c58,1fddfa33-3e6a-478d-a550-373abc3af7e0,2026-03-30,2026-04-02,predictive,Predictive maintenance: hydraulic_system service,"[""engine""]",477.85,Philip Hayes,belts,0.847,4.1,True,2026-03-19
22fa5632-d236-47f9-bfc1-e77040abb0c3,a0da5a7c-f919-4b54-a421-ff8cb1c664c5,2025-02-03,2025-02-04,scheduled,Scheduled maintenance: bucket service,"[""electrical"", ""hydraulic_system""]",1274.88,Scott Owens,,,2.6,True,2025-01-28
ee404e91-7ef4-44fe-b11f-001be9c38cb1,79c0d3ac-c9dc-4791-94d6-160686e0769d,2025-06-11,2025-06-13,predictive,Predictive maintenance: engine service,"[""engine"", ""filters"", ""tracks/tires""]",1419.27,Anthony Brown,filters,0.884,0.9,True,2025-06-03
16faf05f-854f-40d0-8590-3fff03434446,def63940-d7aa-4277-a1e0-1d42fef8779f,2026-06-07,2026-06-09,scheduled,Scheduled maintenance: tracks/tires service,"[""engine"", ""hydraulic_system""]",4.62,Courtney Coleman,,,4.4,True,2026-05-30
fd3475db-5b64-4f40-a5ee-5084f0438bb7,6362aa13-f90b-43d0-8f04-4e1394a1b586,2026-03-28,2026-04-02,scheduled,Scheduled maintenance: boom service,"[""tracks/tires""]",274.91,Anthony Brooks,,,6.3,True,2026-03-17
a2adeb66-b1d1-407a-8349-10c262d1aa62,ad93f44d-9ddc-4672-855d-100cd24c8b51,2026-02-28,2026-03-03,predictive,Predictive maintenance: belts service,"[""filters""]",10.47,Michelle Morris,filters,0.779,1.0,True,2026-02-21
156d6ce2-7862-48bc-bfbb-cc40b00b420d,ec4390c1-d585-4a47-a160-207344ae5b17,2025-04-08,2025-04-13,inspection,Inspection maintenance: hydraulic_system service,"[""engine""]",86.51,Monica Parker,,,4.8,True,2025-03-31
7503d6e4-b149-4f1f-b9e6-32dc16463e4c,53f3bf49-f075-4261-952d-682f64be6bb3,2024-10-15,2024-10-17,inspection,Inspection maintenance: hydraulic_system service,"[""filters""]",2095.08,Vincent Horton,,,1.0,True,2024-10-04
6f647e40-9ab3-48fa-8ac4-65d93d7821ff,e2a6e5bf-afa9-4fa2-a0a8-326ffc691ff4,2025-02-14,2025-02-16,predictive,Predictive maintenance: belts service,"[""tracks/tires"", ""belts""]",28.03,Mrs. Cassandra Monroe DVM,bucket,0.851,0.2,True,2025-02-03
5d27c091-1097-4f84-bcd8-5124c50f2fc0,dd56e682-c874-40c4-ad19-d047d8dfd8dc,2025-08-22,2025-08-24,scheduled,Scheduled maintenance: bucket service,"[""boom""]",484.13,Douglas Rasmussen,,,5.8,True,2025-08-15
46217fdf-803a-4e5d-95ee-4d6e575229b3,77346cdd-07e5-4da3-be4a-265af902aa5f,2025-04-17,2025-04-19,scheduled,Scheduled maintenance: electrical service,[],477.72,Larry Lucas,,,2.9,True,2025-04-11
2ab34e76-35ee-4d82-a9ff-fdc50260179b,2f9e9f13-f622-4db8-b4ea-492db29c8e79,2026-01-27,2026-01-31,inspection,Inspection maintenance: bucket service,"[""electrical"", ""belts"", ""bucket""]",182.99,Jack Martin,,,7.1,True,2026-01-19
80f02a1c-ec37-4bc6-ac98-e70f7aaeec83,5bbe024d-be7f-4dea-9af4-446027d6e8b5,2026-04-09,2026-04-13,inspection,Inspection maintenance: bucket service,"[""hydraulic_system""]",118.96,Ashley Newton,,,0.0,True,2026-04-07
ec31bde0-b582-4e21-a966-88242a377cff,d24f3bec-a830-4056-932b-c301019d66f6,2025-06-30,2025-07-04,scheduled,Scheduled maintenance: hydraulic_system service,"[""electrical"", ""tracks/tires""]",3073.75,David Anderson,,,18.8,True,2025-06-25
566639fa-3ef0-41d9-93fa-7b5c84c519cb,864ac467-35cc-4602-b5c0-c8e8053a62d8,2025-02-28,2025-03-03,scheduled,Scheduled maintenance: engine service,"[""electrical""]",411.76,Brian Steele,,,3.6,True,2025-02-17
b8f25b35-6727-4e64-a0f9-d37525f99678,da2b72a3-d844-4260-918a-caeb4bc0bf91,2025-06-23,2025-06-25,predictive,Predictive maintenance: transmission service,"[""transmission""]",29.94,Matthew Cunningham,boom,0.776,12.1,True,2025-06-20
eef55a79-1829-4843-916d-1800ccea9ac3,c34fbd26-0da6-4bde-8c95-ef4fbc8fa5da,2026-04-10,2026-04-10,scheduled,Scheduled maintenance: electrical service,"[""engine"", ""boom""]",43.07,Brenda Garcia,,,18.9,True,2026-04-03
0a8b8e1e-2797-495a-9617-be567443bf5c,79f5bb58-6b8a-4eb8-82d9-816fbcff25fb,2024-11-22,2024-11-23,emergency,Emergency maintenance: bucket service,"[""transmission""]",212.59,Pamela Dean,,,5.8,True,2024-11-13
e164b6f6-0db1-490c-b766-9b7b6d5b0134,1bb9682d-623b-450f-ad8d-c9a04db6b5c1,2024-08-19,2024-08-22,scheduled,Scheduled maintenance: engine service,"[""filters"", ""transmission"", ""engine""]",1258.43,Jonathan Glover,,,2.8,True,2024-08-08
c05642d2-62a2-420b-8b0d-aaa11812a03c,aff917c0-34d6-401d-9f56-a82a97bbd96f,2026-01-13,2026-01-13,scheduled,Scheduled maintenance: bucket service,[],670.36,Dakota Miles,,,2.7,True,2026-01-11
9f9d9c46-9843-4870-9c3e-0244b629eb65,57c7795e-6fcf-4160-bc8c-b96d21cbee0b,2025-12-15,2025-12-15,emergency,Emergency maintenance: tracks/tires service,"[""filters""]",410.92,Kimberly Hester,,,35.4,True,2025-12-14
f02c13ca-43d4-49e4-868f-1f5b34381fbd,1f5e380b-ed3e-4b79-a7ba-207caca3f595,2026-07-10,2026-07-14,emergency,Emergency maintenance: boom service,"[""hydraulic_system""]",2526.72,Leslie Sanders,,,29.1,True,2026-07-07
c38066a7-a10d-4c7b-8421-50cce462cdbf,8c452087-0c9b-400b-96f8-f88881baa3f3,2025-05-05,2025-05-07,scheduled,Scheduled maintenance: transmission service,[],265.8,Paul Pierce,,,1.6,True,2025-04-30
e4342f29-a41c-4252-a538-f10cc7a9c055,dcb4322b-5363-4b63-8ea1-80390dbad145,2025-09-24,2025-09-28,scheduled,Scheduled maintenance: transmission service,"[""bucket"", ""transmission"", ""tracks/tires""]",357.8,Stacy Vance,,,8.7,True,2025-09-14
836be6f4-a4ba-4fc6-938a-3b111539682f,8c5fcf8b-a2a7-4892-8f28-20546135d304,2026-04-03,2026-04-04,scheduled,Scheduled maintenance: hydraulic_system service,"[""transmission""]",427.45,Monica Nguyen,,,0.5,True,2026-03-21
2c22aa75-8086-4605-8b1a-8b69221c5dc8,584e190b-7f62-4ff7-907a-d13964aa2c8f,2025-03-14,2025-03-15,inspection,Inspection maintenance: electrical service,"[""tracks/tires""]",51.38,Brenda Cantu,,,19.3,True,2025-03-13
9f0fecd6-54c7-4f6d-8e10-f669876d511c,214a10d4-9121-4f2f-94d1-ed3411e89c8e,2026-05-07,2026-05-09,predictive,Predictive maintenance: hydraulic_system service,"[""electrical"", ""hydraulic_system""]",104.92,Michael Moss,bucket,0.8,0.8,True,2026-05-02
519a36c4-f396-4a5d-92dc-a0eb9d02ebb1,28c59e12-d6c6-438e-8666-6d643c2f74d3,2024-10-28,2024-11-02,inspection,Inspection maintenance: tracks/tires service,"[""engine"", ""tracks/tires""]",45.12,Javier Butler,,,6.6,True,2024-10-18
6948bfd9-dc30-4584-a8ff-66f5176b8a20,7bc3cbca-b4c9-45c2-9c98-9a7c8435a94a,2024-11-27,2024-11-27,emergency,Emergency maintenance: belts service,"[""belts"", ""bucket"", ""electrical""]",540.01,Margaret Khan,,,2.5,True,2024-11-19
d5c70589-cd31-4484-99f7-34128db3693f,9d052e8a-eecf-4b45-87e3-ae797d253684,2024-08-31,2024-09-02,predictive,Predictive maintenance: transmission service,[],509.38,Steven Mercado,belts,0.669,7.9,True,2024-08-25
a8ec2105-0916-4b59-9dd8-bd13c142d023,5c37c756-102a-4b6e-9c5b-779b83c9fc1b,2025-08-20,2025-08-25,predictive,Predictive maintenance: transmission service,"[""filters"", ""bucket""]",91.99,Katie Alvarado,belts,0.87,0.1,True,2025-08-12
360242c1-150d-41ef-b426-aa55feefd756,ca73949f-0806-42b8-b607-c709518f50f9,2025-03-20,2025-03-24,scheduled,Scheduled maintenance: hydraulic_system service,"[""engine"", ""filters""]",425.07,Jeffrey Johnson DDS,,,1.6,True,2025-03-13
de275166-0a45-4ccd-bcc8-6b7d5dfa1656,2f5e6827-9329-4d92-8e02-fc8d70da08a3,2026-05-21,2026-05-25,inspection,Inspection maintenance: tracks/tires service,"[""electrical"", ""bucket"", ""belts""]",497.59,Rodney Williams,,,13.2,True,2026-05-13
6cfc1bce-8421-4d8f-b36d-b434dd755e68,f55c7b06-3a4a-49bb-bd43-dc27fa8d5b52,2026-05-12,2026-05-13,scheduled,Scheduled maintenance: transmission service,"[""tracks/tires"", ""bucket"", ""belts""]",238.14,Jody Smith,,,11.7,True,2026-05-08
e10749e0-8dd1-4635-ab78-fa0b22a25ed3,ba105fd9-2a4d-42f3-a3a5-82d883912a21,2026-02-15,2026-02-20,scheduled,Scheduled maintenance: belts service,"[""engine"", ""bucket""]",339.54,Christopher Conner,,,5.4,True,2026-02-07
130a0bdb-68b3-40b4-9490-553dadfbe2da,215e05b6-85bb-4941-850d-7f4508c4201b,2024-12-02,,scheduled,Scheduled maintenance: engine service,[],704.09,Scott Dawson,,,5.1,False,2024-11-30
42f53604-f3a5-4d2d-8de1-615afff73543,e87d5f74-e299-45fd-8c2e-8b861ec69ef0,2024-08-01,2024-08-01,predictive,Predictive maintenance: electrical service,"[""filters""]",96.98,Larry Ingram,tracks/tires,0.741,5.3,True,2024-07-28
16c8a525-c358-457b-be38-aee3fafabfdf,53f3bf49-f075-4261-952d-682f64be6bb3,2026-06-14,2026-06-19,inspection,Inspection maintenance: tracks/tires service,"[""engine""]",453.65,James Rich,,,3.8,True,2026-06-11
697761a8-59f0-4c17-98c6-2c96bb711c8c,b15e1b1c-5352-4dcb-ba88-9b37b75d8fe1,2025-06-12,2025-06-16,emergency,Emergency maintenance: filters service,"[""engine"", ""tracks/tires"", ""transmission""]",52.85,Christopher Martinez,,,6.9,True,2025-05-31
182894e3-b64e-4525-adb6-de929bcbc6e3,8c5fcf8b-a2a7-4892-8f28-20546135d304,2025-04-28,2025-04-30,predictive,Predictive maintenance: bucket service,"[""electrical"", ""belts"", ""boom""]",1120.27,Nancy Ramos,electrical,0.689,10.4,True,2025-04-19
94bbe690-009f-4b7f-b061-6a6cc5967583,b15e1b1c-5352-4dcb-ba88-9b37b75d8fe1,2025-04-21,2025-04-25,predictive,Predictive maintenance: hydraulic_system service,"[""engine""]",78.21,Holly Proctor,electrical,0.827,11.2,True,2025-04-19
20e0b60e-b789-4a65-8841-e318b1d055c4,47665766-7fef-4c04-bbf4-9c08b872b5b5,2025-12-21,2025-12-22,scheduled,Scheduled maintenance: boom service,"[""hydraulic_system"", ""tracks/tires"", ""belts""]",509.56,Bryce Terry,,,13.5,True,2025-12-08
aeadbb5e-f565-480b-af19-64f44d3e419f,be89a59d-5eb8-497f-a10f-fafd276fc398,2024-08-25,2024-08-25,predictive,Predictive maintenance: hydraulic_system service,"[""transmission"", ""tracks/tires""]",1751.17,Carolyn Ross,filters,0.978,17.1,True,2024-08-24
ecda3118-c700-41a1-84b4-cac12491ce01,7b26b146-0b8b-4b6f-a925-7226c0054069,2025-02-19,2025-02-23,emergency,Emergency maintenance: belts service,[],18.12,Vincent Tyler,,,1.8,True,2025-02-07
d94c1ca5-aefc-4c16-b100-e2bab3104550,5dd9dd93-c22a-4b2b-ba08-97fd9747c57c,2026-01-08,2026-01-09,inspection,Inspection maintenance: belts service,"[""tracks/tires"", ""filters""]",280.53,Matthew Wong,,,0.6,True,2025-12-30
46a69695-b4b8-45f4-936d-9384a48a6b8f,852e4a80-b7b2-435c-bf30-b16536ea934d,2024-11-17,2024-11-17,emergency,Emergency maintenance: filters service,"[""transmission"", ""filters"", ""engine""]",11.45,Steve Edwards,,,0.1,True,2024-11-13
c52fa526-ec88-4d44-b94b-db71411e2b57,8a49cc71-9105-44fb-aaa2-87468d31f619,2024-12-27,2024-12-30,scheduled,Scheduled maintenance: bucket service,"[""filters"", ""hydraulic_system"", ""belts""]",284.92,Robert Williams,,,14.6,True,2024-12-14
8f232f7a-58ca-4030-bd01-08df27afcef2,4f34ffa7-ace4-4f0b-9d42-9f6c63de233b,2026-05-13,2026-05-17,inspection,Inspection maintenance: belts service,"[""transmission""]",285.02,Tracy Walsh,,,6.0,True,2026-05-03
7e2f5170-498e-48a8-b948-a0ec839e65bd,9b63fbf7-b54f-4b89-baf2-9ef56f3a28c8,2026-06-18,2026-06-21,predictive,Predictive maintenance: engine service,"[""filters"", ""bucket"", ""tracks/tires""]",240.48,Michael Baldwin PhD,bucket,0.891,12.0,True,2026-06-04
7c616e42-42d4-468f-9570-3d410f785cc2,d3aedb65-f345-4516-81cd-64256c51af14,2024-12-30,2025-01-01,inspection,Inspection maintenance: belts service,"[""bucket"", ""transmission"", ""tracks/tires""]",993.4,Ryan Young,,,2.9,True,2024-12-20
2883d655-9e50-4c12-b9d3-0890b4f96ac7,53f3bf49-f075-4261-952d-682f64be6bb3,2025-10-24,2025-10-28,predictive,Predictive maintenance: hydraulic_system service,"[""belts"", ""transmission""]",217.84,James Estes,bucket,0.902,10.1,True,2025-10-10
4ffa3206-e638-4eaa-b4f2-793bc348045b,422807d4-32dd-4b35-8c2a-82f7fdb57773,2026-04-17,2026-04-21,predictive,Predictive maintenance: electrical service,"[""tracks/tires"", ""hydraulic_system""]",2120.43,Alison Reyes,engine,0.933,5.4,True,2026-04-07
9b83f644-af23-49fc-b178-ed00e652a4df,7edcfa59-db28-4bba-9f31-5f2b6b39f147,2025-10-18,,emergency,Emergency maintenance: electrical service,"[""filters"", ""belts"", ""transmission""]",146.05,Kevin Wiggins,,,1.5,False,2025-10-12
d92ca743-c881-42eb-9b9a-605bd8ae459a,360a96f9-887b-43ee-9b95-b432d1850af8,2024-09-23,2024-09-27,inspection,Inspection maintenance: electrical service,"[""belts"", ""electrical"", ""bucket""]",409.33,Karen Sullivan MD,,,5.4,True,2024-09-19
2f3190a1-739c-4715-bac0-ddea08880dd7,f9271522-1a5c-4203-a2a8-d50621be7417,2025-08-20,2025-08-24,scheduled,Scheduled maintenance: electrical service,"[""boom""]",236.78,Beverly Edwards,,,10.9,True,2025-08-16
3c64f34c-4b93-488b-93fa-c320a943e589,b6fddce9-34b6-4d7e-9a08-ec7ea6fe4fe1,2025-09-01,2025-09-01,scheduled,Scheduled maintenance: engine service,[],884.55,Peter Wyatt,,,2.4,True,2025-08-21
80b08c37-3a24-410a-b403-17d2339c5a91,622619e6-8ca8-4ef0-8937-8e4555a60be7,2025-11-25,2025-11-28,emergency,Emergency maintenance: boom service,"[""electrical""]",340.41,Robert Cobb,,,2.9,True,2025-11-12
275a81f7-e5de-48f7-a8e3-4514d99a0ed8,1fbdaec0-ea2a-4672-aa52-3ffdb94ed007,2025-03-17,2025-03-22,predictive,Predictive maintenance: electrical service,[],1363.47,Megan May,belts,0.883,13.0,True,2025-03-14
8ff195f6-d652-4e3b-a74b-dd2b91b6601f,edd08cfa-27bd-43ea-a9de-619405ee2af8,2024-10-19,2024-10-24,predictive,Predictive maintenance: hydraulic_system service,"[""filters""]",253.05,Kenneth Nash,filters,0.945,20.9,True,2024-10-10
28667126-abbc-4f13-88f2-cb0dd3919d08,0011544a-5ae6-409e-a953-1496a9ee0b68,2025-07-25,2025-07-27,emergency,Emergency maintenance: filters service,"[""transmission"", ""engine""]",920.11,Katherine Donovan,,,2.2,True,2025-07-15
e788de96-a3c4-4ca6-96ca-14e85bf8268c,e4269275-0324-471a-a492-bfe7425a20ab,2026-07-23,2026-07-25,inspection,Inspection maintenance: transmission service,[],1283.51,Danielle Harrell,,,12.6,True,2026-07-20
0fc94b49-7e3a-47a3-98de-068668023db5,e4c7d5f6-acdd-4e38-bdd2-468471426d0c,2025-10-31,,predictive,Predictive maintenance: electrical service,"[""bucket""]",40.65,Alexis Roth,hydraulic_system,0.821,2.7,False,2025-10-28
f98f0da0-bf14-4977-b996-a7d45514f2eb,f90a7087-1dfb-4b75-af42-add5c13d5e8a,2026-03-04,,scheduled,Scheduled maintenance: hydraulic_system service,"[""filters"", ""engine"", ""tracks/tires""]",350.85,James Flowers,,,7.4,False,2026-02-25
b6657888-666e-499b-9057-363ccb6040df,a7037454-abe4-4fbb-9b42-86d1f7928404,2026-03-30,2026-03-30,scheduled,Scheduled maintenance: filters service,"[""filters"", ""hydraulic_system"", ""tracks/tires""]",102.43,Amber Wright,,,2.1,True,2026-03-19
bbc6ee0d-431f-45c7-ab84-4fa3b8b0336b,2a3e913c-f1f7-4092-942d-a5b2787c31f6,2025-09-23,2025-09-26,predictive,Predictive maintenance: bucket service,[],57.05,Alex Neal,boom,0.903,7.1,True,2025-09-10
fe9d90e0-a1b3-43e2-82cc-39d517837ddc,3a76d8e4-e510-4b2d-af15-231bf99e8c49,2026-02-14,2026-02-16,inspection,Inspection maintenance: boom service,[],243.25,Jonathan Lawson,,,2.5,True,2026-02-08
b1a8c92d-1957-40fd-bdc0-b405112e3561,8c452087-0c9b-400b-96f8-f88881baa3f3,2025-04-24,2025-04-26,predictive,Predictive maintenance: engine service,[],548.7,Brandi Salinas,filters,0.693,0.5,True,2025-04-17
fd5c66df-82b8-494e-929d-38171abd2aa1,9238ff1c-1a62-41b7-931f-170b0ad7e1d5,2025-09-05,2025-09-07,scheduled,Scheduled maintenance: bucket service,"[""electrical"", ""bucket"", ""tracks/tires""]",58.88,Leslie Mccarthy,,,2.4,True,2025-08-28
3cde6f3b-eefb-4b6b-8e9b-ca536f19129f,a3d0eceb-f048-4f7e-b169-f455e9fd6f1b,2025-06-18,2025-06-22,scheduled,Scheduled maintenance: belts service,"[""tracks/tires"", ""bucket"", ""transmission""]",495.58,Meredith Hill,,,3.7,True,2025-06-05
6d2b7770-c1f3-4708-9527-e79b3658a9bf,881083bb-88bd-45a5-8974-ab4b05d6cd1e,2025-09-15,2025-09-18,scheduled,Scheduled maintenance: hydraulic_system service,"[""engine"", ""boom""]",410.21,Eric Hopkins,,,0.8,True,2025-09-08
fa521800-a3b1-4008-8cab-08a324146397,bb7743e5-e6a4-4456-b11e-b3eaaa5202b1,2025-04-09,2025-04-12,inspection,Inspection maintenance: filters service,[],146.8,Tara Smith,,,11.6,True,2025-03-27
d5f24eec-8eb8-46d5-a9e6-67dcd386c2d8,100655ab-bd0a-4ad9-8880-a4f666f79d40,2024-12-10,2024-12-12,predictive,Predictive maintenance: hydraulic_system service,"[""electrical""]",498.73,Monica Brown,boom,0.818,1.1,True,2024-11-30
4e3af134-9d6e-4273-8a09-56a22313d9db,ec4390c1-d585-4a47-a160-207344ae5b17,2024-10-27,2024-10-30,inspection,Inspection maintenance: boom service,"[""transmission"", ""boom"", ""belts""]",137.3,Andrew Smith,,,9.1,True,2024-10-24
456a7ee8-1e7a-494b-b65e-c2992f42576b,ef44a4bf-5551-4082-a8dc-30786d09e2be,2026-01-02,2026-01-07,inspection,Inspection maintenance: filters service,"[""transmission"", ""filters""]",238.78,David Mclean,,,6.4,True,2025-12-24
6a58f2c4-d013-41fa-a606-fe2ada74f884,1bd492aa-2713-42fc-81df-a98e116b5a59,2025-09-08,2025-09-09,predictive,Predictive maintenance: transmission service,"[""tracks/tires"", ""electrical"", ""transmission""]",410.05,Terry Tran,electrical,0.696,4.6,True,2025-09-03
1778a09a-115f-4600-a3b0-1775a8a46b93,a92a8d5c-7f8d-4b9b-a85a-69e6c738f472,2026-02-03,2026-02-08,inspection,Inspection maintenance: electrical service,"[""hydraulic_system"", ""boom"", ""engine""]",0.02,Leah Perez,,,4.4,True,2026-01-23
972f4b59-991d-48fd-93cd-5b1c15cab055,67bb39ff-2ab4-4470-85a5-4fb2bf5e4f06,2024-08-02,2024-08-03,scheduled,Scheduled maintenance: boom service,"[""hydraulic_system""]",553.2,Julian Smith,,,17.4,True,2024-07-28
ab02f626-8165-4009-a68a-355f8e83c43a,7edcfa59-db28-4bba-9f31-5f2b6b39f147,2026-04-20,2026-04-20,emergency,Emergency maintenance: tracks/tires service,"[""tracks/tires""]",1824.77,Mark Welch,,,0.8,True,2026-04-10
b56c1a88-a164-43fa-a8a0-51c50ed59d9b,bd48f4eb-f956-4bb1-ac06-a1f66fd2f811,2024-12-31,2025-01-03,predictive,Predictive maintenance: belts service,[],852.0,Sabrina Johnson,engine,0.83,7.7,True,2024-12-29
ab79a57e-6635-4cf7-96d0-47d7a91d2306,0a237b8c-0d71-4778-b797-fb586790d624,2024-09-24,2024-09-26,scheduled,Scheduled maintenance: hydraulic_system service,[],314.28,Barbara Pearson DDS,,,13.4,True,2024-09-17
1b6b9143-1fe6-44fc-8248-ff680c098ef6,dcb4322b-5363-4b63-8ea1-80390dbad145,2025-03-09,2025-03-14,predictive,Predictive maintenance: belts service,[],254.89,Jasmine Collins,hydraulic_system,0.916,14.5,True,2025-03-01
9edd386d-dcb3-4401-971f-d2d1eaf1e337,986ed0de-0337-4696-a3c9-0229d6ce8d66,2026-03-29,2026-03-30,predictive,Predictive maintenance: engine service,"[""transmission""]",539.13,Keith Estrada,filters,0.761,1.4,True,2026-03-15
3094406a-3219-413b-a6ca-049a6c217ea3,815040ba-e99b-4b90-8f09-ef80bca4e065,2026-03-15,2026-03-19,inspection,Inspection maintenance: bucket service,[],900.37,James Smith,,,19.2,True,2026-03-12
c9719c4e-8be1-4101-b9be-4d704fcc081b,edbfc236-f068-4c48-8c30-1763e4b6bf40,2025-01-08,2025-01-08,scheduled,Scheduled maintenance: electrical service,"[""transmission"", ""engine""]",459.51,Richard Jimenez,,,7.4,True,2024-12-31
7c066da2-a6a2-40ad-a08a-376bdffc3550,cb415840-0767-41a7-9e53-940076a20c84,2025-06-03,2025-06-04,emergency,Emergency maintenance: bucket service,"[""electrical"", ""belts""]",176.57,John Bowman,,,21.9,True,2025-05-28
dd34da49-6f8c-44e6-8e87-73c651b80e75,9e96e240-502d-4c40-93ab-735ed1290c24,2025-10-16,2025-10-20,predictive,Predictive maintenance: hydraulic_system service,"[""filters"", ""transmission""]",133.47,Jeffrey Johnson,electrical,0.84,1.9,True,2025-10-02
9b6bc606-47ee-41c5-879d-ebc7ee0f8ec6,4a319438-a622-4525-82e2-63c4e5e0c01f,2026-06-26,2026-06-29,scheduled,Scheduled maintenance: transmission service,[],2176.47,Jose Wood,,,5.3,True,2026-06-18
72b164a3-c398-45bb-8ecf-39b8cffc3eb0,2be59483-10b7-4e21-b720-b10876783841,2025-07-14,2025-07-14,scheduled,Scheduled maintenance: engine service,[],5.58,Alexis Smith,,,57.7,True,2025-07-07
a86f9622-3c97-457d-a736-5b2d92d60210,c00156b5-55c9-433a-bc23-a9d3164af256,2026-04-26,2026-04-30,predictive,Predictive maintenance: boom service,[],1.11,Yvonne White MD,electrical,0.855,0.8,True,2026-04-12
6d8112fb-3067-40ef-bbb1-c4017e1b1440,2fa01f07-a112-44e8-ac5d-57263f3da177,2026-01-25,2026-01-26,emergency,Emergency maintenance: transmission service,[],144.8,Kenneth Vargas,,,5.6,True,2026-01-22
90f3e024-f64e-4162-9a24-22902790db1b,f7e2d4bb-1c8c-42bd-8c1a-e0424303bb7f,2025-11-24,2025-11-27,scheduled,Scheduled maintenance: electrical service,[],612.84,Rodney Martin,,,3.6,True,2025-11-22
10d0da1b-2bc2-4ec8-b859-6860559678fc,ca73949f-0806-42b8-b607-c709518f50f9,2025-09-04,2025-09-09,scheduled,Scheduled maintenance: hydraulic_system service,"[""filters"", ""electrical"", ""transmission""]",690.21,Dana Larsen,,,11.2,True,2025-08-23
78665299-e37a-4852-969e-847190970efa,b6e5bbec-0b71-40db-9828-7d2eaa33b758,2024-11-23,2024-11-25,predictive,Predictive maintenance: boom service,"[""engine"", ""belts""]",1062.37,Aaron Johnson,filters,0.814,25.8,True,2024-11-21
b71b1a18-c13e-4858-9098-a4fe53042cf1,815d7246-1521-445a-a263-10529652cda7,2026-02-04,2026-02-04,scheduled,Scheduled maintenance: boom service,[],809.48,Kathy Foster,,,9.6,True,2026-01-30
90f374b9-72b3-43be-a318-a1aca682105f,4d1f93ef-9f20-4d42-95b3-50f240c48266,2026-04-07,2026-04-09,inspection,Inspection maintenance: hydraulic_system service,[],142.15,Henry Gutierrez,,,1.5,True,2026-03-30
1a886f5b-74af-48e0-9d84-c085106e227d,4c21c115-2eeb-44b6-b2ca-7b22bf53d9f0,2025-08-12,2025-08-16,emergency,Emergency maintenance: transmission service,[],171.72,Sara Ball,,,11.8,True,2025-08-05
ed87243f-6d19-4fd5-b75b-48a6c96b9360,13e5f0b8-a79e-4d1f-b512-352272732b0d,2025-02-10,2025-02-13,inspection,Inspection maintenance: engine service,"[""boom"", ""transmission"", ""electrical""]",91.69,Ms. Gina Mcmillan,,,4.6,True,2025-02-02
c1c34a8e-0b97-4534-925b-806d44f6ac11,7e9b8e5b-6b9a-4618-9cac-4ea81c4ac4ac,2026-04-30,2026-05-01,inspection,Inspection maintenance: engine service,[],814.64,Terri Schroeder,,,3.8,True,2026-04-20
65330cf2-423c-47b2-b441-a4ab6ca770f1,7b574536-46e9-4cf0-a5c1-eba1f75963b8,2024-09-17,2024-09-20,scheduled,Scheduled maintenance: bucket service,[],24.94,Ruth Rodriguez,,,13.9,True,2024-09-14
8cb982c6-319b-46d1-9b5d-db8717e989c4,ee728683-9a28-4358-bf02-a91e1797df03,2025-06-21,2025-06-24,predictive,Predictive maintenance: tracks/tires service,"[""hydraulic_system"", ""filters""]",168.77,Tanner Payne,bucket,0.806,14.1,True,2025-06-18
f217f1ce-31d8-4c11-aed2-d2c12316eb16,64c0e7f6-be13-41da-8422-adf86c400857,2026-07-14,2026-07-17,predictive,Predictive maintenance: hydraulic_system service,"[""belts""]",1208.13,Erin Lee,tracks/tires,0.685,0.4,True,2026-07-09
0c24690f-95e6-43a9-8484-0fc4cf75b533,6af0c8ad-c01b-4298-8b67-49018447806d,2026-05-10,2026-05-13,emergency,Emergency maintenance: bucket service,"[""electrical"", ""hydraulic_system"", ""engine""]",441.49,Johnny Carney,,,11.6,True,2026-05-07
7cd42687-1e43-4db8-a662-1f171277b68c,dd56e682-c874-40c4-ad19-d047d8dfd8dc,2025-05-24,2025-05-29,scheduled,Scheduled maintenance: tracks/tires service,"[""filters"", ""boom"", ""hydraulic_system""]",94.73,Jerry Walton,,,9.8,True,2025-05-13
e336fe7f-1191-48f8-a7c5-e92b93c5098b,0ff4f72d-1e18-4022-849e-5d7cfc79132d,2026-01-23,2026-01-25,scheduled,Scheduled maintenance: filters service,[],415.25,Angela Ford,,,4.7,True,2026-01-19
91b0291b-34ed-4abe-a8e1-ef3bf84b64a0,04713cc6-70a5-4613-b316-15a2911c362d,2026-01-16,2026-01-18,scheduled,Scheduled maintenance: tracks/tires service,"[""bucket"", ""belts"", ""transmission""]",229.17,Amy Meza,,,16.3,True,2026-01-08
642f5343-6584-497e-864e-973fd71304a2,d6404735-7330-4ec0-ab86-55b0da250958,2025-10-28,2025-10-31,predictive,Predictive maintenance: transmission service,"[""tracks/tires"", ""hydraulic_system"", ""bucket""]",99.03,Anthony Hansen,tracks/tires,0.918,11.1,True,2025-10-26
7166b457-595c-42b5-b45e-cf5e572541d7,9c2741b1-456c-4b57-9556-57c312f41ca6,2025-03-24,2025-03-27,inspection,Inspection maintenance: bucket service,"[""electrical"", ""boom""]",592.66,Timothy Malone,,,6.0,True,2025-03-15
64a39405-75df-4d56-8697-632685e596a2,e897043a-a106-4f82-8982-e2790f64646c,2026-05-28,2026-06-01,predictive,Predictive maintenance: engine service,"[""boom""]",748.78,Casey Strong,tracks/tires,0.945,6.8,True,2026-05-15
e47dfec5-6833-4f9d-8047-c419e7cba908,2b98e130-e6ae-438b-bcf6-a122ba1e33b2,2024-08-12,2024-08-13,inspection,Inspection maintenance: filters service,"[""transmission"", ""engine""]",1230.3,Mackenzie Gonzales,,,1.9,True,2024-08-04
6e576275-6217-442c-a4f1-ecdab59528e4,48f2f853-5975-4db9-858c-3f5564530e33,2025-06-27,2025-06-30,scheduled,Scheduled maintenance: belts service,"[""bucket""]",266.09,Amanda Jones,,,1.1,True,2025-06-24
17070d69-0d37-4cca-a958-625e99887932,f6efd6c6-f920-4a49-a686-816b436f93d6,2024-11-27,2024-12-02,inspection,Inspection maintenance: boom service,"[""electrical"", ""bucket""]",177.52,Jacob Ruiz,,,0.7,True,2024-11-23
6228fc9e-0f97-4596-86a3-b827be64f890,e8a114b7-cf32-44df-8c23-271167d56b06,2024-12-20,2024-12-25,emergency,Emergency maintenance: tracks/tires service,"[""boom""]",46.85,Jonathan Reynolds,,,1.1,True,2024-12-07
cb34ba70-56cf-4c5d-ba7b-f6b4b6dcc708,36c9eddd-1e7f-455d-9179-0ddfff792ce4,2025-09-28,2025-09-28,inspection,Inspection maintenance: boom service,"[""transmission"", ""bucket""]",384.42,Michael Barron,,,14.1,True,2025-09-16
080f7ccd-0e7f-49dd-b6cd-78e91b040407,9f88c744-8230-419d-ac44-8c12c45aec98,2025-08-04,2025-08-09,scheduled,Scheduled maintenance: electrical service,"[""transmission"", ""boom"", ""belts""]",711.97,Sierra Horton,,,7.5,True,2025-08-01
c393b03e-1b61-4c7d-b944-74eee1e65881,534fb71e-7d96-4dc5-a491-a1d814dcb3df,2026-01-03,,emergency,Emergency maintenance: engine service,"[""filters"", ""transmission"", ""belts""]",508.61,Adam Leonard,,,12.0,False,2025-12-25
6cd1c425-991e-4201-996c-db622c7f800f,8eba96a4-686f-4a58-9453-a156502b68e7,2025-04-21,2025-04-24,inspection,Inspection maintenance: electrical service,"[""engine"", ""belts""]",198.31,Jared Elliott,,,0.0,True,2025-04-08
5300cc0b-45b5-4b66-bc7d-d0433502f3c0,de6f35a4-8918-4ceb-8c5d-a5f7f38dacd2,2025-08-23,2025-08-25,predictive,Predictive maintenance: engine service,[],67.37,Gary Liu,electrical,0.703,5.4,True,2025-08-09
9f8a1675-713c-4f22-b908-28bd76f2589b,0ff4f72d-1e18-4022-849e-5d7cfc79132d,2024-12-15,2024-12-16,emergency,Emergency maintenance: engine service,[],945.64,Catherine Stephens,,,6.7,True,2024-12-02
905bf713-9a77-41da-8e0b-2ed573864c47,4a319438-a622-4525-82e2-63c4e5e0c01f,2025-08-06,2025-08-06,scheduled,Scheduled maintenance: boom service,"[""bucket"", ""boom""]",96.75,Mary Le,,,13.6,True,2025-08-01
84575cf4-fb01-4a4b-af7f-13c90abd922e,7e86d71b-0994-4f4d-9508-ee14aca63127,2025-08-09,2025-08-11,scheduled,Scheduled maintenance: filters service,"[""bucket"", ""boom""]",47.66,Jordan Wood,,,13.4,True,2025-08-01
3e010ce2-86a4-4e39-a6c6-13ed8e756aa4,d024093d-cb09-4d73-8df9-85052f0d96b9,2025-04-15,2025-04-17,inspection,Inspection maintenance: boom service,[],896.73,Eric Matthews,,,2.4,True,2025-04-13
b10ac0f5-1a30-4a6d-93ab-59605494c417,df4f38b9-53b3-46ee-ab94-c3670497d72e,2025-06-29,2025-06-30,inspection,Inspection maintenance: belts service,"[""electrical"", ""filters"", ""belts""]",432.71,Charles Wood,,,0.3,True,2025-06-25
23980aeb-1faa-4288-819c-e262b61a1483,7e9b8e5b-6b9a-4618-9cac-4ea81c4ac4ac,2024-10-30,2024-11-03,predictive,Predictive maintenance: filters service,"[""boom""]",2033.08,Casey Ayala,transmission,0.809,3.9,True,2024-10-22
96bd81cc-0e54-4754-8b88-a1b103474be7,c434975b-7e94-456a-94ca-57a4819e0e72,2026-07-05,2026-07-10,predictive,Predictive maintenance: filters service,[],453.61,Benjamin Alvarez,engine,0.762,13.8,True,2026-06-26
f16354bd-1ad4-49b5-8a47-74c4f569706d,aff917c0-34d6-401d-9f56-a82a97bbd96f,2024-11-07,2024-11-10,scheduled,Scheduled maintenance: boom service,"[""electrical"", ""tracks/tires""]",589.79,Kristin Palmer,,,13.5,True,2024-10-25
8f8fe7cb-f519-4493-bded-a93017c95855,90fa2865-4ccb-475d-9d8e-a88abca7b3f3,2025-01-14,2025-01-15,scheduled,Scheduled maintenance: filters service,"[""boom"", ""electrical"", ""hydraulic_system""]",187.32,Joshua Long,,,3.4,True,2025-01-03
c3b5a0ee-3e95-4058-86a8-edc14903ac28,eee8b666-c615-4da7-a05e-3c827d540624,2026-02-23,2026-02-24,inspection,Inspection maintenance: bucket service,[],27.01,Mark Adams,,,33.0,True,2026-02-09
1c7c150e-7153-4330-a57f-067a33660949,5d9f9295-5c32-4e83-b08e-c8f62318aa1e,2025-12-06,2025-12-10,predictive,Predictive maintenance: filters service,[],471.12,Ashley Wolfe,tracks/tires,0.71,3.4,True,2025-11-29
c7fafbed-b578-401f-a4d3-05c822f6f6dd,585722cb-3d5f-42da-8de2-7c764b80bdd5,2025-11-02,2025-11-02,inspection,Inspection maintenance: filters service,"[""hydraulic_system""]",249.46,Angela Hickman,,,5.2,True,2025-10-27
4599d86c-9bd6-456b-a96d-53f5fd51b455,01194123-b1ee-4dc5-a5b2-846bba440301,2025-11-21,2025-11-21,scheduled,Scheduled maintenance: belts service,"[""engine""]",632.62,Kayla Garrison,,,9.9,True,2025-11-07
eef5addb-ab3c-4a13-91ef-f5759d2decc5,00dfc27a-dd6a-4526-8f65-77ab0420d66f,2025-08-26,2025-08-30,emergency,Emergency maintenance: transmission service,"[""transmission"", ""filters""]",869.83,Shelley Villanueva,,,0.0,True,2025-08-12
ee3577e9-4913-415b-90b7-294f04d38ed5,bd48f4eb-f956-4bb1-ac06-a1f66fd2f811,2025-11-02,2025-11-07,predictive,Predictive maintenance: hydraulic_system service,[],2120.73,Kelly Campbell,filters,0.792,5.5,True,2025-10-29
1119f728-62b9-4df2-9211-281a1686fd8e,ef44a4bf-5551-4082-a8dc-30786d09e2be,2025-11-24,2025-11-29,emergency,Emergency maintenance: transmission service,"[""belts""]",1126.41,Alan Brown,,,2.6,True,2025-11-13
bacf30a6-0962-45c4-ad32-5b40f6e08f5e,0e2e2d65-7058-4484-8176-fc5c68adb06f,2026-01-26,2026-01-30,scheduled,Scheduled maintenance: engine service,[],306.77,Justin Perry,,,4.1,True,2026-01-21
4ef0bf83-9afa-40f1-a13e-61797ed03130,a974cd4a-dc4d-4da0-a45d-4bafe4e9a602,2026-05-06,2026-05-11,scheduled,Scheduled maintenance: engine service,"[""engine"", ""boom""]",56.76,Jeffery Cruz,,,0.6,True,2026-05-02
bd63db7d-0ea2-4ddb-9029-b246d0faa1c9,39cbbc93-29f2-4e0d-ba49-2ad2f95c25a6,2025-05-08,2025-05-11,inspection,Inspection maintenance: tracks/tires service,"[""filters""]",734.63,Kevin Thompson,,,5.4,True,2025-04-26
0ccd721a-11d8-4e0a-a58b-4a5af4d3dcdf,4f13b177-7a7a-40e6-bec3-6d41ae7f283a,2026-04-15,2026-04-16,predictive,Predictive maintenance: hydraulic_system service,"[""transmission"", ""belts""]",176.64,Samuel Pham,boom,0.684,10.9,True,2026-04-07
0b25134f-c9ce-4097-9eba-2d4d0edbda82,31742f32-cee0-4b3f-81ad-3b795aebf7f5,2025-05-29,2025-05-29,scheduled,Scheduled maintenance: hydraulic_system service,[],554.09,Dana Leonard,,,1.9,True,2025-05-26
ca988aba-b386-4d59-9e7e-aaf650849bc0,6eefc392-0b72-48dc-a5c8-10df35c151f3,2024-12-21,2024-12-21,scheduled,Scheduled maintenance: electrical service,"[""tracks/tires"", ""transmission""]",273.43,Shawn Sanders,,,0.9,True,2024-12-10
0f6e72c5-ee98-414b-8fd7-fa14e261af9f,2d860599-e5d8-4008-93a8-249e3808efb5,2024-10-31,2024-11-03,scheduled,Scheduled maintenance: electrical service,[],960.29,Stephen Williams,,,7.0,True,2024-10-20
0d066a16-f563-4d1f-8dbb-f937d6e927d9,fb8e252b-b60a-4ca7-93ef-511390a4a69b,2025-02-06,2025-02-08,scheduled,Scheduled maintenance: transmission service,"[""belts"", ""electrical""]",978.43,Patricia Santiago,,,8.5,True,2025-01-24
88c99ac4-1705-4048-9607-0e7fc90b86dc,864ac467-35cc-4602-b5c0-c8e8053a62d8,2024-11-14,2024-11-17,inspection,Inspection maintenance: filters service,"[""bucket"", ""electrical""]",1327.66,Brandon Larson,,,1.5,True,2024-11-02
394372d8-2c95-4c0b-a4fa-6dcdde696dad,3cd91b5a-e33b-4f47-b44f-9f339b017282,2025-06-19,2025-06-19,predictive,Predictive maintenance: bucket service,"[""tracks/tires""]",592.01,Sarah Collier,bucket,0.976,9.1,True,2025-06-15
ad372db8-53ff-420e-90d5-6d84f56936c0,7edcfa59-db28-4bba-9f31-5f2b6b39f147,2025-08-18,2025-08-21,scheduled,Scheduled maintenance: boom service,[],289.62,Kenneth Harris,,,8.9,True,2025-08-13
17440efa-3918-4276-b76d-82f8afaea6b7,d24f3bec-a830-4056-932b-c301019d66f6,2025-11-28,2025-12-02,predictive,Predictive maintenance: belts service,"[""boom"", ""belts"", ""filters""]",109.52,Robert Dodson,electrical,0.774,2.2,True,2025-11-24
522a1911-f300-400f-937b-5355aaa95015,c00156b5-55c9-433a-bc23-a9d3164af256,2026-02-20,2026-02-25,emergency,Emergency maintenance: hydraulic_system service,"[""boom""]",718.96,Stephanie Carter,,,9.0,True,2026-02-12
721e933f-3687-48ca-b562-49572d06bd32,7824d243-5ef9-4347-95e1-58acd2db6775,2025-06-06,2025-06-10,predictive,Predictive maintenance: electrical service,"[""engine"", ""bucket"", ""filters""]",101.5,Gregory Dixon,tracks/tires,0.825,0.1,True,2025-05-26
65d5e71f-805d-4f11-abcc-f8ba97da1a10,256ae1d6-28db-4a55-9f2f-f9c516aa084d,2025-03-22,2025-03-24,scheduled,Scheduled maintenance: filters service,"[""engine"", ""bucket"", ""transmission""]",1054.75,James Holland,,,0.1,True,2025-03-21
e408b66d-f5e8-4644-b6fc-76bdd0c4a738,0e23fea6-ff21-41cd-8b6a-4f609072d564,2024-12-31,2025-01-05,predictive,Predictive maintenance: belts service,"[""tracks/tires"", ""hydraulic_system""]",236.81,James Rivas,belts,0.849,0.9,True,2024-12-29
982ce7b1-6c95-4b33-855a-ea4468837ae6,d7a5d25c-f62d-4c8b-93eb-b9c95a477694,2025-05-10,2025-05-13,scheduled,Scheduled maintenance: electrical service,[],793.44,Robert Cruz,,,3.9,True,2025-05-01
e1e95ea6-67e1-4384-b1bb-d95c75f10354,13b5d722-8edd-41ee-9172-5643d815492f,2025-03-31,2025-04-01,scheduled,Scheduled maintenance: belts service,"[""tracks/tires""]",763.07,Christopher Martin,,,13.0,True,2025-03-25
194f1e38-6bbc-4eff-affa-ea967a2ec527,391860e9-8798-4e35-9e30-5f14351574d1,2026-01-18,2026-01-18,inspection,Inspection maintenance: bucket service,"[""tracks/tires"", ""bucket""]",200.44,Gail Castillo,,,29.7,True,2026-01-09
ba27bec2-8b6e-44a3-8b6a-a37960f2e68b,230650f2-7517-458c-9b85-c1f3b5badf91,2024-08-01,2024-08-02,scheduled,Scheduled maintenance: bucket service,"[""electrical""]",155.35,Donald Dunn,,,0.9,True,2024-07-22
59bcbd97-43f4-449f-84ca-479fb17256aa,c896ecf9-b9f5-46c4-9996-3f1f554699d7,2026-03-15,2026-03-18,emergency,Emergency maintenance: boom service,"[""belts"", ""boom"", ""hydraulic_system""]",61.9,William White,,,3.5,True,2026-03-09
d9d13e17-b939-4795-81e2-4d0f01423f63,230650f2-7517-458c-9b85-c1f3b5badf91,2026-05-27,2026-05-29,scheduled,Scheduled maintenance: engine service,[],8.82,Thomas Johnson,,,5.6,True,2026-05-25
10cf7278-45ef-4814-9e59-b718152df967,0e2e2d65-7058-4484-8176-fc5c68adb06f,2025-10-06,2025-10-08,emergency,Emergency maintenance: belts service,"[""transmission"", ""belts"", ""bucket""]",974.3,John Jordan,,,1.0,True,2025-09-28
a691b6ca-3b52-43ea-98aa-29202a068594,ce450d7c-8744-4bea-b762-ae5dea8c17fa,2025-12-03,2025-12-07,emergency,Emergency maintenance: electrical service,"[""filters"", ""boom"", ""bucket""]",1131.49,Melissa Vargas,,,1.0,True,2025-11-23
77c38556-cea2-4448-aa83-6e5e63c620d2,77346cdd-07e5-4da3-be4a-265af902aa5f,2026-06-29,2026-06-30,predictive,Predictive maintenance: transmission service,"[""hydraulic_system""]",208.25,Michael Sullivan,transmission,0.715,4.6,True,2026-06-16
16f06543-c72e-4ca8-8d16-31c7c6a3925d,c29204b5-14dc-46a7-8bc4-c01de4e97b63,2026-05-04,2026-05-05,predictive,Predictive maintenance: bucket service,"[""boom"", ""bucket"", ""belts""]",19.83,Katherine Hughes,filters,0.897,0.4,True,2026-04-30
7805dd33-37bf-439c-a057-ff2523d2a0f3,3be583ce-8dbc-4aa2-938b-b5e0b630c9d7,2025-02-24,2025-02-27,scheduled,Scheduled maintenance: hydraulic_system service,"[""engine"", ""hydraulic_system""]",255.19,Alexis Crawford,,,12.3,True,2025-02-21
85514e86-dd4a-4d14-a2ab-fb84d7975bc3,3f77bff8-e040-4597-b2da-60afc49d959a,2024-08-24,2024-08-26,inspection,Inspection maintenance: hydraulic_system service,[],277.01,Vicki Hill MD,,,8.3,True,2024-08-12
e7e3ca0e-f008-43c0-b16f-24d4b6ebc480,0ff4f72d-1e18-4022-849e-5d7cfc79132d,2024-12-25,2024-12-30,scheduled,Scheduled maintenance: boom service,"[""bucket"", ""electrical""]",310.7,Brandon Hines,,,17.2,True,2024-12-23
4f037201-40bc-4d28-9f45-d3b6b2401319,a974cd4a-dc4d-4da0-a45d-4bafe4e9a602,2026-06-28,2026-07-02,inspection,Inspection maintenance: hydraulic_system service,"[""transmission""]",525.2,Emily Freeman,,,0.1,True,2026-06-24
700ca3c0-c828-413f-8b7a-c14ff69347d5,6e44437b-ad21-4b20-a55d-80f42517c315,2026-01-13,2026-01-13,scheduled,Scheduled maintenance: filters service,"[""tracks/tires""]",719.84,Dale Lowe,,,12.3,True,2026-01-12
565bd77a-63f2-43e4-ab35-aa5639b33c4f,c5490413-d9aa-4570-96f4-375863a45061,2025-03-08,2025-03-11,predictive,Predictive maintenance: bucket service,"[""filters"", ""belts""]",732.11,Michelle Waters,electrical,0.799,4.5,True,2025-02-25
97f15e92-1ab7-41c7-a754-0c306c0f9da6,c69a04bd-a2d0-41a8-8fd8-fda8e023cd14,2025-01-23,2025-01-23,scheduled,Scheduled maintenance: transmission service,"[""hydraulic_system"", ""belts""]",2035.68,Sean Johnson,,,20.6,True,2025-01-12
6df51b9d-92cf-4ee7-860d-1e6709941ed0,34a02f6c-83c5-4f49-9d62-0761c17e248e,2026-01-17,2026-01-21,scheduled,Scheduled maintenance: filters service,"[""belts"", ""hydraulic_system"", ""tracks/tires""]",1482.66,Christopher Reeves,,,7.6,True,2026-01-10
ad0e5b54-9d47-4d43-b655-97d45ef53758,ba5033b1-3a46-463d-b0a5-c4d5b24a7271,2024-11-09,2024-11-10,scheduled,Scheduled maintenance: hydraulic_system service,"[""belts""]",293.73,Eric Cross,,,22.3,True,2024-10-29
3b83d0eb-9f2d-4b15-aaca-3e0c83026033,c896ecf9-b9f5-46c4-9996-3f1f554699d7,2024-12-31,2024-12-31,predictive,Predictive maintenance: bucket service,"[""filters"", ""hydraulic_system"", ""transmission""]",772.02,Logan Wood,engine,0.899,7.9,True,2024-12-19
47fa7e78-7d87-4fa4-abdd-74e17b36593f,ef9e32e5-45c6-4ec4-8093-3ffe87580117,2026-07-21,2026-07-26,scheduled,Scheduled maintenance: hydraulic_system service,[],151.33,Brooke Marshall,,,3.4,True,2026-07-20
71fc7d04-1f26-41ee-b486-dbf2a79d4780,c896ecf9-b9f5-46c4-9996-3f1f554699d7,2025-03-25,2025-03-26,inspection,Inspection maintenance: belts service,"[""tracks/tires""]",1700.06,Angela Brady,,,3.6,True,2025-03-14
dc49565d-ffc3-4a1e-92ef-c7706f168fc2,34f67dd0-61c6-4994-8301-feea4be369f0,2026-06-05,2026-06-10,scheduled,Scheduled maintenance: belts service,"[""filters"", ""hydraulic_system"", ""bucket""]",314.44,Joel Bauer,,,7.3,True,2026-05-31
a3f6bc5d-c35f-4951-9eb1-caf6cb18a86f,c812760e-d5e9-4fb4-a694-5cba6278a560,2026-07-17,2026-07-19,scheduled,Scheduled maintenance: tracks/tires service,"[""engine"", ""bucket"", ""electrical""]",490.55,Vickie Green,,,13.7,True,2026-07-10
c229a276-cf31-477b-a768-b9f1ae8c6b19,6362aa13-f90b-43d0-8f04-4e1394a1b586,2026-01-26,2026-01-30,scheduled,Scheduled maintenance: bucket service,[],106.12,Gabriel Williams,,,20.2,True,2026-01-24
5827dada-ec03-4501-a7d4-ffacd0401db3,6bb78ee8-3ddc-48f2-84a1-18a349930a02,2025-08-08,2025-08-08,inspection,Inspection maintenance: filters service,"[""filters""]",286.01,Francisco Mora,,,26.7,True,2025-07-27
1c9c3b56-a4e1-42c6-8bc6-10422f5c3d45,9266e553-423b-4eb2-b73d-bb4fc3a7cb5f,2025-10-27,2025-10-31,predictive,Predictive maintenance: hydraulic_system service,"[""tracks/tires""]",194.34,Ian Castillo,boom,0.761,3.3,True,2025-10-15
e952fbd7-bce5-45c9-9e00-36785ab0bf7b,aafa3610-ebf7-48be-8799-dec94f9be309,2026-07-28,2026-08-01,predictive,Predictive maintenance: belts service,"[""belts""]",21.74,Nicole Trujillo,bucket,0.83,0.3,True,2026-07-25
0e065586-fc14-4ec5-ae22-dfe27cab6511,0abb0243-dd38-43f9-add4-d20593b6fd27,2024-09-30,2024-10-02,predictive,Predictive maintenance: bucket service,"[""transmission""]",1419.07,Eric Robertson,electrical,0.97,33.8,True,2024-09-20
8cafbb2c-5e8e-49bc-9781-7a599a2607cc,ba46cbe8-e8ea-42e3-9f36-d94f02e45d49,2024-10-11,2024-10-15,predictive,Predictive maintenance: hydraulic_system service,"[""hydraulic_system""]",1682.9,Brian Klein,hydraulic_system,0.935,13.8,True,2024-10-06
468df1d7-b1eb-4be7-b552-048508ccef0b,8fc5df89-1cd0-49c7-b4f1-4ba54367a7d8,2025-04-05,2025-04-06,predictive,Predictive maintenance: tracks/tires service,"[""belts""]",908.64,Mariah Hurst,hydraulic_system,0.952,8.2,True,2025-03-23
cc16354e-920c-4b45-a7e9-fe361d7e0278,625e3638-bb4d-4ec4-9a4a-6dc7b898370e,2025-01-26,2025-01-31,inspection,Inspection maintenance: tracks/tires service,"[""hydraulic_system"", ""transmission""]",727.53,Stephanie Maxwell,,,4.2,True,2025-01-15
683fb523-bb55-4f28-9929-084a8a5aa681,1486d85f-1ac1-481e-bff8-9ad51834093e,2026-07-16,2026-07-18,inspection,Inspection maintenance: filters service,"[""engine""]",707.69,Antonio Wang,,,4.9,True,2026-07-09
7fe5ea76-c8bb-450a-a350-48a591a9beea,1fbdaec0-ea2a-4672-aa52-3ffdb94ed007,2026-05-30,2026-05-31,scheduled,Scheduled maintenance: boom service,[],158.08,Alexandra Shaw,,,5.6,True,2026-05-18
6bda2b1d-540f-4bc7-a25e-432cb2e173af,e2ed13dd-0789-4b58-9a7f-7bd5033266be,2025-09-11,2025-09-16,predictive,Predictive maintenance: bucket service,"[""bucket""]",2496.51,Carolyn Hopkins,belts,0.764,3.0,True,2025-08-31
8347c05b-6109-4f50-9498-bf153cf8442d,901d623e-5dfd-48ad-bde2-23abf3e73b87,2025-08-15,2025-08-20,predictive,Predictive maintenance: tracks/tires service,"[""transmission"", ""bucket""]",573.57,Robert Wagner,filters,0.825,20.7,True,2025-08-06
5aaf8bbd-0052-41c4-9f30-4e9e307f8eb1,c4b2c196-1129-4ab1-afe7-10c94f191a12,2025-03-09,2025-03-11,inspection,Inspection maintenance: boom service,"[""belts""]",449.26,Chad Wood,,,11.5,True,2025-03-05
0c8d54ae-2e2e-473b-9524-29aee84d9f8d,46ac66cf-13c3-4a7b-921c-310cea822d2b,2024-10-29,2024-10-31,scheduled,Scheduled maintenance: electrical service,"[""engine""]",1092.32,Glen Baker,,,19.5,True,2024-10-15
e1bcebaf-b985-4342-b6cb-0a1e9ab52c5d,7b26b146-0b8b-4b6f-a925-7226c0054069,2026-02-26,2026-03-01,inspection,Inspection maintenance: belts service,[],19.22,Amanda Avila,,,1.0,True,2026-02-25
3d3c2fac-ab5c-4aa2-b55e-48875800f512,33ffa60c-2ebd-487f-8318-07cb7362b922,2024-12-09,2024-12-13,scheduled,Scheduled maintenance: engine service,"[""electrical"", ""tracks/tires""]",691.6,Tina Santiago,,,2.1,True,2024-12-01
535c3c3d-8298-4b48-a4af-035293cd18c1,90fa2865-4ccb-475d-9d8e-a88abca7b3f3,2025-09-08,2025-09-12,predictive,Predictive maintenance: transmission service,"[""belts"", ""tracks/tires"", ""transmission""]",460.49,Renee Henderson MD,filters,0.912,7.0,True,2025-08-30
b560c18e-6137-4b31-816e-b6dce397351e,c29204b5-14dc-46a7-8bc4-c01de4e97b63,2026-02-05,2026-02-06,emergency,Emergency maintenance: belts service,[],1.75,Jason Oneill,,,4.0,True,2026-02-03
576d5546-bae7-4521-9566-63f035a1bfd8,3388e9b7-3e8d-462f-acca-1799519b56ff,2026-03-16,2026-03-20,emergency,Emergency maintenance: hydraulic_system service,"[""filters""]",760.31,Amber Burton,,,7.7,True,2026-03-13
f7fce4b3-c95f-424e-8d76-8d7830978546,8a3d250c-6de4-4dac-a648-94e7f1907baa,2026-03-03,2026-03-07,predictive,Predictive maintenance: engine service,[],12.2,Tammie Coleman,filters,0.83,0.8,True,2026-02-28
85e9a8b5-9abb-4dae-ae62-2a882e9341d7,ec4390c1-d585-4a47-a160-207344ae5b17,2026-05-27,2026-05-30,scheduled,Scheduled maintenance: engine service,"[""hydraulic_system""]",1013.21,Jeremy Bradford,,,3.0,True,2026-05-23
e0fab62d-d2aa-4949-9a33-158ad3368988,e87d5f74-e299-45fd-8c2e-8b861ec69ef0,2025-11-15,2025-11-15,predictive,Predictive maintenance: bucket service,"[""electrical"", ""tracks/tires"", ""hydraulic_system""]",120.84,David Fuller,boom,0.906,8.3,True,2025-11-03
7a148f62-fac0-49b4-b90f-4f328f978bea,d0c23b9c-6b14-4725-a4d2-11a696255f20,2024-09-05,2024-09-05,predictive,Predictive maintenance: belts service,[],312.71,Debra Duncan,tracks/tires,0.866,10.3,True,2024-08-23
fd1be313-0150-4498-9256-95955d6be55f,d8625e97-dedf-4e3d-99e7-c89de008c037,2025-12-04,2025-12-07,inspection,Inspection maintenance: tracks/tires service,[],445.81,Charles Williams,,,20.9,True,2025-11-21
08e20c57-5d32-41af-81a1-d26a94dc04ef,e3fa5400-f5c1-40d4-ba8a-31fb7e64bb79,2026-01-21,2026-01-26,predictive,Predictive maintenance: boom service,"[""engine""]",408.88,Dr. Lauren Hanson,belts,0.756,11.7,True,2026-01-10
209e59ae-f074-4318-bd84-8be2f67ba7a0,3e3019fa-a267-4d7f-bb15-663440ce03d0,2025-12-22,2025-12-22,scheduled,Scheduled maintenance: transmission service,"[""transmission""]",255.17,Joshua Burke,,,16.8,True,2025-12-15
0a3b0be0-42e1-40eb-9b57-c87fbfd5a17d,c593ee73-0689-4d04-a699-86c34890d29b,2024-10-09,2024-10-09,inspection,Inspection maintenance: belts service,"[""belts"", ""tracks/tires""]",419.03,Austin Medina,,,1.9,True,2024-10-08
2b27a1f7-90f9-4eae-b4ca-2d957b335a50,e7e1d64b-a91e-48af-b05d-dcc0c8c14b37,2026-04-10,2026-04-10,inspection,Inspection maintenance: bucket service,"[""tracks/tires"", ""transmission"", ""hydraulic_system""]",923.8,Kelsey Rios,,,19.0,True,2026-04-05
d0b81824-7be4-4616-ab3a-77fd4e78463f,d6404735-7330-4ec0-ab86-55b0da250958,2024-08-10,2024-08-15,predictive,Predictive maintenance: transmission service,"[""electrical""]",731.58,Valerie Kelley,boom,0.943,7.8,True,2024-08-01
6a411861-9ffb-438f-b091-76d4738e96fb,8fc5df89-1cd0-49c7-b4f1-4ba54367a7d8,2024-10-26,2024-10-31,inspection,Inspection maintenance: bucket service,"[""tracks/tires"", ""electrical""]",322.5,Jason Phillips,,,1.2,True,2024-10-24
d57ff6eb-9f4a-4121-a2a7-81d93db498ee,91eb547c-4954-4ad6-a700-7fbda71130ab,2024-12-09,2024-12-09,scheduled,Scheduled maintenance: boom service,"[""bucket"", ""filters"", ""electrical""]",414.36,Shane Gonzalez,,,0.5,True,2024-12-02
8ff60739-b00a-40b5-bbef-a963bafa96f8,69404dc5-9f98-4cce-ab3e-2fa6dc6be082,2024-09-26,2024-09-27,emergency,Emergency maintenance: bucket service,"[""filters"", ""transmission"", ""electrical""]",242.76,George Schmitt,,,6.9,True,2024-09-14
4f7f895a-39b6-40bd-8d7c-0bb2c10ef9f9,64da132c-25da-4c0a-9389-d185cb4c0ecc,2026-06-16,2026-06-20,predictive,Predictive maintenance: electrical service,"[""filters""]",152.46,Shawn Foster,transmission,0.862,7.1,True,2026-06-03
95509204-8abc-40e5-9b9d-f3ef90a426d4,fe1f38ac-424c-445e-850e-eb9c6e78e4aa,2025-07-18,2025-07-23,emergency,Emergency maintenance: bucket service,"[""boom"", ""bucket""]",101.78,Heather Knox,,,1.6,True,2025-07-05
8c110d4f-b6da-49ff-a446-e0d428dd0593,25625f85-61ca-454c-8800-9442a81efa83,2026-02-24,2026-02-27,emergency,Emergency maintenance: hydraulic_system service,"[""transmission""]",432.77,Haley Martinez,,,2.4,True,2026-02-14
e7369e2e-bc54-41b6-b8df-3d057e4f5178,815d7246-1521-445a-a263-10529652cda7,2025-07-10,2025-07-14,predictive,Predictive maintenance: engine service,"[""filters""]",1850.25,Allison Mathews,filters,0.968,12.8,True,2025-07-01
427ce8e6-1a32-4f34-a18c-ab7c433ed0e4,156019e2-56eb-40f1-b489-21a0444b207d,2025-07-01,2025-07-06,emergency,Emergency maintenance: boom service,[],108.75,Juan Smith,,,2.7,True,2025-06-21
9bdc829a-ea34-437f-8a3d-1d7ab66078fc,5ef500a6-43c4-4756-8ef0-c813a2cf66cb,2026-01-03,2026-01-03,scheduled,Scheduled maintenance: bucket service,"[""bucket""]",913.73,Karina Mata,,,6.0,True,2026-01-02
7ac93511-5d6b-43c8-a3c8-ed8954c6e404,5903669c-e4cc-4d39-bc9f-53120b80b901,2025-07-07,2025-07-12,scheduled,Scheduled maintenance: tracks/tires service,"[""transmission"", ""engine""]",12.55,Kevin Martin,,,7.6,True,2025-07-06
06aa0c26-27e6-425b-b2f0-512f4ae4040d,dbf6eb8a-fc4b-48b4-8e1c-07bc73cf204d,2025-02-08,2025-02-13,emergency,Emergency maintenance: boom service,"[""electrical"", ""transmission"", ""boom""]",221.21,Matthew Byrd,,,8.5,True,2025-02-02
d3bdcdff-f9cb-4bd4-bcb6-4f5065794675,d4fcf864-c14f-4a53-b077-e119097b7211,2024-11-02,2024-11-07,scheduled,Scheduled maintenance: electrical service,"[""transmission""]",524.46,Alyssa Smith,,,0.1,True,2024-10-24
6f552a41-4b52-42be-9f8b-3c38e641233a,6dd74016-a902-444b-b617-7bd4f6b83294,2025-03-09,2025-03-11,predictive,Predictive maintenance: belts service,"[""electrical"", ""tracks/tires""]",49.29,David Mason,tracks/tires,0.784,16.8,True,2025-02-23
51422d8e-f6b2-4033-9b5d-82757ebb6fd0,d4fcf864-c14f-4a53-b077-e119097b7211,2025-11-29,2025-11-30,predictive,Predictive maintenance: boom service,"[""bucket""]",609.81,Danielle Ellis,bucket,0.947,13.1,True,2025-11-24
49e2206d-c043-4fce-b5a7-dbff01020fa4,fb8e252b-b60a-4ca7-93ef-511390a4a69b,2026-01-30,2026-02-02,predictive,Predictive maintenance: tracks/tires service,[],144.32,Patty Young,hydraulic_system,0.951,1.0,True,2026-01-21
4478f323-9401-4e5c-a209-9a04fc2f2435,c6a31ae8-8714-4f06-b1e0-3053795ec697,2025-12-29,2025-12-31,scheduled,Scheduled maintenance: bucket service,"[""hydraulic_system"", ""boom"", ""filters""]",201.77,Darryl Harris,,,4.0,True,2025-12-25
fdf5b991-ec15-4740-b25b-12c884e3ba69,ddbd5be4-77a3-49da-9f77-645bc86d3c01,2025-04-11,2025-04-16,scheduled,Scheduled maintenance: hydraulic_system service,"[""electrical"", ""filters""]",12.11,Richard Ramirez,,,0.2,True,2025-04-08
bc0e8191-e806-4691-a664-a9be5f9ec618,b41ba241-49fa-43d9-90d5-f6cf8fedeed1,2024-12-02,2024-12-04,inspection,Inspection maintenance: bucket service,"[""bucket"", ""tracks/tires"", ""engine""]",202.51,Michael White,,,9.4,True,2024-11-28
b5fafb7d-973a-4345-b04a-9611e6d47753,edd08cfa-27bd-43ea-a9de-619405ee2af8,2026-02-04,2026-02-07,emergency,Emergency maintenance: hydraulic_system service,"[""hydraulic_system"", ""filters""]",252.04,John Wright,,,12.1,True,2026-01-25
dc6746d6-37ca-4345-b844-14ffd17ff5da,c6a31ae8-8714-4f06-b1e0-3053795ec697,2025-12-04,2025-12-06,emergency,Emergency maintenance: belts service,"[""transmission"", ""electrical"", ""hydraulic_system""]",452.06,Angela Robbins,,,0.4,True,2025-11-23
e58c53a1-d381-4ae9-b2ae-76cb8c7b3877,54411a6d-67c8-4476-8f14-9964722d407e,2026-03-25,2026-03-30,predictive,Predictive maintenance: filters service,[],40.63,Daniel Smith,tracks/tires,0.947,7.9,True,2026-03-24
1d7ecf3e-dc95-4a44-8a8b-069cd2af54fc,59b35768-9f6d-4676-8135-cf5cc838a9a8,2025-10-20,,predictive,Predictive maintenance: transmission service,"[""hydraulic_system""]",487.78,Thomas Hunt MD,filters,0.936,6.2,False,2025-10-12
1c36ea65-918e-4d68-aadb-230e69f02a7d,63bb2d34-862a-4956-99fa-e25a4fdc39ff,2025-01-21,2025-01-25,predictive,Predictive maintenance: boom service,"[""tracks/tires"", ""belts"", ""boom""]",779.44,Paul Shields,filters,0.74,9.4,True,2025-01-10
fb46b64a-3990-4203-8089-5aeee285606f,9b63fbf7-b54f-4b89-baf2-9ef56f3a28c8,2025-11-27,2025-11-30,predictive,Predictive maintenance: engine service,"[""electrical"", ""boom"", ""belts""]",104.58,Melissa Boone,bucket,0.979,5.4,True,2025-11-26
a6db7f92-92d2-44ab-b9cc-66ae83fafabc,0e2e2d65-7058-4484-8176-fc5c68adb06f,2024-10-16,2024-10-16,predictive,Predictive maintenance: tracks/tires service,[],98.14,Heather Price,boom,0.824,1.9,True,2024-10-12
79e989f2-957c-4630-a5ed-289fa2ff8712,ef023ed0-6345-4dfd-91cf-264ae49d47f0,2025-05-25,2025-05-29,predictive,Predictive maintenance: engine service,"[""engine"", ""filters""]",466.67,Thomas Clark,hydraulic_system,0.858,13.9,True,2025-05-19
322f6db4-2b9b-43e1-8420-a258aef25636,1cc3d635-aefe-4faf-93c9-ab1eec036b0a,2024-10-25,2024-10-25,scheduled,Scheduled maintenance: belts service,"[""hydraulic_system"", ""tracks/tires"", ""filters""]",982.55,Julia Durham,,,7.2,True,2024-10-17
8548ffd7-903c-4de5-9543-628e21249299,e87d5f74-e299-45fd-8c2e-8b861ec69ef0,2025-04-23,2025-04-27,predictive,Predictive maintenance: transmission service,"[""hydraulic_system"", ""electrical"", ""engine""]",85.79,Susan Richards,electrical,0.773,12.4,True,2025-04-15
7cb5bd3d-d700-4b63-8525-c312d3900c95,ce450d7c-8744-4bea-b762-ae5dea8c17fa,2024-10-08,2024-10-08,scheduled,Scheduled maintenance: engine service,"[""boom"", ""bucket"", ""belts""]",169.08,Logan Atkinson DDS,,,0.5,True,2024-10-05
e13c82d3-3af1-451a-ac2a-1ad5352bc8d4,8fc5df89-1cd0-49c7-b4f1-4ba54367a7d8,2025-10-30,2025-10-30,scheduled,Scheduled maintenance: transmission service,"[""belts"", ""filters""]",693.56,Rachel Bradley,,,1.5,True,2025-10-29
be618196-34cb-4dda-8fbf-3fd768a5ed4b,91eb547c-4954-4ad6-a700-7fbda71130ab,2025-03-20,2025-03-24,scheduled,Scheduled maintenance: transmission service,"[""electrical"", ""tracks/tires"", ""belts""]",283.69,Diana Taylor,,,9.6,True,2025-03-14
17884271-e3e9-474f-a14f-73a9e5d9e6a3,3555aff2-951f-47ad-89fc-8e5b47203346,2025-01-01,2025-01-03,emergency,Emergency maintenance: hydraulic_system service,"[""transmission""]",319.64,Andrew Aguilar,,,15.8,True,2024-12-30
84fa54e0-6ac1-4684-963f-bbbf760453c3,ee4f86b2-4255-4a91-a126-ead79dbbd91a,2025-06-23,2025-06-26,predictive,Predictive maintenance: electrical service,[],258.47,Miss Monica Roy,boom,0.799,0.9,True,2025-06-15
ff89efaf-10bd-41c3-81e7-15b0f2c3554f,ef9e32e5-45c6-4ec4-8093-3ffe87580117,2025-02-23,2025-02-23,predictive,Predictive maintenance: electrical service,"[""engine"", ""electrical"", ""belts""]",291.76,Richard Davenport,boom,0.692,24.6,True,2025-02-12
f36165ba-3b16-437a-90fc-491fd233d63f,3cd91b5a-e33b-4f47-b44f-9f339b017282,2025-04-02,2025-04-03,scheduled,Scheduled maintenance: electrical service,[],176.77,Christopher Lewis,,,6.3,True,2025-03-21
538e6525-ca21-4c53-a3d5-9682cc1831a0,f7350500-fe8a-474d-8cfb-b541aa2bca3c,2025-11-15,2025-11-15,scheduled,Scheduled maintenance: engine service,"[""tracks/tires"", ""engine""]",36.89,Shaun Nguyen,,,6.0,True,2025-11-11
1e305274-9710-4472-b6b7-a07db05b1ad3,ac7a5344-7ba4-4268-b8af-04be5e97b1cd,2025-03-30,2025-04-01,inspection,Inspection maintenance: belts service,[],625.83,Traci Martin,,,13.2,True,2025-03-29
d43f6753-729d-4114-87e7-a27f83c2baa0,05e05424-938e-4e3b-8ae0-2a6982435e87,2024-11-03,2024-11-08,scheduled,Scheduled maintenance: boom service,"[""hydraulic_system"", ""transmission"", ""engine""]",374.28,Brenda Fields,,,16.5,True,2024-10-24
bf18d80c-0dc0-465b-a2ac-cd8899159ac6,3cb8c715-e268-4bba-bf03-53486ae7c127,2025-06-04,2025-06-05,predictive,Predictive maintenance: hydraulic_system service,"[""tracks/tires"", ""engine"", ""electrical""]",64.96,Brian Simmons,boom,0.763,0.8,True,2025-05-27
199122b6-6d1b-4a77-805f-cb2260781420,13e5f0b8-a79e-4d1f-b512-352272732b0d,2026-03-25,2026-03-28,inspection,Inspection maintenance: filters service,"[""transmission""]",199.51,Kim Franco,,,0.2,True,2026-03-22
b26ef7d1-c6e4-4e24-bd15-103d695c814c,2a3e913c-f1f7-4092-942d-a5b2787c31f6,2025-05-10,2025-05-10,inspection,Inspection maintenance: boom service,"[""belts"", ""tracks/tires""]",69.4,Mary Dalton,,,25.7,True,2025-05-08
c9ab9435-82bc-4399-ad1e-050fd8b41424,33ffa60c-2ebd-487f-8318-07cb7362b922,2025-06-11,2025-06-16,inspection,Inspection maintenance: engine service,"[""electrical""]",388.23,Laura Ward,,,7.4,True,2025-06-07
d07c343c-7887-4673-8a3b-f27e01cd81f7,46ac66cf-13c3-4a7b-921c-310cea822d2b,2025-12-30,2026-01-03,scheduled,Scheduled maintenance: transmission service,"[""belts"", ""hydraulic_system"", ""tracks/tires""]",457.28,Robert Barker,,,21.0,True,2025-12-28
389e7008-82fe-4bc6-a8df-7ec9db1fbc78,aafa3610-ebf7-48be-8799-dec94f9be309,2026-02-20,2026-02-24,scheduled,Scheduled maintenance: transmission service,"[""engine"", ""hydraulic_system""]",532.36,Erica Hall,,,8.5,True,2026-02-12
7212d5d2-e52d-4939-95ab-6baa0e657e98,028c27db-b2f0-4ab0-bd73-8f72de255e77,2025-01-13,2025-01-17,scheduled,Scheduled maintenance: boom service,[],193.55,Christopher Reyes,,,8.1,True,2025-01-05
e2b2c9fe-db62-4e22-be06-4bcddf9b359b,de6f35a4-8918-4ceb-8c5d-a5f7f38dacd2,2025-07-16,2025-07-19,scheduled,Scheduled maintenance: transmission service,"[""filters"", ""electrical""]",406.01,Angela Nelson,,,3.5,True,2025-07-02
99bcbd7e-8b7a-4b91-9504-ad8f6dae388e,17916214-0191-4dca-a455-c111cbb71a77,2025-02-24,2025-02-26,scheduled,Scheduled maintenance: boom service,[],888.41,Kristen Salinas,,,6.6,True,2025-02-20
ed333d96-f544-40f4-b618-98364fde2dae,743d0956-b79b-4f08-b1a0-c2b47067f881,2025-05-29,2025-05-31,inspection,Inspection maintenance: engine service,"[""belts""]",1968.51,Sharon Beasley,,,5.0,True,2025-05-28
0206412c-dc95-4ce4-a4b1-6c659aa1c27e,8a3d250c-6de4-4dac-a648-94e7f1907baa,2026-04-04,2026-04-07,predictive,Predictive maintenance: electrical service,"[""transmission"", ""bucket"", ""engine""]",45.33,Veronica Martinez,filters,0.79,8.1,True,2026-04-02
d31d004c-6f05-466c-9247-be5f0e29ca6f,b6e5bbec-0b71-40db-9828-7d2eaa33b758,2026-07-24,2026-07-29,predictive,Predictive maintenance: boom service,[],1148.4,Troy Francis,bucket,0.753,2.3,True,2026-07-13
bfc49f65-b70b-4e37-85db-03ec8ca78b71,7e9b8e5b-6b9a-4618-9cac-4ea81c4ac4ac,2026-07-20,,scheduled,Scheduled maintenance: tracks/tires service,[],321.65,Charles Smith,,,17.0,False,2026-07-09
8cbc6448-781f-49a7-916c-9ac92bbfd374,b6fddce9-34b6-4d7e-9a08-ec7ea6fe4fe1,2024-09-05,2024-09-08,inspection,Inspection maintenance: filters service,"[""transmission"", ""filters"", ""boom""]",491.81,Christopher Price,,,3.4,True,2024-08-31
5086b23d-8316-4be1-afcb-667e1d8be018,04713cc6-70a5-4613-b316-15a2911c362d,2025-01-19,2025-01-19,scheduled,Scheduled maintenance: electrical service,[],1405.45,Ms. Jessica Reyes DDS,,,0.8,True,2025-01-09
206f2339-7b45-4a35-9669-9431521ea296,5307e25d-dfae-4ab5-9217-55c3b0f79237,2025-07-17,2025-07-19,scheduled,Scheduled maintenance: tracks/tires service,[],25.96,Dr. Brittany Chavez DDS,,,10.0,True,2025-07-03
32c38594-4756-4b62-9954-ef72974383e8,3e7ebecc-5d5c-4427-b151-3ea728111ecf,2025-02-07,2025-02-10,inspection,Inspection maintenance: electrical service,[],307.58,Jeffrey Henry,,,4.7,True,2025-01-30
c9daf7ea-3861-499b-9374-7cc210997127,c2cb93cd-ef91-41d5-804b-e127e14d401f,2025-02-02,2025-02-03,predictive,Predictive maintenance: filters service,[],1300.34,John Nash,tracks/tires,0.9,3.5,True,2025-01-28
cfd33a33-a24e-41f4-8bd5-87ba8c961122,9e63695f-0c10-4a4b-a2e3-87826df60aaa,2024-10-28,2024-10-28,predictive,Predictive maintenance: engine service,[],274.98,Mr. Todd Davenport,tracks/tires,0.911,11.9,True,2024-10-18
a40010ae-f08b-4d02-9033-5dbab73b99c9,ec4390c1-d585-4a47-a160-207344ae5b17,2026-05-13,,scheduled,Scheduled maintenance: belts service,[],331.58,Alexander Owens,,,3.5,False,2026-05-01
b5b3c1a4-9896-43db-ba52-d5f954dbce30,3a9cde6d-e056-4ade-9d29-f486f14a5d19,2025-06-02,2025-06-05,emergency,Emergency maintenance: engine service,"[""boom"", ""filters"", ""belts""]",22.18,Lisa Quinn,,,8.5,True,2025-06-01
283f0cb8-dc83-4253-ad41-79a8e83a57e4,5dd9dd93-c22a-4b2b-ba08-97fd9747c57c,2025-11-09,2025-11-09,predictive,Predictive maintenance: electrical service,"[""hydraulic_system"", ""engine"", ""transmission""]",31.06,Dr. Sandra Wade DDS,engine,0.761,5.0,True,2025-11-06
948c631d-6376-4fc9-9723-cc044fa8cec5,9006069d-b2ff-4450-8154-477980debaa0,2025-01-01,2025-01-03,predictive,Predictive maintenance: engine service,[],29.16,Kendra Stephenson,boom,0.664,2.4,True,2024-12-30
ea88191e-5e91-4a71-a366-5b129de9e260,c5490413-d9aa-4570-96f4-375863a45061,2024-12-29,2025-01-02,scheduled,Scheduled maintenance: tracks/tires service,"[""filters"", ""bucket"", ""belts""]",17.2,Chloe Davis,,,0.6,True,2024-12-23
68535f64-1e65-4e24-94f4-72717899265b,be89a59d-5eb8-497f-a10f-fafd276fc398,2025-01-03,2025-01-08,scheduled,Scheduled maintenance: belts service,"[""transmission"", ""boom""]",58.92,Amy Gutierrez,,,13.2,True,2024-12-31
c2c4dd92-93f7-42cb-8466-42d8a887c809,182f17bb-8846-415b-8c18-b7274902bd80,2025-03-09,2025-03-12,emergency,Emergency maintenance: transmission service,[],574.45,Caroline May,,,3.8,True,2025-02-24
956f78b7-fb16-4ddf-b798-1cb443b8542d,7824d243-5ef9-4347-95e1-58acd2db6775,2026-06-15,2026-06-17,scheduled,Scheduled maintenance: tracks/tires service,"[""bucket""]",800.54,Kevin Brown,,,0.7,True,2026-06-12
d5946457-314f-41a1-99c4-fbe5029d0e45,c4ebb8c0-1833-4d0d-865d-b50758a8997f,2025-11-11,2025-11-12,inspection,Inspection maintenance: tracks/tires service,"[""engine"", ""tracks/tires""]",793.5,James Evans,,,2.0,True,2025-11-09
3dd9fffc-efa6-4538-8182-1109c79cab93,54411a6d-67c8-4476-8f14-9964722d407e,2026-04-26,2026-04-30,inspection,Inspection maintenance: electrical service,"[""transmission"", ""electrical""]",471.67,Joseph Brown,,,6.6,True,2026-04-12
2c4aee91-36c8-428f-bee0-65bcd646db38,2f5e6827-9329-4d92-8e02-fc8d70da08a3,2025-02-14,2025-02-19,scheduled,Scheduled maintenance: hydraulic_system service,"[""bucket"", ""filters"", ""hydraulic_system""]",2259.65,Nicole Holland,,,0.5,True,2025-02-03
c532e73d-8d21-4f0e-8b42-024deea60e2f,95e51da3-317f-40fd-b01a-02329bd71fbd,2025-09-11,2025-09-11,inspection,Inspection maintenance: electrical service,"[""belts"", ""hydraulic_system""]",185.02,Rebecca Moore,,,3.2,True,2025-09-05
1065d2bd-e3e3-42bf-af79-219ced295eb9,a77dbbfa-51a1-4ce9-82b3-4e4fe12e64a2,2025-09-12,2025-09-14,scheduled,Scheduled maintenance: tracks/tires service,"[""belts"", ""filters""]",21.21,Robert Warren MD,,,3.5,True,2025-09-04
7fc25b8a-9b7d-43d4-9d6c-9d51760cdb00,e4269275-0324-471a-a492-bfe7425a20ab,2025-06-06,2025-06-08,scheduled,Scheduled maintenance: filters service,"[""transmission"", ""belts""]",176.75,Rachel Blake,,,5.7,True,2025-05-31
6abf25d4-ffeb-44e5-b6ae-e7af04aaa2d6,c4b2c196-1129-4ab1-afe7-10c94f191a12,2024-11-01,2024-11-03,emergency,Emergency maintenance: boom service,"[""transmission""]",87.77,James Johnson,,,1.0,True,2024-10-22
94ff3308-c7ef-40f4-a7f7-7f4456edd76f,0f65b696-8a2c-4c6b-a171-c139dfaae23b,2026-01-16,2026-01-21,scheduled,Scheduled maintenance: bucket service,"[""engine"", ""hydraulic_system"", ""filters""]",4.73,Pamela Walker,,,4.9,True,2026-01-10
30a76583-142b-4b26-a354-050be1a872a4,093bb052-cec5-4abc-a311-64027609ba80,2025-01-13,2025-01-13,predictive,Predictive maintenance: boom service,"[""tracks/tires"", ""boom""]",914.99,Laura Collins,filters,0.779,0.6,True,2025-01-08
2c0fdd28-6e9c-4925-a81a-c7a2110d1501,076c8545-0d85-4f86-a808-068d13b09c31,2025-01-31,2025-02-05,scheduled,Scheduled maintenance: belts service,"[""filters"", ""belts"", ""tracks/tires""]",704.24,Mrs. Kristina Sanchez,,,16.7,True,2025-01-23
76d232b1-a8d4-4271-9cf1-65ec61cdfb61,da2b72a3-d844-4260-918a-caeb4bc0bf91,2025-11-18,2025-11-22,predictive,Predictive maintenance: electrical service,"[""transmission"", ""engine""]",185.62,Martin Molina,filters,0.693,14.1,True,2025-11-04
7bb9addb-8c32-4a6f-ad79-a2e32df2bc79,2fa01f07-a112-44e8-ac5d-57263f3da177,2025-12-21,2025-12-26,predictive,Predictive maintenance: engine service,"[""electrical"", ""tracks/tires""]",1664.37,Jenna Chandler,electrical,0.716,29.4,True,2025-12-15
9d37c8b2-e282-48ca-a64e-0155ee7f20bd,a9e38bd8-e35b-4740-b5c2-b93b3a27b433,2025-05-08,2025-05-12,emergency,Emergency maintenance: engine service,"[""tracks/tires"", ""hydraulic_system"", ""belts""]",194.61,Michael Burgess,,,2.5,True,2025-05-01
49c20b24-e565-46ef-965f-854552963b85,1b7b60bf-0ac4-49da-966a-5a98b83418e1,2026-02-18,2026-02-19,inspection,Inspection maintenance: filters service,"[""electrical"", ""boom"", ""bucket""]",1188.52,Michael Lowery,,,0.1,True,2026-02-13
7a002b13-7679-4ecd-b222-7a0593ecdc3c,0abb0243-dd38-43f9-add4-d20593b6fd27,2024-11-08,2024-11-11,predictive,Predictive maintenance: engine service,[],506.47,Edward Smith,engine,0.761,9.0,True,2024-10-26
9b63d003-ac02-405a-b73f-98c1a4fe0fdb,e9c48846-1477-402e-a082-7422aff333ad,2026-03-11,2026-03-13,scheduled,Scheduled maintenance: hydraulic_system service,"[""belts""]",655.75,Scott Perez,,,20.0,True,2026-03-10
e78c43c3-5ab0-483a-85f8-842027fbda5d,3c11391b-dc6c-4e85-a855-032de7f4f352,2025-11-15,2025-11-20,scheduled,Scheduled maintenance: boom service,"[""belts"", ""electrical"", ""engine""]",304.44,Laura Lee,,,9.9,True,2025-11-08
d01728b9-7e44-4d04-b6f4-d204541a572e,f7e2d4bb-1c8c-42bd-8c1a-e0424303bb7f,2026-01-10,2026-01-15,predictive,Predictive maintenance: transmission service,"[""electrical""]",124.67,Michael Daniel,engine,0.73,31.7,True,2025-12-28
b132a6fd-cb5f-4df3-b412-6eb3c8730c67,53f3bf49-f075-4261-952d-682f64be6bb3,2025-06-13,2025-06-16,predictive,Predictive maintenance: boom service,"[""transmission""]",374.96,Justin Bishop,belts,0.931,4.7,True,2025-06-12
152039aa-5946-4ff8-b777-7942fdd4ee77,d4fcf864-c14f-4a53-b077-e119097b7211,2024-09-01,2024-09-06,predictive,Predictive maintenance: transmission service,[],353.41,Karla Fowler,tracks/tires,0.796,4.0,True,2024-08-19
b82356e9-3769-4e4e-9c84-ccc39df80559,31742f32-cee0-4b3f-81ad-3b795aebf7f5,2026-03-11,2026-03-14,scheduled,Scheduled maintenance: transmission service,"[""hydraulic_system""]",43.27,Jennifer Mcdonald MD,,,13.6,True,2026-03-06
2f52a424-2efe-4d5b-8b20-1e570ea21828,e3e0542c-edff-458e-babf-076f42ac3d26,2026-07-06,2026-07-11,predictive,Predictive maintenance: tracks/tires service,[],575.68,Melissa Hernandez,bucket,0.831,3.2,True,2026-06-26
ed81bb7b-310e-4762-bf87-1a582e83135e,b24c9c55-c9be-4a5c-98ef-c48cf5ad14fb,2025-01-18,2025-01-19,predictive,Predictive maintenance: boom service,"[""engine""]",35.6,Steve Freeman,engine,0.838,12.8,True,2025-01-07
8f4c1d94-963f-42de-851b-f4fb249d2837,950d7a86-1092-4549-af29-be32132f5e1c,2024-08-30,2024-09-02,inspection,Inspection maintenance: belts service,"[""transmission"", ""engine"", ""hydraulic_system""]",2.03,Regina Poole,,,1.2,True,2024-08-27
8118c723-020c-4f35-9eb2-51944bfe4cf1,3a9cde6d-e056-4ade-9d29-f486f14a5d19,2025-04-07,2025-04-08,inspection,Inspection maintenance: boom service,"[""boom"", ""hydraulic_system""]",593.16,Steven Pierce,,,3.5,True,2025-03-28
c9730e87-0c3a-402a-9579-13c7365f79cc,381d3788-1ff3-4eb9-9557-878c71dcd271,2025-02-20,2025-02-25,predictive,Predictive maintenance: bucket service,"[""transmission"", ""bucket"", ""hydraulic_system""]",281.73,Ariel White,transmission,0.669,9.0,True,2025-02-07
583cbaee-7d21-40cd-b282-aa2b516f2a90,815d7246-1521-445a-a263-10529652cda7,2025-05-06,2025-05-07,scheduled,Scheduled maintenance: boom service,[],758.09,Daniel Jackson,,,0.3,True,2025-04-28
6b4aba1b-428e-46c1-80c5-e01d37747884,c4b2c196-1129-4ab1-afe7-10c94f191a12,2024-09-22,2024-09-22,scheduled,Scheduled maintenance: belts service,[],250.2,Michael Branch,,,7.4,True,2024-09-09
6b3bd30a-f2de-4f29-9e8c-c1a8157fc71f,f65bd9f5-b41b-48b3-8d2c-b1e53f73cb7d,2025-10-07,2025-10-10,predictive,Predictive maintenance: filters service,"[""belts""]",296.02,Frank Stone,transmission,0.929,7.7,True,2025-09-23
aab3c63c-823e-4c87-8c45-eb47efd57bce,1482514b-3688-436f-8f93-e40476c3feda,2025-02-28,2025-02-28,predictive,Predictive maintenance: transmission service,"[""bucket"", ""transmission""]",297.8,Jamie Bender,bucket,0.72,0.7,True,2025-02-25
3b11880c-ee34-46c3-b0d7-4cbbeadad9fe,2fa01f07-a112-44e8-ac5d-57263f3da177,2026-05-12,2026-05-15,scheduled,Scheduled maintenance: transmission service,"[""boom"", ""belts"", ""tracks/tires""]",1958.65,Ashley Gallegos,,,2.0,True,2026-05-10
fa1ffd70-208c-4c7d-8372-a6275e32febd,04282037-65b0-44dd-8e2f-73c14e494cda,2024-11-29,2024-11-30,inspection,Inspection maintenance: tracks/tires service,"[""hydraulic_system"", ""bucket""]",675.82,Carl Jackson,,,4.2,True,2024-11-23
aa0d2215-5b82-4a1f-9120-f436e43f04a1,a9fa082c-7485-4391-8f10-e651e8511893,2025-07-11,2025-07-16,inspection,Inspection maintenance: tracks/tires service,"[""filters"", ""electrical""]",534.4,Tracy Beck,,,6.9,True,2025-07-08
630edf1d-6a87-4a57-9862-5f0881e56b3d,dcb4322b-5363-4b63-8ea1-80390dbad145,2024-09-30,2024-10-04,predictive,Predictive maintenance: hydraulic_system service,"[""tracks/tires"", ""electrical""]",606.45,Scott Alexander,engine,0.832,0.8,True,2024-09-28
6cc0e414-c226-4d09-a62b-4038a7e8bbf7,7a484d66-c096-48a2-b5ca-78f101e878b5,2025-05-31,2025-06-03,scheduled,Scheduled maintenance: bucket service,"[""bucket""]",417.38,Todd Mack,,,0.7,True,2025-05-17
e4ca2f4f-246d-4d5c-a14e-33819e65777a,c8e73a3f-4716-4826-baf3-297817e9e9c6,2026-05-13,2026-05-14,scheduled,Scheduled maintenance: engine service,"[""filters"", ""tracks/tires""]",929.67,Joe Smith,,,2.9,True,2026-05-02
0bd9b6d2-7c95-4e5a-99f3-64868cc02874,7a484d66-c096-48a2-b5ca-78f101e878b5,2026-04-23,2026-04-28,predictive,Predictive maintenance: transmission service,"[""electrical""]",359.06,Nathan Burke,electrical,0.749,3.9,True,2026-04-16
8f74dc41-e661-475e-bf93-e858c271b7e0,01194123-b1ee-4dc5-a5b2-846bba440301,2025-11-17,2025-11-17,emergency,Emergency maintenance: engine service,"[""filters""]",47.19,Joseph Murphy,,,12.4,True,2025-11-16
cb01b01a-a974-4dd3-9dec-5d2dd2addb2e,d47eca91-9b10-4616-a8ac-c4a615f58553,2025-06-02,2025-06-02,scheduled,Scheduled maintenance: hydraulic_system service,[],199.06,Ronald Patrick,,,9.4,True,2025-05-26
d175605d-0f09-45d3-9a36-477a64292ce5,51b3034a-db90-4dc5-b018-566495db2589,2025-12-18,2025-12-22,inspection,Inspection maintenance: boom service,[],1332.98,Robert Harvey,,,13.2,True,2025-12-11
5b9e4b5d-cec2-4ba4-8864-eb3bd41ea028,e87d5f74-e299-45fd-8c2e-8b861ec69ef0,2025-04-23,2025-04-28,predictive,Predictive maintenance: hydraulic_system service,"[""belts"", ""bucket"", ""transmission""]",343.63,Christopher Sanchez,filters,0.676,10.8,True,2025-04-20
24f05584-ba94-4cf3-92b0-7fb5196830d3,1a76a1bf-b46b-40e5-8087-533a8ecb5c44,2026-06-21,2026-06-24,scheduled,Scheduled maintenance: transmission service,"[""transmission""]",559.57,Miguel Berger,,,6.9,True,2026-06-17
ad4219b6-39fb-41b5-9a58-45eae2b3fba0,b24fa081-aa17-4833-8918-458773a878de,2026-01-24,2026-01-28,scheduled,Scheduled maintenance: filters service,"[""transmission"", ""electrical""]",528.46,Mark Conway,,,3.5,True,2026-01-11
ef08a877-a119-4270-ad8b-c41c6ec650f5,499b642e-2987-42c3-94fe-74da85a31dda,2025-07-22,2025-07-23,inspection,Inspection maintenance: belts service,"[""hydraulic_system""]",406.29,Christopher Simmons,,,1.4,True,2025-07-08
1dd0405d-fa4a-4041-b244-8f9eac6fb4e0,8c5fcf8b-a2a7-4892-8f28-20546135d304,2025-09-05,2025-09-08,predictive,Predictive maintenance: tracks/tires service,"[""boom""]",17.33,Bethany Morris,belts,0.893,1.4,True,2025-09-02
3af09581-a99f-4344-9e95-eb7f4cc8b971,499abaa9-c7a5-44f5-a672-40edf44782fe,2026-07-06,2026-07-10,scheduled,Scheduled maintenance: filters service,[],392.15,Donald Robinson,,,8.7,True,2026-06-22
ee8d0544-4426-4583-8d63-c9eef6746160,ffd0e402-12a8-4158-9c2a-4d41ba961885,2024-10-22,2024-10-25,inspection,Inspection maintenance: hydraulic_system service,"[""transmission"", ""hydraulic_system""]",979.23,Tiffany Rivera,,,2.8,True,2024-10-14
fa808b9c-87b3-4908-b122-c643f87f0a27,d0c23b9c-6b14-4725-a4d2-11a696255f20,2024-12-22,2024-12-27,predictive,Predictive maintenance: hydraulic_system service,"[""transmission"", ""engine""]",59.61,Matthew Walker,tracks/tires,0.769,3.6,True,2024-12-20
9ed6b60a-7ce1-4f21-ad46-1795868d89e2,eefb49ea-1cbf-44c5-b9ed-38d99ab28113,2025-11-21,2025-11-25,inspection,Inspection maintenance: tracks/tires service,"[""belts"", ""bucket"", ""hydraulic_system""]",837.57,Bernard Hull,,,5.5,True,2025-11-19
ce67731e-42ed-45b9-a1ff-1e203d999e56,c69a04bd-a2d0-41a8-8fd8-fda8e023cd14,2026-06-25,,predictive,Predictive maintenance: boom service,"[""engine""]",730.64,James Smith,bucket,0.821,4.5,False,2026-06-16
2adb26b9-8d42-4683-8389-4c721dd55e5e,d47eca91-9b10-4616-a8ac-c4a615f58553,2025-01-11,2025-01-12,scheduled,Scheduled maintenance: electrical service,"[""boom"", ""bucket"", ""belts""]",807.43,Charles Vasquez,,,20.1,True,2025-01-04
f552e811-a30c-4ade-85b1-28bf0280a757,1cc3d635-aefe-4faf-93c9-ab1eec036b0a,2025-06-29,2025-07-03,inspection,Inspection maintenance: engine service,[],656.57,Carrie Shields,,,2.9,True,2025-06-27
0e18f377-3692-44e4-b3b0-4821ba98e2a1,b24c9c55-c9be-4a5c-98ef-c48cf5ad14fb,2025-04-27,2025-04-30,scheduled,Scheduled maintenance: bucket service,"[""filters""]",421.24,Shelly King,,,7.2,True,2025-04-20
51645d81-3719-446c-b0d9-4ac94816bdca,cdf2f5ec-4498-46da-a6ad-4427ae17d93e,2026-07-23,2026-07-24,emergency,Emergency maintenance: tracks/tires service,"[""transmission""]",526.58,Perry Kerr,,,2.8,True,2026-07-14
8228e8bc-8cca-489e-956c-7273078c5980,8eba96a4-686f-4a58-9453-a156502b68e7,2024-12-15,2024-12-19,scheduled,Scheduled maintenance: engine service,"[""filters"", ""tracks/tires""]",450.48,Darren Hancock,,,4.7,True,2024-12-10
7d664d19-da38-4681-98bf-4837c9459dc4,4153e144-eafe-4a0d-8a73-fb0e00684dca,2025-03-16,2025-03-16,scheduled,Scheduled maintenance: boom service,"[""engine"", ""filters"", ""hydraulic_system""]",4.05,Alicia Greene,,,1.9,True,2025-03-10
823c01a5-601e-4335-a9cb-4f4894a89b54,28c59e12-d6c6-438e-8666-6d643c2f74d3,2025-03-09,2025-03-09,predictive,Predictive maintenance: tracks/tires service,"[""hydraulic_system"", ""engine""]",5.73,Cody Jacobs,tracks/tires,0.867,0.7,True,2025-02-23
80f48df4-bd78-4b01-b33e-bf5588c0d810,1f5e380b-ed3e-4b79-a7ba-207caca3f595,2026-01-14,2026-01-16,inspection,Inspection maintenance: transmission service,"[""belts"", ""tracks/tires"", ""filters""]",1611.86,Willie Benitez,,,6.2,True,2026-01-12
62db090f-a69d-4276-8190-273cd21623f3,3e7ebecc-5d5c-4427-b151-3ea728111ecf,2026-01-13,2026-01-15,predictive,Predictive maintenance: boom service,"[""boom"", ""electrical""]",329.91,Duane Miller,tracks/tires,0.784,17.2,True,2026-01-01
f3e2922a-0ad4-43d6-b216-bd52cb055401,4153e144-eafe-4a0d-8a73-fb0e00684dca,2025-07-29,2025-07-30,emergency,Emergency maintenance: transmission service,"[""filters"", ""boom"", ""bucket""]",191.84,Tammy Thomas,,,18.4,True,2025-07-24
aa23363a-5817-4e21-8828-9a8c9a7f8cbf,33e563e7-2f67-405f-ab2d-e2bd31e83272,2026-06-13,2026-06-17,scheduled,Scheduled maintenance: tracks/tires service,"[""boom"", ""filters""]",1006.98,Kelli Carter,,,0.4,True,2026-05-31
fea2e07a-74f1-456a-a917-b6e928a43c0b,7e5d4a8c-1dca-4355-bf3c-21051af0ada4,2025-10-26,2025-10-28,scheduled,Scheduled maintenance: boom service,[],709.69,Spencer Shaffer,,,16.6,True,2025-10-15
a816bf72-a3f6-4af7-8cf5-cf17caf29ef6,ea5a8568-841c-4fe4-9e7f-ce0814f895b1,2026-04-15,2026-04-16,predictive,Predictive maintenance: transmission service,"[""transmission"", ""tracks/tires""]",208.16,Robert Payne,tracks/tires,0.93,11.2,True,2026-04-03
ff914dbd-72b3-4edc-9a45-cc9ff6ccf2fc,5642a992-bebb-41f3-a1d4-3bb12ba707ce,2024-09-12,2024-09-17,inspection,Inspection maintenance: bucket service,"[""boom""]",160.88,Jerry Phillips,,,31.2,True,2024-09-04
1dbfdffb-c5d2-4896-a873-815ec7503c1c,499abaa9-c7a5-44f5-a672-40edf44782fe,2025-07-26,2025-07-31,inspection,Inspection maintenance: electrical service,"[""transmission"", ""tracks/tires""]",1451.65,Jacob Ramos,,,39.4,True,2025-07-12
7394ab90-2d5b-4fd0-ac27-177b7cc0e621,da900d73-122f-44c7-b4c8-977bcf9fbe8a,2025-01-11,2025-01-11,scheduled,Scheduled maintenance: boom service,"[""bucket"", ""belts"", ""electrical""]",515.61,David David,,,69.6,True,2025-01-06
7ea12c6a-2ec1-4fc3-af34-f0377219920f,4c21c115-2eeb-44b6-b2ca-7b22bf53d9f0,2025-09-30,2025-10-03,predictive,Predictive maintenance: bucket service,"[""filters""]",1553.95,Danielle Hinton,electrical,0.969,5.4,True,2025-09-27
cd5782a4-eebd-46af-9e9a-58d08e80fc33,5642a992-bebb-41f3-a1d4-3bb12ba707ce,2026-04-06,2026-04-09,predictive,Predictive maintenance: transmission service,"[""belts"", ""tracks/tires""]",1192.89,Bryan Merritt,transmission,0.665,3.3,True,2026-03-26
ee6fdaf8-02bd-4348-95b8-5b5d75b6507f,c00156b5-55c9-433a-bc23-a9d3164af256,2025-06-15,2025-06-17,scheduled,Scheduled maintenance: transmission service,"[""tracks/tires"", ""transmission""]",126.44,Jordan Thomas,,,5.5,True,2025-06-12
111ae1ac-a071-4942-8b5b-8310fe7a2434,2ce09f20-41a9-4b7f-9e2b-511d607acbd0,2026-07-22,2026-07-22,emergency,Emergency maintenance: filters service,"[""tracks/tires""]",1214.43,Thomas Brock DVM,,,10.0,True,2026-07-08
2394a206-8061-44e2-8895-3d13b1bda6ee,914f974b-1a14-4400-a630-5228c6c8979e,2025-07-28,2025-07-30,scheduled,Scheduled maintenance: filters service,"[""transmission""]",366.38,Howard Garcia,,,21.5,True,2025-07-14
f95beeb3-649b-4e4d-917c-8a972f7cb3d0,a974cd4a-dc4d-4da0-a45d-4bafe4e9a602,2026-03-31,2026-04-02,scheduled,Scheduled maintenance: electrical service,[],647.07,Andrew Thomas,,,0.4,True,2026-03-26
a9978fb7-00d5-409b-859a-716834ee28bb,0f65b696-8a2c-4c6b-a171-c139dfaae23b,2025-03-06,2025-03-10,inspection,Inspection maintenance: hydraulic_system service,[],99.71,Lori Schwartz,,,1.6,True,2025-02-28
e0c943a5-0a64-405c-bf51-6487c1a5e098,3aee661c-416e-475e-8c0d-db608c93029d,2026-07-11,2026-07-16,scheduled,Scheduled maintenance: filters service,[],144.23,Shelia Tanner,,,5.7,True,2026-07-07
c819c195-9834-4862-bdd8-b21fc755f9b9,5df928a2-4565-45a3-945e-629df25d6ef4,2025-10-04,2025-10-04,scheduled,Scheduled maintenance: belts service,"[""filters"", ""transmission""]",3203.92,James Hess,,,0.8,True,2025-09-20
64c71912-7ca2-4eb5-a5db-77c9b815f958,c4b2c196-1129-4ab1-afe7-10c94f191a12,2025-05-10,2025-05-11,scheduled,Scheduled maintenance: electrical service,"[""filters"", ""tracks/tires""]",343.49,Daniel Valentine,,,5.4,True,2025-05-07
15190730-8000-49b6-a762-056e5e09946a,bb7743e5-e6a4-4456-b11e-b3eaaa5202b1,2025-05-22,2025-05-22,emergency,Emergency maintenance: hydraulic_system service,"[""electrical"", ""hydraulic_system"", ""transmission""]",121.92,Tammy Wright,,,5.1,True,2025-05-12
a52b7d96-87ee-46c6-aae9-c65532b514a7,1e848229-19cd-43bf-a961-c1ef07db203b,2026-01-31,2026-01-31,predictive,Predictive maintenance: engine service,"[""boom"", ""electrical"", ""belts""]",91.45,Willie Mercado,belts,0.782,10.0,True,2026-01-29
b0ce7bdb-c7c7-458f-a2b4-a3ce473ef3cf,ba527597-80a4-4328-8151-50334a493329,2024-08-22,2024-08-24,scheduled,Scheduled maintenance: transmission service,"[""filters"", ""belts"", ""tracks/tires""]",122.53,Crystal Baker,,,21.9,True,2024-08-12
ec4d5af1-a5fc-468a-b3e6-c4c61afb5b99,ba105fd9-2a4d-42f3-a3a5-82d883912a21,2024-12-30,2024-12-30,emergency,Emergency maintenance: engine service,"[""tracks/tires"", ""filters"", ""engine""]",15.5,Derrick Myers,,,8.1,True,2024-12-23
d8078e14-34c8-44be-a656-b814002c967b,5db396a8-9563-450f-b718-8a2af4a5c278,2024-09-27,2024-10-02,emergency,Emergency maintenance: engine service,"[""tracks/tires""]",178.24,Joseph Stone Jr.,,,10.8,True,2024-09-13
22a2615d-4c40-419f-b6b1-f714ebc2666d,24130e7e-cf6f-4437-a686-8de546e64bf9,2025-02-07,2025-02-09,scheduled,Scheduled maintenance: filters service,"[""boom""]",588.58,Cheryl Flores,,,6.8,True,2025-01-31
b4ab0aa4-574c-4e26-ae9b-785cb0623e1a,15f32c65-6162-478a-aa8d-0c686dcb1ca0,2024-11-16,2024-11-19,scheduled,Scheduled maintenance: boom service,"[""tracks/tires"", ""boom""]",88.47,Ronald Warner,,,7.4,True,2024-11-07
4505ebc1-e855-4d52-a52d-df8d272d54c6,bb0fe6b8-0fe1-460a-9f6a-a46d0e37c137,2025-09-16,2025-09-16,scheduled,Scheduled maintenance: hydraulic_system service,"[""electrical"", ""belts""]",14.1,Dwayne Robinson,,,7.6,True,2025-09-14
45ed4b71-32eb-44af-95ea-6ad9f3bf08eb,5903669c-e4cc-4d39-bc9f-53120b80b901,2025-07-05,2025-07-06,predictive,Predictive maintenance: boom service,"[""engine"", ""transmission"", ""hydraulic_system""]",187.63,Sarah Bryant,bucket,0.898,3.5,True,2025-06-27
16004194-04c5-4097-b1d7-709d6e14ce26,3e98e2e0-73b6-461c-801d-7d243841b131,2025-09-14,2025-09-16,predictive,Predictive maintenance: tracks/tires service,"[""tracks/tires""]",454.52,Dana Navarro,filters,0.823,15.4,True,2025-09-13
4d702d75-b08a-4a77-b463-ab392989dd4a,85cad606-dc05-4167-a201-7e5a5c0ff018,2025-04-05,2025-04-07,emergency,Emergency maintenance: filters service,[],423.39,Katherine Ferguson,,,6.5,True,2025-03-29
522c460f-b556-49f2-8320-013abd244263,f7c15745-4bc1-4282-8037-a0ee456cae2b,2024-09-17,2024-09-20,predictive,Predictive maintenance: belts service,"[""engine"", ""hydraulic_system"", ""electrical""]",575.95,Maria Bean,filters,0.92,8.9,True,2024-09-08
e91b08da-418e-4eca-89ce-a1f85a25d6c6,ffd0e402-12a8-4158-9c2a-4d41ba961885,2024-11-07,2024-11-10,scheduled,Scheduled maintenance: filters service,"[""transmission"", ""hydraulic_system""]",1250.58,Phillip Kidd,,,12.9,True,2024-11-01
811e0f5d-bbbc-4029-8d7a-a890af7a1068,9755da49-9715-44bb-9451-f695a12990e6,2025-10-08,2025-10-09,inspection,Inspection maintenance: belts service,"[""transmission"", ""bucket""]",481.16,Brian Holloway,,,4.0,True,2025-10-07
f51be560-bcab-4730-bdf2-0e91300697bd,a6b243e1-d7b4-459e-a48c-e1ad64b258ad,2024-09-16,2024-09-21,predictive,Predictive maintenance: engine service,"[""tracks/tires"", ""bucket"", ""boom""]",1448.38,Gabriela Sanchez,transmission,0.919,14.7,True,2024-09-06
39532db2-f633-47ed-9189-5b349e511b42,901d623e-5dfd-48ad-bde2-23abf3e73b87,2024-12-14,2024-12-19,scheduled,Scheduled maintenance: bucket service,[],435.13,Caleb Johnson,,,10.8,True,2024-12-09
69ac3e2f-ff5d-41d1-917e-a2e0b767b48c,4b215616-4579-4381-a2c1-209d11646376,2025-10-27,2025-10-29,inspection,Inspection maintenance: transmission service,[],1016.03,Christopher Rubio,,,0.6,True,2025-10-14
4d62a406-bcaf-4c31-910f-ed886154b70b,4f13b177-7a7a-40e6-bec3-6d41ae7f283a,2026-06-03,2026-06-03,scheduled,Scheduled maintenance: belts service,"[""transmission""]",52.47,Matthew Hahn,,,2.6,True,2026-05-22
bc2d8ecc-c834-4079-a7d2-93ae1e8a3a13,b513fe6c-9c41-4ec4-9459-bfca1d7e0cca,2025-07-13,2025-07-13,scheduled,Scheduled maintenance: boom service,"[""bucket"", ""belts"", ""engine""]",119.27,Gary Buchanan,,,3.5,True,2025-07-08
1b94a148-0a27-4f2e-ab98-fb4527948353,815040ba-e99b-4b90-8f09-ef80bca4e065,2025-03-22,2025-03-27,emergency,Emergency maintenance: boom service,"[""transmission""]",2327.6,Melissa King,,,3.8,True,2025-03-16
eb76035c-dab2-47df-87aa-c9de8254c3bf,1c175d4b-1c57-4c76-9909-026fef889657,2024-11-20,2024-11-20,scheduled,Scheduled maintenance: tracks/tires service,[],631.88,Mitchell Leblanc,,,16.1,True,2024-11-11
b74eea62-4620-4855-9ff1-b203f047f8cc,d24f3bec-a830-4056-932b-c301019d66f6,2024-10-03,2024-10-04,scheduled,Scheduled maintenance: filters service,"[""transmission"", ""electrical""]",511.77,Shannon Woods,,,0.6,True,2024-10-01
8d836821-8161-4166-8283-befd452c0e83,88d7e337-41aa-4812-844b-378d2431f882,2026-06-30,2026-07-01,predictive,Predictive maintenance: hydraulic_system service,"[""hydraulic_system""]",197.06,Jessica Moore,engine,0.683,16.9,True,2026-06-23
f90001bc-6e71-4209-a695-c2486eb349f5,915f5e10-640b-41dd-9184-0d7c8f35e828,2025-11-23,2025-11-28,predictive,Predictive maintenance: bucket service,"[""belts"", ""hydraulic_system""]",226.33,Kayla Martinez,filters,0.657,19.3,True,2025-11-21
7e7e4815-adad-4b14-b9d2-80b5a7adbd28,4ec86e45-045e-43bc-a4e6-35044558bc5f,2026-05-07,2026-05-10,emergency,Emergency maintenance: belts service,[],74.93,Anthony Jones,,,3.7,True,2026-05-01
a52f03db-b06a-4d06-88a2-772f8ab38fb5,0961860c-fcc2-4774-a7c3-024b5bbced09,2024-10-29,,emergency,Emergency maintenance: electrical service,[],544.17,Katherine Smith,,,0.3,False,2024-10-28
51f735a5-51c2-432a-b8d9-b696df2d49ae,f7b9c56a-64cc-4252-9668-3ca9016df1cd,2025-06-24,2025-06-28,scheduled,Scheduled maintenance: boom service,"[""boom"", ""engine"", ""electrical""]",142.81,Kelsey Williams,,,22.9,True,2025-06-18
60b78254-d0d3-4f2a-b496-1fc3caf2735d,dd56e682-c874-40c4-ad19-d047d8dfd8dc,2025-09-14,2025-09-18,scheduled,Scheduled maintenance: filters service,"[""engine"", ""electrical"", ""boom""]",120.31,Hunter Davis,,,4.7,True,2025-08-31
a55dab9b-71a3-4129-9ebb-fa46770e34a4,9f88c744-8230-419d-ac44-8c12c45aec98,2025-06-18,2025-06-23,inspection,Inspection maintenance: bucket service,"[""filters"", ""transmission"", ""bucket""]",1367.84,Dr. Laura Garcia,,,16.6,True,2025-06-17
d6970691-7362-4348-aa98-075c33713b19,d6b2dfcb-c3bf-426d-8204-3a05fc007a3c,2026-05-20,2026-05-23,scheduled,Scheduled maintenance: bucket service,[],120.86,Taylor Garcia,,,0.1,True,2026-05-08
273c6fc8-4b37-4d9d-b17b-7645cacb6a9b,9266e553-423b-4eb2-b73d-bb4fc3a7cb5f,2025-06-05,2025-06-06,scheduled,Scheduled maintenance: tracks/tires service,[],685.31,Monica Brown,,,6.9,True,2025-06-04
1abddb30-5738-43f4-b6b2-7f3bd2c8f872,e897043a-a106-4f82-8982-e2790f64646c,2025-06-14,2025-06-18,inspection,Inspection maintenance: boom service,"[""electrical"", ""engine"", ""belts""]",2701.76,Jordan Harrell,,,8.9,True,2025-06-12
125b28da-37ba-443c-b8c1-9c02dee2fe2b,85cad606-dc05-4167-a201-7e5a5c0ff018,2025-02-14,2025-02-15,scheduled,Scheduled maintenance: boom service,[],346.71,Dennis Ramirez,,,8.9,True,2025-02-03
f2cc342e-c5e7-47eb-a932-fab77d1263b0,0f5f81c4-0b1a-4ee8-be61-cc87d6573cdb,2025-07-04,2025-07-06,scheduled,Scheduled maintenance: hydraulic_system service,"[""bucket"", ""filters"", ""electrical""]",91.57,Brandon Brown,,,1.4,True,2025-06-20
4e05cf76-4136-491a-9953-9cb8701b0c35,230650f2-7517-458c-9b85-c1f3b5badf91,2026-03-24,2026-03-25,inspection,Inspection maintenance: engine service,"[""electrical"", ""engine""]",83.03,Betty Ingram,,,1.5,True,2026-03-21
207806f1-5bb7-490a-a063-7064202fc850,41cb35e1-5085-4091-95b7-1fb9522f7a08,2024-10-08,2024-10-10,scheduled,Scheduled maintenance: bucket service,[],541.28,Anne Marshall,,,25.0,True,2024-10-06
ac126101-7c05-4181-9fcb-dd85ee70d779,33ffa60c-2ebd-487f-8318-07cb7362b922,2026-02-05,2026-02-08,inspection,Inspection maintenance: boom service,"[""bucket"", ""electrical""]",122.88,Gregory Moore,,,10.9,True,2026-01-23
2927cf59-3d35-46c4-8725-241041555167,2ce09f20-41a9-4b7f-9e2b-511d607acbd0,2025-02-27,2025-03-04,scheduled,Scheduled maintenance: electrical service,"[""filters"", ""engine""]",42.18,Thomas Briggs,,,2.6,True,2025-02-25
96b38f7a-480e-4611-b1c2-3eeb6fd5d2d7,e3540d48-62ca-4f91-b4b8-6c2922c8c5bb,2025-12-19,2025-12-24,scheduled,Scheduled maintenance: boom service,"[""belts"", ""engine""]",34.4,Anthony Pierce,,,1.0,True,2025-12-08
3daa9a29-92f3-4865-a776-00fa028ab509,3c11391b-dc6c-4e85-a855-032de7f4f352,2025-05-28,2025-06-02,predictive,Predictive maintenance: belts service,[],637.27,Allen Walters,boom,0.824,2.6,True,2025-05-22
9f2c4bc6-40c8-447d-baf3-98fdd809cec2,6af0c8ad-c01b-4298-8b67-49018447806d,2024-08-08,2024-08-08,predictive,Predictive maintenance: electrical service,"[""tracks/tires""]",290.43,Brent Palmer,transmission,0.681,0.2,True,2024-07-30
16d94738-139c-460b-a27f-e2e4318126dc,29465baa-6f23-48da-85e3-203b66243ba6,2025-03-19,2025-03-21,scheduled,Scheduled maintenance: bucket service,"[""belts"", ""bucket""]",103.82,Brittany Frye,,,0.1,True,2025-03-14
63b4a6c2-a671-42f6-86ec-fdf1f08beda6,7b26b146-0b8b-4b6f-a925-7226c0054069,2026-02-26,,emergency,Emergency maintenance: tracks/tires service,[],33.75,Breanna Riley,,,1.1,False,2026-02-20
733b749d-3719-4db0-a6ee-77ca36b52569,13b5d722-8edd-41ee-9172-5643d815492f,2026-01-21,2026-01-26,scheduled,Scheduled maintenance: transmission service,"[""bucket"", ""transmission""]",325.66,Anthony Patterson,,,3.7,True,2026-01-12
7dd6e76f-05ba-4a28-818e-5d2b35e2e62a,7b52a643-7d48-4552-86a7-b3637d5ba953,2026-01-28,2026-01-29,predictive,Predictive maintenance: boom service,"[""bucket""]",4.03,Maria Love,filters,0.913,1.2,True,2026-01-22
0f9a6e3f-cc03-446e-8251-2270a97a2a06,c00156b5-55c9-433a-bc23-a9d3164af256,2026-01-04,2026-01-06,scheduled,Scheduled maintenance: engine service,"[""engine"", ""hydraulic_system"", ""filters""]",1349.64,Johnny Lester,,,3.4,True,2025-12-22
1eea878d-902c-4091-a0cd-021f087017de,56e39c99-8e5b-4b95-8676-f23869b55466,2025-03-24,2025-03-28,predictive,Predictive maintenance: filters service,[],300.93,Stephanie Mcmillan,hydraulic_system,0.948,0.0,True,2025-03-22
28189ac0-5fa3-483e-a486-29a39f40bcfe,3a9cde6d-e056-4ade-9d29-f486f14a5d19,2025-03-29,2025-04-01,predictive,Predictive maintenance: hydraulic_system service,[],955.39,Kathleen May,filters,0.854,48.1,True,2025-03-27
6210888c-33b6-4827-85d2-4783b468913c,ae8a1cca-5404-4567-aa2d-f4c2db0c5abf,2026-04-12,2026-04-12,predictive,Predictive maintenance: tracks/tires service,[],416.48,Bradley Lopez,belts,0.677,1.3,True,2026-04-07
ae1c4076-1baf-40af-9f12-2199b915ce7c,84f5fb05-a568-49ef-8c61-5a754a992d6d,2024-09-07,2024-09-10,inspection,Inspection maintenance: tracks/tires service,"[""boom"", ""engine""]",494.41,James Vasquez,,,4.8,True,2024-08-30
9870b5c6-e866-4778-aeab-c2fdcef5a81b,7e626839-b994-4621-bcde-ddb6fe962558,2025-11-14,2025-11-18,emergency,Emergency maintenance: belts service,[],0.33,Lisa Diaz,,,8.9,True,2025-11-05
1f156d5e-28c6-436d-8c69-0b966fbde528,b7d6b701-91c2-4e84-8df1-848099f8ad6d,2024-09-22,2024-09-22,predictive,Predictive maintenance: filters service,"[""hydraulic_system""]",527.4,Michael Mcdonald,transmission,0.945,8.5,True,2024-09-14
abec2968-8e9d-47a0-bb27-a9aa85dc5b87,ac011735-15ee-414b-a410-0d9a5782e731,2025-08-12,2025-08-17,scheduled,Scheduled maintenance: belts service,[],224.34,Kara Garrett,,,4.9,True,2025-07-30
3c3dc541-e028-4273-8236-5ac905820afc,e1fd70f6-627d-4e4b-83eb-9cdc932452ed,2025-08-17,2025-08-17,inspection,Inspection maintenance: tracks/tires service,[],566.76,Lindsey Moore,,,0.9,True,2025-08-12
5078b099-a9a3-4d93-bf5c-c294675ff57c,986ed0de-0337-4696-a3c9-0229d6ce8d66,2026-02-06,2026-02-06,scheduled,Scheduled maintenance: engine service,[],220.02,Angela West,,,5.2,True,2026-01-24
7fff64c9-c226-4d99-9f0a-7aa29c4684bb,c593ee73-0689-4d04-a699-86c34890d29b,2024-11-26,2024-11-28,scheduled,Scheduled maintenance: transmission service,"[""bucket"", ""engine""]",464.35,Kevin Camacho,,,1.7,True,2024-11-24
fb88d396-a5b3-4fed-b2f1-9993b53ee20b,27e18ae1-9407-4827-985a-ed8cc2112041,2024-11-02,2024-11-03,scheduled,Scheduled maintenance: electrical service,"[""electrical"", ""tracks/tires""]",485.36,Sandra Ferguson,,,0.3,True,2024-10-31
0d7b8c6d-23da-4cb2-b710-c3791cda2c81,a7037454-abe4-4fbb-9b42-86d1f7928404,2025-10-04,2025-10-09,scheduled,Scheduled maintenance: filters service,"[""hydraulic_system"", ""belts""]",1483.33,Donna Brown,,,19.6,True,2025-09-30
926b591e-d7bd-4258-99dc-f0737a31917f,fb8e252b-b60a-4ca7-93ef-511390a4a69b,2025-11-16,2025-11-21,inspection,Inspection maintenance: transmission service,"[""transmission"", ""bucket""]",104.66,Jermaine Spencer,,,0.6,True,2025-11-11
6ac2e2c1-99dd-4570-bfe2-479b7fdc89b2,709f2cf2-0dcd-4b9d-bdda-006429eac83c,2025-01-11,2025-01-15,scheduled,Scheduled maintenance: boom service,"[""bucket""]",260.55,Catherine Watkins,,,14.0,True,2025-01-01
a840707e-4d0b-45f8-ac2c-046ab8f28611,3ccc9093-50a4-4700-9fe0-a226f1dce9ed,2025-05-21,,inspection,Inspection maintenance: bucket service,"[""filters""]",1241.62,Lonnie Green,,,24.9,False,2025-05-15
85ed6a66-f2e6-4e8b-b60d-06be8c7af759,156019e2-56eb-40f1-b489-21a0444b207d,2026-02-26,2026-02-27,scheduled,Scheduled maintenance: tracks/tires service,[],336.07,Gary Charles,,,1.8,True,2026-02-21
ab2ac0b0-de03-4906-8110-ddc633cb9d7c,6bb78ee8-3ddc-48f2-84a1-18a349930a02,2025-05-17,2025-05-19,predictive,Predictive maintenance: boom service,"[""engine"", ""transmission""]",75.15,Marilyn Zamora,boom,0.941,9.9,True,2025-05-05
924357d9-4465-4455-8aaa-c079f33e1f62,e6f0322b-02d1-4905-ba34-1cca3352fb8a,2024-12-27,2025-01-01,emergency,Emergency maintenance: bucket service,[],1231.3,Robert Gutierrez,,,1.1,True,2024-12-25
973f65bc-304e-4037-9f54-270b9d7ad9c0,ac011735-15ee-414b-a410-0d9a5782e731,2024-12-04,2024-12-05,inspection,Inspection maintenance: hydraulic_system service,"[""tracks/tires"", ""boom""]",322.35,Tracy Williams,,,7.0,True,2024-11-27
67e0aebf-58f2-4f22-aa1f-c1eb07464955,6e44437b-ad21-4b20-a55d-80f42517c315,2026-06-02,2026-06-02,emergency,Emergency maintenance: boom service,[],951.19,Michael Velasquez,,,18.3,True,2026-05-28
c5681a12-529e-47d6-8363-366d1ef7c264,b513fe6c-9c41-4ec4-9459-bfca1d7e0cca,2026-02-16,2026-02-21,emergency,Emergency maintenance: transmission service,"[""filters"", ""boom"", ""engine""]",465.99,Frank Porter,,,0.4,True,2026-02-15
13c152a5-a762-44e4-a7cf-e259daec63ca,1e848229-19cd-43bf-a961-c1ef07db203b,2025-11-28,2025-11-30,scheduled,Scheduled maintenance: transmission service,"[""electrical"", ""hydraulic_system""]",105.19,Kelly Townsend,,,12.8,True,2025-11-25
2f7e91c6-6157-455c-b65d-0817cc5f3e1d,5ae99346-70e5-4ecd-a761-37fc492ec014,2026-02-22,2026-02-22,scheduled,Scheduled maintenance: bucket service,"[""electrical"", ""transmission""]",383.93,Marcus Mcdonald,,,1.3,True,2026-02-14
c1e26d84-9ca4-4df4-b6cd-9c12f0a9a324,360a96f9-887b-43ee-9b95-b432d1850af8,2025-10-21,2025-10-26,predictive,Predictive maintenance: hydraulic_system service,"[""belts""]",281.7,Manuel Burke,hydraulic_system,0.823,1.8,True,2025-10-14
80f9bee1-a8d3-4978-a5cd-df22d00ac260,348b82d3-ba67-423c-bbf1-bc68c10e2f60,2025-04-28,2025-04-28,predictive,Predictive maintenance: tracks/tires service,"[""tracks/tires"", ""boom""]",557.44,Gregory Lambert,transmission,0.694,19.7,True,2025-04-14
4d796f14-2c47-4133-9259-911315a0931c,afc92c08-9b77-441c-b904-e45ab79e8aa6,2025-05-30,2025-06-03,scheduled,Scheduled maintenance: tracks/tires service,"[""filters"", ""tracks/tires"", ""transmission""]",127.67,Brendan Smith,,,4.6,True,2025-05-20
fd5c7077-5223-44b3-a8e8-6801b794cd67,c0075737-9138-41a1-851e-1878369ef8cc,2025-03-18,2025-03-20,inspection,Inspection maintenance: belts service,"[""hydraulic_system"", ""engine""]",937.88,Spencer Wong,,,8.0,True,2025-03-10
9903f43f-636f-472e-b7c0-510018e1c5ea,881083bb-88bd-45a5-8974-ab4b05d6cd1e,2025-02-07,2025-02-07,scheduled,Scheduled maintenance: belts service,"[""belts"", ""engine"", ""bucket""]",507.57,Lance Kelly,,,7.2,True,2025-01-31
f5ed6d1d-a7a1-47a8-9507-0905dc265757,ba46cbe8-e8ea-42e3-9f36-d94f02e45d49,2025-08-23,2025-08-26,emergency,Emergency maintenance: electrical service,"[""engine""]",12.7,Monica Barber,,,1.8,True,2025-08-16
2fc09b4f-cc93-4ddc-90db-2830f8594935,ea8db8f4-5db0-40dc-a1dd-210b0826b974,2026-05-16,2026-05-19,scheduled,Scheduled maintenance: engine service,"[""boom"", ""transmission"", ""electrical""]",1010.87,Louis Gaines,,,2.8,True,2026-05-02
aac52de4-6544-4363-984e-849b6d5acf8c,f7e2d4bb-1c8c-42bd-8c1a-e0424303bb7f,2024-08-18,2024-08-21,scheduled,Scheduled maintenance: electrical service,"[""boom"", ""engine""]",344.53,Matthew Holden,,,4.5,True,2024-08-11
89444931-6b9d-4251-baec-129f29728b13,a1cc273c-7b1c-4455-99fe-0ef2c69821b8,2025-09-17,2025-09-22,emergency,Emergency maintenance: bucket service,"[""bucket""]",795.15,Michael Rice,,,20.0,True,2025-09-05
dd95472f-378f-4992-8dce-bf142fc8e921,1a1f0949-9c73-4342-a795-39b7dace660e,2025-06-27,2025-06-27,scheduled,Scheduled maintenance: hydraulic_system service,"[""hydraulic_system"", ""transmission"", ""filters""]",620.42,Greg Hays,,,12.3,True,2025-06-26
ea999e98-28a6-4ed4-9465-42b981f72670,dc78356a-fed9-45ea-beab-0914299bb385,2025-05-12,2025-05-12,scheduled,Scheduled maintenance: filters service,"[""belts""]",66.46,Lindsay Anderson,,,10.5,True,2025-04-29
353ac4e4-2dbe-44d5-a894-38c79f95c70d,d024093d-cb09-4d73-8df9-85052f0d96b9,2026-01-19,2026-01-22,predictive,Predictive maintenance: boom service,"[""belts"", ""electrical""]",1452.94,Victoria Garcia,engine,0.669,4.7,True,2026-01-14
b9851d75-aa55-430b-b749-a37c269a17db,afc92c08-9b77-441c-b904-e45ab79e8aa6,2026-07-25,2026-07-28,scheduled,Scheduled maintenance: tracks/tires service,[],455.55,Steven Bowman,,,4.8,True,2026-07-14
99dc9f3f-d0fe-43b0-835e-ac2e24c51732,a92a8d5c-7f8d-4b9b-a85a-69e6c738f472,2026-06-26,2026-07-01,scheduled,Scheduled maintenance: tracks/tires service,"[""boom""]",755.37,Mr. Edward Carr,,,3.7,True,2026-06-12
b31af1b0-d6ff-4c68-8170-49599dca22a2,9e96e240-502d-4c40-93ab-735ed1290c24,2025-12-15,2025-12-19,scheduled,Scheduled maintenance: engine service,"[""tracks/tires""]",1126.28,John Cook,,,6.2,True,2025-12-10
58b42532-d465-41a9-82a7-585a85d71f35,7b574536-46e9-4cf0-a5c1-eba1f75963b8,2025-08-05,2025-08-10,scheduled,Scheduled maintenance: hydraulic_system service,"[""tracks/tires"", ""belts"", ""hydraulic_system""]",273.15,Kristin Villarreal,,,8.5,True,2025-07-27
693ac409-a423-493c-be64-4ddb589ee62f,3b7f53dc-89bc-42d5-bba4-4b64972c25dc,2026-07-03,2026-07-08,predictive,Predictive maintenance: hydraulic_system service,"[""hydraulic_system""]",25.96,Gwendolyn Adams DDS,filters,0.659,12.7,True,2026-06-21
6604174e-3ae1-4d5a-9ef9-b42401a97785,4b215616-4579-4381-a2c1-209d11646376,2026-07-24,2026-07-29,scheduled,Scheduled maintenance: engine service,[],246.5,Anna Gonzales,,,2.7,True,2026-07-23
9715d3be-a9d7-412d-a88c-5a79252591b5,eee8b666-c615-4da7-a05e-3c827d540624,2024-10-04,,predictive,Predictive maintenance: boom service,[],430.02,Tina Alvarez,engine,0.94,1.9,False,2024-09-23
0c46feae-0da3-40f7-aa29-69e2e8c9e562,e4c7d5f6-acdd-4e38-bdd2-468471426d0c,2026-06-28,2026-06-30,scheduled,Scheduled maintenance: electrical service,"[""hydraulic_system""]",1160.9,Kerry Arnold,,,3.2,True,2026-06-24
fefa94f2-7c8e-4ab9-8e19-4c982bbbdbf1,6f97990d-4462-40f3-9a2f-6c57643219a6,2026-07-09,2026-07-11,scheduled,Scheduled maintenance: boom service,"[""engine"", ""bucket"", ""filters""]",206.66,Rebecca Bray,,,1.1,True,2026-07-03
808ea1b9-a41a-47b0-b63b-656080980588,58d7f473-b107-4c79-ad93-1552a4a76588,2024-10-25,2024-10-30,inspection,Inspection maintenance: tracks/tires service,[],473.61,Dean Chapman,,,5.2,True,2024-10-15
f90a8669-8603-4b35-8179-21b3c19838a2,9c0cc10b-8f2f-493e-a13a-05b08677a89d,2026-06-29,2026-07-03,emergency,Emergency maintenance: boom service,"[""filters"", ""transmission""]",293.06,Jeffery Mora,,,9.6,True,2026-06-18
539ca967-a7f9-4f88-9a10-97ae84cca06f,e353b71f-4e57-41df-983e-49758c475124,2025-03-27,2025-03-29,inspection,Inspection maintenance: belts service,"[""belts""]",888.65,Timothy Jackson,,,1.8,True,2025-03-23
5f64d26f-9998-4f44-a884-a09076dd5797,37a7394a-f830-4d93-997d-4d667c7f80b0,2025-10-06,2025-10-06,scheduled,Scheduled maintenance: transmission service,"[""hydraulic_system"", ""belts""]",291.24,Kevin Castro,,,9.5,True,2025-09-28
e0c61299-dd36-4960-b87b-78bfd9026a15,3ccc9093-50a4-4700-9fe0-a226f1dce9ed,2026-07-23,2026-07-28,scheduled,Scheduled maintenance: electrical service,[],59.01,Michael Greene,,,2.0,True,2026-07-10
201745e7-41bd-4dff-83f5-5c300e20feae,a9e7eda7-3202-4bfa-8a5f-976bec226a8a,2024-09-09,2024-09-13,predictive,Predictive maintenance: transmission service,"[""belts""]",319.45,Philip Wilson,transmission,0.846,14.8,True,2024-09-04
a33c65f3-e31b-409b-be92-fd8cdc93235a,9e96e240-502d-4c40-93ab-735ed1290c24,2025-10-02,2025-10-07,emergency,Emergency maintenance: belts service,"[""bucket""]",1095.41,Taylor Parks,,,1.8,True,2025-09-19
cd88d20e-cb92-4acc-a766-930a11e72153,78ce709c-5436-4dde-9ef7-3ca60af13b8a,2026-05-10,2026-05-11,emergency,Emergency maintenance: tracks/tires service,"[""tracks/tires"", ""electrical"", ""boom""]",627.81,Richard Lopez,,,0.2,True,2026-05-06
2a50c8fc-f9c0-44d4-ae3d-3dd7aec429fe,c5021d1c-2288-4f78-98e5-46574e1ee7cd,2025-01-04,2025-01-06,predictive,Predictive maintenance: transmission service,"[""belts"", ""filters""]",82.49,Anthony Black,engine,0.768,4.0,True,2025-01-02
cf16a0dd-2d1b-4568-98c1-d2a123d2ee77,f7350500-fe8a-474d-8cfb-b541aa2bca3c,2025-01-17,2025-01-18,scheduled,Scheduled maintenance: belts service,"[""belts"", ""engine"", ""tracks/tires""]",2559.45,Melissa Gutierrez,,,0.8,True,2025-01-05
ffd81e8c-870e-4681-8d44-fc082ca006c2,7ec6d0a4-50b8-4c4c-987e-3f365800069e,2026-03-10,2026-03-11,inspection,Inspection maintenance: hydraulic_system service,"[""tracks/tires"", ""filters"", ""boom""]",275.29,Jill Clark,,,2.8,True,2026-02-28
ab1fc771-0980-450d-acda-5de336ed6700,0e2e2d65-7058-4484-8176-fc5c68adb06f,2025-03-01,2025-03-05,scheduled,Scheduled maintenance: bucket service,[],426.78,Sergio Whitney,,,3.5,True,2025-02-28
6a86a00d-6bae-4ace-92ac-389f3ae46c22,95e51da3-317f-40fd-b01a-02329bd71fbd,2026-04-03,2026-04-05,predictive,Predictive maintenance: bucket service,[],381.86,James Rodriguez,filters,0.837,40.9,True,2026-03-21
5f03e447-dc69-4e58-8094-48ba4da3fab0,38f9ff9c-c99e-4a6d-8c84-69f47f0d7c55,2026-01-16,2026-01-19,scheduled,Scheduled maintenance: belts service,"[""bucket"", ""belts"", ""boom""]",330.28,Luis Duncan,,,12.2,True,2026-01-05
25d04054-25f7-47bc-86fe-501f13448afe,65a16bf6-20ff-4171-937d-86c87f405f07,2024-07-30,2024-07-30,emergency,Emergency maintenance: transmission service,"[""engine"", ""tracks/tires"", ""transmission""]",116.83,Rachel Mcguire,,,6.4,True,2024-07-26
4ad45989-c5aa-4f25-a7e8-421841e89120,6af0c8ad-c01b-4298-8b67-49018447806d,2025-12-27,2025-12-30,inspection,Inspection maintenance: tracks/tires service,"[""filters"", ""engine""]",225.39,Larry Sanchez,,,3.9,True,2025-12-13
028778c0-0013-46ea-a404-a283a77e035a,100655ab-bd0a-4ad9-8880-a4f666f79d40,2026-06-08,2026-06-11,emergency,Emergency maintenance: boom service,[],1217.43,Dr. Sharon Garcia,,,7.2,True,2026-06-07
960e8677-781e-49b4-bc40-813061000c7e,1a76a1bf-b46b-40e5-8087-533a8ecb5c44,2025-02-05,2025-02-10,scheduled,Scheduled maintenance: filters service,"[""transmission"", ""belts"", ""hydraulic_system""]",699.28,Emily Stephens,,,17.0,True,2025-01-27
24639232-cd5c-4e64-adb3-d051ee44d21e,85ceefd0-0dcd-43e6-a1b3-2c32886dc130,2025-10-08,2025-10-12,scheduled,Scheduled maintenance: bucket service,"[""engine"", ""tracks/tires""]",234.01,Brandy Barr,,,8.3,True,2025-09-26
9afc30ea-7db8-44a5-84e8-840d8fc704f3,d3aedb65-f345-4516-81cd-64256c51af14,2025-04-28,2025-05-02,predictive,Predictive maintenance: belts service,"[""belts"", ""tracks/tires""]",182.66,Yolanda Hamilton,tracks/tires,0.831,8.3,True,2025-04-18
00879054-c090-4fdf-9d70-c89ce5f3a117,f1fc31b5-edd2-47b4-82bb-badf28984e0a,2024-12-03,2024-12-04,inspection,Inspection maintenance: boom service,"[""transmission"", ""belts"", ""tracks/tires""]",56.7,Allen Fernandez DDS,,,7.0,True,2024-11-27
8ebdb371-83d7-46bf-9a0b-8165dcc6ca9d,e4810aa1-9b11-4f29-bca2-74d831309b14,2026-06-14,2026-06-18,scheduled,Scheduled maintenance: transmission service,"[""electrical"", ""filters"", ""hydraulic_system""]",405.73,Melissa Massey,,,2.7,True,2026-06-03
3dcdfe18-a6a0-459d-abdb-8a85006f5849,c812760e-d5e9-4fb4-a694-5cba6278a560,2025-08-17,2025-08-18,inspection,Inspection maintenance: filters service,"[""tracks/tires""]",1008.15,Charles Oneill,,,17.9,True,2025-08-13
77cfd7c4-9b41-4f70-a394-df5ebe52a000,c812760e-d5e9-4fb4-a694-5cba6278a560,2025-12-14,2025-12-19,scheduled,Scheduled maintenance: transmission service,"[""boom"", ""bucket""]",2289.77,Michelle Schroeder,,,4.5,True,2025-11-30
18fcd3bc-f425-497f-a892-fec776fe0bc7,e8c59ca6-861d-4ed9-a892-b645beecb81b,2025-02-14,2025-02-19,predictive,Predictive maintenance: electrical service,[],77.24,Colton Flynn,transmission,0.89,8.0,True,2025-02-13
3b160303-2146-4730-8a38-2c9b6d3cba9b,b02c5d8e-75ac-4378-8937-7cc5bea02b86,2026-07-05,2026-07-09,predictive,Predictive maintenance: engine service,"[""belts""]",491.83,Dakota Smith,boom,0.696,13.0,True,2026-07-01
1425b7dd-5064-4e9e-8a1d-1511cbfd2992,13b5d722-8edd-41ee-9172-5643d815492f,2025-12-19,2025-12-22,scheduled,Scheduled maintenance: tracks/tires service,"[""tracks/tires"", ""belts""]",270.12,Katie Hernandez,,,3.0,True,2025-12-09
2afcbb09-c3cf-4054-b708-2515a50a2f1f,5d99e1fe-39af-48c4-bed0-9c6d2954bc60,2024-08-12,2024-08-13,scheduled,Scheduled maintenance: belts service,"[""engine"", ""tracks/tires""]",1106.73,Mark Peters,,,7.0,True,2024-07-30
640418ba-8fbf-4299-9d40-66da45747871,8eba96a4-686f-4a58-9453-a156502b68e7,2026-03-10,2026-03-15,scheduled,Scheduled maintenance: hydraulic_system service,[],1057.28,Joshua Green,,,6.6,True,2026-03-05
d408dc6d-6389-4afe-a99a-64ec9db11e03,c98a739e-0962-412c-9625-b5b78614d117,2025-03-18,2025-03-22,predictive,Predictive maintenance: bucket service,[],160.74,David Hernandez,boom,0.929,5.0,True,2025-03-11
fe3a47a6-6d93-46cf-beba-18add6d9bbb4,3ccc9093-50a4-4700-9fe0-a226f1dce9ed,2026-05-05,2026-05-07,inspection,Inspection maintenance: tracks/tires service,"[""boom""]",301.21,Ashley Sims,,,6.1,True,2026-04-23
7a3d28c9-4828-4172-a51f-6b38d935687e,9c2bc4ab-d317-450a-8818-04d890a071d7,2026-03-19,2026-03-22,scheduled,Scheduled maintenance: engine service,"[""electrical"", ""filters""]",431.8,Catherine Atkins,,,1.7,True,2026-03-10
a9a233b3-34dc-401e-9aba-c3a1348dbd11,5ef500a6-43c4-4756-8ef0-c813a2cf66cb,2024-11-16,2024-11-16,scheduled,Scheduled maintenance: filters service,[],89.11,David Vazquez,,,8.9,True,2024-11-08
6fa53cb7-35da-4348-be89-a9e486d3edb0,ca73949f-0806-42b8-b607-c709518f50f9,2025-09-26,2025-09-30,emergency,Emergency maintenance: electrical service,[],877.21,Sandra Rivera,,,3.8,True,2025-09-20
d64e412a-eaa3-4b3f-a735-3aa5b5b1ae8f,4f804537-7460-49be-853b-8bfb688ebf47,2026-03-02,,predictive,Predictive maintenance: filters service,"[""transmission"", ""boom""]",220.13,Denise Hurst,bucket,0.653,4.9,False,2026-02-23
e1e6653d-4d04-4589-9f36-c364206c36e2,d9dd841f-e1c8-4fa2-9e98-9cedb88adcee,2026-06-02,2026-06-06,predictive,Predictive maintenance: engine service,[],491.62,Lori Hamilton,engine,0.891,2.0,True,2026-05-28
5a8292ee-565a-4499-a8ed-6b45fa13d1e2,2773ef9f-ae14-4f4d-bb2c-52b34e45a83d,2025-05-30,2025-06-01,emergency,Emergency maintenance: hydraulic_system service,"[""bucket"", ""filters"", ""electrical""]",130.88,Kara Hammond,,,1.8,True,2025-05-22
997ccffb-f2d7-472e-acf6-c70e04cec7cb,5903669c-e4cc-4d39-bc9f-53120b80b901,2026-07-25,2026-07-28,predictive,Predictive maintenance: filters service,"[""filters"", ""bucket""]",251.2,Sean Rodriguez,filters,0.962,2.4,True,2026-07-14
2c634ded-16e5-4445-947d-dfe731aecd4a,d024093d-cb09-4d73-8df9-85052f0d96b9,2025-11-07,2025-11-11,predictive,Predictive maintenance: hydraulic_system service,"[""electrical"", ""bucket""]",811.75,Brandi Smith,filters,0.803,8.2,True,2025-11-03
301c941c-1416-4562-851d-3117ec83aecd,e8c59ca6-861d-4ed9-a892-b645beecb81b,2026-05-21,2026-05-22,inspection,Inspection maintenance: electrical service,"[""hydraulic_system"", ""transmission""]",100.64,Justin Peterson,,,2.7,True,2026-05-20
088ef308-8b4c-4963-992a-9b0558e0b896,a33f620d-89b6-4e13-a446-e75f7a6c28b0,2024-12-16,2024-12-18,predictive,Predictive maintenance: belts service,"[""boom"", ""filters"", ""engine""]",408.61,Adam Davis,hydraulic_system,0.681,10.4,True,2024-12-07
6c1f06e1-f3b4-4afd-97f3-3940d74f36c7,4b215616-4579-4381-a2c1-209d11646376,2025-09-08,2025-09-08,emergency,Emergency maintenance: transmission service,"[""boom"", ""tracks/tires"", ""engine""]",1054.4,Thomas Spears,,,1.2,True,2025-08-26
cb2691aa-d4cb-4f9d-a1f2-01024efbd6db,64766cad-2c85-47fe-b707-501568ccc2cf,2025-12-21,2025-12-24,emergency,Emergency maintenance: electrical service,[],368.93,Matthew Wright,,,15.3,True,2025-12-12
0786be4c-9ad7-4b3d-a548-e9dd0730907a,499b642e-2987-42c3-94fe-74da85a31dda,2025-12-10,2025-12-14,scheduled,Scheduled maintenance: tracks/tires service,"[""boom"", ""transmission"", ""tracks/tires""]",556.58,David Kelley,,,8.2,True,2025-12-03
27dcb4b9-ce6b-4f78-910c-6cf0a527d5f7,64766cad-2c85-47fe-b707-501568ccc2cf,2025-12-09,2025-12-11,scheduled,Scheduled maintenance: hydraulic_system service,"[""boom"", ""hydraulic_system""]",278.17,Nicole Williams,,,1.6,True,2025-11-26
90901f1f-f562-4edd-ac9f-b911735baf48,cbf00e30-696a-43bb-bd02-c3a3847cc39c,2024-12-10,2024-12-13,emergency,Emergency maintenance: transmission service,[],690.9,Victoria Mendoza,,,4.2,True,2024-12-08
a5b282d0-1b44-46ea-937e-4831c5b39b0d,64766cad-2c85-47fe-b707-501568ccc2cf,2025-05-12,2025-05-13,emergency,Emergency maintenance: engine service,[],784.57,Robert Ellis,,,17.2,True,2025-04-30
5723afcd-a349-44f8-aef9-6174de0666dd,edbfc236-f068-4c48-8c30-1763e4b6bf40,2025-03-08,2025-03-08,predictive,Predictive maintenance: electrical service,[],540.45,Kerry Porter,tracks/tires,0.972,17.1,True,2025-03-01
daf873ab-8a32-4e64-8c4d-4298f0579367,ac859575-e0ab-4de6-9d1a-53324db062f4,2025-12-29,2026-01-02,predictive,Predictive maintenance: bucket service,"[""engine""]",332.47,Sean Bradford,hydraulic_system,0.665,0.3,True,2025-12-16
5e0fc4cd-fffe-4bd6-9cab-1604dbc8bfaf,31742f32-cee0-4b3f-81ad-3b795aebf7f5,2025-11-01,,emergency,Emergency maintenance: belts service,"[""boom""]",1108.14,Bryan Cole,,,0.5,False,2025-10-31
526a9be1-58a8-4828-bc92-aba117025d45,eee8b666-c615-4da7-a05e-3c827d540624,2026-05-25,2026-05-25,scheduled,Scheduled maintenance: boom service,"[""bucket"", ""filters""]",96.24,Regina Salinas,,,1.1,True,2026-05-21
5440a3de-5245-4475-9b90-1aca217d659c,a387491d-6043-436a-973c-8494e098cf26,2024-12-24,2024-12-25,inspection,Inspection maintenance: engine service,"[""filters"", ""electrical"", ""bucket""]",100.34,Dana Foster,,,14.7,True,2024-12-18
b94ff334-6538-4bdf-b491-b974731d1f6f,5ef500a6-43c4-4756-8ef0-c813a2cf66cb,2025-04-29,2025-05-02,scheduled,Scheduled maintenance: bucket service,[],381.65,Juan Munoz,,,17.5,True,2025-04-26
4af09ae7-3379-4c08-8830-7b2238366615,f7c15745-4bc1-4282-8037-a0ee456cae2b,2025-05-02,2025-05-02,predictive,Predictive maintenance: bucket service,[],431.88,Cynthia Baker,tracks/tires,0.769,3.2,True,2025-04-20
d8d72ac5-6063-4141-8e5a-1f307e2617ae,59b35768-9f6d-4676-8135-cf5cc838a9a8,2025-01-17,2025-01-21,scheduled,Scheduled maintenance: tracks/tires service,"[""bucket""]",514.18,Jordan Vang,,,1.7,True,2025-01-14
b3e07cf5-c7d0-4edd-9b04-4bb24d751035,182f17bb-8846-415b-8c18-b7274902bd80,2025-12-23,2025-12-25,predictive,Predictive maintenance: boom service,"[""boom"", ""belts""]",933.67,Sara Gross,electrical,0.763,0.9,True,2025-12-17
cb0bef0c-895c-4750-8412-d574fab5cf45,c69a04bd-a2d0-41a8-8fd8-fda8e023cd14,2026-02-19,2026-02-23,scheduled,Scheduled maintenance: filters service,"[""transmission"", ""electrical"", ""hydraulic_system""]",49.92,Allison Huff,,,36.3,True,2026-02-06
193a6d50-75a4-4f1a-ad4e-6f2d409db7b6,215e05b6-85bb-4941-850d-7f4508c4201b,2026-04-13,2026-04-17,emergency,Emergency maintenance: hydraulic_system service,"[""tracks/tires""]",1326.17,Jason Meyer,,,26.9,True,2026-03-30
2ad224f9-27ff-4426-9bb5-6cfdfd70694c,d0c23b9c-6b14-4725-a4d2-11a696255f20,2025-07-30,2025-07-30,predictive,Predictive maintenance: engine service,"[""boom""]",56.37,Tanya Williams,electrical,0.705,6.6,True,2025-07-20
fd21686a-a0dc-40e8-b30d-6081fdfa99c6,7b26b146-0b8b-4b6f-a925-7226c0054069,2025-05-02,2025-05-06,scheduled,Scheduled maintenance: boom service,"[""engine"", ""boom"", ""hydraulic_system""]",461.14,Jeffery Wilson,,,3.6,True,2025-04-23
a80a32d8-ad78-4f5c-8391-2ac5b7a9c2f3,04713cc6-70a5-4613-b316-15a2911c362d,2026-03-24,2026-03-25,predictive,Predictive maintenance: tracks/tires service,"[""belts""]",117.6,Stacy Lang,belts,0.889,5.5,True,2026-03-12
a9b39e93-60eb-4e46-af1c-be0483ec6255,2a3e913c-f1f7-4092-942d-a5b2787c31f6,2026-06-02,2026-06-05,predictive,Predictive maintenance: engine service,[],447.81,Katherine Proctor,hydraulic_system,0.942,12.9,True,2026-05-26
c2030b4c-d464-41cf-b50c-a07591758c11,4f71b56f-b097-48ad-9638-8d2076107986,2025-12-23,2025-12-28,scheduled,Scheduled maintenance: bucket service,[],70.6,Justin Sullivan,,,4.8,True,2025-12-17
21b76e93-ae8f-4a73-bc3e-a3550faf67ba,c2cb93cd-ef91-41d5-804b-e127e14d401f,2024-10-07,2024-10-09,emergency,Emergency maintenance: belts service,"[""filters"", ""tracks/tires"", ""bucket""]",445.24,James Williams,,,13.4,True,2024-09-26
7eeb1c6e-b490-4d46-a991-468b2a16b8da,931a1d76-c0dc-451c-8fb8-938ee88e4521,2025-04-30,,emergency,Emergency maintenance: electrical service,"[""belts"", ""tracks/tires"", ""boom""]",498.59,Matthew Williams,,,1.6,False,2025-04-22
87807a89-8155-4049-bd0d-199ac69c814c,4bba57e3-eae8-4c6e-b9d5-8b3cd965fb65,2026-06-12,2026-06-16,scheduled,Scheduled maintenance: hydraulic_system service,"[""engine""]",1250.74,Hannah Stanley,,,0.5,True,2026-06-02
4ec7d5ea-f6ec-413d-95d7-e2fe98b5194d,950d7a86-1092-4549-af29-be32132f5e1c,2026-05-18,2026-05-20,emergency,Emergency maintenance: boom service,[],587.84,Donna Ruiz,,,35.2,True,2026-05-13
a0ea2e1d-04dd-4cc3-a7b1-abc5c50a2692,f1b4d8ee-ca3f-4950-8d28-3bd74f725346,2025-03-14,2025-03-19,emergency,Emergency maintenance: hydraulic_system service,"[""belts""]",265.54,Christine Montgomery,,,3.5,True,2025-02-28
0e697a13-21b9-4cc0-9f40-cc5b44720d63,aff917c0-34d6-401d-9f56-a82a97bbd96f,2026-04-23,2026-04-27,predictive,Predictive maintenance: filters service,"[""hydraulic_system"", ""tracks/tires"", ""transmission""]",1751.07,Kristin Cruz,electrical,0.866,0.1,True,2026-04-17
f9f65dcd-538b-408a-bdf2-4ccb620ccca5,072478da-740e-43d1-82aa-bc9e0891ca74,2025-09-17,2025-09-22,predictive,Predictive maintenance: boom service,[],938.77,Allison Arnold,tracks/tires,0.74,0.2,True,2025-09-14
d498ff2b-92d3-40c6-bc3e-3389e9eafb9d,5d9f9295-5c32-4e83-b08e-c8f62318aa1e,2025-11-11,2025-11-14,scheduled,Scheduled maintenance: hydraulic_system service,"[""belts"", ""transmission"", ""electrical""]",167.93,Carlos Barnett,,,1.2,True,2025-10-31
b149dfd6-aacd-457f-a552-06d61164a9fc,9c880c4b-a14a-4fb1-975a-afa25e2bbf2b,2026-02-16,2026-02-17,emergency,Emergency maintenance: bucket service,"[""bucket"", ""electrical"", ""filters""]",884.85,Megan Smith,,,4.0,True,2026-02-04
d482530b-9b5f-4949-8dd0-81824ef5fb41,ce7afa67-1d23-44f2-9672-c87922da13c0,2026-02-19,2026-02-20,emergency,Emergency maintenance: filters service,"[""filters"", ""tracks/tires""]",366.6,Jacob Johnson,,,1.2,True,2026-02-08
c4ba668e-79cc-4665-b411-b894760850fb,f90a7087-1dfb-4b75-af42-add5c13d5e8a,2026-04-25,2026-04-26,inspection,Inspection maintenance: bucket service,"[""engine"", ""hydraulic_system"", ""transmission""]",550.88,Kenneth Reed,,,3.5,True,2026-04-15
3c964ae4-25af-4dfb-8ba3-b6bbb806306d,2a543b5d-d165-45c3-90d6-5658147deb58,2026-06-07,2026-06-07,emergency,Emergency maintenance: transmission service,[],483.14,Jane Manning,,,0.7,True,2026-05-26
f16cf0ab-a2c1-4de1-8590-4d53bf9dab17,f9271522-1a5c-4203-a2a8-d50621be7417,2025-05-25,2025-05-27,scheduled,Scheduled maintenance: tracks/tires service,"[""boom""]",88.32,Juan Davis MD,,,14.5,True,2025-05-15
9dea462e-1cca-4a36-82ad-fadd6ecf23ee,64766cad-2c85-47fe-b707-501568ccc2cf,2026-06-12,2026-06-17,scheduled,Scheduled maintenance: bucket service,"[""engine""]",955.73,Karen Houston,,,5.4,True,2026-06-03
9b46bf6a-1ab0-4b8b-b534-a8e0adba1a74,d38182d3-7ec9-41ee-9d28-5cc0e6891e45,2025-12-28,2026-01-01,predictive,Predictive maintenance: filters service,[],837.1,Jennifer Martin,electrical,0.9,6.9,True,2025-12-15
460a1a24-c2cb-419d-af35-dbacb1bd53b1,a1a9e320-e0f1-44dc-a190-0bd5bc77388c,2024-12-13,2024-12-13,emergency,Emergency maintenance: boom service,"[""transmission"", ""engine""]",586.57,Crystal James,,,7.2,True,2024-12-05
6c93cd58-abdc-45f1-87fe-8bd611dd0d81,b02c5d8e-75ac-4378-8937-7cc5bea02b86,2025-10-28,2025-10-28,scheduled,Scheduled maintenance: boom service,"[""belts"", ""electrical""]",293.65,Alicia Castillo,,,13.8,True,2025-10-16
a49af970-09df-47fc-96df-9bae46caa617,a92a8d5c-7f8d-4b9b-a85a-69e6c738f472,2024-09-13,2024-09-18,scheduled,Scheduled maintenance: engine service,"[""transmission"", ""electrical""]",224.95,Ryan Faulkner,,,0.3,True,2024-09-10
7d994742-8ae0-43fc-854b-e171e721aee5,ca73949f-0806-42b8-b607-c709518f50f9,2026-04-04,2026-04-06,scheduled,Scheduled maintenance: tracks/tires service,"[""electrical""]",147.97,Barbara Freeman,,,19.9,True,2026-03-22
5bd9e6ea-75cf-4b31-8bd2-966812ce8e2b,e5f9c625-ef35-4d40-b589-e5e8c7796840,2025-05-13,2025-05-13,predictive,Predictive maintenance: boom service,[],168.3,Paul Watson,tracks/tires,0.692,30.2,True,2025-05-11
df68c46c-df57-47e3-8f5c-22ba9e5aae5c,7824d243-5ef9-4347-95e1-58acd2db6775,2024-08-25,2024-08-29,predictive,Predictive maintenance: hydraulic_system service,"[""tracks/tires""]",1063.81,Morgan Garcia,electrical,0.72,19.5,True,2024-08-12
9a783328-ffd8-4894-af5a-961af05b06c6,931a1d76-c0dc-451c-8fb8-938ee88e4521,2025-11-08,2025-11-10,emergency,Emergency maintenance: boom service,"[""boom"", ""bucket"", ""belts""]",191.82,Phillip Morgan,,,0.4,True,2025-10-31
fda19376-1c1b-4ed6-8a19-3225edb26882,d7c9ef83-f02e-480d-8d01-0ace3407745f,2025-02-25,2025-02-26,emergency,Emergency maintenance: filters service,"[""engine"", ""bucket"", ""boom""]",348.46,Danny Boyd,,,24.3,True,2025-02-18
ef2fd191-ab16-4a4c-abf5-7958a9e4aac3,bb4efe15-9571-48db-9fa8-5262c897a655,2025-12-22,2025-12-26,predictive,Predictive maintenance: filters service,"[""tracks/tires"", ""electrical"", ""hydraulic_system""]",796.04,Frank Marshall,belts,0.942,8.1,True,2025-12-16
0b5f9658-4264-458e-9279-61e24e813db8,8da23c2a-5abe-405b-82d9-47dd98fdda1d,2024-11-28,2024-12-03,scheduled,Scheduled maintenance: boom service,"[""filters"", ""bucket""]",2250.94,Lisa Powers,,,1.1,True,2024-11-22
70a72532-3c6d-4ab0-89ba-a748b5050e87,f7e2d4bb-1c8c-42bd-8c1a-e0424303bb7f,2026-03-19,2026-03-21,predictive,Predictive maintenance: tracks/tires service,"[""belts"", ""engine"", ""bucket""]",38.31,David Holden,hydraulic_system,0.88,1.7,True,2026-03-18
1d60b001-b86f-427a-9719-f091b8e49339,64da132c-25da-4c0a-9389-d185cb4c0ecc,2025-10-29,2025-10-31,scheduled,Scheduled maintenance: boom service,"[""filters"", ""hydraulic_system"", ""tracks/tires""]",620.85,Melissa Freeman,,,7.2,True,2025-10-16
2d8c083f-35a9-426f-ab20-2d92f0b3db3a,2fa01f07-a112-44e8-ac5d-57263f3da177,2024-08-28,2024-08-29,scheduled,Scheduled maintenance: belts service,"[""hydraulic_system""]",1294.12,Stephanie Holt,,,1.0,True,2024-08-17
2988bccd-b0a3-46a7-9fb0-9e9e568dbf96,02b01403-ec33-4019-a641-5252aa73f24d,2025-10-26,2025-10-30,predictive,Predictive maintenance: belts service,"[""belts"", ""bucket""]",504.11,Emily Hamilton,bucket,0.879,13.0,True,2025-10-22
05394a32-25f6-46f1-9257-aec7adaa4cb3,81c0302e-89de-45fb-adf7-ccee6ebec7fc,2026-02-07,2026-02-12,inspection,Inspection maintenance: belts service,[],1156.01,Joseph Hanna,,,21.2,True,2026-02-01
e650e591-2a25-44fe-9080-f0b477955bc4,81c0302e-89de-45fb-adf7-ccee6ebec7fc,2026-01-04,2026-01-08,scheduled,Scheduled maintenance: boom service,"[""filters"", ""electrical""]",541.48,Danielle Elliott,,,5.7,True,2025-12-22
c4e904f3-15d4-4f72-91bc-73048864d450,0e230284-45e5-459c-bbd8-60f481a0417e,2025-12-26,2025-12-28,predictive,Predictive maintenance: tracks/tires service,"[""hydraulic_system""]",59.32,Jaime Smith,engine,0.763,23.8,True,2025-12-20
21a7bc17-585a-4ef2-8ec1-bd35c3c99312,98b237f2-21f1-44b2-926d-a40d7086ae19,2024-12-01,2024-12-04,inspection,Inspection maintenance: transmission service,"[""transmission"", ""belts""]",896.36,Tracey Williams,,,5.1,True,2024-11-23
1a755d29-77d8-44a5-b61d-c12c3dcae46f,6bb78ee8-3ddc-48f2-84a1-18a349930a02,2024-09-20,2024-09-23,scheduled,Scheduled maintenance: bucket service,"[""engine""]",331.26,Jacob Thomas,,,3.2,True,2024-09-07
74249e1b-67b7-4a25-aa9b-f7939a99fd63,1dce7fc2-4f7e-4246-8958-4e31a35460a8,2024-09-29,2024-10-04,predictive,Predictive maintenance: transmission service,[],279.26,Jason Morton,boom,0.699,4.1,True,2024-09-21
384f23d8-4f04-49a1-a4f5-4298bb3b7155,d7c9ef83-f02e-480d-8d01-0ace3407745f,2025-04-17,2025-04-18,predictive,Predictive maintenance: transmission service,"[""tracks/tires""]",1467.18,Anna James,transmission,0.898,52.4,True,2025-04-11
dff0553f-8eec-469f-ad3e-2fea18c7d507,6c041610-c5e7-42b5-99aa-99375af1b892,2024-09-05,2024-09-06,scheduled,Scheduled maintenance: tracks/tires service,"[""bucket"", ""electrical"", ""hydraulic_system""]",1513.85,Suzanne Landry,,,5.1,True,2024-09-02
eea10498-269c-4dff-899e-7dc57ef8c7e9,ee728683-9a28-4358-bf02-a91e1797df03,2025-05-30,2025-05-31,predictive,Predictive maintenance: engine service,"[""hydraulic_system"", ""electrical""]",1841.68,Andrew Hanson,belts,0.749,5.0,True,2025-05-22
f8334617-01db-4a04-b284-8f5adfa7f266,b02c5d8e-75ac-4378-8937-7cc5bea02b86,2025-08-05,2025-08-07,inspection,Inspection maintenance: engine service,"[""engine""]",964.41,Suzanne Higgins,,,0.6,True,2025-07-22
5fff4b95-3644-41cd-913b-797f405c6a12,ce450d7c-8744-4bea-b762-ae5dea8c17fa,2025-05-15,2025-05-15,scheduled,Scheduled maintenance: boom service,[],474.78,Danielle Thomas,,,0.5,True,2025-05-05
44cecc90-a375-4da9-a4a2-d36b09c3a996,1e848229-19cd-43bf-a961-c1ef07db203b,2025-05-15,2025-05-18,scheduled,Scheduled maintenance: filters service,"[""boom""]",581.39,Ronald Sampson,,,5.4,True,2025-05-10
0c160d9c-a264-4980-8de5-fd0e0dcaf58b,0f7d5c97-b430-406b-90e3-da526bfca28c,2026-04-29,2026-05-03,emergency,Emergency maintenance: belts service,"[""electrical""]",201.8,Rebecca Ramirez,,,2.0,True,2026-04-20
7defd382-41d6-4fce-a961-d591cd68bace,b41ba241-49fa-43d9-90d5-f6cf8fedeed1,2026-04-06,2026-04-07,emergency,Emergency maintenance: transmission service,[],744.27,Eric Johns,,,5.9,True,2026-04-01
cc4bb01d-cb56-4dec-9265-9763eaedfc70,a3d0eceb-f048-4f7e-b169-f455e9fd6f1b,2025-12-09,2025-12-11,inspection,Inspection maintenance: hydraulic_system service,[],41.77,Patricia Huffman,,,14.5,True,2025-12-06
53daac52-81a6-407e-9ae8-1d4cd17e50c8,914f974b-1a14-4400-a630-5228c6c8979e,2026-04-26,2026-04-30,emergency,Emergency maintenance: filters service,"[""transmission"", ""tracks/tires""]",1966.13,Alexis Hernandez,,,3.2,True,2026-04-22
fc4394b7-8fe3-47b2-aa15-eaa425a29bb6,ce450d7c-8744-4bea-b762-ae5dea8c17fa,2025-02-06,2025-02-09,predictive,Predictive maintenance: bucket service,"[""transmission"", ""engine"", ""electrical""]",67.31,Melissa Adams,bucket,0.713,1.0,True,2025-01-28
0513c7a5-068e-4b83-9848-39d10f2f3d70,2e191460-61de-446d-b75f-495b2327169f,2024-09-15,2024-09-15,inspection,Inspection maintenance: belts service,"[""belts"", ""bucket"", ""filters""]",174.58,Kevin Shaw,,,3.2,True,2024-09-12
b985a929-82d8-4034-a0ae-8dced733dfc3,7edcfa59-db28-4bba-9f31-5f2b6b39f147,2025-01-07,2025-01-11,emergency,Emergency maintenance: transmission service,"[""hydraulic_system""]",253.16,Richard Cook,,,4.6,True,2025-01-03
e55712be-2e7c-4470-8a3d-2c2e374fdd2d,7bc3cbca-b4c9-45c2-9c98-9a7c8435a94a,2025-04-22,2025-04-25,scheduled,Scheduled maintenance: transmission service,"[""filters""]",5.29,Ronald Jenkins,,,0.2,True,2025-04-11
49eb4d72-67b4-47cd-81df-52c37bca122e,2ab932e1-c4fd-4896-959e-68103ceed44c,2025-06-15,2025-06-16,scheduled,Scheduled maintenance: tracks/tires service,"[""hydraulic_system""]",491.65,Mallory Rodriguez,,,5.0,True,2025-06-03
9249bd2f-dfb5-4e4e-acf2-5d65a87d25a6,a6b243e1-d7b4-459e-a48c-e1ad64b258ad,2025-03-26,2025-03-27,scheduled,Scheduled maintenance: boom service,"[""transmission"", ""engine""]",272.02,Robert Marquez,,,7.1,True,2025-03-24
0c774564-5634-4750-b4c3-c18592d2053b,3f77bff8-e040-4597-b2da-60afc49d959a,2025-10-30,2025-10-31,emergency,Emergency maintenance: filters service,[],41.79,Samuel Snow,,,36.8,True,2025-10-18
436c83ef-5ebf-4e2a-a119-78f69a822e7a,3a76d8e4-e510-4b2d-af15-231bf99e8c49,2026-03-26,2026-03-26,scheduled,Scheduled maintenance: boom service,"[""tracks/tires"", ""belts""]",365.53,Kerry Long,,,4.1,True,2026-03-15
a0314618-7c0d-4944-8423-7eae8ea1c1db,8642a224-72f3-4822-bb82-8942f8a3085a,2026-03-05,2026-03-05,emergency,Emergency maintenance: electrical service,"[""belts"", ""electrical"", ""filters""]",41.61,Drew Simmons,,,2.2,True,2026-02-28
ed84d8eb-8c12-4bc3-a94a-7beb852901b6,5d99e1fe-39af-48c4-bed0-9c6d2954bc60,2025-12-27,2025-12-27,scheduled,Scheduled maintenance: boom service,"[""electrical""]",195.53,Shannon Green,,,16.4,True,2025-12-14
2559ce45-299c-4497-820d-c642d515d27c,815d7246-1521-445a-a263-10529652cda7,2025-12-19,2025-12-19,scheduled,Scheduled maintenance: electrical service,"[""tracks/tires""]",331.04,Andrew Blevins,,,7.5,True,2025-12-09
c345a19f-96d1-4165-bdef-c3d518472898,6362aa13-f90b-43d0-8f04-4e1394a1b586,2025-05-25,2025-05-25,predictive,Predictive maintenance: belts service,"[""boom"", ""bucket"", ""electrical""]",2345.11,Ms. Jessica Scott,transmission,0.952,5.3,True,2025-05-19
6d2affd6-ddc9-44e2-a046-06a4add37230,4a5152a5-8633-4eee-8995-610a98395c35,2024-09-17,2024-09-17,inspection,Inspection maintenance: belts service,[],626.58,Devin Cunningham DDS,,,3.3,True,2024-09-14
6a0655f2-161f-4aec-b60f-abfe984ed80d,4827da2c-5630-4ab3-a6aa-811c3113c8ca,2024-12-30,2025-01-04,scheduled,Scheduled maintenance: electrical service,[],119.83,Erik Gonzalez,,,0.3,True,2024-12-25
7a7540aa-b7bf-4231-a886-8ef743853ac5,aafa3610-ebf7-48be-8799-dec94f9be309,2025-10-16,2025-10-20,inspection,Inspection maintenance: transmission service,"[""belts"", ""electrical"", ""boom""]",4002.68,Brian Harrison,,,7.5,True,2025-10-05
0c533641-8678-4a6d-bcae-ffd0bdaeb1f7,381d3788-1ff3-4eb9-9557-878c71dcd271,2025-02-03,2025-02-04,inspection,Inspection maintenance: hydraulic_system service,"[""engine"", ""transmission"", ""bucket""]",272.75,Jill Tate,,,4.2,True,2025-01-23
b24fda18-e6d1-42f5-88ba-7fc62b29bd44,0fe403fa-d3ba-4841-b786-20b08f190bd7,2026-06-12,2026-06-17,inspection,Inspection maintenance: tracks/tires service,"[""tracks/tires"", ""hydraulic_system"", ""bucket""]",9.62,Greg Jackson,,,16.3,True,2026-06-10
7dc5fada-36ae-4cd2-9aa7-acf3b13e9d28,ba105fd9-2a4d-42f3-a3a5-82d883912a21,2026-05-18,2026-05-22,scheduled,Scheduled maintenance: bucket service,"[""transmission"", ""tracks/tires""]",431.22,Melissa Peterson,,,0.2,True,2026-05-14
3e7731b4-2a4e-40b8-b087-a2e27f1e3f27,5642a992-bebb-41f3-a1d4-3bb12ba707ce,2026-05-24,2026-05-26,emergency,Emergency maintenance: electrical service,"[""bucket"", ""filters""]",134.23,Connie Hughes,,,25.3,True,2026-05-19
c8a8d0ef-88d4-44e2-a28d-9772bcae9eaf,1c175d4b-1c57-4c76-9909-026fef889657,2025-10-31,2025-11-02,scheduled,Scheduled maintenance: transmission service,"[""transmission"", ""belts"", ""engine""]",372.82,Sara Peterson,,,8.8,True,2025-10-28
27762b0f-9a19-474a-918c-fec978182a5a,00dfc27a-dd6a-4526-8f65-77ab0420d66f,2025-05-04,2025-05-04,emergency,Emergency maintenance: transmission service,"[""belts""]",2377.3,Jasmine Henry,,,1.3,True,2025-04-29
5554e8eb-0fab-4a07-930f-00cf6aded941,4c21c115-2eeb-44b6-b2ca-7b22bf53d9f0,2024-09-08,2024-09-12,emergency,Emergency maintenance: engine service,[],195.98,Cynthia Green,,,2.1,True,2024-09-04
db38b0cd-4689-4abe-a796-1c535450ca1c,b518d166-c271-4061-b5d9-4f864ffbea4d,2025-02-02,2025-02-06,emergency,Emergency maintenance: electrical service,"[""tracks/tires""]",348.33,Alicia Ramirez,,,13.5,True,2025-01-29
d5eed499-33cd-420b-a5d7-8c66e5483414,ce450d7c-8744-4bea-b762-ae5dea8c17fa,2024-10-09,2024-10-14,inspection,Inspection maintenance: electrical service,"[""belts"", ""bucket""]",217.82,Jesse Perry,,,14.9,True,2024-10-06
00f7eaba-ffbf-424c-84f4-fd49769fe575,ca73949f-0806-42b8-b607-c709518f50f9,2025-01-21,2025-01-26,inspection,Inspection maintenance: filters service,"[""electrical"", ""tracks/tires"", ""belts""]",140.35,Lori Shelton,,,2.0,True,2025-01-08
02bdd8ed-1ae6-4c68-ad3c-6c216a6b9feb,3e3019fa-a267-4d7f-bb15-663440ce03d0,2025-03-15,2025-03-19,scheduled,Scheduled maintenance: boom service,[],448.37,Kayla Fernandez,,,16.6,True,2025-03-08
3becf800-8de2-4223-b3d0-b46b43aed50d,e897043a-a106-4f82-8982-e2790f64646c,2025-07-06,,scheduled,Scheduled maintenance: bucket service,"[""belts""]",750.1,Rebecca Hunter,,,0.8,False,2025-07-03
b09a07da-e640-4e55-b0fc-eae3babe390f,e87d5f74-e299-45fd-8c2e-8b861ec69ef0,2025-07-14,2025-07-15,inspection,Inspection maintenance: transmission service,"[""bucket""]",105.56,Tamara Weaver,,,12.8,True,2025-07-08
547e099d-e72b-45c7-98c7-ff643edebe9d,c4b2c196-1129-4ab1-afe7-10c94f191a12,2026-07-06,2026-07-09,inspection,Inspection maintenance: filters service,"[""engine"", ""filters"", ""tracks/tires""]",976.78,Douglas Smith,,,4.3,True,2026-06-24
54ff5e96-5595-4f5c-a293-d442e01f5cdd,ee728683-9a28-4358-bf02-a91e1797df03,2026-05-01,2026-05-05,inspection,Inspection maintenance: filters service,"[""electrical""]",27.59,Richard Thomas,,,16.7,True,2026-04-26
e99f9b26-45f8-4c81-a341-979bc8ffd07f,b0fde33e-3219-4e0c-af2d-8f177c487c61,2024-12-07,2024-12-12,predictive,Predictive maintenance: electrical service,"[""hydraulic_system"", ""tracks/tires""]",46.22,Mr. Frank Gonzalez,transmission,0.675,0.8,True,2024-11-28
59993db9-c5c7-4718-b4e7-2f468a304035,36c9eddd-1e7f-455d-9179-0ddfff792ce4,2025-07-23,,predictive,Predictive maintenance: bucket service,"[""boom"", ""belts"", ""electrical""]",37.37,Scott Snyder,engine,0.881,4.5,False,2025-07-13
710c3040-08bd-46ef-a579-35e881fb6b87,d47eca91-9b10-4616-a8ac-c4a615f58553,2025-06-26,2025-07-01,inspection,Inspection maintenance: hydraulic_system service,"[""hydraulic_system"", ""tracks/tires"", ""boom""]",17.76,Caroline Dougherty,,,2.3,True,2025-06-25
df281586-4569-45db-a3f8-f5dda321a2fe,67bb39ff-2ab4-4470-85a5-4fb2bf5e4f06,2025-01-30,2025-01-31,inspection,Inspection maintenance: belts service,"[""transmission"", ""tracks/tires"", ""electrical""]",23.5,Dr. Joshua Brown,,,11.2,True,2025-01-24
1c3747cd-ac0d-4c4a-b830-038e71c39403,79f5bb58-6b8a-4eb8-82d9-816fbcff25fb,2025-11-12,2025-11-13,scheduled,Scheduled maintenance: engine service,"[""hydraulic_system"", ""transmission"", ""bucket""]",141.91,Kathryn Martinez,,,9.7,True,2025-10-31
5fa3ce23-77b1-4383-97e2-6866de5a0136,b6fddce9-34b6-4d7e-9a08-ec7ea6fe4fe1,2025-01-31,2025-02-02,scheduled,Scheduled maintenance: engine service,"[""tracks/tires"", ""electrical"", ""filters""]",612.0,James Lozano,,,2.9,True,2025-01-29
60286893-c73d-4905-b2da-6a5cc9d01f25,a99138d7-fc1a-45db-abb6-6038260c9551,2025-06-30,2025-07-02,inspection,Inspection maintenance: boom service,"[""tracks/tires"", ""bucket"", ""hydraulic_system""]",453.83,Brittney Mcneil,,,0.9,True,2025-06-17
902c0f23-9260-4456-bc29-16172cd4cf32,523ae008-56cf-49dd-b2c2-25d09a9fc7f0,2026-07-10,2026-07-10,predictive,Predictive maintenance: filters service,"[""bucket""]",531.54,Barbara Murphy,filters,0.911,5.8,True,2026-06-27
9ffc7b47-6647-4502-956f-eac905681a51,e4c7d5f6-acdd-4e38-bdd2-468471426d0c,2025-03-09,2025-03-09,predictive,Predictive maintenance: bucket service,"[""engine"", ""filters"", ""belts""]",395.83,Amy Palmer,electrical,0.953,22.5,True,2025-02-24
b2539aeb-01d7-4d0b-b19f-125f5dd3850e,f7c15745-4bc1-4282-8037-a0ee456cae2b,2025-05-31,2025-06-03,emergency,Emergency maintenance: bucket service,"[""filters""]",381.18,Christopher Terry,,,0.8,True,2025-05-26
24ff7b82-690c-40a7-a957-79d72283e419,aca42319-33a0-4cf6-8b7d-78859b677eb0,2025-08-11,2025-08-15,inspection,Inspection maintenance: boom service,"[""tracks/tires"", ""hydraulic_system"", ""boom""]",59.02,Claudia Howard,,,6.7,True,2025-08-09
90915f2d-878c-4019-9cdd-59027508ee46,4d1f93ef-9f20-4d42-95b3-50f240c48266,2026-03-04,,inspection,Inspection maintenance: transmission service,[],705.72,Kelly Johnson,,,16.6,False,2026-02-23
79f160fa-89b1-40da-a9d3-0a494e105fd1,391860e9-8798-4e35-9e30-5f14351574d1,2025-01-20,2025-01-24,scheduled,Scheduled maintenance: electrical service,"[""electrical""]",373.36,Brian Ramirez,,,4.0,True,2025-01-10
2d4478cc-6e5b-410d-92ae-ac6f8c582c2b,b24fa081-aa17-4833-8918-458773a878de,2024-10-28,2024-10-29,scheduled,Scheduled maintenance: boom service,[],232.98,Jennifer Payne,,,0.7,True,2024-10-24
ada53576-6c92-4e5f-822c-16a7bc92f3f7,39cbbc93-29f2-4e0d-ba49-2ad2f95c25a6,2026-02-12,2026-02-13,scheduled,Scheduled maintenance: filters service,"[""boom""]",1583.94,Mary Buchanan,,,5.6,True,2026-02-04
c71d3312-a070-4aae-815b-ca2375f9d1aa,64da132c-25da-4c0a-9389-d185cb4c0ecc,2025-02-24,2025-02-26,predictive,Predictive maintenance: engine service,[],350.66,Mrs. Pamela Kennedy,transmission,0.955,4.5,True,2025-02-17
53bf4bd4-8b91-4aa9-bbfd-520c43cd15f7,ad93f44d-9ddc-4672-855d-100cd24c8b51,2024-11-12,2024-11-12,inspection,Inspection maintenance: engine service,[],636.25,Andrew Simmons,,,11.1,True,2024-11-01
0825a387-4bd5-45e6-9445-a1349f19f0ae,e8c59ca6-861d-4ed9-a892-b645beecb81b,2026-05-26,2026-05-26,emergency,Emergency maintenance: belts service,[],298.17,Phillip Martin,,,25.1,True,2026-05-18
a9b582ae-08ac-4f83-9d57-dc52653d7ce5,9c2bc4ab-d317-450a-8818-04d890a071d7,2025-08-31,2025-09-04,inspection,Inspection maintenance: hydraulic_system service,[],267.01,Jacob Garcia,,,8.0,True,2025-08-18
5dcecb6a-685e-4a50-b37a-b2c6be20dacd,6eefc392-0b72-48dc-a5c8-10df35c151f3,2025-11-13,2025-11-15,predictive,Predictive maintenance: transmission service,"[""electrical"", ""hydraulic_system""]",295.83,Mark Peters DDS,bucket,0.971,1.0,True,2025-11-09
2efbe5b3-edf6-4e9a-a4d1-7fe706738eff,d11977a9-580d-4018-a9c1-93c2d7085b44,2025-07-13,2025-07-18,scheduled,Scheduled maintenance: hydraulic_system service,"[""tracks/tires"", ""boom"", ""belts""]",137.49,Carlos Maldonado,,,6.9,True,2025-06-29
f69466f6-d975-4b62-be22-cd6573dfee55,709f2cf2-0dcd-4b9d-bdda-006429eac83c,2025-01-24,2025-01-26,emergency,Emergency maintenance: filters service,"[""tracks/tires"", ""transmission""]",856.56,Meredith Vaughn,,,23.2,True,2025-01-11
87fd4b7a-c617-450d-ac1e-a0b5c77235d3,51b3034a-db90-4dc5-b018-566495db2589,2025-02-28,2025-03-02,scheduled,Scheduled maintenance: belts service,"[""hydraulic_system"", ""transmission""]",369.41,Benjamin Cox II,,,39.6,True,2025-02-24
7320359d-7be3-4c28-862d-1c25c9132c88,625e3638-bb4d-4ec4-9a4a-6dc7b898370e,2026-02-14,2026-02-15,predictive,Predictive maintenance: filters service,"[""engine""]",645.63,Jerry Tate,boom,0.908,1.6,True,2026-02-13
85bc9f3b-cbf8-4f5c-abe5-4af6ac49c4c9,abe2f647-9c83-4219-b21e-d12d64d78f73,2024-10-14,2024-10-14,emergency,Emergency maintenance: tracks/tires service,"[""transmission""]",287.12,Brandon Smith,,,5.5,True,2024-10-10
fe2265bf-4663-4ed6-97e9-2fa8dc05cf61,ddbd5be4-77a3-49da-9f77-645bc86d3c01,2025-03-14,2025-03-17,predictive,Predictive maintenance: electrical service,"[""tracks/tires"", ""electrical"", ""transmission""]",1272.42,Stephen Bond,hydraulic_system,0.729,4.2,True,2025-03-08
33034e8d-702c-4b19-a6f5-0df49b2dd681,520758a5-0ba4-45b2-b4ea-a69f292f743f,2024-12-30,2025-01-03,scheduled,Scheduled maintenance: transmission service,"[""hydraulic_system""]",133.03,Matthew Nicholson,,,3.5,True,2024-12-28
9b953723-f8e2-4f6a-b77c-cfbfe89c77ba,3a76d8e4-e510-4b2d-af15-231bf99e8c49,2026-01-22,2026-01-23,emergency,Emergency maintenance: engine service,"[""filters""]",346.76,John Carey MD,,,12.6,True,2026-01-17
a84b35f2-106b-4203-aefc-647e140936af,0e2e2d65-7058-4484-8176-fc5c68adb06f,2026-03-10,2026-03-10,emergency,Emergency maintenance: tracks/tires service,"[""electrical"", ""engine""]",360.82,Christine Stewart,,,8.9,True,2026-02-28
063b535b-7288-422e-afaf-a3af91994497,214a10d4-9121-4f2f-94d1-ed3411e89c8e,2025-12-19,2025-12-24,scheduled,Scheduled maintenance: boom service,[],1252.7,Jennifer Carter,,,15.2,True,2025-12-06
274e180e-688b-41e3-84c1-159727310540,f1fc31b5-edd2-47b4-82bb-badf28984e0a,2026-04-19,2026-04-20,predictive,Predictive maintenance: boom service,"[""transmission"", ""filters""]",299.13,Tammy Moore,boom,0.859,2.8,True,2026-04-10
e9539a6c-82af-459d-b9ca-4c95d2ba837e,0e230284-45e5-459c-bbd8-60f481a0417e,2025-10-11,2025-10-11,scheduled,Scheduled maintenance: hydraulic_system service,"[""hydraulic_system"", ""boom"", ""tracks/tires""]",31.96,Kenneth Garcia,,,4.2,True,2025-09-30
152ce5f5-cc08-40b6-9fee-298b59e814c2,c9da8ca6-3f90-4aa8-a145-4aea622dc77a,2024-12-31,2025-01-04,predictive,Predictive maintenance: bucket service,"[""bucket"", ""belts""]",3.37,Larry Robinson,electrical,0.681,33.0,True,2024-12-24
398077f9-24a6-4e50-8378-5c59325ee6ad,1a1f0949-9c73-4342-a795-39b7dace660e,2025-09-19,2025-09-20,inspection,Inspection maintenance: electrical service,"[""electrical"", ""tracks/tires""]",313.45,Amanda Aguilar,,,0.5,True,2025-09-18
9b0b895d-1caf-4147-b206-ab7ffaf9eb45,02201479-8d39-4d3e-ae65-ca272d741ea6,2026-02-10,2026-02-13,inspection,Inspection maintenance: electrical service,"[""bucket"", ""electrical"", ""transmission""]",1864.18,Michelle Berg,,,8.7,True,2026-02-09
bc74ac5f-97d4-4041-befc-e10ed70d6c8b,e2a6e5bf-afa9-4fa2-a0a8-326ffc691ff4,2025-12-20,2025-12-20,emergency,Emergency maintenance: filters service,"[""hydraulic_system""]",416.28,James Clayton,,,1.2,True,2025-12-12
d7d8e3dc-cf81-4a6f-bdc6-f8d1af2d4b63,6dd74016-a902-444b-b617-7bd4f6b83294,2025-12-22,2025-12-22,scheduled,Scheduled maintenance: tracks/tires service,"[""electrical"", ""transmission""]",232.56,Brittney Morris,,,3.4,True,2025-12-10
07b10422-5fc3-4707-95d5-1aa46202f01b,3f77bff8-e040-4597-b2da-60afc49d959a,2026-02-16,2026-02-16,emergency,Emergency maintenance: belts service,[],326.05,Yvette Mays,,,6.7,True,2026-02-11
87742bc4-efc3-465c-a9ea-14dde577f846,422807d4-32dd-4b35-8c2a-82f7fdb57773,2026-05-13,2026-05-14,predictive,Predictive maintenance: engine service,"[""bucket""]",458.53,Zachary Gardner,filters,0.672,13.5,True,2026-05-04
beebda1e-08d9-41e1-b614-1a9ccf305f15,5d99e1fe-39af-48c4-bed0-9c6d2954bc60,2024-09-27,2024-10-01,scheduled,Scheduled maintenance: engine service,"[""transmission"", ""engine"", ""filters""]",522.7,Mrs. Tracy Brown,,,3.3,True,2024-09-13
6e98d52e-9039-4b58-9e2d-4d7eb2504f60,f1b4d8ee-ca3f-4950-8d28-3bd74f725346,2025-07-27,2025-07-29,inspection,Inspection maintenance: filters service,"[""boom"", ""engine"", ""belts""]",650.79,Connie Petty,,,5.2,True,2025-07-16
2f97654d-b015-4ef4-b47b-f26f787b7531,4a5152a5-8633-4eee-8995-610a98395c35,2025-10-06,2025-10-10,scheduled,Scheduled maintenance: electrical service,"[""electrical"", ""transmission"", ""bucket""]",493.41,Annette Richards,,,6.2,True,2025-09-22
95556c29-d1c8-4dd0-b8d2-31bf8c10eebb,bb0fe6b8-0fe1-460a-9f6a-a46d0e37c137,2025-03-23,2025-03-28,scheduled,Scheduled maintenance: transmission service,"[""tracks/tires""]",13.42,Nicholas Mcclain,,,8.9,True,2025-03-19
906cc839-57bc-4254-a5b2-3b05bfe8ed2a,1b648b73-4d61-4583-9733-c63854f6e8bc,2026-04-09,,emergency,Emergency maintenance: filters service,"[""hydraulic_system""]",110.61,Bailey Peters DDS,,,0.2,False,2026-03-29
ce9e456d-8ae2-4b3d-99b5-5a56e8939e2d,a86b3b10-4eb2-461f-b804-38398bc5a989,2024-08-06,,scheduled,Scheduled maintenance: transmission service,"[""hydraulic_system"", ""bucket"", ""tracks/tires""]",284.04,Heidi Graham,,,17.2,False,2024-07-24
aefc6942-9481-407a-bb0e-b69d1a761fb1,c812760e-d5e9-4fb4-a694-5cba6278a560,2025-06-09,2025-06-10,inspection,Inspection maintenance: filters service,[],358.68,Anna Edwards,,,4.4,True,2025-06-02
90d8c18c-1d6b-49dc-8327-8f74e4abd252,6eb3c128-7f31-49ca-8af6-cacf3145b1c2,2025-05-16,2025-05-21,predictive,Predictive maintenance: tracks/tires service,"[""boom"", ""belts""]",42.2,Bonnie Jacobs,engine,0.921,7.0,True,2025-05-05
ccbc86eb-43f5-4901-8493-fe3127a10599,576dbf3e-9271-427f-92a6-500335e7397e,2024-12-30,2025-01-02,scheduled,Scheduled maintenance: engine service,"[""bucket"", ""tracks/tires""]",866.21,Leslie Baker,,,2.0,True,2024-12-29
c6e3b98f-7311-440b-ba80-b10eb7f81493,f0121863-a9db-450f-87c7-7ceb72d128e3,2025-04-19,2025-04-23,inspection,Inspection maintenance: transmission service,"[""filters"", ""engine"", ""belts""]",448.39,Sandy Drake,,,7.6,True,2025-04-05
4c641244-eee3-47ba-a2e6-e74a1da7efb6,13e5f0b8-a79e-4d1f-b512-352272732b0d,2024-11-02,2024-11-07,scheduled,Scheduled maintenance: electrical service,"[""bucket"", ""engine""]",91.64,Jesse Osborne,,,5.1,True,2024-10-31
55bf6fc6-d909-4357-a1e7-102127a8be75,f8749ec0-d851-455c-83eb-60e4d29f6514,2025-02-22,,inspection,Inspection maintenance: bucket service,"[""bucket"", ""filters""]",480.67,Jerry Koch,,,30.4,False,2025-02-13
a9ee28b9-6eca-457c-a4be-a1a1f3f0ba66,c0075737-9138-41a1-851e-1878369ef8cc,2026-04-10,2026-04-12,emergency,Emergency maintenance: transmission service,"[""tracks/tires""]",221.99,Michelle Graham,,,2.2,True,2026-04-07
27e615b4-62e9-4bb3-9a36-7723b0a61b86,a9fa082c-7485-4391-8f10-e651e8511893,2024-11-10,2024-11-11,scheduled,Scheduled maintenance: tracks/tires service,"[""bucket"", ""filters"", ""tracks/tires""]",247.77,Robert Gibbs,,,0.3,True,2024-11-08
a8882adc-dcba-4817-80e3-ab3b5df4a1ad,523ae008-56cf-49dd-b2c2-25d09a9fc7f0,2024-12-18,2024-12-21,inspection,Inspection maintenance: boom service,[],352.97,Matthew Booth,,,15.1,True,2024-12-09
67996012-7e07-4da6-b9a0-6c18878a3013,40530ddf-9272-4398-b4f9-63123a51517d,2026-04-10,2026-04-13,scheduled,Scheduled maintenance: boom service,[],448.57,Tammy Williams,,,0.8,True,2026-04-06
edc46770-2ed3-4059-8168-15abbd46314d,28c59e12-d6c6-438e-8666-6d643c2f74d3,2025-12-26,2025-12-28,scheduled,Scheduled maintenance: electrical service,"[""electrical"", ""belts""]",360.85,Wyatt Schroeder,,,4.4,True,2025-12-14
758fccea-9c8f-4735-9506-ca8d6e82fbf5,36abd37b-7941-4398-bc33-c6512a939d89,2024-08-17,2024-08-21,inspection,Inspection maintenance: hydraulic_system service,[],1254.46,Matthew Howell,,,40.9,True,2024-08-04
2ba443aa-6ee5-4b6c-9465-d8a709b08d11,f6efd6c6-f920-4a49-a686-816b436f93d6,2026-02-07,2026-02-09,scheduled,Scheduled maintenance: boom service,[],1626.2,Michele Kennedy,,,3.4,True,2026-01-25
883643ac-3dec-4e45-aea2-57d4bb344227,25ed9c6c-50c1-4aed-a7cb-50562f4ffc7f,2025-03-21,2025-03-26,scheduled,Scheduled maintenance: engine service,"[""bucket"", ""tracks/tires"", ""electrical""]",2190.49,Curtis Cannon,,,12.9,True,2025-03-19
0e3dad10-4846-4631-8662-ef7ea0fe9ad2,a9fa082c-7485-4391-8f10-e651e8511893,2025-01-03,2025-01-04,predictive,Predictive maintenance: bucket service,"[""hydraulic_system"", ""boom""]",335.94,John Lopez,hydraulic_system,0.692,1.7,True,2024-12-27
e9f87172-488c-4c1c-b83e-44f4686e0e96,e9c48846-1477-402e-a082-7422aff333ad,2025-05-03,2025-05-04,scheduled,Scheduled maintenance: engine service,[],387.31,Mark Stafford,,,3.0,True,2025-05-02
b69025be-c752-41bc-9f1f-747a041a0c54,422807d4-32dd-4b35-8c2a-82f7fdb57773,2025-01-25,2025-01-25,scheduled,Scheduled maintenance: transmission service,[],31.28,Jennifer Chandler,,,2.9,True,2025-01-24
9a7240c4-f0e1-44c4-a693-038f69754e74,39cbbc93-29f2-4e0d-ba49-2ad2f95c25a6,2026-05-02,2026-05-05,scheduled,Scheduled maintenance: belts service,"[""belts""]",1676.58,Christy Webb,,,20.6,True,2026-04-26
df6bf711-18bc-4ee3-9b3d-f5123b75d1bd,f7b9c56a-64cc-4252-9668-3ca9016df1cd,2026-04-21,2026-04-23,emergency,Emergency maintenance: engine service,"[""electrical""]",348.12,Suzanne Pena,,,2.5,True,2026-04-08
8d0a6881-f9d1-405c-92c3-32c7f953b4bf,d4fcf864-c14f-4a53-b077-e119097b7211,2025-01-01,2025-01-04,emergency,Emergency maintenance: hydraulic_system service,[],107.22,Corey Patterson,,,13.4,True,2024-12-26
61b3dbfa-b9b8-4fd1-bda7-848af969ee9d,2e191460-61de-446d-b75f-495b2327169f,2025-12-01,,scheduled,Scheduled maintenance: belts service,"[""hydraulic_system"", ""filters"", ""engine""]",956.61,Raymond Bell,,,0.8,False,2025-11-27
d28ddd9b-2eb7-4a76-b4ce-52de87ace124,c5490413-d9aa-4570-96f4-375863a45061,2025-02-25,2025-03-02,emergency,Emergency maintenance: transmission service,"[""boom"", ""tracks/tires"", ""hydraulic_system""]",1436.94,Catherine Martinez,,,11.5,True,2025-02-20
9cc4d66c-b51b-4bc1-8ac5-80fe1c18a813,302a2187-abca-48b5-824b-a164d18aa722,2025-04-05,2025-04-08,emergency,Emergency maintenance: electrical service,"[""boom""]",201.69,Cassandra Thompson,,,4.8,True,2025-03-31
242016dc-2c63-4cab-b56e-aa3fd79c8d60,949f1670-da08-4a43-9030-bfabbedb1e17,2025-10-16,2025-10-17,emergency,Emergency maintenance: bucket service,"[""hydraulic_system"", ""belts""]",488.08,Amanda Newman,,,1.3,True,2025-10-05
deff1d59-b00c-4649-8632-80406a347d20,182f17bb-8846-415b-8c18-b7274902bd80,2025-05-09,2025-05-12,scheduled,Scheduled maintenance: engine service,[],828.44,Christopher Cummings,,,3.8,True,2025-05-03
ff99262d-af29-43b8-9131-98f7c707fc1e,256ae1d6-28db-4a55-9f2f-f9c516aa084d,2025-06-10,2025-06-11,emergency,Emergency maintenance: tracks/tires service,[],646.57,Dr. Jose Hansen,,,3.4,True,2025-06-03
d0bcfaec-a79c-4290-9cd0-96e71b78d4db,4f804537-7460-49be-853b-8bfb688ebf47,2025-06-06,2025-06-10,predictive,Predictive maintenance: hydraulic_system service,"[""tracks/tires"", ""electrical""]",39.83,Jay Swanson,belts,0.897,9.0,True,2025-05-26
73b00343-de94-49ca-bfdd-9f594f23d9df,54411a6d-67c8-4476-8f14-9964722d407e,2024-09-24,2024-09-29,emergency,Emergency maintenance: boom service,[],199.9,Sarah Lara,,,2.9,True,2024-09-16
757c8ae1-168c-4c02-94ec-d848e21a8a47,28c59e12-d6c6-438e-8666-6d643c2f74d3,2025-04-02,2025-04-07,scheduled,Scheduled maintenance: hydraulic_system service,"[""hydraulic_system"", ""bucket""]",517.4,Joseph Thomas,,,4.1,True,2025-03-27
5e1e1b0e-1d57-4e9d-8f72-dcaea63dc2ed,ef023ed0-6345-4dfd-91cf-264ae49d47f0,2025-09-26,2025-10-01,scheduled,Scheduled maintenance: bucket service,"[""engine""]",902.55,Garrett Johnson,,,3.6,True,2025-09-15
cda97bbc-1137-43b2-acca-60ce4d3e69dd,5903669c-e4cc-4d39-bc9f-53120b80b901,2025-08-12,2025-08-17,scheduled,Scheduled maintenance: electrical service,"[""belts"", ""electrical""]",84.9,Scott Rogers,,,4.4,True,2025-07-31
89a1f732-dbde-45d6-9f4c-81abb3a66c42,4c21c115-2eeb-44b6-b2ca-7b22bf53d9f0,2025-11-11,2025-11-14,scheduled,Scheduled maintenance: bucket service,[],230.18,Jennifer King,,,0.2,True,2025-10-28
cd97aafd-ca97-4f64-a1b1-514f0c3d40de,ddbd5be4-77a3-49da-9f77-645bc86d3c01,2026-03-29,2026-03-29,scheduled,Scheduled maintenance: electrical service,"[""belts"", ""tracks/tires"", ""hydraulic_system""]",143.12,Ashley Black,,,8.5,True,2026-03-26
f434cffc-89cb-4699-8da5-f885711763f1,25ed9c6c-50c1-4aed-a7cb-50562f4ffc7f,2026-05-14,2026-05-15,inspection,Inspection maintenance: tracks/tires service,"[""transmission""]",115.39,Nathan Nelson,,,3.6,True,2026-05-05
e35483a5-97cf-40b5-9504-6728a82f3fff,31610fc4-9e43-43fe-bf58-914559dbb82e,2026-07-04,2026-07-05,scheduled,Scheduled maintenance: hydraulic_system service,"[""boom"", ""transmission"", ""tracks/tires""]",763.61,Alyssa Smith,,,9.4,True,2026-06-25
8c179588-b9f6-48b4-84e8-09aa93cf0000,8a49cc71-9105-44fb-aaa2-87468d31f619,2024-09-09,2024-09-09,predictive,Predictive maintenance: belts service,"[""engine"", ""transmission""]",206.68,John Huff,belts,0.754,4.7,True,2024-08-27
55fdb397-096f-453a-aa6d-821f6144233e,d453fc78-ea1f-4a63-89b7-885207cb6d0f,2025-09-17,,predictive,Predictive maintenance: electrical service,"[""electrical"", ""bucket"", ""hydraulic_system""]",837.92,Michael Zimmerman,bucket,0.871,7.4,False,2025-09-11
5c475925-e219-4ec2-b992-7a3f07a34c83,def63940-d7aa-4277-a1e0-1d42fef8779f,2025-07-27,2025-07-29,scheduled,Scheduled maintenance: tracks/tires service,"[""bucket"", ""engine"", ""hydraulic_system""]",604.84,Michael Hamilton DDS,,,6.5,True,2025-07-23
56d17538-ccc8-47cf-bd77-7ef4bf0a502a,6fa5fe73-6509-439e-b774-bdd26d66730b,2026-03-10,2026-03-10,emergency,Emergency maintenance: tracks/tires service,"[""engine"", ""electrical""]",47.14,Stephen Allen,,,0.4,True,2026-03-03
d10216fc-ffbe-4a3d-9e40-3b9a77bac1f6,7b26b146-0b8b-4b6f-a925-7226c0054069,2025-01-19,2025-01-21,predictive,Predictive maintenance: hydraulic_system service,"[""electrical""]",912.63,Katherine Patterson,tracks/tires,0.931,1.5,True,2025-01-15
c4a25bba-43f6-43ab-9d3a-62ac3cc20114,c6a31ae8-8714-4f06-b1e0-3053795ec697,2025-04-18,2025-04-23,predictive,Predictive maintenance: electrical service,[],66.06,Christine Mcbride,filters,0.909,7.6,True,2025-04-12
4d2b4915-bc4c-4589-8e2d-800dede98e0c,4ec86e45-045e-43bc-a4e6-35044558bc5f,2025-03-31,2025-03-31,emergency,Emergency maintenance: electrical service,"[""filters"", ""belts"", ""electrical""]",300.92,Timothy Brown,,,17.2,True,2025-03-17
a24642a4-1f92-4360-b907-b75b9e3b632a,072478da-740e-43d1-82aa-bc9e0891ca74,2025-12-26,2025-12-26,emergency,Emergency maintenance: electrical service,"[""bucket""]",650.5,Kayla Lewis,,,5.2,True,2025-12-19
08e25576-65fe-4d85-944e-546b8545923f,327125e1-ed4e-4a6f-91db-4e8dee4083cd,2026-01-01,2026-01-05,scheduled,Scheduled maintenance: tracks/tires service,"[""transmission"", ""bucket""]",319.67,Wendy Adams,,,16.4,True,2025-12-21
40f3db5f-6df4-4b3e-bcb0-fff9f9f45381,5d99e1fe-39af-48c4-bed0-9c6d2954bc60,2025-06-08,2025-06-08,predictive,Predictive maintenance: boom service,"[""electrical"", ""boom""]",72.7,Richard Wilson,electrical,0.919,13.0,True,2025-06-07
f59bbb1c-791c-42af-95bc-8ffe4e8ab5d7,e3e0542c-edff-458e-babf-076f42ac3d26,2025-08-31,2025-09-04,scheduled,Scheduled maintenance: filters service,[],2961.8,Nicolas Cortez,,,2.8,True,2025-08-29
953ac5e9-7347-47da-9fb0-2b59c880d779,17916214-0191-4dca-a455-c111cbb71a77,2024-09-11,2024-09-11,emergency,Emergency maintenance: transmission service,"[""electrical""]",528.26,Kristin Carr,,,5.0,True,2024-08-28
3213a232-3cfb-4b3c-8edc-308e435f8171,215e05b6-85bb-4941-850d-7f4508c4201b,2026-03-09,2026-03-13,predictive,Predictive maintenance: boom service,"[""filters""]",541.39,David Owen,engine,0.968,0.8,True,2026-03-05
8c6fc7bf-7bd2-4cc8-84ee-7f0db54cee03,215e05b6-85bb-4941-850d-7f4508c4201b,2024-09-29,2024-09-30,scheduled,Scheduled maintenance: filters service,"[""transmission""]",518.9,Molly Martin,,,6.9,True,2024-09-20
a29b1429-12ae-4702-9d88-ce25335dcabf,b6fddce9-34b6-4d7e-9a08-ec7ea6fe4fe1,2024-10-14,,inspection,Inspection maintenance: bucket service,[],393.94,Scott Martin,,,10.9,False,2024-10-06
7f3a0877-6cb6-4992-9f2b-5de258abeb80,90fa2865-4ccb-475d-9d8e-a88abca7b3f3,2024-09-26,2024-09-30,inspection,Inspection maintenance: electrical service,"[""bucket""]",113.23,Ryan Sims,,,2.3,True,2024-09-22
b0e81ac1-e1e8-47dd-a2e5-b46598b092aa,be89a59d-5eb8-497f-a10f-fafd276fc398,2025-12-26,2025-12-31,scheduled,Scheduled maintenance: electrical service,"[""belts"", ""transmission"", ""electrical""]",86.65,Angela Clark,,,38.0,True,2025-12-19
b9218169-2925-400f-a51e-8bc9c99c30cb,a92a8d5c-7f8d-4b9b-a85a-69e6c738f472,2026-05-17,2026-05-21,scheduled,Scheduled maintenance: belts service,[],874.95,Mary Salazar,,,16.1,True,2026-05-13
5ddbe29c-6a50-42fc-b1a3-3b952c18ff00,09c0bd49-185c-4589-8f7c-a665bcd530d8,2024-12-04,2024-12-06,scheduled,Scheduled maintenance: transmission service,[],1032.34,William Miller,,,7.4,True,2024-11-28
89743cfb-c1c7-4bde-aa61-d2f6a8a07f0f,d84af43c-8445-46f9-ad77-aac539092a8d,2024-09-11,2024-09-13,predictive,Predictive maintenance: filters service,"[""hydraulic_system"", ""boom"", ""engine""]",542.1,Joe Foley,transmission,0.868,4.9,True,2024-08-29
bf84aba4-7871-463c-9bec-699bcc5991e3,0ff4f72d-1e18-4022-849e-5d7cfc79132d,2024-10-23,2024-10-24,predictive,Predictive maintenance: transmission service,"[""electrical"", ""engine""]",24.91,Monica Le,tracks/tires,0.972,6.1,True,2024-10-17
48a49edb-8875-403c-9144-d58e74e09ce8,36abd37b-7941-4398-bc33-c6512a939d89,2024-10-29,,predictive,Predictive maintenance: belts service,"[""belts"", ""boom""]",330.72,Robert Rhodes,belts,0.974,4.5,False,2024-10-26
8cb74a51-b9f9-4385-aaac-a06c9591cb00,d578e2cc-0219-4fb4-9f27-1fdc4bdee739,2024-12-13,2024-12-14,inspection,Inspection maintenance: tracks/tires service,"[""belts"", ""hydraulic_system"", ""tracks/tires""]",535.19,Michael Butler,,,7.1,True,2024-12-08
4fc0fb19-b855-4b0b-8ba5-de9f7bca0674,ba105fd9-2a4d-42f3-a3a5-82d883912a21,2024-10-19,2024-10-24,predictive,Predictive maintenance: electrical service,"[""belts"", ""electrical"", ""bucket""]",866.52,Patricia Brown,filters,0.66,0.7,True,2024-10-12
332601cc-5a59-42fe-bb2f-72c095571c99,931a1d76-c0dc-451c-8fb8-938ee88e4521,2025-02-04,2025-02-06,scheduled,Scheduled maintenance: engine service,"[""bucket"", ""tracks/tires"", ""filters""]",280.41,Philip Davis,,,5.4,True,2025-01-31
ca90cf74-3fa5-4308-855e-92add94c8514,2fa01f07-a112-44e8-ac5d-57263f3da177,2024-10-02,2024-10-07,predictive,Predictive maintenance: transmission service,"[""engine""]",239.36,William Barrett,transmission,0.931,17.2,True,2024-09-18
2826b9c0-64f3-4829-b368-8e69c1588a76,49cee5c4-2c3c-46c1-a112-58e0544407aa,2025-02-28,,inspection,Inspection maintenance: tracks/tires service,"[""tracks/tires"", ""boom""]",214.87,Danielle Rodgers,,,4.9,False,2025-02-16
af77aa75-b91f-4d5b-a9e5-2a1607e27f47,0f5f81c4-0b1a-4ee8-be61-cc87d6573cdb,2025-03-04,2025-03-08,scheduled,Scheduled maintenance: hydraulic_system service,[],131.15,Michelle Robinson,,,1.9,True,2025-02-25
81466826-e5a3-470c-8cd7-8bca09dea123,b0fde33e-3219-4e0c-af2d-8f177c487c61,2026-07-03,2026-07-06,predictive,Predictive maintenance: belts service,"[""engine""]",63.45,Arthur Gates,tracks/tires,0.731,3.5,True,2026-07-02
dfd694df-94df-42bc-b085-b0c79cc58ee5,a33f620d-89b6-4e13-a446-e75f7a6c28b0,2026-07-25,2026-07-30,scheduled,Scheduled maintenance: boom service,"[""hydraulic_system""]",896.64,Melissa Lang,,,0.2,True,2026-07-15
75050668-bd93-4dec-9cc7-cd0604cd9ffb,0f7d5c97-b430-406b-90e3-da526bfca28c,2026-04-20,2026-04-23,inspection,Inspection maintenance: electrical service,[],899.92,Alison Young,,,9.1,True,2026-04-17
2cc6a646-0c77-4801-8e6b-7dd19338c2b8,2ae14b25-d7d0-4e75-b7fe-7fdf25c28459,2026-07-13,2026-07-17,predictive,Predictive maintenance: tracks/tires service,"[""engine""]",356.65,James Patel,tracks/tires,0.792,15.8,True,2026-06-29
fc5a2cfd-a39f-4465-8d5a-faf05f0c8ba5,79f5bb58-6b8a-4eb8-82d9-816fbcff25fb,2026-04-07,2026-04-10,scheduled,Scheduled maintenance: boom service,"[""hydraulic_system""]",293.38,Richard White,,,9.1,True,2026-04-01
1b4b035b-0fba-47ee-a194-265a90e27258,a974cd4a-dc4d-4da0-a45d-4bafe4e9a602,2025-01-27,2025-01-31,inspection,Inspection maintenance: engine service,[],104.6,Elizabeth Davies,,,19.9,True,2025-01-26
2a77b594-6976-44b2-94c8-ca94c02039fc,ae8a1cca-5404-4567-aa2d-f4c2db0c5abf,2025-03-27,2025-04-01,inspection,Inspection maintenance: hydraulic_system service,[],684.43,Valerie Dean,,,13.1,True,2025-03-16
e10115fc-1c31-4196-8f90-420b7c3583b3,ba5033b1-3a46-463d-b0a5-c4d5b24a7271,2026-03-12,2026-03-15,predictive,Predictive maintenance: boom service,[],235.84,Virginia Campbell,filters,0.782,3.9,True,2026-03-10
c51a181f-9e59-425b-b476-17359959f701,5f2cf8b3-200e-4e56-b3f1-e29f28dca3c3,2026-04-25,2026-04-27,emergency,Emergency maintenance: bucket service,"[""tracks/tires""]",726.02,Joanna Day,,,34.5,True,2026-04-22
5eb33f34-403f-4a92-bffe-8d7733795999,69404dc5-9f98-4cce-ab3e-2fa6dc6be082,2026-01-26,2026-01-29,emergency,Emergency maintenance: boom service,[],24.27,Kristen Choi,,,5.2,True,2026-01-22
42975de9-197e-41cf-b642-57a7f2408090,7824d243-5ef9-4347-95e1-58acd2db6775,2026-04-17,2026-04-17,emergency,Emergency maintenance: hydraulic_system service,"[""belts""]",1.67,Christina Clark,,,6.7,True,2026-04-04
06bd543f-211d-4733-bc73-f6ad23806d39,def63940-d7aa-4277-a1e0-1d42fef8779f,2025-02-27,2025-03-04,inspection,Inspection maintenance: hydraulic_system service,"[""belts""]",424.92,Daniel Dixon,,,5.9,True,2025-02-15
060f7ee6-44a9-48a4-b38d-a91715342a6d,c4b2c196-1129-4ab1-afe7-10c94f191a12,2025-05-02,2025-05-07,inspection,Inspection maintenance: boom service,"[""filters""]",532.42,Luis Carrillo,,,18.5,True,2025-04-28
a34d8ceb-18b7-41c5-8e17-0182e04456e4,64da132c-25da-4c0a-9389-d185cb4c0ecc,2026-03-18,2026-03-21,emergency,Emergency maintenance: filters service,"[""tracks/tires""]",18.12,Sarah Williams,,,4.1,True,2026-03-14
24502768-48ab-42e0-bd5a-ddac2b023826,79f5bb58-6b8a-4eb8-82d9-816fbcff25fb,2025-05-18,2025-05-20,scheduled,Scheduled maintenance: tracks/tires service,"[""tracks/tires"", ""electrical""]",613.15,Christie Anderson,,,31.1,True,2025-05-10
e145af82-e964-4623-9494-11e9d3a35857,c896ecf9-b9f5-46c4-9996-3f1f554699d7,2025-03-06,2025-03-11,predictive,Predictive maintenance: boom service,"[""electrical"", ""filters""]",353.13,John Nelson,engine,0.667,3.3,True,2025-02-27
96343478-2319-4cb0-beff-2e11d618184f,2a3e913c-f1f7-4092-942d-a5b2787c31f6,2025-06-01,2025-06-03,predictive,Predictive maintenance: boom service,"[""bucket"", ""hydraulic_system""]",870.5,Jennifer Bush,hydraulic_system,0.807,5.8,True,2025-05-27
eab60757-d664-4926-a1ba-36ac5437b6d4,d84af43c-8445-46f9-ad77-aac539092a8d,2026-05-19,2026-05-23,emergency,Emergency maintenance: boom service,[],361.93,David Rios,,,8.7,True,2026-05-18
337740b0-0fb5-48e4-b43e-dec396cbf925,51b3034a-db90-4dc5-b018-566495db2589,2025-08-30,2025-08-30,scheduled,Scheduled maintenance: transmission service,"[""boom""]",2.07,John Phelps,,,1.5,True,2025-08-21
902edf6b-7899-4a74-b793-71080aa74126,e4c7d5f6-acdd-4e38-bdd2-468471426d0c,2024-11-09,2024-11-11,scheduled,Scheduled maintenance: bucket service,[],30.29,Angela Vega,,,9.2,True,2024-10-26
4925919b-2f2c-463d-8265-4c6d96b403c7,c6a31ae8-8714-4f06-b1e0-3053795ec697,2025-04-22,2025-04-25,scheduled,Scheduled maintenance: engine service,"[""bucket"", ""tracks/tires""]",49.69,Mrs. Lacey Walker,,,27.6,True,2025-04-11
a4d08588-dde0-42c1-b6f3-7630a9ff4d39,7bc3cbca-b4c9-45c2-9c98-9a7c8435a94a,2025-10-27,2025-10-30,scheduled,Scheduled maintenance: filters service,"[""tracks/tires""]",354.33,Christopher Lawson,,,9.3,True,2025-10-17
c6b23f52-88d6-43f2-a83f-b7c54996bfe8,214a10d4-9121-4f2f-94d1-ed3411e89c8e,2025-07-30,2025-08-03,emergency,Emergency maintenance: tracks/tires service,"[""tracks/tires""]",1324.22,Jose Meyer,,,3.0,True,2025-07-21
1de3fc43-111a-4973-a63a-a64d47624f6b,9755da49-9715-44bb-9451-f695a12990e6,2026-04-08,2026-04-11,inspection,Inspection maintenance: boom service,"[""belts""]",294.16,Ashley Hayden,,,5.9,True,2026-04-07
8bf62606-9501-4054-95c1-6da88987880e,b0fde33e-3219-4e0c-af2d-8f177c487c61,2024-09-17,2024-09-19,predictive,Predictive maintenance: boom service,[],41.46,Christopher Carney,electrical,0.65,7.7,True,2024-09-16
0efbe27b-810e-4a33-80b3-323ae0640af2,5307e25d-dfae-4ab5-9217-55c3b0f79237,2025-08-29,2025-09-01,scheduled,Scheduled maintenance: engine service,"[""boom""]",610.83,Robert Wright,,,2.9,True,2025-08-19
b5e81a40-0eee-4188-bb5c-c9cfe63b3d25,dd56e682-c874-40c4-ad19-d047d8dfd8dc,2026-06-15,2026-06-17,scheduled,Scheduled maintenance: tracks/tires service,[],46.31,Cody Long,,,1.0,True,2026-06-05
b115e9d6-e208-4d8a-8ddb-51192e2685a9,5bff33a0-f7ce-4652-a372-02655071f818,2024-11-28,2024-11-30,predictive,Predictive maintenance: bucket service,"[""boom"", ""electrical""]",313.18,Courtney Mcclure,electrical,0.802,32.2,True,2024-11-27
b5940c03-db76-4281-b732-f58370d8eb8e,935b1873-fbf8-4f72-96ae-ddd1ab57c7fa,2025-09-05,,inspection,Inspection maintenance: engine service,"[""belts"", ""transmission"", ""electrical""]",33.52,Tara Ryan,,,2.3,False,2025-08-22
ed445f69-07cd-4c9c-bc41-207f338d08af,ba6b37b1-895d-4f40-b998-5068b695a990,2024-08-31,2024-09-04,scheduled,Scheduled maintenance: electrical service,"[""transmission""]",619.7,Brandon Mills,,,19.4,True,2024-08-23
0d8dec90-0dad-4b7f-8ee6-cf03de97da5d,3cd91b5a-e33b-4f47-b44f-9f339b017282,2025-05-29,2025-06-01,predictive,Predictive maintenance: boom service,"[""bucket"", ""electrical"", ""filters""]",75.31,Richard Brewer,engine,0.803,1.1,True,2025-05-27
5b0aa8f6-a2d6-4c7c-83bf-2114b1a35022,4b215616-4579-4381-a2c1-209d11646376,2025-03-16,2025-03-21,predictive,Predictive maintenance: belts service,[],26.52,Mrs. Sandra Gates DDS,transmission,0.804,2.1,True,2025-03-06
05628eaf-89a6-4f89-893b-9edb831a7127,84f5fb05-a568-49ef-8c61-5a754a992d6d,2025-04-13,2025-04-16,inspection,Inspection maintenance: hydraulic_system service,"[""boom""]",235.26,James White,,,2.9,True,2025-04-05
f14f3996-383b-4ab0-a88f-7361adf259f9,a6b243e1-d7b4-459e-a48c-e1ad64b258ad,2024-09-10,2024-09-14,emergency,Emergency maintenance: bucket service,"[""engine"", ""belts""]",1250.14,Tiffany Santos,,,18.8,True,2024-09-03
d9526cb5-485c-45ec-adeb-b63b90bc7370,a1bf38d2-5ea0-4fc6-9953-35e979b3f2d9,2025-11-21,2025-11-23,scheduled,Scheduled maintenance: filters service,"[""engine"", ""electrical""]",919.41,April Hart,,,0.3,True,2025-11-08
a788fe06-5936-4488-9e99-57c43f28c1cc,620b4e94-ec7b-4abc-8e70-f3e7fb3b8cda,2026-04-23,2026-04-28,predictive,Predictive maintenance: hydraulic_system service,"[""bucket""]",676.43,Regina Hill,hydraulic_system,0.734,16.6,True,2026-04-22
78fed81e-d847-4e52-9e7f-7441ff6b0f9d,67bb39ff-2ab4-4470-85a5-4fb2bf5e4f06,2024-08-27,2024-08-31,scheduled,Scheduled maintenance: belts service,"[""filters"", ""boom""]",74.7,Melissa Osborne,,,7.5,True,2024-08-24
c4152a05-ac15-44fa-b729-f3d44d3f51b3,3d21230b-decd-4931-bec1-2211e749430e,2025-05-20,2025-05-24,emergency,Emergency maintenance: boom service,[],397.92,Javier Guzman,,,6.3,True,2025-05-08
4e1dd04f-ffd2-430c-97a9-e9176d8304e7,3ccab184-a3f8-442d-b964-3f31eef59ba8,2025-01-07,2025-01-07,predictive,Predictive maintenance: boom service,"[""hydraulic_system"", ""tracks/tires"", ""engine""]",1070.57,Jay Crosby,tracks/tires,0.759,9.5,True,2024-12-30
477ad4da-4ff3-4bd9-a7a4-2d321584e0e2,d6404735-7330-4ec0-ab86-55b0da250958,2026-02-11,2026-02-12,predictive,Predictive maintenance: tracks/tires service,"[""hydraulic_system""]",1260.45,Joseph Shaffer,transmission,0.653,8.4,True,2026-02-07
f8351ae2-089b-40f3-be3b-963eac6bd784,2773ef9f-ae14-4f4d-bb2c-52b34e45a83d,2024-11-10,2024-11-11,scheduled,Scheduled maintenance: hydraulic_system service,"[""hydraulic_system"", ""filters""]",831.37,Timothy Taylor,,,2.6,True,2024-11-04
c55dab71-afc2-4944-abd3-2a21d4bd31aa,d578e2cc-0219-4fb4-9f27-1fdc4bdee739,2025-03-06,2025-03-08,inspection,Inspection maintenance: transmission service,"[""bucket"", ""hydraulic_system""]",519.95,Amanda Butler,,,23.0,True,2025-03-03
f62ee717-b15c-4a9e-b2e0-541811f02c11,3ccc9093-50a4-4700-9fe0-a226f1dce9ed,2025-06-12,2025-06-13,inspection,Inspection maintenance: engine service,"[""hydraulic_system"", ""filters""]",731.18,Justin Elliott,,,7.6,True,2025-06-03
5177d29b-bca1-47eb-bfc3-e7ea7c5f2913,e91635e0-8419-40d0-b817-a76d147f75ed,2024-12-07,2024-12-11,inspection,Inspection maintenance: tracks/tires service,"[""bucket"", ""boom"", ""transmission""]",442.41,Eric Williams,,,8.3,True,2024-12-01
0220e5a7-c366-479b-8030-85d17a750765,e6b3a4a2-f5b4-4b1e-93fa-51ce22d4746f,2026-03-04,2026-03-04,predictive,Predictive maintenance: electrical service,"[""bucket""]",775.93,Andrew Fowler,hydraulic_system,0.685,5.2,True,2026-02-28
b442dea0-c873-4733-b857-114cb8beb444,90fa2865-4ccb-475d-9d8e-a88abca7b3f3,2026-07-01,2026-07-06,predictive,Predictive maintenance: hydraulic_system service,[],456.89,Joshua Nichols,boom,0.939,32.6,True,2026-06-25
8912618c-2a97-47a7-ac6c-2cade5ea76ad,87113b1c-6af7-4c58-a71e-1e9fa077fa22,2026-07-13,2026-07-14,predictive,Predictive maintenance: engine service,"[""boom"", ""filters"", ""engine""]",673.79,Michael Jimenez,electrical,0.779,5.9,True,2026-07-10
9f633048-c80f-4236-b308-290641bcea00,072478da-740e-43d1-82aa-bc9e0891ca74,2024-09-28,2024-10-02,emergency,Emergency maintenance: belts service,[],41.51,Larry Rodgers,,,4.7,True,2024-09-21
51aa2874-b70e-477f-b97d-5c0373adfde4,88d7e337-41aa-4812-844b-378d2431f882,2026-07-14,2026-07-19,predictive,Predictive maintenance: bucket service,"[""electrical"", ""transmission"", ""belts""]",241.35,Scott Baker,transmission,0.74,8.9,True,2026-07-01
adb76c34-1537-4d4c-a6c0-262b54d1c820,5c37c756-102a-4b6e-9c5b-779b83c9fc1b,2025-08-25,2025-08-26,predictive,Predictive maintenance: transmission service,"[""belts""]",239.99,Molly Lewis,hydraulic_system,0.743,4.7,True,2025-08-11
b466d2f2-9fa5-4377-9d56-2198b2b338e0,e8ecf91b-f527-474a-8b94-06595d7e34e5,2025-11-26,2025-11-28,scheduled,Scheduled maintenance: belts service,"[""tracks/tires"", ""engine""]",719.72,Jose Long,,,3.0,True,2025-11-20
316f7200-528d-4b0f-808c-995c4bb855e2,d7ba05dd-0ece-4250-9848-114f6f0e2ee7,2025-08-01,2025-08-02,scheduled,Scheduled maintenance: bucket service,[],101.97,Hector Williams,,,1.2,True,2025-07-27
2eb054f6-d62d-47a9-bd12-088bef5ba9e2,5bff33a0-f7ce-4652-a372-02655071f818,2025-02-22,2025-02-24,emergency,Emergency maintenance: boom service,"[""filters"", ""electrical"", ""tracks/tires""]",995.67,Daniel Phillips,,,22.9,True,2025-02-16
f5201b72-c74a-4ec5-a9a8-c78a22859763,91af345e-68a2-4f6c-ac97-981589c1f0c1,2025-11-11,2025-11-16,scheduled,Scheduled maintenance: bucket service,"[""tracks/tires"", ""hydraulic_system""]",1293.11,Mrs. Crystal Freeman,,,0.5,True,2025-10-29
8fc0bc59-154d-47d3-b5db-256a9e53cef3,9b603f9f-6b3c-4154-a107-6837a1c0dad9,2025-04-20,2025-04-21,scheduled,Scheduled maintenance: filters service,"[""bucket""]",1089.18,Robert Goodwin,,,9.8,True,2025-04-10
598e8706-f2c6-48b9-b204-05891c295b89,ea8db8f4-5db0-40dc-a1dd-210b0826b974,2025-10-24,2025-10-27,scheduled,Scheduled maintenance: boom service,"[""filters"", ""tracks/tires""]",192.98,Dr. Margaret Chambers,,,4.3,True,2025-10-21
e6ac4bb9-fdf2-4f56-8b97-7a7f9ca9b086,028c27db-b2f0-4ab0-bd73-8f72de255e77,2024-10-30,2024-11-04,inspection,Inspection maintenance: engine service,[],221.83,Valerie Perez,,,2.5,True,2024-10-23
e108da9b-2dfc-4666-9063-8b0df522d5b8,a1cc273c-7b1c-4455-99fe-0ef2c69821b8,2026-07-24,2026-07-25,predictive,Predictive maintenance: boom service,"[""electrical"", ""engine"", ""boom""]",706.96,Richard Peterson,filters,0.685,5.7,True,2026-07-16
e37f7e88-417c-4fa6-902c-4ad77894f1b8,c593ee73-0689-4d04-a699-86c34890d29b,2026-05-26,2026-05-27,inspection,Inspection maintenance: tracks/tires service,"[""bucket"", ""boom"", ""hydraulic_system""]",86.66,Ronald Lane,,,0.7,True,2026-05-14
859033b9-fa19-42cb-9f69-4eede1cf3c6c,360a96f9-887b-43ee-9b95-b432d1850af8,2026-07-05,2026-07-09,emergency,Emergency maintenance: bucket service,"[""engine""]",257.61,Christopher Flores,,,3.7,True,2026-06-28
282a6baf-6a06-4559-8ff0-c1b60fdde3eb,33ffa60c-2ebd-487f-8318-07cb7362b922,2025-09-24,2025-09-25,scheduled,Scheduled maintenance: transmission service,[],137.25,Randall Christensen,,,8.3,True,2025-09-23
04e83138-4c4e-443e-b2f4-6e2a0cbaf5f8,1486d85f-1ac1-481e-bff8-9ad51834093e,2026-05-26,2026-05-29,emergency,Emergency maintenance: electrical service,"[""hydraulic_system"", ""boom"", ""filters""]",776.36,Maria Webb,,,0.7,True,2026-05-18
ab688340-78e4-43e9-8a74-a4e5d50ba025,2e191460-61de-446d-b75f-495b2327169f,2026-04-02,2026-04-07,emergency,Emergency maintenance: belts service,"[""boom""]",311.22,Dillon Munoz,,,7.2,True,2026-03-22
8e0a071c-7d2f-4a9e-a243-ff4c22e42939,3f77bff8-e040-4597-b2da-60afc49d959a,2026-05-27,2026-05-30,predictive,Predictive maintenance: electrical service,"[""belts""]",631.08,Gregory Hill,engine,0.699,30.9,True,2026-05-21
2f3f457c-4124-4fc5-bf73-f442f0244c2a,302a2187-abca-48b5-824b-a164d18aa722,2025-12-09,2025-12-14,emergency,Emergency maintenance: filters service,"[""transmission""]",294.41,Joshua Davila,,,23.3,True,2025-12-05
b3b62eaf-1f5b-4e77-94fd-e4b4290ea03d,09dd5ba3-0ee1-4a11-9e4d-5551c070e56d,2025-01-20,2025-01-21,predictive,Predictive maintenance: transmission service,"[""electrical"", ""belts""]",439.1,Joseph Trevino DDS,filters,0.902,15.5,True,2025-01-10
ed79a123-90c3-433c-9568-68de13a59976,25ed9c6c-50c1-4aed-a7cb-50562f4ffc7f,2026-06-01,2026-06-04,emergency,Emergency maintenance: filters service,[],808.59,Denise Reynolds,,,0.1,True,2026-05-29
84335de9-9b00-4ea3-951e-ff15586c2857,48f2f853-5975-4db9-858c-3f5564530e33,2025-04-25,2025-04-28,emergency,Emergency maintenance: transmission service,"[""transmission""]",366.96,Jacob Smith,,,2.1,True,2025-04-12
8873edb3-6f17-42a3-8c78-876027cc6b7b,059a83dd-f6ae-4f74-ad4b-92c7d70d41e7,2024-12-15,2024-12-18,emergency,Emergency maintenance: filters service,"[""filters"", ""bucket"", ""tracks/tires""]",722.76,Kristen Smith,,,0.4,True,2024-12-05
ef1af746-046c-4704-ad12-d335b88f4c89,28b84260-56db-4680-a729-a993e1b6db97,2025-10-21,2025-10-21,emergency,Emergency maintenance: engine service,"[""tracks/tires"", ""boom"", ""transmission""]",109.81,Paul Harris,,,0.8,True,2025-10-19
318b5f4e-af71-461b-ade3-2f214b621956,422807d4-32dd-4b35-8c2a-82f7fdb57773,2024-08-17,2024-08-19,scheduled,Scheduled maintenance: hydraulic_system service,"[""tracks/tires"", ""bucket"", ""hydraulic_system""]",76.83,Joseph Gomez,,,11.8,True,2024-08-05
34f9ffa9-58a7-4b2a-a236-ec8a30f6a172,5c29d236-4463-4b2f-a1d6-4d3174be2073,2026-07-18,2026-07-22,predictive,Predictive maintenance: transmission service,[],83.53,Janice Richards,hydraulic_system,0.859,2.3,True,2026-07-11
31865a93-23f5-465a-abfb-0957c28db8f7,217a5a50-7fdb-4284-8663-384394b4b579,2024-12-06,2024-12-07,scheduled,Scheduled maintenance: bucket service,[],357.83,Debra Marquez,,,8.5,True,2024-11-24
9f393164-5719-480c-878b-318c8e2b202c,79f5bb58-6b8a-4eb8-82d9-816fbcff25fb,2025-01-12,,emergency,Emergency maintenance: bucket service,"[""transmission"", ""electrical"", ""engine""]",858.26,Shelby Garcia,,,2.9,False,2025-01-04
2bee95d7-2a60-4883-be12-8d362ce01946,7824d243-5ef9-4347-95e1-58acd2db6775,2025-07-20,2025-07-22,scheduled,Scheduled maintenance: filters service,"[""belts"", ""tracks/tires""]",316.27,Stephanie Avila,,,8.7,True,2025-07-09
035b7b7b-9388-4da8-ac8b-ec166e8f2cea,17916214-0191-4dca-a455-c111cbb71a77,2026-04-20,2026-04-24,emergency,Emergency maintenance: transmission service,"[""transmission"", ""belts""]",1090.59,Robert Crosby,,,19.6,True,2026-04-09
d0a7b0a0-9199-4d2d-ab9b-377790d06c0f,2be59483-10b7-4e21-b720-b10876783841,2025-05-10,2025-05-11,emergency,Emergency maintenance: belts service,"[""hydraulic_system""]",246.87,Johnny Rowe,,,20.4,True,2025-05-04
2869c7ce-6eb3-4687-b18a-d5d68e561a7f,256ae1d6-28db-4a55-9f2f-f9c516aa084d,2025-01-11,2025-01-12,scheduled,Scheduled maintenance: hydraulic_system service,[],885.45,Scott Campbell,,,5.8,True,2024-12-28
cd6b0b46-57d5-4778-b5ff-54a67f0b1beb,d9dd841f-e1c8-4fa2-9e98-9cedb88adcee,2025-06-02,2025-06-03,scheduled,Scheduled maintenance: electrical service,"[""electrical"", ""hydraulic_system""]",628.39,Shannon Vega,,,9.4,True,2025-05-28
b0df8695-73fd-4f65-8722-657110d75add,1a06c5c5-731d-4299-a6af-a4cf5c7676ba,2025-04-07,,predictive,Predictive maintenance: boom service,[],306.16,Ian Mccullough,electrical,0.951,8.3,False,2025-03-26
904000e6-7f28-4346-88a2-b2cd778631d8,e9c48846-1477-402e-a082-7422aff333ad,2025-05-25,2025-05-28,inspection,Inspection maintenance: filters service,"[""hydraulic_system""]",498.98,Michael Goodman,,,6.6,True,2025-05-14
f7b79b95-8fd7-4406-a3f5-817e70cdfb20,5ae99346-70e5-4ecd-a761-37fc492ec014,2026-03-15,2026-03-20,scheduled,Scheduled maintenance: belts service,"[""engine"", ""hydraulic_system"", ""electrical""]",296.54,Cory Dunlap,,,33.9,True,2026-03-02
19575dd3-eb1f-43d1-a1e7-6edd0d1fd75d,efd8c6bd-feec-4efe-9514-44559303c8ce,2025-01-14,2025-01-18,scheduled,Scheduled maintenance: boom service,"[""hydraulic_system"", ""boom"", ""tracks/tires""]",974.29,Nichole Smith,,,7.0,True,2025-01-03
0bad7177-0ad7-4640-884d-973e8c92c499,efd8c6bd-feec-4efe-9514-44559303c8ce,2025-11-29,2025-12-04,scheduled,Scheduled maintenance: tracks/tires service,[],163.77,Ryan Bishop,,,3.6,True,2025-11-26
efdcdf75-6695-4f41-a9d8-90ccdc44efeb,9d8ec58a-ad14-4ada-9df4-0b91356ed4d8,2025-04-09,2025-04-09,inspection,Inspection maintenance: belts service,[],373.11,Cory Baxter,,,1.2,True,2025-03-26
9b99e706-4406-452e-b9d2-e95d797b6eb8,6eefc392-0b72-48dc-a5c8-10df35c151f3,2024-10-04,2024-10-06,predictive,Predictive maintenance: belts service,"[""boom"", ""transmission""]",510.47,Lori Rodriguez,electrical,0.743,2.4,True,2024-09-23
2e735493-6dea-4d20-a004-89273b4c531c,c29204b5-14dc-46a7-8bc4-c01de4e97b63,2024-10-31,2024-11-03,emergency,Emergency maintenance: electrical service,"[""hydraulic_system"", ""engine"", ""belts""]",171.69,Megan Nelson,,,0.9,True,2024-10-20
ab535783-1c59-41f7-a277-55bc48248e1f,207765ff-11bf-4aa6-9f0d-278560a93eee,2025-03-16,2025-03-20,scheduled,Scheduled maintenance: engine service,"[""filters""]",492.6,Christian Schmidt,,,0.8,True,2025-03-13
55db03d5-258b-44f0-9f0e-01762cf8c78c,c434975b-7e94-456a-94ca-57a4819e0e72,2026-07-17,2026-07-17,scheduled,Scheduled maintenance: engine service,"[""hydraulic_system""]",626.36,Abigail Espinoza,,,7.1,True,2026-07-04
eb375321-78c0-4ef4-8da1-6c08be112590,9e96e240-502d-4c40-93ab-735ed1290c24,2026-04-29,2026-05-03,scheduled,Scheduled maintenance: boom service,"[""transmission"", ""bucket""]",626.13,Steven Park,,,1.7,True,2026-04-23
8e2cc40a-18ad-4093-9c39-b58b205fa6b7,c6a31ae8-8714-4f06-b1e0-3053795ec697,2024-09-30,2024-10-02,emergency,Emergency maintenance: engine service,"[""transmission"", ""filters"", ""hydraulic_system""]",127.54,Lee Jones,,,20.4,True,2024-09-20
b3ed7ec0-fc65-4b21-a7c4-6110800d8534,851c4755-6988-422f-a3f4-87f4ac5ebbe1,2025-11-21,2025-11-24,emergency,Emergency maintenance: belts service,"[""electrical"", ""engine"", ""bucket""]",584.66,Kari Brown,,,2.9,True,2025-11-18
fb70b8ec-fd5f-4e08-9aa9-ee9ca7897136,bd5b5537-c645-4658-8be0-185bb0f38f52,2026-03-05,2026-03-06,scheduled,Scheduled maintenance: transmission service,"[""boom""]",421.56,Cristian Parker,,,4.8,True,2026-02-21
e5e3416c-c846-4665-bb72-bdb40dde6d2f,9c26a700-488b-44d2-94bd-b0f5f5d71388,2025-12-10,2025-12-12,predictive,Predictive maintenance: transmission service,[],1147.31,Emily Nunez,boom,0.968,2.8,True,2025-11-30
26023e88-5d78-4fdc-9a9a-d7bbbb23cf8d,bb0fe6b8-0fe1-460a-9f6a-a46d0e37c137,2025-06-16,2025-06-20,predictive,Predictive maintenance: boom service,"[""boom"", ""engine""]",2678.45,Brent Patterson,belts,0.773,14.9,True,2025-06-09
8ed884bc-5810-4443-813d-83837ef6ce3c,5d870766-d261-482d-a5e2-d98a65859089,2025-07-15,2025-07-18,scheduled,Scheduled maintenance: bucket service,"[""hydraulic_system"", ""belts""]",141.88,Anthony Tran,,,18.1,True,2025-07-01
e24f7fd9-29b4-4d00-8e54-4cb94d1b59dc,4f07e9ad-90f9-4b69-9f21-7bd4c505e044,2024-09-13,2024-09-17,scheduled,Scheduled maintenance: electrical service,[],1042.58,Linda Sims,,,10.9,True,2024-09-02
8d3dc1ac-bf2d-4149-b931-194b0373f3e2,e4c7d5f6-acdd-4e38-bdd2-468471426d0c,2024-08-02,,scheduled,Scheduled maintenance: transmission service,[],956.88,Timothy Davis,,,13.3,False,2024-07-25
ba5397e6-949c-4854-8262-c97f0f333525,1482514b-3688-436f-8f93-e40476c3feda,2024-09-25,2024-09-29,inspection,Inspection maintenance: electrical service,"[""engine""]",331.09,Shane Horn,,,6.4,True,2024-09-24
90c33c3a-5ee8-4ba4-bfad-867b94f567ad,d024093d-cb09-4d73-8df9-85052f0d96b9,2025-10-01,2025-10-01,scheduled,Scheduled maintenance: tracks/tires service,"[""transmission"", ""belts""]",174.69,Sheryl Sanders,,,1.4,True,2025-09-22
5da0af86-16e5-45b7-b24d-a70d698f1598,04713cc6-70a5-4613-b316-15a2911c362d,2025-07-27,2025-07-31,predictive,Predictive maintenance: hydraulic_system service,"[""transmission""]",29.43,David Webb,engine,0.906,3.5,True,2025-07-19
b6a13934-71a1-497e-b736-d9fd9328052e,3e7ebecc-5d5c-4427-b151-3ea728111ecf,2025-09-03,2025-09-06,emergency,Emergency maintenance: belts service,"[""tracks/tires""]",766.36,Jamie Joseph,,,6.1,True,2025-08-21
d9026437-1dfb-4cd1-a759-46f088ddf13d,aff917c0-34d6-401d-9f56-a82a97bbd96f,2025-06-04,2025-06-06,predictive,Predictive maintenance: bucket service,"[""boom""]",254.9,Clarence Casey,filters,0.673,18.7,True,2025-05-28
a3bce555-1163-44ec-944f-6b8f995a2669,f3f8dec1-94d5-4487-8e31-a079ec435a94,2026-05-18,2026-05-19,predictive,Predictive maintenance: transmission service,"[""belts""]",663.12,Krista Coleman,engine,0.751,8.7,True,2026-05-10
62b79e7c-3309-4407-92e5-9cd898f540bf,d7c9ef83-f02e-480d-8d01-0ace3407745f,2025-04-04,2025-04-09,scheduled,Scheduled maintenance: transmission service,"[""bucket"", ""boom""]",213.44,Andrea Marks,,,10.6,True,2025-03-23
e83203bf-3500-4f6c-9de5-b002e0bb7669,0c312c42-76c0-4fd5-a0c3-c394c5555555,2025-10-01,2025-10-02,scheduled,Scheduled maintenance: transmission service,"[""bucket"", ""filters""]",77.51,Elizabeth Reynolds,,,0.5,True,2025-09-19
778770e7-deac-416f-9efc-6a3660642372,156019e2-56eb-40f1-b489-21a0444b207d,2026-06-28,2026-07-02,scheduled,Scheduled maintenance: tracks/tires service,"[""tracks/tires"", ""electrical""]",359.57,Denise Webster,,,2.1,True,2026-06-19
bc988499-5ff0-4b6e-9b0a-4f2b737b8e38,48f2f853-5975-4db9-858c-3f5564530e33,2025-10-18,2025-10-18,scheduled,Scheduled maintenance: engine service,"[""boom""]",809.14,James Williams,,,1.4,True,2025-10-08
79d553a1-e237-427f-97bf-4ca2fc514649,46ac66cf-13c3-4a7b-921c-310cea822d2b,2025-01-17,2025-01-22,scheduled,Scheduled maintenance: filters service,"[""hydraulic_system""]",91.88,Jorge Baker,,,1.5,True,2025-01-13
4055f8a5-337b-4fa6-8dde-0eaea89f702d,520758a5-0ba4-45b2-b4ea-a69f292f743f,2024-10-03,2024-10-08,predictive,Predictive maintenance: transmission service,"[""hydraulic_system"", ""boom"", ""belts""]",674.37,Anne Stewart,electrical,0.952,4.8,True,2024-09-21
d07d3c6f-7b54-4340-a001-427b70e24dbf,3ccc9093-50a4-4700-9fe0-a226f1dce9ed,2024-08-25,2024-08-25,inspection,Inspection maintenance: electrical service,"[""belts"", ""hydraulic_system"", ""transmission""]",343.89,Natalie Petty,,,5.3,True,2024-08-12
df068bf9-b475-492a-a5ae-0ce0e4cf240e,028a6f52-add2-4c7a-b7a3-a9c22ddb4879,2025-01-19,2025-01-23,scheduled,Scheduled maintenance: hydraulic_system service,"[""electrical""]",449.79,Daniel Clark,,,1.2,True,2025-01-14
c92dadf5-5405-4b11-b87f-e91cf66f1f86,ba105fd9-2a4d-42f3-a3a5-82d883912a21,2024-12-11,2024-12-14,scheduled,Scheduled maintenance: bucket service,[],120.18,Teresa Smith,,,1.3,True,2024-11-30
1c119c5b-af3c-40aa-ad7d-dd9356241134,0e230284-45e5-459c-bbd8-60f481a0417e,2026-02-12,2026-02-17,inspection,Inspection maintenance: boom service,[],272.02,Jocelyn Stevenson,,,28.3,True,2026-02-08
9c8f4db5-f60c-4005-badb-69f588bb1fe2,690ab0be-783e-4fb2-95d2-02bb7a2bc4fc,2026-04-29,2026-04-30,emergency,Emergency maintenance: tracks/tires service,[],1090.79,Henry Ewing,,,0.8,True,2026-04-24
3aa73255-7bd1-451b-8a38-a88b665e7cd7,ddbd5be4-77a3-49da-9f77-645bc86d3c01,2025-08-16,2025-08-19,inspection,Inspection maintenance: hydraulic_system service,"[""boom"", ""engine""]",248.29,Leslie Wood,,,6.6,True,2025-08-06
e63e5bfe-0125-4697-b88d-b9b69b45025b,f8749ec0-d851-455c-83eb-60e4d29f6514,2026-01-09,2026-01-14,emergency,Emergency maintenance: hydraulic_system service,"[""belts""]",859.51,Michael Allen,,,8.4,True,2025-12-26
9b2f09fd-14cd-410e-a1a8-afe2532078a9,0011544a-5ae6-409e-a953-1496a9ee0b68,2025-12-31,2026-01-01,emergency,Emergency maintenance: filters service,"[""transmission""]",171.79,Theresa Pope,,,5.1,True,2025-12-29
69ec6181-614c-48b6-b79f-dc249b751b48,4a319438-a622-4525-82e2-63c4e5e0c01f,2025-04-07,2025-04-07,emergency,Emergency maintenance: bucket service,"[""hydraulic_system""]",1811.54,Andre Hart,,,8.5,True,2025-03-31
2c2e8143-3cb6-44ee-a1dd-70802c919940,bd48f4eb-f956-4bb1-ac06-a1f66fd2f811,2025-10-18,2025-10-19,predictive,Predictive maintenance: electrical service,"[""engine"", ""tracks/tires"", ""boom""]",139.1,Samantha Pineda,electrical,0.768,2.4,True,2025-10-16
8f2a24d9-6e7a-4a40-90da-c99a524910bc,1cc3d635-aefe-4faf-93c9-ab1eec036b0a,2026-07-14,2026-07-16,predictive,Predictive maintenance: bucket service,"[""boom"", ""transmission"", ""engine""]",174.25,Ronald Nguyen,transmission,0.82,9.9,True,2026-07-04
d72cf2c9-db35-4101-b1a9-d6d42cbbb79d,fe1f38ac-424c-445e-850e-eb9c6e78e4aa,2025-08-21,2025-08-25,scheduled,Scheduled maintenance: transmission service,"[""electrical"", ""filters"", ""engine""]",130.56,Brenda Haney,,,4.0,True,2025-08-09
440ee17e-0779-48f5-8fae-42018739571b,7bc3cbca-b4c9-45c2-9c98-9a7c8435a94a,2024-11-10,2024-11-11,emergency,Emergency maintenance: hydraulic_system service,"[""engine""]",958.65,Charles Guzman,,,20.8,True,2024-11-05
48fbfb35-27f2-4a5d-ac11-dd30ea5e4708,a99138d7-fc1a-45db-abb6-6038260c9551,2026-03-25,2026-03-26,scheduled,Scheduled maintenance: transmission service,[],65.68,David Ward,,,2.5,True,2026-03-13
5f12c1fa-7e49-4df9-ab65-952b72623f86,2407b3e1-e827-4934-b475-37ac8507d2b5,2024-08-14,2024-08-19,predictive,Predictive maintenance: belts service,"[""filters""]",180.99,Samuel Potts,boom,0.719,6.0,True,2024-08-01
8e968a4a-f636-4add-9289-43108d7897a5,9d8ec58a-ad14-4ada-9df4-0b91356ed4d8,2025-12-21,2025-12-22,scheduled,Scheduled maintenance: filters service,"[""filters"", ""hydraulic_system"", ""tracks/tires""]",252.3,Jacob Hoffman,,,1.1,True,2025-12-17
23e1241a-7437-4ec6-8cde-7bf0f615f0bd,5dd9dd93-c22a-4b2b-ba08-97fd9747c57c,2026-07-02,2026-07-07,inspection,Inspection maintenance: tracks/tires service,[],34.63,Jennifer Delgado,,,5.4,True,2026-06-21
f9fb4b5c-e556-41b8-aac9-869f2b66eade,bb7743e5-e6a4-4456-b11e-b3eaaa5202b1,2025-01-31,2025-02-02,predictive,Predictive maintenance: belts service,"[""transmission"", ""filters"", ""engine""]",253.75,Sarah Green,hydraulic_system,0.947,0.1,True,2025-01-20
c5540ba2-58ba-4aa3-af67-e1d9e2652e2f,65a16bf6-20ff-4171-937d-86c87f405f07,2025-04-05,2025-04-10,scheduled,Scheduled maintenance: belts service,[],993.51,Anne Bowman,,,3.6,True,2025-03-29
0826d1e0-d07e-4e09-ab52-b815b02bfb8e,0aa11de9-1db1-4eae-a9b5-d924abe9c2a2,2026-01-17,2026-01-22,scheduled,Scheduled maintenance: boom service,"[""engine"", ""filters""]",1112.91,Melissa Patterson,,,6.9,True,2026-01-11
3c56998a-c285-4da3-8ccb-a33359cf2e4a,771c0b78-dd33-4ba3-afd4-4c7825793e20,2025-10-17,2025-10-22,inspection,Inspection maintenance: engine service,"[""electrical"", ""bucket""]",190.82,Jordan Sims,,,22.6,True,2025-10-14
4012db22-09b4-48c1-941b-057198ce3ebf,1cc3d635-aefe-4faf-93c9-ab1eec036b0a,2024-11-17,2024-11-18,scheduled,Scheduled maintenance: belts service,"[""transmission""]",1027.4,Richard Mitchell,,,16.1,True,2024-11-11
43615b0a-1df8-4f7e-b34d-5bf9dadf68d2,bd48f4eb-f956-4bb1-ac06-a1f66fd2f811,2025-11-23,2025-11-24,predictive,Predictive maintenance: electrical service,"[""transmission"", ""electrical"", ""tracks/tires""]",551.0,Stacy Mccall,boom,0.949,1.5,True,2025-11-13
d0f8c750-0195-44a3-ae0c-ce651b15dc25,33ffa60c-2ebd-487f-8318-07cb7362b922,2025-06-22,2025-06-23,predictive,Predictive maintenance: belts service,"[""filters"", ""boom""]",1476.95,Julie Manning MD,bucket,0.84,3.1,True,2025-06-19
f9767807-1b8d-455b-8f22-a55f41119950,3d21230b-decd-4931-bec1-2211e749430e,2025-04-18,2025-04-18,predictive,Predictive maintenance: hydraulic_system service,[],32.95,Michael Orozco,electrical,0.661,0.0,True,2025-04-16
a4535c8f-2f0e-4ea8-8ead-42115b7a96f6,def63940-d7aa-4277-a1e0-1d42fef8779f,2025-05-28,2025-06-02,scheduled,Scheduled maintenance: engine service,"[""transmission"", ""bucket""]",453.14,Michael Casey,,,7.0,True,2025-05-24
07ad6282-dd3e-4ad3-a3ea-dd24848913fb,d453fc78-ea1f-4a63-89b7-885207cb6d0f,2025-07-09,2025-07-09,scheduled,Scheduled maintenance: tracks/tires service,"[""hydraulic_system""]",338.92,Melissa Baker,,,1.3,True,2025-07-07
2d39d8be-9da3-4137-a6f3-ced34d3868c2,abe2f647-9c83-4219-b21e-d12d64d78f73,2025-03-31,2025-04-01,inspection,Inspection maintenance: electrical service,"[""bucket"", ""hydraulic_system""]",94.5,Dana Nunez,,,3.7,True,2025-03-20
063abf90-f803-4677-a30b-54b194b9155a,d24f3bec-a830-4056-932b-c301019d66f6,2025-01-18,2025-01-19,predictive,Predictive maintenance: belts service,[],364.93,Erin Ortiz,bucket,0.781,4.3,True,2025-01-13
76c21a9a-af5b-4c54-826c-eace093ab281,47665766-7fef-4c04-bbf4-9c08b872b5b5,2025-12-06,2025-12-10,emergency,Emergency maintenance: hydraulic_system service,"[""engine""]",66.67,Bradley Turner,,,7.0,True,2025-12-05
7d873904-3d5c-401c-8070-0e074d4dd6fc,91eb547c-4954-4ad6-a700-7fbda71130ab,2025-02-20,2025-02-24,scheduled,Scheduled maintenance: electrical service,"[""engine""]",274.49,Ashley Hall,,,20.7,True,2025-02-13
5e9f7a71-f463-42d5-81de-5fdf974c5d6b,17d127a3-7a84-4ff8-88fa-1f0f76419d22,2026-05-23,2026-05-26,scheduled,Scheduled maintenance: boom service,"[""electrical""]",73.32,Mary Bryant,,,0.9,True,2026-05-19
2211b7be-f0dc-436f-af89-789dbf3f1ad3,a7037454-abe4-4fbb-9b42-86d1f7928404,2025-05-08,2025-05-12,scheduled,Scheduled maintenance: transmission service,[],966.44,Amanda Acosta,,,16.8,True,2025-05-06
d19bee6f-1997-4846-88b7-9074ab44e34f,4d1f93ef-9f20-4d42-95b3-50f240c48266,2025-04-02,2025-04-07,predictive,Predictive maintenance: hydraulic_system service,"[""bucket"", ""belts""]",597.53,Tyler Spencer,boom,0.848,5.6,True,2025-03-28
3f830382-ed91-4077-b6a9-9143406010b6,3555aff2-951f-47ad-89fc-8e5b47203346,2024-08-21,2024-08-24,predictive,Predictive maintenance: boom service,"[""belts""]",1010.02,Crystal Powell,boom,0.726,2.2,True,2024-08-09
dc11e532-1580-47cc-a38b-7e4c5ac678f1,499b642e-2987-42c3-94fe-74da85a31dda,2025-12-03,2025-12-03,inspection,Inspection maintenance: bucket service,"[""belts""]",461.67,Jeremy Finley,,,13.4,True,2025-11-26
c5787a9c-e082-411b-bf0a-61a563c808c7,7bf4bee1-2430-439e-b790-26268f6ade58,2025-02-13,2025-02-13,scheduled,Scheduled maintenance: hydraulic_system service,"[""transmission""]",430.6,Anna Joseph,,,3.4,True,2025-02-07
a4a83e86-fa6f-4271-9511-5aee302d5998,4b215616-4579-4381-a2c1-209d11646376,2025-02-03,2025-02-05,scheduled,Scheduled maintenance: belts service,"[""belts"", ""filters""]",519.86,Michelle Jones,,,9.6,True,2025-01-25
357ac6c9-fa76-48f9-ad33-74e9d715ca9b,3ccc9093-50a4-4700-9fe0-a226f1dce9ed,2026-05-11,2026-05-12,scheduled,Scheduled maintenance: belts service,[],941.86,Joshua Smith,,,7.5,True,2026-05-06
3873dbc8-e25a-41f4-b13f-c8e8b9a25b77,ef9e32e5-45c6-4ec4-8093-3ffe87580117,2026-07-17,2026-07-22,inspection,Inspection maintenance: filters service,"[""transmission"", ""hydraulic_system""]",741.07,Matthew Williams,,,23.4,True,2026-07-05
6cc328d5-0b49-4841-8781-114b0910f861,8a3d250c-6de4-4dac-a648-94e7f1907baa,2026-02-04,2026-02-09,predictive,Predictive maintenance: filters service,"[""belts""]",346.91,Stephen Abbott,tracks/tires,0.651,4.6,True,2026-02-02
9fbda8af-2d10-42f3-987c-3dc402ca71da,7e626839-b994-4621-bcde-ddb6fe962558,2024-08-18,2024-08-20,scheduled,Scheduled maintenance: transmission service,[],533.74,Jill Mcknight,,,2.0,True,2024-08-11
802831c5-9000-42bd-ae59-15ccfbbbb28c,bd5b5537-c645-4658-8be0-185bb0f38f52,2026-02-18,2026-02-18,predictive,Predictive maintenance: hydraulic_system service,[],271.54,Lisa Williams,filters,0.673,3.1,True,2026-02-05
2e5f762c-0ca4-46d0-9e12-c4fe34fbd382,6af0c8ad-c01b-4298-8b67-49018447806d,2025-10-01,2025-10-03,predictive,Predictive maintenance: electrical service,[],12.95,Cheyenne Martinez,engine,0.73,6.3,True,2025-09-18
10eca90d-e614-43f0-8414-fdaa88bb0e4d,e6f0322b-02d1-4905-ba34-1cca3352fb8a,2025-06-07,2025-06-12,predictive,Predictive maintenance: bucket service,"[""bucket""]",554.47,Tracey Fernandez MD,boom,0.698,17.7,True,2025-06-01
c647fe09-4219-42fe-ba6f-8f3586c7f295,c29204b5-14dc-46a7-8bc4-c01de4e97b63,2025-03-02,2025-03-07,predictive,Predictive maintenance: filters service,"[""tracks/tires""]",774.86,Zachary Atkins,bucket,0.718,12.7,True,2025-02-23
b9471045-b643-43cc-95c9-be15e8f4bc57,2407b3e1-e827-4934-b475-37ac8507d2b5,2026-06-29,2026-07-03,scheduled,Scheduled maintenance: electrical service,"[""electrical"", ""belts"", ""boom""]",645.87,Laura Macdonald,,,8.1,True,2026-06-25
7be70f56-98ab-47d8-bae8-723cfaf32e9b,620b4e94-ec7b-4abc-8e70-f3e7fb3b8cda,2025-03-18,2025-03-19,scheduled,Scheduled maintenance: belts service,"[""tracks/tires"", ""electrical""]",451.6,Angela Mcdaniel,,,0.8,True,2025-03-09
f0f7f6da-a44e-4879-8a5b-1610ece050a2,56e39c99-8e5b-4b95-8676-f23869b55466,2025-02-14,2025-02-16,predictive,Predictive maintenance: tracks/tires service,"[""electrical""]",3.65,Brandy Brown,boom,0.806,10.4,True,2025-02-07
874aa180-f81a-49c5-bf2f-4261125db443,0e2e2d65-7058-4484-8176-fc5c68adb06f,2024-09-27,2024-09-29,inspection,Inspection maintenance: tracks/tires service,"[""tracks/tires""]",469.39,Dr. Eric Serrano,,,8.9,True,2024-09-14
f096c8a1-17c4-455f-b7e5-d0153178dd53,24130e7e-cf6f-4437-a686-8de546e64bf9,2026-05-07,2026-05-10,scheduled,Scheduled maintenance: belts service,"[""tracks/tires""]",325.06,Lisa Johnson,,,0.2,True,2026-04-26
8f1f2203-cbcf-4d58-a147-e32c7dcf6685,def63940-d7aa-4277-a1e0-1d42fef8779f,2026-01-06,2026-01-08,inspection,Inspection maintenance: hydraulic_system service,"[""boom""]",490.61,Kristen Braun,,,7.2,True,2025-12-25
451b7ad8-2306-44dd-b898-e158d87060dd,c812760e-d5e9-4fb4-a694-5cba6278a560,2026-03-27,2026-03-27,inspection,Inspection maintenance: engine service,"[""engine"", ""bucket"", ""hydraulic_system""]",1943.66,Charles Brown,,,10.0,True,2026-03-19
514a66d6-d06e-4244-9c04-3795c86245e8,1dce7fc2-4f7e-4246-8958-4e31a35460a8,2026-03-18,2026-03-23,emergency,Emergency maintenance: transmission service,"[""tracks/tires"", ""engine""]",1193.27,Julie Pearson,,,2.0,True,2026-03-05
770feedd-db49-454e-bc90-e93865fd0866,d7ba05dd-0ece-4250-9848-114f6f0e2ee7,2025-09-17,2025-09-20,scheduled,Scheduled maintenance: hydraulic_system service,"[""hydraulic_system""]",154.66,Donna Hill,,,9.8,True,2025-09-11
dc2d3f7e-9c00-414e-b783-924dc27b5824,b7557854-c914-4c3f-bb44-4208ef5335d1,2025-12-14,2025-12-14,scheduled,Scheduled maintenance: boom service,[],371.25,Brett Farmer,,,3.3,True,2025-12-04
0a67eaeb-f8a2-44be-924f-897964b7bf09,c48d4d39-f7d0-4924-8e75-bb6a64ece904,2025-07-30,2025-08-04,predictive,Predictive maintenance: tracks/tires service,"[""bucket"", ""transmission""]",942.47,Keith Torres,bucket,0.915,4.0,True,2025-07-16
d12e70fa-9fc1-4a0d-abd9-5ea2a80e9a36,9755da49-9715-44bb-9451-f695a12990e6,2025-03-18,2025-03-21,inspection,Inspection maintenance: tracks/tires service,"[""electrical"", ""boom""]",229.41,Joshua Arnold,,,0.7,True,2025-03-17
04a7fb3b-e2e2-4430-8622-5d131b5c5e05,acd1f775-666b-496f-9937-33deb536b8af,2024-11-03,2024-11-03,emergency,Emergency maintenance: transmission service,"[""hydraulic_system"", ""belts"", ""boom""]",815.41,Michael Dougherty,,,3.1,True,2024-11-01
06df047a-1fe4-43c5-a348-aa8a537b0285,53f3bf49-f075-4261-952d-682f64be6bb3,2025-01-03,2025-01-06,scheduled,Scheduled maintenance: belts service,[],615.69,Ryan Brooks,,,0.3,True,2024-12-21
bdc63f0a-0a96-4d43-b9e2-0d0ae3ca1566,48f2f853-5975-4db9-858c-3f5564530e33,2025-01-06,2025-01-10,emergency,Emergency maintenance: electrical service,"[""belts""]",54.6,Christy Johnson,,,5.5,True,2024-12-27
62a6faeb-4528-4e1b-99b4-bae856c31cd1,1c175d4b-1c57-4c76-9909-026fef889657,2025-12-23,2025-12-27,scheduled,Scheduled maintenance: electrical service,[],872.68,Jack Brown,,,5.2,True,2025-12-16
9ecd29db-37ab-499d-aa84-8388c9834834,e1105589-f4b9-4bbb-a8a8-6fc603567db8,2025-06-19,,inspection,Inspection maintenance: bucket service,"[""belts"", ""electrical""]",226.51,Amy Long,,,0.1,False,2025-06-05
17d5806c-39a2-449c-872a-e4ee2d40743f,c9da8ca6-3f90-4aa8-a145-4aea622dc77a,2024-10-19,2024-10-22,inspection,Inspection maintenance: belts service,"[""bucket"", ""transmission""]",1443.23,Dalton Nelson,,,20.5,True,2024-10-16
0888341d-7352-493b-855e-5f9cdc5bb7c8,d7a5d25c-f62d-4c8b-93eb-b9c95a477694,2025-08-24,2025-08-29,emergency,Emergency maintenance: transmission service,[],384.26,Donald Brown,,,1.3,True,2025-08-10
0368ec98-5aac-411f-821a-d2f38c7f9f4c,c48d4d39-f7d0-4924-8e75-bb6a64ece904,2026-01-24,2026-01-28,emergency,Emergency maintenance: boom service,"[""filters"", ""tracks/tires""]",551.11,Jose Alexander,,,0.6,True,2026-01-11
aa98baa8-e8a1-4c0c-84d2-43c4e7180148,8e7ae8fd-f5b7-47d4-81a5-ec025a3a8869,2026-04-22,2026-04-27,predictive,Predictive maintenance: bucket service,[],1155.48,Angela Brown,tracks/tires,0.857,5.8,True,2026-04-16
11facc80-cba1-44b9-8f93-569ec6ebbf8b,4bba57e3-eae8-4c6e-b9d5-8b3cd965fb65,2024-09-29,2024-10-04,predictive,Predictive maintenance: transmission service,"[""tracks/tires""]",420.23,William Wolf,filters,0.707,1.5,True,2024-09-20
89dca2fd-9d53-4076-8695-c1d15c0a48ca,ef44a4bf-5551-4082-a8dc-30786d09e2be,2025-03-30,2025-03-31,predictive,Predictive maintenance: tracks/tires service,[],1176.33,Carol Jones,engine,0.95,1.3,True,2025-03-28
e0203198-05d1-48bf-9393-8251d9ed591a,9f88c744-8230-419d-ac44-8c12c45aec98,2026-05-04,2026-05-06,predictive,Predictive maintenance: hydraulic_system service,[],682.17,Daniel Jimenez,transmission,0.883,15.7,True,2026-04-23
542ed515-b1f1-432b-b107-a06dd6b92ad1,b15e1b1c-5352-4dcb-ba88-9b37b75d8fe1,2026-03-10,2026-03-10,scheduled,Scheduled maintenance: boom service,"[""engine"", ""belts""]",387.45,Bethany Nelson,,,29.9,True,2026-03-02
b539ff9a-0ede-47ef-aa1b-86198f13de1f,156019e2-56eb-40f1-b489-21a0444b207d,2026-07-28,2026-07-28,predictive,Predictive maintenance: hydraulic_system service,"[""hydraulic_system""]",287.07,Brandon Campbell,transmission,0.904,0.5,True,2026-07-23
9b4fd3e1-9eb1-47ea-aa00-a00064e9de71,d7ba05dd-0ece-4250-9848-114f6f0e2ee7,2025-02-02,2025-02-05,predictive,Predictive maintenance: boom service,"[""belts""]",1.08,Natalie Jackson,electrical,0.949,0.2,True,2025-01-25
787705a8-4e90-4fce-8334-579f8b170a50,8730beb7-f5fc-4c1a-a9cf-187583ce9f88,2026-03-08,2026-03-12,scheduled,Scheduled maintenance: filters service,"[""engine"", ""transmission"", ""hydraulic_system""]",294.54,Jill Parker,,,9.2,True,2026-02-24
c16a9a36-95e0-4e52-9fcf-1abfac2a4c85,abde9c0a-6f8b-47a1-9208-078b30f1decc,2025-06-10,,predictive,Predictive maintenance: boom service,"[""transmission""]",74.28,Julie Barrett,hydraulic_system,0.683,6.8,False,2025-06-04
4348b00e-6b40-49e8-82b1-110a7664782b,6b0981df-5fa8-4c2a-80aa-2cf2532b88db,2025-08-11,2025-08-16,scheduled,Scheduled maintenance: boom service,"[""boom"", ""bucket""]",337.08,Sarah Tran,,,1.4,True,2025-07-30
3699e668-7b71-42f8-b532-eff8e5b82b75,0ff4f72d-1e18-4022-849e-5d7cfc79132d,2024-11-19,2024-11-19,predictive,Predictive maintenance: transmission service,[],419.31,Ashley Castro,hydraulic_system,0.943,1.0,True,2024-11-12
c2da97a3-342f-479b-8589-8faf1d71f433,215e05b6-85bb-4941-850d-7f4508c4201b,2024-10-21,2024-10-26,scheduled,Scheduled maintenance: electrical service,"[""belts"", ""bucket""]",163.78,Jeremy Sutton,,,4.2,True,2024-10-17
1a86319b-4749-4305-91d4-5d3716a95690,e5f9c625-ef35-4d40-b589-e5e8c7796840,2026-04-07,2026-04-11,predictive,Predictive maintenance: hydraulic_system service,"[""bucket""]",64.45,Edward Williams,hydraulic_system,0.798,28.0,True,2026-03-30
6d41a16c-1f13-4055-8f32-91e495546114,81c0302e-89de-45fb-adf7-ccee6ebec7fc,2026-03-08,2026-03-11,emergency,Emergency maintenance: tracks/tires service,"[""engine"", ""belts""]",241.47,James Palmer,,,3.8,True,2026-03-02
f6b37edb-2150-4608-951f-1bea0bd1af26,e897043a-a106-4f82-8982-e2790f64646c,2025-05-30,2025-05-30,scheduled,Scheduled maintenance: engine service,"[""belts"", ""transmission""]",560.54,Matthew Watson,,,13.0,True,2025-05-21
2d05cc24-4122-4263-936a-91cf2dcd6268,65a16bf6-20ff-4171-937d-86c87f405f07,2024-09-16,2024-09-18,scheduled,Scheduled maintenance: tracks/tires service,"[""hydraulic_system""]",395.01,Robin Turner,,,2.0,True,2024-09-08
0d94cb82-4835-4593-961c-ac9d26b63c96,b15e1b1c-5352-4dcb-ba88-9b37b75d8fe1,2024-10-23,2024-10-28,scheduled,Scheduled maintenance: boom service,[],484.56,Angela Russell,,,0.3,True,2024-10-14
29beb142-ee23-4e6a-8189-d018b077af57,5bbe024d-be7f-4dea-9af4-446027d6e8b5,2026-02-07,,scheduled,Scheduled maintenance: engine service,"[""electrical"", ""engine""]",21.4,Brandy Baldwin,,,7.8,False,2026-01-25
2856229a-dfd3-40a6-9ce3-2b15a6ff35d2,31742f32-cee0-4b3f-81ad-3b795aebf7f5,2026-06-01,2026-06-02,scheduled,Scheduled maintenance: engine service,[],257.97,Lisa Paul,,,7.6,True,2026-05-27
75015e07-03ea-40e8-aceb-2596d47770db,b6fddce9-34b6-4d7e-9a08-ec7ea6fe4fe1,2024-10-16,2024-10-21,predictive,Predictive maintenance: transmission service,"[""tracks/tires"", ""hydraulic_system""]",1750.72,Mark Wang,tracks/tires,0.709,9.6,True,2024-10-13
2ffd442d-4fda-4016-b257-c13315a86802,914f974b-1a14-4400-a630-5228c6c8979e,2026-06-11,2026-06-13,scheduled,Scheduled maintenance: hydraulic_system service,"[""electrical"", ""bucket""]",606.67,Karen Perez,,,8.3,True,2026-06-05
388d21f1-c15e-46cd-824c-ef53a295aad2,c4ebb8c0-1833-4d0d-865d-b50758a8997f,2025-05-30,2025-06-02,predictive,Predictive maintenance: boom service,"[""filters"", ""bucket"", ""electrical""]",222.32,Joshua Clark,bucket,0.745,6.8,True,2025-05-23
9d0415e6-f151-4462-9b1a-eb6176dc24ac,05e05424-938e-4e3b-8ae0-2a6982435e87,2026-03-06,2026-03-06,scheduled,Scheduled maintenance: boom service,"[""bucket"", ""electrical""]",25.64,Jessica Wilson,,,11.9,True,2026-03-04
7dc93847-186c-43f3-9a18-8e9f739278f1,4d1f93ef-9f20-4d42-95b3-50f240c48266,2025-06-23,2025-06-23,predictive,Predictive maintenance: tracks/tires service,"[""tracks/tires"", ""bucket"", ""boom""]",509.38,Jessica Powers,tracks/tires,0.888,5.0,True,2025-06-10
e1a24445-3dc6-4138-8a8f-137cefd2165f,9e63695f-0c10-4a4b-a2e3-87826df60aaa,2025-07-07,2025-07-10,scheduled,Scheduled maintenance: filters service,"[""bucket""]",821.69,Sarah Lawrence DVM,,,14.5,True,2025-07-04
82fe5e8d-7bc6-4f30-abac-66c963f585ad,3b7f53dc-89bc-42d5-bba4-4b64972c25dc,2024-10-26,2024-10-28,scheduled,Scheduled maintenance: hydraulic_system service,"[""electrical""]",968.15,Amanda Rivera,,,0.1,True,2024-10-25
61f38b68-d5af-41bc-8b81-8ba401d68e8a,914f974b-1a14-4400-a630-5228c6c8979e,2024-11-29,2024-12-04,scheduled,Scheduled maintenance: transmission service,"[""filters"", ""belts""]",426.67,Kevin Daniel MD,,,4.2,True,2024-11-19
b907124f-437d-4f3c-9c10-c47093637a5a,e8ecf91b-f527-474a-8b94-06595d7e34e5,2026-03-18,2026-03-18,scheduled,Scheduled maintenance: hydraulic_system service,"[""engine"", ""filters"", ""boom""]",39.43,Erin Williams,,,8.6,True,2026-03-09
affe42f3-6362-409b-93bc-bac76213079d,5db396a8-9563-450f-b718-8a2af4a5c278,2024-08-09,,scheduled,Scheduled maintenance: hydraulic_system service,[],124.35,Carmen Liu,,,2.7,False,2024-07-31
120527b9-9db9-45c5-be08-c5ef4e806701,5aeb4d24-f2c3-4048-bc18-aa047ef63c9c,2024-10-13,2024-10-17,predictive,Predictive maintenance: boom service,"[""hydraulic_system""]",75.74,Jeffrey Rogers,filters,0.704,5.7,True,2024-10-11
38401825-5142-42ee-bca1-209e7b51b2ad,9238ff1c-1a62-41b7-931f-170b0ad7e1d5,2025-05-25,2025-05-28,emergency,Emergency maintenance: tracks/tires service,"[""electrical"", ""engine""]",999.51,Laura Hughes,,,13.0,True,2025-05-24
1f3c1675-048f-488a-8087-7a6bcb3e3310,ef44a4bf-5551-4082-a8dc-30786d09e2be,2025-01-13,,scheduled,Scheduled maintenance: transmission service,"[""bucket""]",353.69,Elizabeth Navarro,,,45.7,False,2025-01-07
94c5f892-0c43-4a1a-9f9d-97ec56a3fc20,38f9ff9c-c99e-4a6d-8c84-69f47f0d7c55,2024-10-14,2024-10-18,emergency,Emergency maintenance: hydraulic_system service,[],1144.27,Mariah Henson,,,13.3,True,2024-10-07
8ee06390-9b6b-428a-bad8-f02839714b71,e353b71f-4e57-41df-983e-49758c475124,2025-04-06,2025-04-07,scheduled,Scheduled maintenance: hydraulic_system service,"[""electrical"", ""transmission"", ""boom""]",8.89,Tyler Williams,,,21.3,True,2025-04-04
33939c03-292c-47a8-a753-18767a19d3aa,d38182d3-7ec9-41ee-9d28-5cc0e6891e45,2026-07-04,2026-07-07,scheduled,Scheduled maintenance: filters service,[],228.41,William Rogers,,,6.5,True,2026-06-28
97e0a99a-51b8-4643-b569-948c1c974a37,851c4755-6988-422f-a3f4-87f4ac5ebbe1,2025-06-25,2025-06-27,scheduled,Scheduled maintenance: transmission service,[],218.01,Mandy Bentley,,,2.0,True,2025-06-21
7d4fa638-82b2-44ad-a9a1-66d327373999,59b35768-9f6d-4676-8135-cf5cc838a9a8,2026-06-29,2026-06-30,emergency,Emergency maintenance: boom service,"[""belts"", ""hydraulic_system""]",1379.86,Jamie Stein,,,23.1,True,2026-06-17
ce126bb7-2794-4802-9d88-efbb1193f0a6,afae5247-56ca-4e22-b66c-f8c8145a478f,2025-11-30,2025-11-30,scheduled,Scheduled maintenance: belts service,"[""transmission"", ""tracks/tires""]",968.16,Joshua Thompson,,,6.0,True,2025-11-17
91aa6d07-7633-432f-a1ee-dca46f70b0ea,f8749ec0-d851-455c-83eb-60e4d29f6514,2024-09-18,2024-09-22,scheduled,Scheduled maintenance: transmission service,"[""transmission"", ""electrical"", ""engine""]",337.69,Joanne Harris,,,10.5,True,2024-09-12
b9c0ec0c-84af-474d-83be-55519a0813a1,9006069d-b2ff-4450-8154-477980debaa0,2024-10-14,2024-10-18,scheduled,Scheduled maintenance: electrical service,"[""hydraulic_system"", ""tracks/tires""]",194.47,Mark Welch,,,4.9,True,2024-10-08
b79d5c50-d246-4790-a284-ea8c876d158b,2b98e130-e6ae-438b-bcf6-a122ba1e33b2,2024-12-10,2024-12-10,scheduled,Scheduled maintenance: boom service,[],1474.48,Donna Ruiz,,,3.1,True,2024-12-07
53649b2c-912a-49f7-83a0-865c3259d3d2,4d1f93ef-9f20-4d42-95b3-50f240c48266,2024-08-08,2024-08-09,predictive,Predictive maintenance: hydraulic_system service,[],230.02,Mary Villa,belts,0.768,3.1,True,2024-08-06
bc52746d-b367-4a49-8ef4-4611b5d3ed18,881083bb-88bd-45a5-8974-ab4b05d6cd1e,2025-07-13,2025-07-18,emergency,Emergency maintenance: boom service,[],70.01,Sara Freeman,,,8.2,True,2025-07-01
374f5397-51e0-4a25-8899-facb66ff0a99,9266e553-423b-4eb2-b73d-bb4fc3a7cb5f,2025-06-20,2025-06-25,scheduled,Scheduled maintenance: tracks/tires service,"[""tracks/tires"", ""filters"", ""bucket""]",282.85,Ryan Davenport,,,0.4,True,2025-06-13
ec3191f3-a10e-4b2a-ab18-08ede36797dd,b7d6b701-91c2-4e84-8df1-848099f8ad6d,2026-05-21,2026-05-22,predictive,Predictive maintenance: boom service,"[""filters""]",704.64,Sarah Myers,belts,0.797,7.3,True,2026-05-18
3f57e743-25fd-46cd-92b2-6dc449b99da7,1f5e380b-ed3e-4b79-a7ba-207caca3f595,2026-03-31,,predictive,Predictive maintenance: belts service,"[""hydraulic_system"", ""bucket"", ""belts""]",227.72,Jessica Saunders,bucket,0.7,12.0,False,2026-03-22
2c2b5ba9-0a55-425b-9da7-035531961639,95e51da3-317f-40fd-b01a-02329bd71fbd,2025-03-29,2025-03-30,scheduled,Scheduled maintenance: boom service,[],171.57,David Schroeder,,,0.7,True,2025-03-21
6d144c15-cef0-4fc9-9162-6522f62ec5a4,47665766-7fef-4c04-bbf4-9c08b872b5b5,2026-07-16,2026-07-21,scheduled,Scheduled maintenance: boom service,[],80.85,Gabriel Morales,,,0.8,True,2026-07-07
008384a3-f8f7-4a2b-b269-98668c0e49ee,620b4e94-ec7b-4abc-8e70-f3e7fb3b8cda,2025-04-21,2025-04-25,emergency,Emergency maintenance: boom service,"[""hydraulic_system"", ""filters"", ""bucket""]",175.87,William Lowe,,,0.2,True,2025-04-10
8646f862-69e6-47f1-a80b-a8c0214b7a0c,aed167d1-e9e5-4499-bba0-6827259a9796,2026-04-25,2026-04-28,emergency,Emergency maintenance: filters service,[],271.15,Julia Moore,,,2.6,True,2026-04-17
9b07006b-8c6d-4ea9-a8bf-4adfbc8c9032,9ab7aac6-6749-4e16-9084-81a94d6db167,2025-10-23,2025-10-23,scheduled,Scheduled maintenance: filters service,"[""engine""]",12.68,Laura Smith,,,9.2,True,2025-10-15
dec970e7-8d1b-43e8-9f4a-deec34a91ea1,ef023ed0-6345-4dfd-91cf-264ae49d47f0,2025-04-21,2025-04-21,inspection,Inspection maintenance: transmission service,[],340.89,Robin Todd,,,19.1,True,2025-04-08
7b8fd4e6-ac72-405c-bf7d-10fac3e33a8d,7ec6d0a4-50b8-4c4c-987e-3f365800069e,2025-08-19,2025-08-19,scheduled,Scheduled maintenance: transmission service,"[""belts"", ""filters""]",404.85,Mr. Mark Jones,,,3.3,True,2025-08-14
d88ea4f2-2ff0-44b6-91c5-2ea16ff86769,f6efd6c6-f920-4a49-a686-816b436f93d6,2025-01-25,2025-01-27,predictive,Predictive maintenance: engine service,[],780.37,Heather Brady,transmission,0.812,3.0,True,2025-01-15
0fac8f2b-a36b-468d-b86b-b96772de225e,9ab7aac6-6749-4e16-9084-81a94d6db167,2025-11-12,2025-11-17,predictive,Predictive maintenance: bucket service,"[""belts""]",482.47,Monica Schroeder,tracks/tires,0.882,39.0,True,2025-11-02
552fa4cd-c797-4256-b82c-a77353f8cbb1,d2c330e9-fc8f-4b13-85f3-53cedcfdcade,2026-05-15,2026-05-17,predictive,Predictive maintenance: bucket service,"[""belts""]",263.63,Alyssa Patrick,hydraulic_system,0.735,21.7,True,2026-05-06
3f9575fd-b715-42d4-914d-d29deb66bccb,45418852-2841-45b8-993c-98fa0322df4c,2025-10-07,2025-10-08,scheduled,Scheduled maintenance: bucket service,"[""bucket""]",633.29,Karen Ward,,,5.0,True,2025-09-25
12c68f6e-e3ad-4c1f-8b12-1f6869b141de,6b796415-a9d1-4dcf-a741-7215722556e2,2024-12-18,2024-12-20,inspection,Inspection maintenance: tracks/tires service,"[""hydraulic_system"", ""electrical""]",441.52,Blake Harrison,,,8.1,True,2024-12-17
c827d85d-2ce5-40ab-a746-a829ccabb73b,33ffa60c-2ebd-487f-8318-07cb7362b922,2025-04-21,2025-04-24,scheduled,Scheduled maintenance: bucket service,"[""transmission"", ""tracks/tires""]",695.79,Lauren Reynolds,,,0.1,True,2025-04-14
9cb36662-329f-4a67-a7f1-ecad2464a556,15f32c65-6162-478a-aa8d-0c686dcb1ca0,2026-05-13,2026-05-18,scheduled,Scheduled maintenance: transmission service,[],2062.81,Cindy Lara,,,2.8,True,2026-04-30
0c873a14-c451-4132-a7d2-f4a764ce7ae8,b02c5d8e-75ac-4378-8937-7cc5bea02b86,2025-11-04,2025-11-09,scheduled,Scheduled maintenance: transmission service,"[""boom"", ""filters""]",2614.61,Andrea Villanueva,,,3.2,True,2025-10-26
9d8a56f7-94d7-449a-adad-d6d630602644,5d870766-d261-482d-a5e2-d98a65859089,2025-02-02,2025-02-02,inspection,Inspection maintenance: electrical service,"[""tracks/tires""]",259.82,Karen Tran,,,0.8,True,2025-01-28
9b4e48c7-21aa-436b-a4f7-a26c1bb7dbaa,e87d5f74-e299-45fd-8c2e-8b861ec69ef0,2025-06-13,2025-06-16,emergency,Emergency maintenance: filters service,"[""bucket""]",555.22,John Hill,,,23.0,True,2025-06-04
399203f4-cdce-49e1-814a-3dbfdf3a8606,028a6f52-add2-4c7a-b7a3-a9c22ddb4879,2026-07-04,2026-07-07,predictive,Predictive maintenance: filters service,"[""transmission"", ""filters"", ""belts""]",177.76,Steven Alvarez,boom,0.779,14.6,True,2026-06-29
4875f454-7525-40e2-8cec-841558c40efb,29465baa-6f23-48da-85e3-203b66243ba6,2025-12-02,2025-12-03,scheduled,Scheduled maintenance: tracks/tires service,"[""bucket"", ""tracks/tires"", ""hydraulic_system""]",1071.81,Rebecca Fox,,,3.7,True,2025-11-23
8364d9c5-76e1-4c8f-9245-7f344c85a9fc,391860e9-8798-4e35-9e30-5f14351574d1,2024-08-13,,inspection,Inspection maintenance: belts service,"[""filters"", ""transmission""]",11.02,Mr. Nicholas Bowers,,,9.2,False,2024-08-01
58d4de87-2dfb-4c53-a1fc-07628f6b40c3,f90a7087-1dfb-4b75-af42-add5c13d5e8a,2026-06-24,2026-06-25,scheduled,Scheduled maintenance: tracks/tires service,"[""hydraulic_system"", ""tracks/tires""]",38.96,William Lawson,,,9.0,True,2026-06-22
afa604b2-ebdd-404f-b58b-432f95be0abe,5ae99346-70e5-4ecd-a761-37fc492ec014,2025-07-09,2025-07-10,scheduled,Scheduled maintenance: electrical service,"[""filters"", ""boom"", ""hydraulic_system""]",1182.3,Jenna Howard,,,8.0,True,2025-06-25
5ce2a102-d255-4617-88d6-c4b26267dba3,ef44a4bf-5551-4082-a8dc-30786d09e2be,2025-02-23,2025-02-25,inspection,Inspection maintenance: electrical service,"[""engine"", ""tracks/tires"", ""belts""]",302.38,Cindy Nguyen,,,0.4,True,2025-02-19
21133b9f-b4df-41f5-89ca-4d65712af1c4,7e626839-b994-4621-bcde-ddb6fe962558,2026-06-02,,inspection,Inspection maintenance: engine service,"[""electrical"", ""bucket""]",856.41,Scott Boone,,,1.2,False,2026-05-23
18a79b74-1f6a-4d9b-af8a-ab81e48551a0,3e7ebecc-5d5c-4427-b151-3ea728111ecf,2024-08-07,2024-08-09,scheduled,Scheduled maintenance: belts service,"[""engine"", ""belts"", ""tracks/tires""]",1504.35,Michael Jarvis,,,17.0,True,2024-07-31
5518516e-6a9d-40f0-809e-f00d572588d2,d7a5d25c-f62d-4c8b-93eb-b9c95a477694,2026-05-28,2026-05-31,predictive,Predictive maintenance: electrical service,"[""electrical"", ""bucket"", ""boom""]",353.47,Victoria Knight,transmission,0.932,1.0,True,2026-05-22
2afc95c6-8d9f-4baf-8063-89d73ee2bd83,7ec6d0a4-50b8-4c4c-987e-3f365800069e,2025-02-08,2025-02-13,emergency,Emergency maintenance: bucket service,"[""engine"", ""belts"", ""electrical""]",554.53,Angela Thompson,,,2.3,True,2025-02-03
76cdb9fa-c01f-40a8-af5e-5a6f3aa2cbe1,215e05b6-85bb-4941-850d-7f4508c4201b,2024-08-19,2024-08-20,scheduled,Scheduled maintenance: filters service,"[""transmission""]",153.12,Christopher Chambers,,,6.6,True,2024-08-16
a60dbca9-cce2-4070-9850-d6050576b52e,1e848229-19cd-43bf-a961-c1ef07db203b,2026-01-13,2026-01-16,scheduled,Scheduled maintenance: belts service,"[""transmission"", ""engine""]",304.2,Amanda Thompson,,,3.9,True,2026-01-02
6fa7908c-1595-4018-9763-46eddc558d0b,29465baa-6f23-48da-85e3-203b66243ba6,2025-06-20,2025-06-21,predictive,Predictive maintenance: engine service,[],251.97,Sheila Ramirez,engine,0.889,1.8,True,2025-06-18
a852fdcc-e4e1-4c3b-8a1f-7b41cb11afed,9755da49-9715-44bb-9451-f695a12990e6,2025-01-09,2025-01-10,predictive,Predictive maintenance: tracks/tires service,"[""bucket"", ""filters"", ""electrical""]",364.65,Jacob Jackson,filters,0.721,2.7,True,2025-01-06
daaf531d-b3e1-4028-adac-8cd3653794cb,1a76a1bf-b46b-40e5-8087-533a8ecb5c44,2025-05-09,2025-05-12,inspection,Inspection maintenance: electrical service,"[""tracks/tires"", ""filters""]",648.62,Sharon Strickland,,,1.9,True,2025-05-08
568ab20f-cd76-4a75-855d-55bf47bac5ee,7d745603-179b-4273-bbc0-e1e6fa47306b,2025-04-10,2025-04-14,inspection,Inspection maintenance: electrical service,[],1089.12,Philip Lowery,,,8.5,True,2025-03-27
34fc63a1-3a56-4e77-b104-d63fb582febf,ee4f86b2-4255-4a91-a126-ead79dbbd91a,2024-10-17,2024-10-18,predictive,Predictive maintenance: transmission service,[],690.81,Lori Munoz,hydraulic_system,0.961,1.1,True,2024-10-12
e41d213d-7d47-4f5f-9163-fa460fe682cc,cdcefaf3-03e3-44b9-ad4a-7c3108ad7a9b,2026-01-02,2026-01-07,scheduled,Scheduled maintenance: electrical service,"[""belts""]",136.46,Christopher Bean,,,4.8,True,2025-12-22
d820e03b-2a0b-43d1-8169-e83a226cf9cb,1a06c5c5-731d-4299-a6af-a4cf5c7676ba,2026-06-02,2026-06-03,predictive,Predictive maintenance: engine service,"[""engine""]",1738.2,Justin Robinson,electrical,0.795,3.8,True,2026-05-25
a2797787-4fae-41b4-b114-c4636ac37755,04713cc6-70a5-4613-b316-15a2911c362d,2024-09-19,2024-09-24,scheduled,Scheduled maintenance: boom service,"[""tracks/tires"", ""electrical"", ""bucket""]",2389.27,Karen Hunter,,,13.2,True,2024-09-06
7ff8cbf6-e9e5-4975-920d-d62a8a399501,a0da5a7c-f919-4b54-a421-ff8cb1c664c5,2024-10-03,2024-10-08,scheduled,Scheduled maintenance: transmission service,"[""transmission""]",545.36,Amanda Pierce,,,7.3,True,2024-10-01
d218c9e7-ff86-47bb-b06e-240f3cfba4ac,c2cb93cd-ef91-41d5-804b-e127e14d401f,2026-01-16,2026-01-21,predictive,Predictive maintenance: transmission service,[],334.56,Cathy Gross,engine,0.743,49.4,True,2026-01-11
52ce291f-8cd2-4041-a339-ee34a98e0051,7b52a643-7d48-4552-86a7-b3637d5ba953,2025-03-28,2025-03-29,scheduled,Scheduled maintenance: hydraulic_system service,"[""boom""]",223.8,Sherry Pearson,,,2.9,True,2025-03-21
d6d537c9-4bff-4d58-b6c7-441f7dca66a9,66178505-99fa-49db-a5fd-68d7929aab3a,2024-09-01,2024-09-05,emergency,Emergency maintenance: filters service,"[""engine""]",113.66,Mr. Allen Moore,,,1.8,True,2024-08-26
8f572e5d-d132-449d-9a8e-e1a2bf731940,b513fe6c-9c41-4ec4-9459-bfca1d7e0cca,2026-04-11,2026-04-12,scheduled,Scheduled maintenance: engine service,"[""transmission""]",1280.92,Tammy Davenport,,,8.6,True,2026-04-03
86ccea92-bd10-4222-8279-49a4f8ad5c3a,b6e5bbec-0b71-40db-9828-7d2eaa33b758,2024-11-02,2024-11-07,predictive,Predictive maintenance: bucket service,"[""bucket""]",162.31,Ian Martinez,filters,0.79,0.6,True,2024-10-29
f8fbfae9-af08-401c-b993-a28e7b344eb4,e2ed13dd-0789-4b58-9a7f-7bd5033266be,2025-06-13,2025-06-14,inspection,Inspection maintenance: bucket service,"[""transmission"", ""electrical""]",172.23,Joseph Shannon,,,14.6,True,2025-06-01
a9b00302-cef2-4022-9021-a0488074407d,f9ea95f3-9b73-4117-8c59-d69124e4eb71,2026-05-09,2026-05-13,predictive,Predictive maintenance: transmission service,[],332.11,Brandon Craig,belts,0.705,12.1,True,2026-05-08
d55a6a0f-57ba-49c5-923a-e13b93b00269,75df8da7-25de-4205-8fa0-6b76875256f4,2024-12-06,2024-12-06,emergency,Emergency maintenance: engine service,"[""engine""]",216.79,Carly Odom,,,8.1,True,2024-11-26
367ae244-5632-4d3c-a068-7b72cd93d6cf,ee3c0e27-0f13-48ba-83d3-03b5f58e25ee,2025-10-29,2025-11-02,scheduled,Scheduled maintenance: tracks/tires service,"[""transmission"", ""engine"", ""belts""]",130.02,Anthony Gomez,,,13.5,True,2025-10-21
4b9d817e-813f-438a-9329-5fcc9406c6f7,c896ecf9-b9f5-46c4-9996-3f1f554699d7,2026-05-13,2026-05-13,inspection,Inspection maintenance: belts service,"[""filters""]",451.33,Charles Young,,,11.7,True,2026-05-06
4cfca299-a19a-4b14-ac61-75ef1e9fd3f9,5db396a8-9563-450f-b718-8a2af4a5c278,2025-09-16,2025-09-17,emergency,Emergency maintenance: hydraulic_system service,"[""engine"", ""electrical""]",360.93,Emma Pope,,,4.8,True,2025-09-04
bc952b2f-67be-46f2-bba3-b2afcca8d557,47665766-7fef-4c04-bbf4-9c08b872b5b5,2025-07-29,2025-08-02,emergency,Emergency maintenance: engine service,[],369.53,Michael Schaefer,,,5.5,True,2025-07-18
299ed78b-127e-4110-9f5a-2255322f4554,4c21c115-2eeb-44b6-b2ca-7b22bf53d9f0,2024-07-31,2024-08-02,predictive,Predictive maintenance: boom service,"[""belts"", ""tracks/tires""]",973.03,Adriana Graves,filters,0.676,1.4,True,2024-07-21
4bb7b579-5b2e-4b53-be3c-d643e79ddaee,e0d0a08d-b2c6-4224-b766-e6db1643197a,2025-06-10,2025-06-10,predictive,Predictive maintenance: tracks/tires service,"[""filters"", ""hydraulic_system""]",843.03,Shelby Gonzales,hydraulic_system,0.714,4.8,True,2025-05-28
0b182bb1-f980-4c72-aadd-0ff9acfcaf82,91af345e-68a2-4f6c-ac97-981589c1f0c1,2025-02-19,2025-02-22,scheduled,Scheduled maintenance: engine service,"[""filters"", ""engine"", ""hydraulic_system""]",499.35,Ryan Walter,,,11.9,True,2025-02-09
afa9f238-a2bf-49d7-9f5d-5cdb91d11d18,def63940-d7aa-4277-a1e0-1d42fef8779f,2026-04-20,2026-04-24,predictive,Predictive maintenance: hydraulic_system service,"[""engine"", ""electrical""]",377.5,Jeffrey Nelson,electrical,0.712,8.8,True,2026-04-13
6d831d3a-2d8f-4462-9fe7-ecc39dc81abe,100655ab-bd0a-4ad9-8880-a4f666f79d40,2025-09-21,2025-09-25,scheduled,Scheduled maintenance: engine service,"[""hydraulic_system"", ""filters"", ""engine""]",131.2,David Barton,,,4.6,True,2025-09-15
7ffa1b91-38b7-4f55-8387-6d5d28a6b43d,67bb39ff-2ab4-4470-85a5-4fb2bf5e4f06,2025-03-16,2025-03-20,scheduled,Scheduled maintenance: engine service,"[""filters"", ""electrical""]",186.73,Anthony Thomas,,,2.7,True,2025-03-14
a425d493-c8ad-495e-8065-98172503a22d,34f67dd0-61c6-4994-8301-feea4be369f0,2024-12-23,2024-12-25,emergency,Emergency maintenance: engine service,[],344.52,Garrett Moore,,,3.0,True,2024-12-09
15a84907-4c2f-4733-ba8e-010750a0a2a6,e0d0a08d-b2c6-4224-b766-e6db1643197a,2025-04-12,2025-04-17,emergency,Emergency maintenance: transmission service,"[""filters"", ""hydraulic_system""]",379.5,Kimberly Joseph,,,4.0,True,2025-03-30
20b81c91-1567-4751-8da2-9016ae19fa73,a6b243e1-d7b4-459e-a48c-e1ad64b258ad,2025-01-03,2025-01-06,inspection,Inspection maintenance: tracks/tires service,"[""tracks/tires""]",89.95,Jamie Hawkins,,,1.8,True,2024-12-29
9f1f1af9-cce0-43fa-af66-ad8eba6eec15,da2b72a3-d844-4260-918a-caeb4bc0bf91,2025-11-27,2025-12-02,emergency,Emergency maintenance: boom service,"[""engine"", ""transmission"", ""hydraulic_system""]",409.34,Christopher Bowers,,,2.6,True,2025-11-19
6a37114e-a6d8-4959-a186-26e2477a2823,27e18ae1-9407-4827-985a-ed8cc2112041,2024-12-22,2024-12-22,inspection,Inspection maintenance: hydraulic_system service,[],542.74,Kimberly Mendoza,,,0.1,True,2024-12-18
5bf49d46-73ef-4a06-a9c7-adc9fa5a3f91,edbfc236-f068-4c48-8c30-1763e4b6bf40,2026-02-14,2026-02-16,inspection,Inspection maintenance: hydraulic_system service,"[""filters""]",1330.28,Carlos Johnson,,,0.4,True,2026-02-01
271a3c24-9490-46e4-8f73-6fed2c9f83e7,6e44437b-ad21-4b20-a55d-80f42517c315,2025-11-14,2025-11-17,predictive,Predictive maintenance: boom service,"[""hydraulic_system"", ""bucket""]",1072.82,Samantha Weber,tracks/tires,0.817,20.4,True,2025-11-01
0d87046a-cd4a-4344-8c12-37351b9ddd00,91af345e-68a2-4f6c-ac97-981589c1f0c1,2025-02-14,2025-02-19,emergency,Emergency maintenance: tracks/tires service,"[""tracks/tires"", ""belts"", ""boom""]",221.02,Rose Brown,,,5.1,True,2025-01-31
7726e3c5-c1d1-4bb9-8da8-f56d01101431,e87d5f74-e299-45fd-8c2e-8b861ec69ef0,2025-05-08,2025-05-11,inspection,Inspection maintenance: filters service,"[""belts""]",492.07,Robert Barnes,,,12.2,True,2025-05-03
b7517875-05c9-419d-8c25-6bd89c4e5efd,f90a7087-1dfb-4b75-af42-add5c13d5e8a,2024-08-01,2024-08-04,scheduled,Scheduled maintenance: electrical service,"[""transmission""]",92.37,Darrell Dennis,,,1.0,True,2024-07-26
9a5abbd9-408f-40f5-b048-8c8c5831ffe8,be89a59d-5eb8-497f-a10f-fafd276fc398,2026-05-22,2026-05-23,scheduled,Scheduled maintenance: filters service,"[""tracks/tires""]",3.29,Douglas Lee,,,10.5,True,2026-05-13
4d753570-4092-4e06-bfc5-312ea0fd97aa,4ec86e45-045e-43bc-a4e6-35044558bc5f,2025-02-11,2025-02-14,predictive,Predictive maintenance: tracks/tires service,"[""transmission"", ""bucket"", ""boom""]",297.99,Misty Taylor,tracks/tires,0.953,13.1,True,2025-01-30
073d34e8-5ff2-4e8d-843a-41c805f0a103,efd8c6bd-feec-4efe-9514-44559303c8ce,2026-03-15,2026-03-16,scheduled,Scheduled maintenance: belts service,"[""electrical"", ""transmission""]",136.72,Donna Garcia,,,12.6,True,2026-03-14
cfe70981-cda9-416e-891e-6d02cad8f530,34a02f6c-83c5-4f49-9d62-0761c17e248e,2025-07-05,2025-07-06,scheduled,Scheduled maintenance: belts service,"[""tracks/tires""]",1136.17,Joshua Matthews,,,17.7,True,2025-07-01
07e90685-afb6-4734-aaee-ecff33c5ea15,c9da8ca6-3f90-4aa8-a145-4aea622dc77a,2025-04-12,2025-04-12,scheduled,Scheduled maintenance: bucket service,"[""transmission"", ""belts""]",76.21,Dan Cohen,,,3.6,True,2025-04-03
d9eeba48-64fd-49c0-9990-529cb59cbe8c,d1a76b59-fdd1-4d36-abfb-256e5a7323aa,2026-01-20,2026-01-21,predictive,Predictive maintenance: filters service,"[""electrical""]",210.67,Rebecca Hodge,bucket,0.94,7.5,True,2026-01-12
7fd9f21a-4bab-473a-9ce8-a42f3625a98d,cb415840-0767-41a7-9e53-940076a20c84,2026-06-10,2026-06-12,emergency,Emergency maintenance: bucket service,[],51.85,Debbie Patel,,,9.1,True,2026-06-09
8d4e2af2-5cbe-40b9-ba03-8d141da59c2a,28c59e12-d6c6-438e-8666-6d643c2f74d3,2025-10-06,2025-10-10,scheduled,Scheduled maintenance: bucket service,"[""filters"", ""engine""]",176.29,Carl Williams,,,2.4,True,2025-09-26
343da284-947a-4dc5-91fd-62707496572a,b24fa081-aa17-4833-8918-458773a878de,2025-07-18,2025-07-21,predictive,Predictive maintenance: engine service,"[""filters""]",748.8,Sarah Kirby,tracks/tires,0.814,0.7,True,2025-07-08
f02d197a-b701-4ab7-b833-5716cba5c97f,2ab932e1-c4fd-4896-959e-68103ceed44c,2025-04-24,2025-04-24,scheduled,Scheduled maintenance: bucket service,"[""hydraulic_system""]",221.06,Jessica Santiago,,,11.4,True,2025-04-10
933addd0-42ea-4af4-b246-16c1a38b95d3,c5df0010-b24f-4d6f-951e-4b0703f20dfd,2025-01-10,2025-01-10,inspection,Inspection maintenance: filters service,"[""hydraulic_system"", ""bucket""]",19.32,Gregory Suarez,,,4.8,True,2024-12-29
04cdca50-d16e-4604-b0d3-9e9d5c9d8953,d578e2cc-0219-4fb4-9f27-1fdc4bdee739,2025-05-07,2025-05-10,scheduled,Scheduled maintenance: electrical service,"[""transmission"", ""belts""]",90.86,Sarah Fernandez,,,5.8,True,2025-05-01
fb5e3191-5277-42c9-a0a3-23b5d9c34b53,e353b71f-4e57-41df-983e-49758c475124,2025-12-18,2025-12-20,emergency,Emergency maintenance: transmission service,[],502.42,April Burns,,,9.0,True,2025-12-05
d92e6e41-d823-4e9b-af27-7349f8ad884f,f55c7b06-3a4a-49bb-bd43-dc27fa8d5b52,2025-03-13,2025-03-14,predictive,Predictive maintenance: belts service,"[""bucket"", ""belts""]",167.26,Mark Rowe,filters,0.815,16.3,True,2025-03-02
ca37c591-adfa-42eb-a27f-7a9283f2a1af,48f2f853-5975-4db9-858c-3f5564530e33,2026-07-17,2026-07-18,predictive,Predictive maintenance: bucket service,"[""engine""]",44.21,Garrett Jones,engine,0.839,0.9,True,2026-07-16
d38674f8-e5fb-48ac-95c1-f6e9ac002e3c,def63940-d7aa-4277-a1e0-1d42fef8779f,2025-01-30,2025-02-03,scheduled,Scheduled maintenance: bucket service,[],1119.12,Sergio Johnson,,,20.9,True,2025-01-24
c7b4047a-3eec-4e7e-afaf-802c83da1c09,a86b3b10-4eb2-461f-b804-38398bc5a989,2025-05-27,2025-05-31,predictive,Predictive maintenance: bucket service,"[""transmission"", ""hydraulic_system"", ""engine""]",99.32,Brenda Morton,filters,0.777,8.0,True,2025-05-14
172221a8-7bca-493f-b355-13c2f598ed69,7e86d71b-0994-4f4d-9508-ee14aca63127,2026-06-12,2026-06-12,scheduled,Scheduled maintenance: boom service,"[""bucket"", ""tracks/tires"", ""hydraulic_system""]",1272.26,Keith Roberts,,,30.7,True,2026-06-06
fe4d6af6-82b3-4a66-bf4b-99a78d425193,8c5fcf8b-a2a7-4892-8f28-20546135d304,2025-05-07,2025-05-10,scheduled,Scheduled maintenance: tracks/tires service,[],109.34,Miss Angelica Jones MD,,,4.0,True,2025-04-26
cdd7498c-8bd8-4ed5-ae2d-8359b3372662,aed167d1-e9e5-4499-bba0-6827259a9796,2025-10-28,2025-10-29,scheduled,Scheduled maintenance: engine service,"[""electrical""]",425.78,Sheila Thompson,,,25.1,True,2025-10-23
0accb308-997f-46a6-9196-d299e3e7e8a5,5df928a2-4565-45a3-945e-629df25d6ef4,2024-08-18,2024-08-23,scheduled,Scheduled maintenance: electrical service,"[""electrical"", ""hydraulic_system""]",3027.12,Teresa Newman,,,0.6,True,2024-08-16
870b282f-92e1-4dde-b165-a50d437e84b1,bb4efe15-9571-48db-9fa8-5262c897a655,2025-08-26,,inspection,Inspection maintenance: engine service,[],1234.82,Edwin Campbell,,,3.7,False,2025-08-17
2c8213e6-e389-4989-a50b-fc2dcb52bdf9,9c880c4b-a14a-4fb1-975a-afa25e2bbf2b,2025-03-05,2025-03-05,inspection,Inspection maintenance: boom service,[],645.65,John Myers,,,7.1,True,2025-03-04
8ce64bbb-0cf0-4900-8b38-88bf102afb00,5bbe024d-be7f-4dea-9af4-446027d6e8b5,2024-10-05,2024-10-06,emergency,Emergency maintenance: electrical service,"[""belts"", ""boom"", ""bucket""]",119.48,Madison Henderson,,,0.6,True,2024-09-21
c5f83d70-f2fc-44a6-852a-7349333912a4,5ef500a6-43c4-4756-8ef0-c813a2cf66cb,2025-06-05,2025-06-06,emergency,Emergency maintenance: belts service,"[""boom"", ""transmission"", ""electrical""]",98.74,Scott Munoz,,,1.0,True,2025-06-03
8d569dbe-ae05-4940-b52e-f36026c1f4c5,d7a5d25c-f62d-4c8b-93eb-b9c95a477694,2025-12-07,2025-12-12,scheduled,Scheduled maintenance: hydraulic_system service,[],281.45,Mrs. Nancy Gutierrez,,,8.1,True,2025-12-03
2319ff6b-d6bd-4479-b139-cf8474880d2d,0e230284-45e5-459c-bbd8-60f481a0417e,2025-10-22,2025-10-22,inspection,Inspection maintenance: engine service,"[""hydraulic_system""]",84.1,Monica Medina,,,4.3,True,2025-10-12
8d3ce47a-9909-42c1-93ce-1cb3e4ecb2fd,8c452087-0c9b-400b-96f8-f88881baa3f3,2026-05-15,2026-05-17,predictive,Predictive maintenance: belts service,"[""electrical""]",765.14,Jennifer Robertson,engine,0.844,11.7,True,2026-05-11
e398f4e2-a70e-4922-b6ea-4a1c2ed5d1b5,7b574536-46e9-4cf0-a5c1-eba1f75963b8,2026-04-21,2026-04-25,inspection,Inspection maintenance: transmission service,"[""transmission"", ""bucket""]",431.32,Thomas Mosley,,,5.2,True,2026-04-16
9ba4f14f-8cfd-4293-a219-ecac892b4c73,fb8e252b-b60a-4ca7-93ef-511390a4a69b,2025-06-25,2025-06-29,scheduled,Scheduled maintenance: boom service,"[""filters"", ""electrical"", ""tracks/tires""]",33.62,Rhonda Moore,,,24.0,True,2025-06-22
74f5ce93-c268-4a24-8783-6664d4cb1594,b24fa081-aa17-4833-8918-458773a878de,2025-08-24,2025-08-29,inspection,Inspection maintenance: electrical service,[],247.33,Jeffrey Walters,,,7.6,True,2025-08-10
5ed51eaa-618c-468d-81c4-4c726432d819,57c7795e-6fcf-4160-bc8c-b96d21cbee0b,2026-06-01,2026-06-01,inspection,Inspection maintenance: tracks/tires service,"[""transmission""]",569.98,Austin Rogers,,,2.4,True,2026-05-26
3aa6c8fb-f577-47f6-8e4f-3aa6a9ab95fb,5f2cf8b3-200e-4e56-b3f1-e29f28dca3c3,2024-12-23,2024-12-23,predictive,Predictive maintenance: boom service,[],343.63,Nicholas Ortega,transmission,0.907,7.2,True,2024-12-21
d47123e7-a819-4862-ba95-b3cfb1f882f4,7824d243-5ef9-4347-95e1-58acd2db6775,2025-01-31,2025-02-05,scheduled,Scheduled maintenance: bucket service,"[""engine""]",106.49,Paula Freeman,,,17.9,True,2025-01-17
032fd9de-4633-4337-97e9-275f743f641c,5bbe024d-be7f-4dea-9af4-446027d6e8b5,2026-04-04,2026-04-08,emergency,Emergency maintenance: bucket service,"[""boom"", ""electrical"", ""belts""]",332.58,Jennifer Murillo,,,1.7,True,2026-03-30
2c8b1a96-b8e0-4efc-96aa-4bd3b876f3a4,8e7ae8fd-f5b7-47d4-81a5-ec025a3a8869,2024-09-20,2024-09-23,scheduled,Scheduled maintenance: hydraulic_system service,"[""electrical"", ""hydraulic_system""]",147.36,Dennis Hanson,,,15.7,True,2024-09-12
a74860e8-1983-4514-b327-97d563546b41,9b63fbf7-b54f-4b89-baf2-9ef56f3a28c8,2026-02-17,2026-02-22,scheduled,Scheduled maintenance: hydraulic_system service,"[""bucket"", ""boom""]",63.86,Paula Perkins,,,1.0,True,2026-02-05
a9b80322-e091-4ed3-86f8-f7f10e3b2235,d8625e97-dedf-4e3d-99e7-c89de008c037,2026-07-14,2026-07-19,scheduled,Scheduled maintenance: engine service,"[""transmission""]",47.15,Daniel Meyer,,,3.1,True,2026-07-05
9171b567-a97b-4927-b0e2-fd4f858f95d7,57b586c2-f9f4-4152-a789-f31b88952eae,2026-06-10,2026-06-14,emergency,Emergency maintenance: hydraulic_system service,"[""engine"", ""tracks/tires""]",1384.22,Steven Mccullough,,,4.0,True,2026-05-29
28196cd4-445b-4cc2-9791-6a12965af990,0e230284-45e5-459c-bbd8-60f481a0417e,2024-07-30,2024-08-02,inspection,Inspection maintenance: electrical service,"[""engine""]",722.04,Robert Robinson,,,5.7,True,2024-07-29
62fc7c86-6669-418a-b3e4-b295bf640914,771c0b78-dd33-4ba3-afd4-4c7825793e20,2026-02-23,2026-02-25,scheduled,Scheduled maintenance: filters service,"[""filters"", ""boom""]",36.67,Rebecca Lynch,,,18.0,True,2026-02-20
90479a88-5a1b-4c3d-b8bd-d6f8d16b1d37,986ed0de-0337-4696-a3c9-0229d6ce8d66,2025-10-03,2025-10-08,predictive,Predictive maintenance: tracks/tires service,"[""filters"", ""engine"", ""hydraulic_system""]",905.16,Cynthia Johnson,transmission,0.833,16.9,True,2025-09-25
9f323958-c4de-4404-bc01-bbabe6de435b,9c880c4b-a14a-4fb1-975a-afa25e2bbf2b,2025-08-31,2025-09-02,scheduled,Scheduled maintenance: tracks/tires service,"[""boom"", ""transmission"", ""electrical""]",505.88,Samantha Howell,,,5.1,True,2025-08-29
bbbf3df5-5f0e-4893-8cb8-b736a5725007,d453fc78-ea1f-4a63-89b7-885207cb6d0f,2026-05-04,2026-05-09,inspection,Inspection maintenance: electrical service,[],164.2,Rachel Elliott,,,3.2,True,2026-04-30
1b7a010d-b211-40f8-b632-a1f86ea1f252,ad93f44d-9ddc-4672-855d-100cd24c8b51,2024-11-08,2024-11-13,inspection,Inspection maintenance: boom service,"[""electrical"", ""hydraulic_system""]",528.24,Kelly Blackburn,,,16.7,True,2024-11-06
6143ac2f-19a4-4637-8099-438e541bd485,b6e5bbec-0b71-40db-9828-7d2eaa33b758,2025-09-21,2025-09-21,scheduled,Scheduled maintenance: belts service,"[""tracks/tires"", ""hydraulic_system"", ""engine""]",180.14,Scott Brown,,,8.4,True,2025-09-14
271ca701-74db-4940-888b-c65b753220ab,430ede0b-bf08-4d46-87e1-b8fd96521518,2025-12-01,2025-12-02,scheduled,Scheduled maintenance: tracks/tires service,"[""bucket"", ""engine""]",1044.87,Joseph Young,,,4.1,True,2025-11-27
93b32e2f-2d03-4938-9a8b-c12521388127,585722cb-3d5f-42da-8de2-7c764b80bdd5,2025-01-24,2025-01-25,scheduled,Scheduled maintenance: filters service,"[""engine"", ""transmission"", ""hydraulic_system""]",249.68,Teresa Barry,,,4.1,True,2025-01-22
d8491767-e74c-4b82-9ad7-4e6c2ec8fd46,51b3034a-db90-4dc5-b018-566495db2589,2025-05-02,2025-05-04,scheduled,Scheduled maintenance: engine service,"[""bucket"", ""tracks/tires""]",184.58,Elizabeth Dunn,,,7.8,True,2025-04-21
29fcb8e3-128c-4428-b265-56038d6cf432,ea8db8f4-5db0-40dc-a1dd-210b0826b974,2025-06-08,2025-06-09,predictive,Predictive maintenance: electrical service,"[""belts""]",698.83,Andrew Ferrell,tracks/tires,0.671,4.1,True,2025-05-29
30c38805-674c-471f-88f9-d532ebdeda6e,0f65b696-8a2c-4c6b-a171-c139dfaae23b,2024-11-07,2024-11-08,predictive,Predictive maintenance: filters service,"[""hydraulic_system""]",22.46,Robert Cross,engine,0.864,0.2,True,2024-10-26
e1a4f804-e67a-48ac-b1e6-59e2672a9f78,9d8ec58a-ad14-4ada-9df4-0b91356ed4d8,2025-12-24,2025-12-24,inspection,Inspection maintenance: tracks/tires service,"[""hydraulic_system"", ""bucket""]",273.13,Renee Jackson,,,0.0,True,2025-12-18
02548325-4c96-4c00-a915-c9cd39346fc7,5c8918ee-4d30-4993-a733-3dea6ef73fef,2025-07-25,2025-07-30,scheduled,Scheduled maintenance: electrical service,"[""transmission"", ""engine""]",17.49,John Rodriguez,,,0.0,True,2025-07-11
a120d97f-9deb-4710-aae6-0df1eb9f7b3f,210c0724-60bc-41f4-9acb-2ac925b626ad,2026-02-20,2026-02-23,emergency,Emergency maintenance: transmission service,"[""electrical""]",78.96,Krystal Kirk,,,4.5,True,2026-02-19
59ef1c5f-b9a0-43ce-ad8d-128d8980f619,ac7a5344-7ba4-4268-b8af-04be5e97b1cd,2024-09-04,2024-09-05,predictive,Predictive maintenance: engine service,"[""boom"", ""tracks/tires"", ""filters""]",737.97,Richard Knight,tracks/tires,0.714,1.7,True,2024-08-31
d52dc10a-a97b-4beb-af6c-c5221cc0bcda,02201479-8d39-4d3e-ae65-ca272d741ea6,2024-09-27,2024-09-30,predictive,Predictive maintenance: transmission service,"[""transmission"", ""electrical"", ""belts""]",103.28,Julie Jones,boom,0.854,14.1,True,2024-09-14
d64651c9-f2e9-4694-863b-fb852004f9ab,6bb78ee8-3ddc-48f2-84a1-18a349930a02,2026-03-22,2026-03-25,emergency,Emergency maintenance: boom service,"[""hydraulic_system"", ""filters""]",421.29,Ricky Walker,,,1.2,True,2026-03-11
12f447eb-2989-434d-b127-4bd827fbf04f,6fa5fe73-6509-439e-b774-bdd26d66730b,2026-01-20,2026-01-25,predictive,Predictive maintenance: hydraulic_system service,"[""engine""]",344.28,Albert Hammond,engine,0.743,4.6,True,2026-01-19
a8b7dec3-230f-492c-9136-362784020bd4,1a06c5c5-731d-4299-a6af-a4cf5c7676ba,2025-04-16,2025-04-18,predictive,Predictive maintenance: belts service,[],130.94,Heather Smith,transmission,0.791,20.5,True,2025-04-07
a9fd70e9-d535-49d2-8706-fb0d92794f35,3dfb90be-aaab-4750-9066-b73192721c59,2025-01-13,2025-01-17,scheduled,Scheduled maintenance: electrical service,"[""boom"", ""hydraulic_system""]",273.69,Stephanie Soto,,,5.5,True,2025-01-12
f2e288c8-4707-41e8-b7d7-239dafe99287,348b82d3-ba67-423c-bbf1-bc68c10e2f60,2025-05-14,2025-05-15,predictive,Predictive maintenance: filters service,"[""transmission"", ""belts""]",143.17,Gregg Atkinson,transmission,0.81,5.7,True,2025-04-30
1d18750e-a1cd-450b-9dbb-85ebb5150b7f,0fe403fa-d3ba-4841-b786-20b08f190bd7,2024-10-23,2024-10-28,inspection,Inspection maintenance: tracks/tires service,"[""electrical"", ""hydraulic_system"", ""transmission""]",622.63,Jose Villanueva,,,13.0,True,2024-10-15
52ec24ac-be7c-4925-8a8b-673ac00242eb,38f9ff9c-c99e-4a6d-8c84-69f47f0d7c55,2025-03-04,2025-03-05,scheduled,Scheduled maintenance: bucket service,"[""hydraulic_system"", ""belts"", ""engine""]",990.57,Kimberly Ellis,,,5.6,True,2025-02-24
4310ffcc-f27e-4b69-93f8-93846f3a08c4,6c041610-c5e7-42b5-99aa-99375af1b892,2025-05-28,2025-05-28,inspection,Inspection maintenance: filters service,[],2037.96,Steven Coleman,,,5.4,True,2025-05-21
c5f026cd-871e-471a-998c-284bf0c92b82,dd56e682-c874-40c4-ad19-d047d8dfd8dc,2025-01-26,2025-01-26,scheduled,Scheduled maintenance: belts service,"[""tracks/tires"", ""transmission"", ""belts""]",42.81,Jennifer Walsh,,,4.7,True,2025-01-20
cf58bb3e-7863-442e-9c1c-b6e3962fd79c,1c175d4b-1c57-4c76-9909-026fef889657,2025-04-02,2025-04-06,emergency,Emergency maintenance: boom service,"[""belts"", ""filters""]",310.97,Justin Mckenzie,,,12.0,True,2025-03-24
6c036bfa-a2b9-4be4-9d10-097b1975cd99,91eb547c-4954-4ad6-a700-7fbda71130ab,2025-07-01,2025-07-04,inspection,Inspection maintenance: hydraulic_system service,[],150.85,Tiffany Thomas,,,7.2,True,2025-06-24
c4e79bf9-7842-4797-b7af-02a2d77f005d,076c8545-0d85-4f86-a808-068d13b09c31,2024-08-20,2024-08-22,scheduled,Scheduled maintenance: hydraulic_system service,"[""belts"", ""tracks/tires"", ""transmission""]",1232.87,Elizabeth Davis MD,,,2.0,True,2024-08-19
f9aa5708-7751-49a0-9593-f40e5bc010f0,553ecd0d-9304-43ec-90c5-948a90fd24fa,2026-07-17,2026-07-22,scheduled,Scheduled maintenance: hydraulic_system service,"[""transmission"", ""hydraulic_system""]",220.75,Jacob Underwood,,,18.9,True,2026-07-03
aa5d4ab6-2b41-4b0f-9bcb-5a835e08067f,914f974b-1a14-4400-a630-5228c6c8979e,2026-01-18,2026-01-23,inspection,Inspection maintenance: electrical service,"[""tracks/tires""]",145.47,Jesus Rodriguez,,,16.7,True,2026-01-13
a83901db-b829-4ed0-87e4-dc48711fe5c2,6af0c8ad-c01b-4298-8b67-49018447806d,2025-03-11,2025-03-15,inspection,Inspection maintenance: boom service,[],271.02,Lisa Smith,,,6.1,True,2025-03-01
55db17a8-7372-4684-a1e3-c5de46e5379e,ac7a5344-7ba4-4268-b8af-04be5e97b1cd,2025-06-10,2025-06-10,scheduled,Scheduled maintenance: bucket service,[],409.13,Katelyn Johnson,,,1.3,True,2025-06-01
cfeb70dd-26bd-4a58-a435-78b7f9cfdd84,ca7dd2bf-29f2-4101-8195-169b7fad2b90,2025-09-09,2025-09-10,scheduled,Scheduled maintenance: belts service,"[""tracks/tires"", ""bucket""]",711.75,Kathryn Lynch,,,16.5,True,2025-08-28
80bcd236-4fbf-4fa9-b0e9-75d34d8a40bb,edbfc236-f068-4c48-8c30-1763e4b6bf40,2024-11-29,2024-12-02,scheduled,Scheduled maintenance: engine service,"[""transmission"", ""bucket""]",391.75,Gregory Woods,,,16.0,True,2024-11-26
4b4d9b96-cfb3-4a84-abdf-aae523ebf9a5,d1a76b59-fdd1-4d36-abfb-256e5a7323aa,2026-07-02,2026-07-06,inspection,Inspection maintenance: belts service,"[""hydraulic_system"", ""transmission""]",258.2,John Nguyen,,,1.1,True,2026-06-21
fb1e6cdd-368b-41f5-9c86-28664e0bf6de,cdcefaf3-03e3-44b9-ad4a-7c3108ad7a9b,2025-12-08,2025-12-10,inspection,Inspection maintenance: filters service,"[""filters""]",304.7,Charles Keller,,,3.0,True,2025-11-24
29d031d3-e3cf-4d45-a672-14b813f2d27a,e2ed13dd-0789-4b58-9a7f-7bd5033266be,2025-04-29,2025-05-04,scheduled,Scheduled maintenance: belts service,[],83.75,Sara Perry,,,9.3,True,2025-04-21
762aba13-5792-4901-a9ee-a3571e330a48,0011544a-5ae6-409e-a953-1496a9ee0b68,2025-10-06,2025-10-07,scheduled,Scheduled maintenance: bucket service,[],778.46,Dr. Adam Lopez,,,0.9,True,2025-09-24
0ae603de-00bb-45f5-9aef-1de1bc22d609,60bd7bca-1222-4895-9831-63ce2ac7cfe8,2025-03-03,2025-03-03,predictive,Predictive maintenance: engine service,[],80.93,Brandon Garcia,transmission,0.832,2.6,True,2025-02-18
fc4ff71f-b541-4304-a715-47f4e382a329,9c26a700-488b-44d2-94bd-b0f5f5d71388,2026-01-18,2026-01-18,scheduled,Scheduled maintenance: bucket service,"[""belts"", ""bucket"", ""hydraulic_system""]",1180.36,Ryan Mccormick,,,9.6,True,2026-01-06
bba7c20a-2d3f-4d48-a781-a28a8cb50af3,076c8545-0d85-4f86-a808-068d13b09c31,2025-03-09,2025-03-09,inspection,Inspection maintenance: belts service,"[""engine""]",203.11,Jennifer Jimenez,,,19.4,True,2025-03-07
e30dd1e8-0aa4-4b89-b3b8-40afc89cf11d,b518d166-c271-4061-b5d9-4f864ffbea4d,2025-02-06,2025-02-10,predictive,Predictive maintenance: bucket service,"[""engine"", ""transmission"", ""belts""]",151.43,Joshua Nelson DVM,electrical,0.871,8.0,True,2025-01-31
adfaff66-5504-42b8-9e5e-3338fe2defe0,3b7f53dc-89bc-42d5-bba4-4b64972c25dc,2025-01-28,2025-02-02,inspection,Inspection maintenance: bucket service,"[""filters""]",3.98,Kevin Sherman,,,5.0,True,2025-01-18
b29f2720-625c-443c-b1a9-34c11d1e00b9,028a6f52-add2-4c7a-b7a3-a9c22ddb4879,2026-05-18,,emergency,Emergency maintenance: transmission service,"[""belts"", ""filters"", ""bucket""]",920.8,Nicholas Brown,,,3.7,False,2026-05-05
d61d0e6c-338a-40a5-b0bf-1fd91610a3a4,4d1f93ef-9f20-4d42-95b3-50f240c48266,2025-07-26,2025-07-31,predictive,Predictive maintenance: electrical service,[],789.91,Allison Hughes,tracks/tires,0.728,0.1,True,2025-07-19
e458c4c6-9318-49f3-84fb-35af11813a74,e1105589-f4b9-4bbb-a8a8-6fc603567db8,2026-07-15,2026-07-18,emergency,Emergency maintenance: hydraulic_system service,"[""tracks/tires"", ""boom"", ""electrical""]",870.03,Danny Miller,,,2.2,True,2026-07-11
3d6a9a45-5c69-4e7a-b73b-5b91fc8936fc,d0c23b9c-6b14-4725-a4d2-11a696255f20,2025-05-06,2025-05-10,emergency,Emergency maintenance: electrical service,"[""tracks/tires"", ""bucket"", ""hydraulic_system""]",174.39,Eric Roberts,,,9.4,True,2025-04-30
b480386b-771a-466b-960d-4992ce46647d,4d1f93ef-9f20-4d42-95b3-50f240c48266,2024-12-25,2024-12-30,inspection,Inspection maintenance: filters service,[],133.69,Barbara Mills,,,0.4,True,2024-12-15
74eac3db-44e6-4efe-bb28-d2960ec42347,7c644664-aee1-4c28-8215-5c3573b6933f,2025-10-01,2025-10-06,scheduled,Scheduled maintenance: hydraulic_system service,[],571.54,Jordan Lopez,,,0.8,True,2025-09-30
e5729d67-8dc2-42e9-97f8-600ffdc156b2,ac011735-15ee-414b-a410-0d9a5782e731,2024-09-30,2024-10-04,scheduled,Scheduled maintenance: bucket service,"[""boom"", ""tracks/tires""]",197.12,Aaron Fisher,,,7.9,True,2024-09-29
b27b3075-a697-4702-aa1f-e20b3869684a,d1a76b59-fdd1-4d36-abfb-256e5a7323aa,2024-09-10,2024-09-13,scheduled,Scheduled maintenance: filters service,[],499.45,Cody Olson,,,11.2,True,2024-09-08
52821927-7bdc-4aaf-9cda-7e1c5b7e888c,8730beb7-f5fc-4c1a-a9cf-187583ce9f88,2024-09-17,2024-09-21,emergency,Emergency maintenance: bucket service,"[""bucket"", ""tracks/tires"", ""filters""]",359.46,Maureen Hobbs,,,15.6,True,2024-09-05
4e37019e-64eb-4084-9022-dbf2af219b2f,d0c23b9c-6b14-4725-a4d2-11a696255f20,2025-01-08,2025-01-11,scheduled,Scheduled maintenance: filters service,"[""electrical""]",517.36,Felicia Moore,,,11.1,True,2024-12-29
07c998fb-fba1-45c5-9b84-cf45fccae270,010cddd3-f65f-4f22-9b62-738a8c09e451,2025-03-29,2025-04-01,scheduled,Scheduled maintenance: bucket service,"[""boom"", ""filters""]",214.59,Michelle Pineda,,,4.2,True,2025-03-18
2f71a951-00c7-451a-9866-843823c00751,85ceefd0-0dcd-43e6-a1b3-2c32886dc130,2025-09-29,2025-10-01,scheduled,Scheduled maintenance: transmission service,"[""engine""]",53.61,Ashley Foster,,,3.6,True,2025-09-15
67950a03-080a-422b-a207-41808dc4faea,ef023ed0-6345-4dfd-91cf-264ae49d47f0,2026-04-11,2026-04-14,scheduled,Scheduled maintenance: transmission service,"[""transmission"", ""engine"", ""electrical""]",254.85,Marc Webb,,,24.8,True,2026-04-08
9e11b222-9bc4-4c95-9152-e1c04e36a7f8,0aa11de9-1db1-4eae-a9b5-d924abe9c2a2,2025-08-01,2025-08-03,scheduled,Scheduled maintenance: filters service,"[""transmission"", ""boom""]",722.49,Edward Cruz MD,,,4.8,True,2025-07-26
be6d21c8-f6cd-4436-b272-85c8b45b5a4d,2eb8d1d6-dd78-4042-aa8a-6baa498412c4,2025-05-27,,predictive,Predictive maintenance: transmission service,"[""belts"", ""electrical""]",114.45,Austin Price,engine,0.773,12.6,False,2025-05-24
95b72f44-c7c2-46d7-8663-bbf906ffd408,c5490413-d9aa-4570-96f4-375863a45061,2026-07-15,2026-07-17,scheduled,Scheduled maintenance: electrical service,"[""belts"", ""transmission"", ""bucket""]",28.89,Jamie Montgomery,,,9.3,True,2026-07-06
fed91b1c-bc8c-4563-83c3-5fbbf0a911a1,def63940-d7aa-4277-a1e0-1d42fef8779f,2025-04-20,2025-04-22,emergency,Emergency maintenance: transmission service,"[""tracks/tires"", ""boom""]",122.86,Ian Erickson,,,0.4,True,2025-04-14
10743d42-923c-49f4-b22d-c7a2c0f46a47,aff917c0-34d6-401d-9f56-a82a97bbd96f,2026-06-11,2026-06-14,inspection,Inspection maintenance: tracks/tires service,"[""hydraulic_system"", ""belts"", ""electrical""]",706.86,Jamie Wright,,,13.2,True,2026-05-28
e6b97189-0846-4409-9a57-1bc8a615b811,0e23fea6-ff21-41cd-8b6a-4f609072d564,2026-02-06,2026-02-11,emergency,Emergency maintenance: bucket service,"[""tracks/tires"", ""hydraulic_system"", ""engine""]",308.85,Nathaniel Wolfe,,,0.1,True,2026-02-02
93a758f0-235d-4c36-81a4-f283d0dc7942,5307e25d-dfae-4ab5-9217-55c3b0f79237,2025-09-28,2025-09-28,predictive,Predictive maintenance: electrical service,[],183.3,Julia Harris,boom,0.903,8.8,True,2025-09-23
c139e1da-f401-4faf-93fd-df9b054ae8f2,8a49cc71-9105-44fb-aaa2-87468d31f619,2024-11-15,2024-11-15,predictive,Predictive maintenance: tracks/tires service,"[""tracks/tires"", ""hydraulic_system""]",544.17,Jordan Ford,belts,0.682,5.2,True,2024-11-06
6bcb9a71-5492-4347-bfd1-07cddd3be555,0abb0243-dd38-43f9-add4-d20593b6fd27,2025-08-22,2025-08-25,inspection,Inspection maintenance: tracks/tires service,"[""hydraulic_system"", ""filters""]",60.42,Natalie Jackson,,,9.7,True,2025-08-15
465395d7-2c9a-480e-a437-0dafa114910e,798bad4b-0934-4074-af03-e48a7794931d,2024-08-18,2024-08-22,inspection,Inspection maintenance: tracks/tires service,"[""filters"", ""engine""]",1621.94,Jamie Smith,,,2.0,True,2024-08-09
cb9ce274-0b00-44cc-ae85-7f8e6f22b27d,d38182d3-7ec9-41ee-9d28-5cc0e6891e45,2026-04-09,2026-04-12,inspection,Inspection maintenance: boom service,"[""transmission"", ""filters"", ""bucket""]",1058.31,Allison Orr,,,10.0,True,2026-04-08
32b4d221-7448-4e14-97b0-39f3820f1e43,1f5e380b-ed3e-4b79-a7ba-207caca3f595,2025-03-05,2025-03-07,scheduled,Scheduled maintenance: engine service,"[""bucket"", ""engine"", ""tracks/tires""]",1518.88,Joseph Nelson,,,3.2,True,2025-02-22
79030ebe-3492-4de9-9d16-5b3f00c3184e,b518d166-c271-4061-b5d9-4f864ffbea4d,2026-01-11,2026-01-12,scheduled,Scheduled maintenance: bucket service,"[""bucket""]",30.09,Austin Schneider,,,29.1,True,2026-01-04
6be8f6cf-6a7d-4131-b7d6-b634d59e0b32,9c0cc10b-8f2f-493e-a13a-05b08677a89d,2024-08-14,2024-08-19,inspection,Inspection maintenance: electrical service,"[""bucket"", ""electrical""]",427.2,Alexandria Thomas,,,0.1,True,2024-08-02
597badad-7455-43ee-b981-acb00a893b36,b518d166-c271-4061-b5d9-4f864ffbea4d,2026-07-16,2026-07-18,predictive,Predictive maintenance: boom service,"[""electrical""]",249.92,Kenneth Young,boom,0.693,30.2,True,2026-07-02
c5f99377-cded-47e1-8881-56f169af44a6,dd56e682-c874-40c4-ad19-d047d8dfd8dc,2024-12-19,2024-12-21,scheduled,Scheduled maintenance: filters service,"[""belts"", ""tracks/tires""]",44.34,Alexandria Sanchez,,,11.0,True,2024-12-15
0b969357-5dda-4085-9c11-2dc0a329db7d,620b4e94-ec7b-4abc-8e70-f3e7fb3b8cda,2025-06-29,2025-06-30,emergency,Emergency maintenance: belts service,"[""bucket""]",407.82,Jared Roberts,,,2.7,True,2025-06-20
751889c8-c11b-4968-9628-8882eb847daf,0fe403fa-d3ba-4841-b786-20b08f190bd7,2026-07-25,2026-07-29,predictive,Predictive maintenance: transmission service,"[""tracks/tires"", ""transmission""]",123.17,Carol Townsend,transmission,0.74,2.6,True,2026-07-19
e96b67d4-895b-4082-896a-182440e31df4,302a2187-abca-48b5-824b-a164d18aa722,2026-02-16,2026-02-17,predictive,Predictive maintenance: tracks/tires service,[],209.31,James Peters,engine,0.819,9.8,True,2026-02-06
5dc1f019-0912-45bf-82f3-ff6f2b145288,553ecd0d-9304-43ec-90c5-948a90fd24fa,2026-07-07,2026-07-08,scheduled,Scheduled maintenance: tracks/tires service,"[""electrical"", ""engine"", ""transmission""]",177.77,Angela White,,,7.4,True,2026-07-05
12369fe7-5389-43dc-ae71-3ab9a170df80,d7c9ef83-f02e-480d-8d01-0ace3407745f,2025-01-28,2025-02-01,emergency,Emergency maintenance: filters service,"[""electrical"", ""boom"", ""belts""]",466.63,Charles Brady,,,4.7,True,2025-01-21
753cae5f-5834-4c84-89ce-4c006c10b73e,028a6f52-add2-4c7a-b7a3-a9c22ddb4879,2025-09-18,2025-09-22,inspection,Inspection maintenance: engine service,"[""filters""]",1238.06,Jamie Owens,,,1.9,True,2025-09-09
3e4b389a-153c-4e59-9f6b-23d8665cb035,9e54f4a2-20fc-4e8d-b589-6fd7cc04ae9b,2025-01-05,2025-01-08,predictive,Predictive maintenance: electrical service,[],24.51,Tyler Rodriguez,tracks/tires,0.802,6.5,True,2025-01-03
f3279951-50e9-4de2-bd68-a31df14c7dce,523ae008-56cf-49dd-b2c2-25d09a9fc7f0,2025-04-14,2025-04-14,scheduled,Scheduled maintenance: hydraulic_system service,"[""belts"", ""tracks/tires""]",43.74,Christopher Campbell,,,26.3,True,2025-04-01
0093bcc8-031a-490c-9851-f466ead115df,690ab0be-783e-4fb2-95d2-02bb7a2bc4fc,2026-05-23,2026-05-27,scheduled,Scheduled maintenance: electrical service,[],740.26,Andrea Foster,,,6.3,True,2026-05-14
bda0249c-2624-488a-8c7f-54ca44aed801,d1a76b59-fdd1-4d36-abfb-256e5a7323aa,2025-05-15,2025-05-19,predictive,Predictive maintenance: electrical service,[],55.88,Barbara Nelson,transmission,0.661,3.8,True,2025-05-13
1113a8a3-11ef-4fe9-948c-f71a7ee0b315,aca42319-33a0-4cf6-8b7d-78859b677eb0,2025-07-22,2025-07-27,predictive,Predictive maintenance: tracks/tires service,"[""boom"", ""bucket"", ""filters""]",772.9,Brenda Chavez,bucket,0.747,1.7,True,2025-07-10
dc21026a-86c6-4bde-ac88-2dd1967d2dac,26cbcffb-2a47-43ca-9349-ef2302c7655a,2024-11-06,2024-11-09,predictive,Predictive maintenance: bucket service,[],47.96,Courtney Sheppard,filters,0.808,7.9,True,2024-11-05
c59a732e-2253-4284-aa64-5efd2212369f,3b7f53dc-89bc-42d5-bba4-4b64972c25dc,2024-11-03,2024-11-03,scheduled,Scheduled maintenance: belts service,[],184.77,David Wright,,,9.6,True,2024-10-31
44db97e1-04f3-4517-a3e5-fdbb38a3f8f2,949f1670-da08-4a43-9030-bfabbedb1e17,2025-07-20,2025-07-24,scheduled,Scheduled maintenance: filters service,"[""bucket""]",30.58,Anthony Cole,,,10.8,True,2025-07-13
c26030f0-b36d-4177-a7b4-c88094eb422c,2407b3e1-e827-4934-b475-37ac8507d2b5,2026-03-12,2026-03-14,predictive,Predictive maintenance: boom service,"[""bucket"", ""filters""]",286.12,Cynthia Gutierrez,hydraulic_system,0.768,15.5,True,2026-03-11
909fb222-5fa3-4047-ab98-71d76d64afc3,215e05b6-85bb-4941-850d-7f4508c4201b,2025-11-14,2025-11-15,emergency,Emergency maintenance: filters service,"[""transmission""]",356.9,Emma Crawford,,,9.3,True,2025-11-09
1f3db9b9-a72b-409e-82ba-55b0ac59b4a9,aff917c0-34d6-401d-9f56-a82a97bbd96f,2026-04-23,2026-04-25,predictive,Predictive maintenance: transmission service,"[""hydraulic_system"", ""bucket""]",284.89,Edward Robinson,electrical,0.963,12.2,True,2026-04-12
407a80ea-f80c-49a5-a3ce-eda85810cd4f,d38182d3-7ec9-41ee-9d28-5cc0e6891e45,2025-09-28,2025-10-03,predictive,Predictive maintenance: electrical service,"[""boom"", ""filters""]",241.19,Henry Gamble,filters,0.852,5.2,True,2025-09-15
333af4a5-21fe-4181-9a5b-55752dc5ff3d,b24c9c55-c9be-4a5c-98ef-c48cf5ad14fb,2025-06-18,2025-06-22,scheduled,Scheduled maintenance: hydraulic_system service,[],982.43,Andrew Bennett,,,3.9,True,2025-06-14
508bab0c-c1d0-42b4-a421-2fd43f8f7da9,66178505-99fa-49db-a5fd-68d7929aab3a,2024-12-15,2024-12-17,predictive,Predictive maintenance: tracks/tires service,"[""tracks/tires"", ""bucket"", ""transmission""]",107.98,Kimberly Bass,engine,0.959,28.0,True,2024-12-11
1e936a82-5d72-4d5a-9fc2-d61e8c81d668,a8220478-cf40-4301-a193-b84351b99eac,2026-05-26,2026-05-31,emergency,Emergency maintenance: tracks/tires service,[],84.28,Emily Huber,,,3.3,True,2026-05-17
dee90680-684b-4194-a78d-45398a49490d,b513fe6c-9c41-4ec4-9459-bfca1d7e0cca,2025-02-04,2025-02-09,inspection,Inspection maintenance: electrical service,"[""electrical"", ""boom"", ""bucket""]",475.28,Dalton Horn,,,0.7,True,2025-01-30
e76f774e-f32e-425d-b4b6-624c18765e2e,156019e2-56eb-40f1-b489-21a0444b207d,2025-05-20,2025-05-22,scheduled,Scheduled maintenance: tracks/tires service,"[""boom""]",1167.99,Dr. Daniel Robinson,,,6.1,True,2025-05-06
8d1b6117-fef2-40ca-8e8c-82032259b0ba,9b603f9f-6b3c-4154-a107-6837a1c0dad9,2026-02-07,2026-02-11,scheduled,Scheduled maintenance: transmission service,"[""boom"", ""engine"", ""hydraulic_system""]",365.98,Melissa Fields,,,29.3,True,2026-02-04
ca3ea365-e08a-4047-b495-8a0f70ce3c89,09c0bd49-185c-4589-8f7c-a665bcd530d8,2025-09-21,2025-09-24,scheduled,Scheduled maintenance: boom service,[],55.29,Ruth Roman,,,24.7,True,2025-09-14
83225b96-c478-4345-bdf1-1b7676052f0a,fe1f38ac-424c-445e-850e-eb9c6e78e4aa,2026-04-28,,scheduled,Scheduled maintenance: engine service,"[""belts""]",48.79,Fred Graves,,,18.0,False,2026-04-20
2ca54275-0aed-43d8-a7fd-63bf30af7495,3aee661c-416e-475e-8c0d-db608c93029d,2026-04-05,2026-04-06,predictive,Predictive maintenance: electrical service,"[""tracks/tires"", ""transmission""]",1184.97,Kyle Love,transmission,0.943,15.9,True,2026-04-03
3d5fa183-9a56-4715-ba02-74346dfd4ac2,6a6b6c7f-6735-43a8-a07c-e474656162be,2025-11-14,2025-11-14,scheduled,Scheduled maintenance: belts service,"[""electrical""]",679.36,Patricia Johnson,,,9.0,True,2025-11-01
68dae59d-0f2c-4556-a1f9-26c181a6c051,9522cc74-7330-47e0-bbb8-9b4e4146c7ee,2025-03-12,2025-03-13,predictive,Predictive maintenance: tracks/tires service,[],440.77,Ashley Guzman,bucket,0.859,8.9,True,2025-03-09
8dd6133c-452c-41a7-9510-09e4f4cd737c,e3fa5400-f5c1-40d4-ba8a-31fb7e64bb79,2025-09-08,2025-09-08,predictive,Predictive maintenance: bucket service,"[""hydraulic_system""]",44.22,Jenna Bradley,tracks/tires,0.975,1.6,True,2025-09-05
049d7efd-194c-4c03-b0ed-de6d3d335b54,b518d166-c271-4061-b5d9-4f864ffbea4d,2026-06-11,2026-06-13,inspection,Inspection maintenance: hydraulic_system service,[],482.69,Susan Rogers,,,3.9,True,2026-06-05
e594ef2d-aeb9-4ebf-a38c-7b2b47fc9cce,ba105fd9-2a4d-42f3-a3a5-82d883912a21,2025-08-22,2025-08-23,inspection,Inspection maintenance: belts service,"[""belts"", ""filters""]",576.54,Katrina Bolton,,,31.5,True,2025-08-12
271e2913-cd0b-4978-bfe8-574fa3f28eb7,c896ecf9-b9f5-46c4-9996-3f1f554699d7,2025-04-12,,scheduled,Scheduled maintenance: bucket service,"[""transmission""]",70.85,Nathan Gibson,,,4.6,False,2025-04-02
04366ced-09a8-4a00-8ef0-09f4ed7b5f38,7b56dc04-e766-4ebb-8a09-abd5a2b0d99f,2026-07-04,2026-07-08,emergency,Emergency maintenance: boom service,"[""bucket""]",832.92,Sharon Thompson,,,7.1,True,2026-06-24
5186b3f6-a200-4ba9-9c47-425f419db236,6d59c162-5c67-4eef-9d4a-829c079728ac,2025-06-10,,inspection,Inspection maintenance: engine service,"[""boom"", ""bucket""]",27.94,Mikayla Strickland,,,10.4,False,2025-06-07
66fba466-a00a-4c10-bb96-9be2a7119b8e,986ed0de-0337-4696-a3c9-0229d6ce8d66,2024-11-30,2024-12-01,emergency,Emergency maintenance: tracks/tires service,"[""hydraulic_system"", ""transmission"", ""engine""]",151.63,Paul Yang,,,16.8,True,2024-11-18
54df78ab-6c20-4c9d-80e4-adcbff35fc43,499b642e-2987-42c3-94fe-74da85a31dda,2024-10-12,2024-10-17,scheduled,Scheduled maintenance: belts service,"[""tracks/tires"", ""belts""]",227.26,Joseph Burns,,,3.9,True,2024-10-11
9512bbbe-bff1-4c26-bf25-bc918fa50d13,e3fa5400-f5c1-40d4-ba8a-31fb7e64bb79,2025-01-22,2025-01-23,scheduled,Scheduled maintenance: hydraulic_system service,"[""bucket"", ""engine""]",2504.94,Cody Harmon,,,13.7,True,2025-01-12
6cf82245-fa15-470c-9ee9-504b80e0f383,ca7dd2bf-29f2-4101-8195-169b7fad2b90,2025-07-27,2025-07-28,scheduled,Scheduled maintenance: hydraulic_system service,"[""boom""]",536.88,Ashley Bradley,,,3.1,True,2025-07-15
273998c6-06a4-4b67-a53b-74b8c508e76b,f7e2d4bb-1c8c-42bd-8c1a-e0424303bb7f,2025-11-16,2025-11-16,inspection,Inspection maintenance: electrical service,"[""belts"", ""boom""]",92.45,Timothy Hoffman,,,0.8,True,2025-11-03
2b8fd6e3-b0d4-43c5-b1e9-cbb2dcb922fe,8c5fcf8b-a2a7-4892-8f28-20546135d304,2025-02-12,2025-02-17,inspection,Inspection maintenance: transmission service,[],21.07,Laura Johnson,,,22.2,True,2025-02-01
190e0be3-118e-4b5c-993e-f279599a320a,b7d44b63-8585-4eb2-a662-3a1acafa0e68,2024-09-18,2024-09-21,predictive,Predictive maintenance: engine service,"[""bucket"", ""engine"", ""hydraulic_system""]",4.09,Christopher Herrera,transmission,0.788,6.8,True,2024-09-13
908235a1-d5b9-4d3a-af93-33f95145e5b2,fa35257e-8cd5-4f3a-b517-dbe5f51795e3,2026-01-17,2026-01-21,scheduled,Scheduled maintenance: belts service,"[""hydraulic_system""]",887.66,Zachary Taylor,,,1.8,True,2026-01-03
f67a85f5-43fc-4a5b-b9b0-3d47d2a18d3e,c9da8ca6-3f90-4aa8-a145-4aea622dc77a,2026-04-13,2026-04-17,inspection,Inspection maintenance: tracks/tires service,"[""electrical""]",271.63,Jennifer Cantu,,,11.4,True,2026-04-05
53f07782-84ea-4d5c-a34a-839faff23016,b15e1b1c-5352-4dcb-ba88-9b37b75d8fe1,2025-11-30,2025-12-04,predictive,Predictive maintenance: bucket service,"[""hydraulic_system"", ""electrical""]",1047.95,Jeffrey Jennings,boom,0.771,2.5,True,2025-11-23
edd4ad29-9689-4379-ae2e-7da072c9835a,4bba57e3-eae8-4c6e-b9d5-8b3cd965fb65,2026-06-09,2026-06-10,scheduled,Scheduled maintenance: boom service,"[""filters""]",940.33,William Young,,,3.7,True,2026-06-05
301692f6-2765-49f5-8894-336f2bf08876,2d860599-e5d8-4008-93a8-249e3808efb5,2025-06-30,2025-07-04,scheduled,Scheduled maintenance: bucket service,[],622.8,Terri Davidson,,,3.6,True,2025-06-20
8327d9e3-749b-4d83-b37f-2ebe96d00300,709f2cf2-0dcd-4b9d-bdda-006429eac83c,2025-01-05,2025-01-06,scheduled,Scheduled maintenance: bucket service,"[""bucket"", ""filters""]",468.19,Sarah Marks,,,2.2,True,2024-12-28
fe16182a-8618-45ae-96bf-9ecc4d3a633e,04713cc6-70a5-4613-b316-15a2911c362d,2024-12-06,2024-12-08,predictive,Predictive maintenance: filters service,"[""tracks/tires"", ""filters""]",811.73,Jamie Rodriguez,electrical,0.838,2.9,True,2024-12-02
914104c4-ef42-471f-8b1e-d455558883a4,4827da2c-5630-4ab3-a6aa-811c3113c8ca,2025-02-10,2025-02-15,predictive,Predictive maintenance: filters service,"[""engine""]",262.76,Kyle Holt,tracks/tires,0.884,18.6,True,2025-02-05
9d5bfade-b3cd-4fac-b400-ddda63c98c54,66178505-99fa-49db-a5fd-68d7929aab3a,2026-03-24,2026-03-28,emergency,Emergency maintenance: tracks/tires service,"[""transmission""]",522.21,James Holmes,,,4.9,True,2026-03-17
36a937bc-e46e-4ab2-8958-16c8e2f0ca75,771c0b78-dd33-4ba3-afd4-4c7825793e20,2025-04-11,2025-04-14,predictive,Predictive maintenance: hydraulic_system service,[],109.74,Thomas Aguilar,hydraulic_system,0.759,9.8,True,2025-04-07
cc873393-d7e5-475f-aa56-044c8dc46f0a,6d8315e5-9d95-4ed6-b530-29069fe30562,2025-04-06,2025-04-07,predictive,Predictive maintenance: electrical service,[],429.26,Sydney Daniels,electrical,0.66,15.4,True,2025-03-25
cb8d9c06-3e8d-4e6f-81ce-b670dab049e5,2e8f60ab-b704-4b10-bcf5-af72ca109055,2025-01-07,2025-01-12,inspection,Inspection maintenance: engine service,"[""tracks/tires"", ""hydraulic_system""]",0.49,James Rogers,,,11.9,True,2025-01-06
ac162734-4039-4ec4-9ed3-fe91afa4aae0,b7d6b701-91c2-4e84-8df1-848099f8ad6d,2024-08-06,2024-08-10,predictive,Predictive maintenance: electrical service,"[""bucket""]",228.2,Andrew Murphy,electrical,0.878,2.3,True,2024-08-03
b140c5e3-d8c4-4cbc-bab3-072c10bae4c1,c98a739e-0962-412c-9625-b5b78614d117,2025-10-14,2025-10-16,predictive,Predictive maintenance: belts service,"[""boom"", ""belts""]",60.55,Melissa Snow,hydraulic_system,0.681,0.6,True,2025-10-04
3bc47755-7d93-4042-abc1-c5cbe6d7ff49,5d870766-d261-482d-a5e2-d98a65859089,2026-01-23,2026-01-26,predictive,Predictive maintenance: electrical service,"[""boom"", ""hydraulic_system""]",1114.6,Brittany Weaver,filters,0.843,50.0,True,2026-01-16
6536aad8-2fc3-44c6-a009-4afec8c53c59,6362aa13-f90b-43d0-8f04-4e1394a1b586,2026-07-14,2026-07-15,scheduled,Scheduled maintenance: tracks/tires service,"[""filters"", ""transmission"", ""electrical""]",782.18,Scott Cochran,,,20.4,True,2026-07-04
eacc61d6-1649-45f9-8abf-9593e90596ac,00dfc27a-dd6a-4526-8f65-77ab0420d66f,2025-01-01,2025-01-02,scheduled,Scheduled maintenance: transmission service,"[""boom"", ""filters""]",340.83,Lisa Hill,,,23.5,True,2024-12-29
13e88992-3e0a-4910-ac6f-ec3e492ae58e,95e51da3-317f-40fd-b01a-02329bd71fbd,2024-09-15,2024-09-19,inspection,Inspection maintenance: bucket service,[],719.39,Nathan Singleton,,,1.6,True,2024-09-06
ee61b7f9-f393-4d37-806c-a4390fb223e7,bd5b5537-c645-4658-8be0-185bb0f38f52,2025-07-30,2025-07-30,scheduled,Scheduled maintenance: belts service,"[""electrical"", ""belts"", ""filters""]",518.21,Jamie Rodgers,,,1.9,True,2025-07-21
f7ec2a3b-7db8-403a-96ef-b464a93002b1,72c74929-fcc0-4e62-b81a-69e7d712dc30,2026-01-08,2026-01-08,scheduled,Scheduled maintenance: tracks/tires service,"[""engine""]",905.73,Michael Dougherty,,,23.2,True,2025-12-26
e428bcf2-0ecc-4c99-85f5-d8d784a769d9,7b26b146-0b8b-4b6f-a925-7226c0054069,2026-04-30,2026-05-02,scheduled,Scheduled maintenance: engine service,"[""belts"", ""electrical"", ""tracks/tires""]",84.57,Aaron Zimmerman,,,19.1,True,2026-04-26
00c479e6-9bab-4aa9-95b9-e1e39b78807b,86368984-7e45-43b3-942c-8daeb1cf49bf,2024-10-29,2024-11-02,emergency,Emergency maintenance: belts service,"[""boom""]",58.22,Amber Perry,,,7.6,True,2024-10-28
3df75d7e-d8e8-4ed9-8947-b5cb51517134,ef9e32e5-45c6-4ec4-8093-3ffe87580117,2025-04-14,2025-04-16,emergency,Emergency maintenance: boom service,[],380.68,Isabella Craig MD,,,2.5,True,2025-04-03
4876d2ff-38b3-4b9e-b778-ff54a9b9474d,2d860599-e5d8-4008-93a8-249e3808efb5,2025-01-11,2025-01-12,scheduled,Scheduled maintenance: electrical service,[],2319.66,Courtney Robinson,,,16.6,True,2024-12-31
425e20c8-1b68-48a8-864c-ae347e1379a5,eefb49ea-1cbf-44c5-b9ed-38d99ab28113,2024-11-08,2024-11-11,inspection,Inspection maintenance: electrical service,"[""bucket"", ""boom""]",1078.83,Laurie Gonzales,,,18.4,True,2024-11-02
e874fc09-4506-4d83-aafb-f339c14163a4,ee3c0e27-0f13-48ba-83d3-03b5f58e25ee,2025-09-10,2025-09-11,inspection,Inspection maintenance: bucket service,"[""electrical"", ""engine""]",186.06,Lindsay Holmes,,,2.9,True,2025-08-28
867bed3d-2036-41d9-b21f-047375f8c40e,04713cc6-70a5-4613-b316-15a2911c362d,2026-04-29,2026-05-01,inspection,Inspection maintenance: engine service,"[""electrical""]",116.75,Donna Clark,,,18.8,True,2026-04-24
6a604b52-8080-4f26-ac98-ca3db0b77f1b,5d99e1fe-39af-48c4-bed0-9c6d2954bc60,2025-04-12,2025-04-16,scheduled,Scheduled maintenance: boom service,"[""hydraulic_system"", ""boom"", ""tracks/tires""]",37.01,Jennifer Williams,,,0.7,True,2025-03-30
63f56596-549b-4362-82dd-c1a41ff19216,9f88c744-8230-419d-ac44-8c12c45aec98,2026-03-21,2026-03-23,emergency,Emergency maintenance: boom service,"[""bucket""]",748.05,Patrick Davis,,,1.8,True,2026-03-18
f1430bcc-3076-4b72-be42-224583cbf882,028c27db-b2f0-4ab0-bd73-8f72de255e77,2025-06-14,2025-06-19,scheduled,Scheduled maintenance: hydraulic_system service,[],1659.02,Tammy Mcpherson,,,7.1,True,2025-06-07
8fcfc515-3ba7-424e-a72b-7570d2431e65,5d99e1fe-39af-48c4-bed0-9c6d2954bc60,2026-05-10,2026-05-10,emergency,Emergency maintenance: tracks/tires service,"[""tracks/tires"", ""filters""]",42.36,Mario Gonzalez,,,2.8,True,2026-05-03
b2bc7cbc-35f0-48c4-98cc-e425daafed06,360a96f9-887b-43ee-9b95-b432d1850af8,2025-02-28,2025-03-02,inspection,Inspection maintenance: tracks/tires service,"[""bucket"", ""filters"", ""belts""]",1713.72,Patrick Hill,,,19.8,True,2025-02-23
f55d36be-a230-45cc-b292-eeabc1f7b6fd,ba6b37b1-895d-4f40-b998-5068b695a990,2026-05-17,2026-05-20,predictive,Predictive maintenance: transmission service,"[""bucket"", ""engine"", ""filters""]",173.54,Joseph Fischer,tracks/tires,0.759,1.9,True,2026-05-13
dec83e0a-a037-4c6a-9512-6a4a02e7078a,5ef500a6-43c4-4756-8ef0-c813a2cf66cb,2025-10-22,2025-10-25,scheduled,Scheduled maintenance: tracks/tires service,"[""electrical"", ""filters"", ""tracks/tires""]",36.08,Phillip Pratt,,,0.6,True,2025-10-20
1eff6642-0c9a-4681-b759-90f25554105d,ba5033b1-3a46-463d-b0a5-c4d5b24a7271,2025-08-02,2025-08-07,scheduled,Scheduled maintenance: belts service,[],562.14,Nicole Bright,,,7.6,True,2025-07-29
a2eef855-677a-41a6-8976-2c90f9cb780f,3d21230b-decd-4931-bec1-2211e749430e,2026-07-18,2026-07-23,scheduled,Scheduled maintenance: filters service,"[""belts"", ""tracks/tires"", ""transmission""]",441.81,Latasha Parks,,,27.6,True,2026-07-13
7feb1fbe-32f1-40bc-9345-85036a0cb8f4,34c219a5-e49e-4859-9f98-400ca757f93b,2025-01-04,2025-01-07,predictive,Predictive maintenance: hydraulic_system service,"[""filters""]",259.5,Evan Oconnor,transmission,0.663,63.1,True,2024-12-27
62adede8-00b0-4ac1-9b1b-5d51494e2475,3388e9b7-3e8d-462f-acca-1799519b56ff,2026-03-01,2026-03-03,scheduled,Scheduled maintenance: bucket service,[],441.2,Deanna Payne,,,4.8,True,2026-02-16
2d2c41d3-046f-4582-8d72-9bef847fd38f,6a6b6c7f-6735-43a8-a07c-e474656162be,2024-12-23,2024-12-28,scheduled,Scheduled maintenance: engine service,"[""bucket"", ""belts""]",589.89,Juan Gonzales,,,5.1,True,2024-12-22
c30686d2-65f8-4948-b34c-8fa7759e4589,37a7394a-f830-4d93-997d-4d667c7f80b0,2024-08-02,2024-08-04,inspection,Inspection maintenance: boom service,[],41.67,David Patterson,,,9.6,True,2024-07-28
8a097946-14cc-4271-b6c0-4dd44d795fd2,78ce709c-5436-4dde-9ef7-3ca60af13b8a,2024-08-23,2024-08-25,inspection,Inspection maintenance: tracks/tires service,"[""hydraulic_system"", ""engine"", ""belts""]",516.47,Mary Lucero,,,0.5,True,2024-08-11
a38b569c-dcb8-4251-9de7-31ae8facbd54,ea8db8f4-5db0-40dc-a1dd-210b0826b974,2026-03-19,2026-03-22,emergency,Emergency maintenance: filters service,"[""bucket"", ""transmission"", ""electrical""]",709.57,Anne Singh,,,13.2,True,2026-03-10
4c063b1e-c3dc-4431-921e-4fbfbed69c2f,78ce709c-5436-4dde-9ef7-3ca60af13b8a,2026-02-08,2026-02-13,predictive,Predictive maintenance: boom service,"[""transmission""]",742.74,Phillip Ford,transmission,0.866,3.4,True,2026-01-30
d88195bb-403d-49e8-b721-60b58ad2e055,3e7ebecc-5d5c-4427-b151-3ea728111ecf,2025-07-23,2025-07-23,scheduled,Scheduled maintenance: electrical service,"[""electrical"", ""bucket""]",881.99,Crystal Murphy,,,22.0,True,2025-07-19
bf6c0767-6a3d-4b3a-9172-d9c4677bdff6,0e230284-45e5-459c-bbd8-60f481a0417e,2024-09-24,2024-09-27,inspection,Inspection maintenance: tracks/tires service,"[""hydraulic_system""]",75.68,Nicholas Whitehead,,,5.4,True,2024-09-17
579e3282-5eff-4ca6-b215-5ab27710536a,d47eca91-9b10-4616-a8ac-c4a615f58553,2025-12-11,2025-12-14,inspection,Inspection maintenance: engine service,"[""tracks/tires"", ""boom"", ""bucket""]",504.27,Shaun Nelson,,,0.0,True,2025-12-02
6e9590fa-bfdf-410b-bac4-b230cf7b06a8,6b0981df-5fa8-4c2a-80aa-2cf2532b88db,2025-05-14,2025-05-19,inspection,Inspection maintenance: belts service,[],481.45,Chelsea Gutierrez,,,5.6,True,2025-05-12
1e0db991-05f6-41cd-b047-a5f5937d84b4,c9da8ca6-3f90-4aa8-a145-4aea622dc77a,2025-06-29,2025-06-29,scheduled,Scheduled maintenance: bucket service,"[""hydraulic_system""]",710.34,Tony Larsen,,,4.1,True,2025-06-16
03c08ee4-69cb-43db-b2b3-994b3d40a0d3,e6b3a4a2-f5b4-4b1e-93fa-51ce22d4746f,2026-05-14,2026-05-17,scheduled,Scheduled maintenance: boom service,"[""boom"", ""engine""]",832.07,Joseph Smith,,,16.5,True,2026-05-08
45f1c81d-01b5-4f80-b6c6-cdc6dff30f57,2773ef9f-ae14-4f4d-bb2c-52b34e45a83d,2026-01-05,2026-01-09,scheduled,Scheduled maintenance: hydraulic_system service,"[""filters"", ""tracks/tires""]",560.06,Robert Hart,,,1.1,True,2025-12-31
3e4b269b-fcbd-4e77-b588-ade6ee03bb13,bb4efe15-9571-48db-9fa8-5262c897a655,2025-08-14,2025-08-15,scheduled,Scheduled maintenance: belts service,[],759.07,Michael Davis,,,26.1,True,2025-08-13
9914e592-8d43-4a17-85fc-22a8c7b25106,4a319438-a622-4525-82e2-63c4e5e0c01f,2025-06-09,2025-06-11,scheduled,Scheduled maintenance: belts service,"[""belts""]",2148.53,Keith Madden,,,20.2,True,2025-06-04
1171955a-4d56-4615-9cdb-7231d1394b9f,b24c9c55-c9be-4a5c-98ef-c48cf5ad14fb,2024-09-08,2024-09-10,scheduled,Scheduled maintenance: filters service,"[""tracks/tires""]",192.31,Zachary Reed,,,4.0,True,2024-09-05
8b7e0d73-69e8-4dbc-b582-ffeafa9b2123,059a83dd-f6ae-4f74-ad4b-92c7d70d41e7,2025-03-18,2025-03-18,emergency,Emergency maintenance: hydraulic_system service,"[""hydraulic_system"", ""electrical"", ""transmission""]",1310.81,Julie Wright,,,9.3,True,2025-03-04
d25f85b1-9f53-402f-9c47-d426d4cced46,69404dc5-9f98-4cce-ab3e-2fa6dc6be082,2025-01-25,2025-01-28,predictive,Predictive maintenance: belts service,"[""hydraulic_system"", ""tracks/tires"", ""engine""]",100.16,Pamela Miller,bucket,0.708,6.0,True,2025-01-20
59c2d8d2-d5b7-46d6-8eb2-f654a1c9d3da,523ae008-56cf-49dd-b2c2-25d09a9fc7f0,2025-03-08,2025-03-13,predictive,Predictive maintenance: engine service,"[""tracks/tires"", ""electrical""]",103.1,John Anderson,tracks/tires,0.813,2.2,True,2025-02-26
5adfbf12-5bf4-48db-9b28-59cff46b8628,2d860599-e5d8-4008-93a8-249e3808efb5,2026-07-27,2026-07-27,scheduled,Scheduled maintenance: electrical service,"[""boom"", ""bucket""]",102.95,Nicole Brown,,,0.1,True,2026-07-24
1e0b59ca-a8f1-405c-855e-258c72600743,3a9cde6d-e056-4ade-9d29-f486f14a5d19,2025-06-23,2025-06-24,scheduled,Scheduled maintenance: transmission service,"[""transmission"", ""bucket"", ""boom""]",102.34,Samantha Flowers,,,15.1,True,2025-06-21
d87a1147-04f3-47bf-a340-ba96d20ddf10,360a96f9-887b-43ee-9b95-b432d1850af8,2025-01-25,2025-01-29,emergency,Emergency maintenance: filters service,"[""bucket"", ""electrical""]",1385.37,Julie Doyle,,,4.9,True,2025-01-13
37e5628a-c21b-4da5-b82a-bee32f41a5d3,0e23fea6-ff21-41cd-8b6a-4f609072d564,2025-02-20,2025-02-23,predictive,Predictive maintenance: bucket service,"[""filters""]",542.7,Erik Martinez,engine,0.73,10.3,True,2025-02-17
97dc2732-6019-4d4e-a12a-b900b2ebbd69,5db396a8-9563-450f-b718-8a2af4a5c278,2025-08-05,2025-08-10,inspection,Inspection maintenance: engine service,"[""filters"", ""transmission"", ""tracks/tires""]",949.78,Jermaine Macdonald,,,4.1,True,2025-08-01
9fd43919-8576-4b92-9bc1-02b9fc879a26,f0121863-a9db-450f-87c7-7ceb72d128e3,2025-06-24,2025-06-26,scheduled,Scheduled maintenance: boom service,[],128.49,Christopher Parker,,,1.4,True,2025-06-11
dd5de9ce-9af0-4e13-99ca-f2251d13b193,4827da2c-5630-4ab3-a6aa-811c3113c8ca,2024-10-01,2024-10-03,scheduled,Scheduled maintenance: tracks/tires service,"[""bucket""]",335.06,Claudia Barnes,,,21.2,True,2024-09-27
635a303a-99b8-4fba-8b71-ebb2993dd88e,d11977a9-580d-4018-a9c1-93c2d7085b44,2025-02-16,2025-02-20,scheduled,Scheduled maintenance: transmission service,"[""belts"", ""hydraulic_system""]",531.78,William Stewart,,,1.9,True,2025-02-02
a0a857b9-74a9-4d9e-94da-9acb4a21304a,f7e2d4bb-1c8c-42bd-8c1a-e0424303bb7f,2025-09-13,2025-09-18,emergency,Emergency maintenance: filters service,"[""engine"", ""tracks/tires""]",29.32,Danielle Sims,,,8.4,True,2025-09-12
1da3559e-ab5b-4a04-9f8e-96757af392dd,cdcefaf3-03e3-44b9-ad4a-7c3108ad7a9b,2026-06-13,2026-06-13,emergency,Emergency maintenance: hydraulic_system service,"[""electrical"", ""hydraulic_system"", ""boom""]",65.46,Kenneth Reed,,,14.0,True,2026-06-08
d1e2e4e5-fe5c-469e-bd26-e3742e1c3f85,8c452087-0c9b-400b-96f8-f88881baa3f3,2026-06-07,2026-06-11,inspection,Inspection maintenance: transmission service,"[""bucket"", ""engine"", ""boom""]",971.46,Alyssa Montgomery,,,4.8,True,2026-05-28
f05207df-d21a-4c3f-ac9e-4e8e8aba11c5,5d99e1fe-39af-48c4-bed0-9c6d2954bc60,2025-06-30,2025-06-30,scheduled,Scheduled maintenance: transmission service,"[""filters""]",2189.67,Henry Haas,,,10.1,True,2025-06-26
80a1f223-2aea-4725-9efc-5d3f1aedd0c3,6c041610-c5e7-42b5-99aa-99375af1b892,2026-03-05,2026-03-09,predictive,Predictive maintenance: engine service,"[""belts""]",249.67,Gary Banks,engine,0.821,6.8,True,2026-02-20
0ffc2781-3ec4-4ea3-8151-dad4eda285d3,90fa2865-4ccb-475d-9d8e-a88abca7b3f3,2024-08-13,2024-08-17,scheduled,Scheduled maintenance: hydraulic_system service,"[""tracks/tires""]",441.55,Evan Kaufman,,,11.2,True,2024-08-06
de1c1ac7-72cf-4369-bcde-0fff501f0594,f6100f06-83ed-43c2-979a-bb804932fe99,2024-10-09,2024-10-14,inspection,Inspection maintenance: belts service,"[""belts"", ""filters""]",600.28,Jay Torres,,,1.4,True,2024-09-28
b6854219-4b85-4308-816c-df61cb9c9822,7b56dc04-e766-4ebb-8a09-abd5a2b0d99f,2025-06-03,2025-06-07,inspection,Inspection maintenance: transmission service,"[""filters""]",1057.2,Audrey Turner,,,0.4,True,2025-05-25
fcf84cc6-4d64-48f9-ac8f-7ec33658b105,f7b9c56a-64cc-4252-9668-3ca9016df1cd,2026-01-01,2026-01-01,scheduled,Scheduled maintenance: bucket service,[],249.52,Jeff Nielsen,,,1.0,True,2025-12-23
c808c62c-6292-46a2-a484-6b9badfc114d,bc90d5e7-ae38-4e79-9fc0-c57a30f96651,2024-08-12,2024-08-17,inspection,Inspection maintenance: hydraulic_system service,[],594.45,Bradley Jacobs,,,33.6,True,2024-08-10
f9184fa1-1b0f-47e1-a1c2-ed531e17a190,d8625e97-dedf-4e3d-99e7-c89de008c037,2025-12-28,2025-12-30,scheduled,Scheduled maintenance: electrical service,[],40.38,John Dixon,,,4.9,True,2025-12-22
0b830ed1-5785-4805-93f0-c3a19689b667,059a83dd-f6ae-4f74-ad4b-92c7d70d41e7,2025-12-26,2025-12-30,inspection,Inspection maintenance: hydraulic_system service,[],198.45,David Mitchell,,,2.9,True,2025-12-12
d20c1321-24e0-42b0-925a-9339dfe6cfb0,b7d44b63-8585-4eb2-a662-3a1acafa0e68,2025-10-16,2025-10-18,scheduled,Scheduled maintenance: hydraulic_system service,[],771.41,Scott Villarreal,,,6.3,True,2025-10-06
1f13b5d3-5ce3-4289-8f94-d8f7b3b981d0,aed167d1-e9e5-4499-bba0-6827259a9796,2025-09-11,2025-09-16,scheduled,Scheduled maintenance: filters service,[],677.57,Erica Hodges,,,3.4,True,2025-08-29
75de67a5-a148-4439-ac68-f67d9b3f42e2,a92a8d5c-7f8d-4b9b-a85a-69e6c738f472,2025-11-22,2025-11-22,inspection,Inspection maintenance: electrical service,"[""tracks/tires"", ""engine"", ""bucket""]",43.89,Jessica Gonzales,,,8.4,True,2025-11-15
22104f5d-260f-406f-8879-d85c00e47a51,6bb78ee8-3ddc-48f2-84a1-18a349930a02,2026-04-20,2026-04-20,inspection,Inspection maintenance: transmission service,"[""bucket"", ""hydraulic_system"", ""engine""]",193.5,Taylor George,,,33.3,True,2026-04-16
0738917d-5988-4d69-82c2-1f2816460979,217a5a50-7fdb-4284-8663-384394b4b579,2025-11-25,2025-11-29,scheduled,Scheduled maintenance: tracks/tires service,"[""belts"", ""bucket"", ""transmission""]",1228.65,Mrs. Chelsea Lewis,,,14.6,True,2025-11-18
b419fb24-aa25-4e54-876d-6a2896c9fddf,abde9c0a-6f8b-47a1-9208-078b30f1decc,2025-11-01,2025-11-01,predictive,Predictive maintenance: tracks/tires service,"[""transmission""]",308.48,Aaron Rowland,boom,0.938,8.7,True,2025-10-20
3b7b1c33-ac35-42e5-a898-5f78eedf8531,7e9b8e5b-6b9a-4618-9cac-4ea81c4ac4ac,2024-10-24,2024-10-28,predictive,Predictive maintenance: electrical service,[],271.79,Linda Little MD,tracks/tires,0.658,2.3,True,2024-10-20
7c32128e-9674-483f-83dc-3a27382c738e,69404dc5-9f98-4cce-ab3e-2fa6dc6be082,2025-07-25,2025-07-30,predictive,Predictive maintenance: belts service,"[""engine""]",82.93,Alan Cook,boom,0.843,21.3,True,2025-07-19
382ed56d-1201-49d0-94bd-034e82baa21a,d6404735-7330-4ec0-ab86-55b0da250958,2025-02-11,2025-02-15,predictive,Predictive maintenance: transmission service,[],155.49,Julie Cervantes,electrical,0.656,0.4,True,2025-02-07
f578a0cd-ac0a-4fe5-b348-fab908bcd953,6eefc392-0b72-48dc-a5c8-10df35c151f3,2026-05-05,2026-05-06,predictive,Predictive maintenance: hydraulic_system service,"[""boom"", ""filters"", ""hydraulic_system""]",98.13,Cory Johnson,electrical,0.855,9.8,True,2026-05-02
4a3921e2-c488-41eb-97c0-351c6a5ae7ca,585722cb-3d5f-42da-8de2-7c764b80bdd5,2025-05-28,2025-05-30,scheduled,Scheduled maintenance: bucket service,"[""tracks/tires""]",413.58,Erin Adams,,,1.6,True,2025-05-23
a86979a6-59cb-41a6-afa3-df1bcef9877b,d1a76b59-fdd1-4d36-abfb-256e5a7323aa,2025-05-02,2025-05-07,predictive,Predictive maintenance: belts service,"[""bucket"", ""hydraulic_system"", ""boom""]",2697.51,Dominique Taylor,tracks/tires,0.773,3.1,True,2025-05-01
4d0b0360-3c63-4754-931c-bf29fe39ccdb,6bb78ee8-3ddc-48f2-84a1-18a349930a02,2025-02-27,2025-03-04,inspection,Inspection maintenance: transmission service,[],252.78,Lisa Lewis,,,5.2,True,2025-02-18
b80af494-2526-4573-9cf4-5540c608ca8b,9c0cc10b-8f2f-493e-a13a-05b08677a89d,2025-04-24,2025-04-28,inspection,Inspection maintenance: transmission service,"[""tracks/tires""]",423.22,Brian Taylor,,,6.2,True,2025-04-12
b91c752f-319e-4e37-9442-f48b4494266f,215e05b6-85bb-4941-850d-7f4508c4201b,2026-05-10,2026-05-11,scheduled,Scheduled maintenance: filters service,"[""hydraulic_system"", ""boom""]",16.37,Dominique Ramirez,,,9.0,True,2026-05-02
f9fe440f-3cd9-4d5b-8f34-f64c9b38b025,8da23c2a-5abe-405b-82d9-47dd98fdda1d,2024-11-05,2024-11-10,inspection,Inspection maintenance: filters service,"[""tracks/tires"", ""hydraulic_system""]",328.32,Jeffrey Silva,,,8.8,True,2024-10-23
ae171af4-2d90-44c4-87c3-c53949639331,4bba57e3-eae8-4c6e-b9d5-8b3cd965fb65,2026-02-12,2026-02-16,predictive,Predictive maintenance: boom service,"[""engine"", ""tracks/tires"", ""electrical""]",173.33,Jaclyn Thompson,tracks/tires,0.668,15.0,True,2026-02-04
ec2a86c8-7d3c-48a5-9506-ec3b1310bb1f,e9c48846-1477-402e-a082-7422aff333ad,2025-02-15,2025-02-17,scheduled,Scheduled maintenance: belts service,"[""tracks/tires""]",126.46,Laura Perkins,,,20.8,True,2025-02-01
97c4cef8-0dc8-4073-8de0-fb8f35ce5481,d7510823-5557-4eac-845c-6f4030784241,2024-09-04,2024-09-04,scheduled,Scheduled maintenance: hydraulic_system service,"[""electrical"", ""boom""]",105.52,Emma Harding,,,3.3,True,2024-08-27
6fddcef4-34f5-45b2-9d6c-b75a9e7c5d60,b15e1b1c-5352-4dcb-ba88-9b37b75d8fe1,2025-06-02,,emergency,Emergency maintenance: hydraulic_system service,[],299.11,Lindsay Young,,,8.0,False,2025-05-26
2c5ff0e6-ae07-40df-8989-91ed3c22aaab,ac122536-8c85-42fc-9eb2-e2d469100074,2025-03-21,2025-03-24,predictive,Predictive maintenance: boom service,"[""tracks/tires"", ""belts""]",219.84,Peter Mata,transmission,0.721,6.9,True,2025-03-19
ee7c06d2-12b3-4bcf-8a64-6ecd8ba98cf0,e3540d48-62ca-4f91-b4b8-6c2922c8c5bb,2025-05-31,2025-06-01,scheduled,Scheduled maintenance: tracks/tires service,"[""electrical"", ""tracks/tires""]",232.45,Bethany Thomas,,,7.3,True,2025-05-25
21bef532-fbfd-4547-a93f-2f966f07ec71,c5df0010-b24f-4d6f-951e-4b0703f20dfd,2025-04-11,2025-04-15,inspection,Inspection maintenance: bucket service,"[""engine""]",320.1,Joseph Joseph,,,14.3,True,2025-04-05
0e184e48-221d-43d7-be90-c5aefddd2a57,1f5e380b-ed3e-4b79-a7ba-207caca3f595,2025-07-11,2025-07-11,scheduled,Scheduled maintenance: electrical service,"[""filters"", ""bucket"", ""hydraulic_system""]",952.19,Samantha Owens,,,0.7,True,2025-07-01
3d6fcd4e-76c2-4f56-aa5f-0e7b53a3bfa6,58d7f473-b107-4c79-ad93-1552a4a76588,2026-01-30,2026-02-02,emergency,Emergency maintenance: hydraulic_system service,"[""engine"", ""boom""]",218.93,Diana Ramos,,,1.8,True,2026-01-27
a014ae74-07d5-43b8-8a4b-69a0226fc169,5ae99346-70e5-4ecd-a761-37fc492ec014,2026-06-04,2026-06-07,emergency,Emergency maintenance: transmission service,"[""filters""]",425.37,Sharon Richardson,,,1.9,True,2026-05-31
d14cffff-4c6d-4b38-8193-2ca34a34b8a9,e4269275-0324-471a-a492-bfe7425a20ab,2025-10-31,2025-11-02,predictive,Predictive maintenance: boom service,[],39.86,Amy Ward,transmission,0.785,13.4,True,2025-10-28
3ff10cb3-5b59-4ba8-a768-7149c9afa449,3cb8c715-e268-4bba-bf03-53486ae7c127,2026-01-15,2026-01-20,emergency,Emergency maintenance: tracks/tires service,"[""engine"", ""bucket"", ""hydraulic_system""]",264.11,Marcus Martinez,,,3.3,True,2026-01-03
ae2741d2-34f5-4a74-a101-22fe12d8d874,24130e7e-cf6f-4437-a686-8de546e64bf9,2024-10-20,2024-10-25,inspection,Inspection maintenance: electrical service,[],554.95,George Brown,,,12.6,True,2024-10-11
2caa9b76-c3ed-4693-9c50-c4c2c9f37774,815040ba-e99b-4b90-8f09-ef80bca4e065,2025-11-15,2025-11-20,inspection,Inspection maintenance: engine service,[],1097.4,Keith Case,,,0.4,True,2025-11-09
77799355-1174-436b-9476-e266ee1c411d,e3e0542c-edff-458e-babf-076f42ac3d26,2025-09-03,2025-09-06,predictive,Predictive maintenance: electrical service,[],3285.64,Miguel Madden,tracks/tires,0.68,26.8,True,2025-08-21
786b09ee-7414-48e8-a657-46641a1baae2,864ac467-35cc-4602-b5c0-c8e8053a62d8,2025-01-25,2025-01-25,scheduled,Scheduled maintenance: electrical service,"[""engine"", ""tracks/tires""]",357.17,Mary Mann,,,13.3,True,2025-01-13
67d61fe9-f7db-44a4-8ec3-79b2f7bb5dc6,1bd492aa-2713-42fc-81df-a98e116b5a59,2026-07-21,2026-07-24,predictive,Predictive maintenance: transmission service,"[""transmission"", ""bucket""]",365.41,David Orozco,bucket,0.699,17.4,True,2026-07-15
bc6763e2-b307-407e-9f3e-e8f84535741d,26cbcffb-2a47-43ca-9349-ef2302c7655a,2024-11-20,2024-11-23,scheduled,Scheduled maintenance: electrical service,"[""boom"", ""tracks/tires"", ""electrical""]",48.76,Deborah Wood,,,5.9,True,2024-11-13
92a90d28-cb9b-427d-b29f-947a6225e563,f9271522-1a5c-4203-a2a8-d50621be7417,2024-09-23,2024-09-28,inspection,Inspection maintenance: electrical service,"[""engine""]",358.3,Mrs. Paige Walker,,,13.1,True,2024-09-18
c41ec410-83cc-4445-bf0f-24b975de10a0,cbf00e30-696a-43bb-bd02-c3a3847cc39c,2025-09-30,2025-10-03,scheduled,Scheduled maintenance: boom service,"[""electrical""]",249.68,Ashley Ward DDS,,,28.8,True,2025-09-28
85fba5e7-87a1-4770-857b-c575c331e86a,f65bd9f5-b41b-48b3-8d2c-b1e53f73cb7d,2025-12-19,2025-12-20,scheduled,Scheduled maintenance: transmission service,"[""electrical"", ""transmission""]",283.53,Angela Giles,,,6.0,True,2025-12-18
c009532d-6f85-4037-aecf-2db2d47508d6,b513fe6c-9c41-4ec4-9459-bfca1d7e0cca,2025-03-24,2025-03-25,predictive,Predictive maintenance: hydraulic_system service,"[""electrical"", ""bucket""]",916.73,Mary Romero,boom,0.956,4.5,True,2025-03-22
92389b02-aaf6-466d-aaa1-531bb9430d71,def63940-d7aa-4277-a1e0-1d42fef8779f,2026-04-17,2026-04-21,predictive,Predictive maintenance: engine service,"[""boom"", ""hydraulic_system""]",520.59,Raymond Pacheco,transmission,0.717,5.1,True,2026-04-15
e293a622-0e07-4b57-9629-9c4804fd54ef,2a543b5d-d165-45c3-90d6-5658147deb58,2024-09-19,2024-09-24,inspection,Inspection maintenance: tracks/tires service,[],684.8,Leah Berry,,,1.3,True,2024-09-12
105ca6d7-4bcd-4d3a-99c1-2f6f6179b9b0,c5df0010-b24f-4d6f-951e-4b0703f20dfd,2025-08-18,2025-08-22,predictive,Predictive maintenance: boom service,"[""boom"", ""engine""]",34.11,Danielle Ward,filters,0.929,28.1,True,2025-08-08
46c10a0c-e4d1-4920-accb-66676fbf001c,bd5b5537-c645-4658-8be0-185bb0f38f52,2025-10-05,2025-10-09,emergency,Emergency maintenance: filters service,"[""filters""]",203.3,Lauren Glenn,,,10.1,True,2025-09-25
6d293cd0-c7d1-4bb2-b3aa-02b5cdcc2fb5,1fddfa33-3e6a-478d-a550-373abc3af7e0,2025-02-21,2025-02-21,inspection,Inspection maintenance: engine service,[],177.35,Matthew Miller,,,0.4,True,2025-02-07
c0992887-e81f-4d24-9bff-bf17c0b93bab,63bb2d34-862a-4956-99fa-e25a4fdc39ff,2026-01-03,2026-01-07,scheduled,Scheduled maintenance: bucket service,"[""bucket""]",309.22,Kathy Rivera,,,4.9,True,2025-12-23
3bb7c642-8674-4a8a-ac2e-42ddc762e7dc,ffd0e402-12a8-4158-9c2a-4d41ba961885,2025-09-20,,inspection,Inspection maintenance: electrical service,"[""hydraulic_system"", ""bucket""]",357.87,Maurice King,,,7.3,False,2025-09-13
60771a44-e6fc-42ee-b976-88c4f2739e06,3a9cde6d-e056-4ade-9d29-f486f14a5d19,2026-04-07,2026-04-08,predictive,Predictive maintenance: bucket service,"[""electrical""]",1683.14,Ashley Ellison,transmission,0.824,4.2,True,2026-04-03
e321e6d3-5c4c-4e77-96c5-293e6bad0b4a,1fbdaec0-ea2a-4672-aa52-3ffdb94ed007,2024-09-09,2024-09-09,emergency,Emergency maintenance: belts service,"[""bucket"", ""belts""]",604.94,Gina Hanna,,,3.8,True,2024-09-06
494fc487-7c9c-4220-a201-edc2ef8cd3a3,aafa3610-ebf7-48be-8799-dec94f9be309,2024-09-10,2024-09-10,scheduled,Scheduled maintenance: boom service,[],305.8,Elizabeth White,,,19.4,True,2024-08-31
5483098a-9aad-4e36-9cd7-b787aeb2ce93,e4810aa1-9b11-4f29-bca2-74d831309b14,2026-01-27,2026-01-30,scheduled,Scheduled maintenance: bucket service,"[""transmission""]",389.97,Kimberly Santos,,,8.0,True,2026-01-23
f5b1a3b4-aebf-42d9-baa1-d0e18a394e9e,c98a739e-0962-412c-9625-b5b78614d117,2025-02-10,,predictive,Predictive maintenance: bucket service,"[""transmission"", ""engine""]",462.01,Lance Ramirez,belts,0.657,5.5,False,2025-01-30
27d94135-7676-4492-8cef-3fccee1bb6cd,37a7394a-f830-4d93-997d-4d667c7f80b0,2025-07-14,2025-07-17,scheduled,Scheduled maintenance: filters service,"[""boom""]",377.37,David Clark,,,3.6,True,2025-07-04
b535a25e-49e6-4cb8-9ed5-61970c24ee71,f6efd6c6-f920-4a49-a686-816b436f93d6,2024-09-28,2024-09-29,emergency,Emergency maintenance: belts service,[],206.46,Cameron Black,,,9.5,True,2024-09-14
05cca7bc-a114-4e60-bb9a-3d792291ec8a,b513fe6c-9c41-4ec4-9459-bfca1d7e0cca,2026-01-17,2026-01-21,inspection,Inspection maintenance: electrical service,"[""boom"", ""filters""]",55.73,Ashley Elliott,,,1.6,True,2026-01-05
22b1c812-f8af-43ed-b052-1d529455624d,efd8c6bd-feec-4efe-9514-44559303c8ce,2025-05-22,2025-05-22,predictive,Predictive maintenance: filters service,"[""belts""]",233.09,Bradley Murphy,boom,0.923,16.5,True,2025-05-19
01f4001c-0762-4f25-b9f6-a041b7a375b1,6d59c162-5c67-4eef-9d4a-829c079728ac,2026-04-27,2026-04-29,scheduled,Scheduled maintenance: hydraulic_system service,"[""electrical"", ""boom"", ""belts""]",808.32,Geoffrey Montgomery,,,10.0,True,2026-04-13
35ba176e-caa3-4fce-b5ff-355707b70d5d,77346cdd-07e5-4da3-be4a-265af902aa5f,2026-06-18,2026-06-19,inspection,Inspection maintenance: filters service,[],191.86,Phillip Davis,,,9.0,True,2026-06-07
e4b00d77-9e15-4e4e-aaa2-0d40a55a92c8,bccafa6b-2b49-4bb3-812f-b7db209ffdff,2024-09-24,2024-09-29,predictive,Predictive maintenance: electrical service,"[""filters""]",121.52,Ryan Rose,belts,0.753,10.5,True,2024-09-16
4b0604ab-1ca4-4aae-9841-415b7d3e2608,b7557854-c914-4c3f-bb44-4208ef5335d1,2025-08-19,2025-08-22,scheduled,Scheduled maintenance: transmission service,"[""boom""]",187.65,Mathew Mcclure,,,8.3,True,2025-08-17
e4419fbc-0ac6-4056-b546-3da2d3219587,a86b3b10-4eb2-461f-b804-38398bc5a989,2026-04-06,2026-04-09,emergency,Emergency maintenance: tracks/tires service,"[""bucket"", ""tracks/tires"", ""filters""]",156.48,Jonathan Howell,,,6.3,True,2026-03-27
ef6fd513-a0e0-43d5-bce8-e00e5bd3a8c0,ae8a1cca-5404-4567-aa2d-f4c2db0c5abf,2024-12-23,2024-12-26,predictive,Predictive maintenance: engine service,"[""electrical"", ""engine"", ""boom""]",215.46,Erin Leon,electrical,0.975,31.8,True,2024-12-16
07a39595-fc4f-44a1-b7e6-5b5c0f4d7dcc,7ec6d0a4-50b8-4c4c-987e-3f365800069e,2025-09-29,2025-09-29,scheduled,Scheduled maintenance: hydraulic_system service,[],1490.05,Jennifer Dunn,,,1.3,True,2025-09-18
ba75072d-74d0-4c14-8c7c-6580b72cf2ad,02b01403-ec33-4019-a641-5252aa73f24d,2025-09-01,2025-09-04,scheduled,Scheduled maintenance: tracks/tires service,"[""filters"", ""boom""]",244.39,Gabrielle Gutierrez,,,0.6,True,2025-08-22
6021320a-f846-468d-a8b3-972696888702,7bf4bee1-2430-439e-b790-26268f6ade58,2026-03-18,2026-03-23,scheduled,Scheduled maintenance: engine service,"[""hydraulic_system"", ""transmission""]",1085.22,Matthew Collins,,,2.2,True,2026-03-07
c150d673-e7d0-4ccc-9307-245972675e01,09dd5ba3-0ee1-4a11-9e4d-5551c070e56d,2025-05-28,2025-05-30,scheduled,Scheduled maintenance: transmission service,"[""hydraulic_system"", ""belts""]",1038.06,Edward Acosta,,,3.3,True,2025-05-15
5cedc73c-915d-4503-b5fc-b38f0ed9dda0,81c0302e-89de-45fb-adf7-ccee6ebec7fc,2025-05-15,2025-05-20,inspection,Inspection maintenance: boom service,"[""engine"", ""electrical""]",80.62,Julie Nicholson,,,3.3,True,2025-05-11
8ea1efc9-56b8-4a9a-a42c-03a95e858084,0e230284-45e5-459c-bbd8-60f481a0417e,2025-11-17,2025-11-21,predictive,Predictive maintenance: transmission service,"[""tracks/tires"", ""boom""]",51.78,Lance Patel,bucket,0.774,1.8,True,2025-11-12
9cde05ba-9d1f-4262-a8e8-c648b8d67aba,899fc783-d537-4a91-b7b4-a7fa56085c1a,2025-05-19,2025-05-19,scheduled,Scheduled maintenance: belts service,"[""belts"", ""filters""]",58.69,Matthew Small,,,0.5,True,2025-05-17
76020b03-2438-4e8e-81c7-dfbcb90aa621,02b01403-ec33-4019-a641-5252aa73f24d,2024-10-27,,scheduled,Scheduled maintenance: hydraulic_system service,[],419.44,Nicole Brown,,,6.4,False,2024-10-23
0184f720-d642-4da4-a31a-de83e2d62fb4,9e96e240-502d-4c40-93ab-735ed1290c24,2026-05-07,2026-05-08,scheduled,Scheduled maintenance: engine service,"[""filters""]",559.97,Whitney Owens,,,3.2,True,2026-04-24
8e92dfcc-207c-41f0-a2a2-1bc102cac06c,3ccc9093-50a4-4700-9fe0-a226f1dce9ed,2026-04-07,2026-04-08,predictive,Predictive maintenance: electrical service,[],38.63,Peter Simmons,electrical,0.684,17.8,True,2026-03-26
e07e0981-5caa-4725-bdc5-112645f290c1,def63940-d7aa-4277-a1e0-1d42fef8779f,2025-08-05,2025-08-06,scheduled,Scheduled maintenance: tracks/tires service,"[""bucket"", ""boom"", ""electrical""]",220.95,Kaylee Graham,,,11.1,True,2025-07-30
c3b8d271-d612-41f3-bd4b-22c632a48a5d,a9fa082c-7485-4391-8f10-e651e8511893,2024-10-13,2024-10-15,emergency,Emergency maintenance: belts service,[],1981.69,Ryan Hanna,,,8.8,True,2024-10-02
4afd750d-0802-428a-a302-7082c10bab60,0a237b8c-0d71-4778-b797-fb586790d624,2025-05-13,2025-05-18,scheduled,Scheduled maintenance: tracks/tires service,"[""filters"", ""engine"", ""belts""]",916.25,Dr. Jessica Hill,,,4.1,True,2025-05-12
8c006863-3c8f-47a6-a763-183b42409ab7,4b215616-4579-4381-a2c1-209d11646376,2025-02-11,,predictive,Predictive maintenance: hydraulic_system service,"[""engine"", ""electrical"", ""transmission""]",299.51,Mark Huff,hydraulic_system,0.963,0.3,False,2025-02-02
a462405c-7e60-4a1c-b015-2717367bb6ac,7e86d71b-0994-4f4d-9508-ee14aca63127,2025-03-13,2025-03-16,scheduled,Scheduled maintenance: boom service,[],284.71,William Burgess,,,17.7,True,2025-03-08
5e4110af-0180-4427-9905-14ca3483e0fb,ae8a1cca-5404-4567-aa2d-f4c2db0c5abf,2024-12-25,2024-12-29,scheduled,Scheduled maintenance: belts service,"[""bucket"", ""filters""]",1228.87,Mario Wallace,,,4.1,True,2024-12-22
d1271d16-2c9b-400b-85f3-ace385bb53ed,072478da-740e-43d1-82aa-bc9e0891ca74,2025-10-14,2025-10-14,predictive,Predictive maintenance: engine service,"[""transmission""]",291.25,Makayla Wilson,engine,0.758,11.2,True,2025-10-04
82d3f72f-5d46-4b43-b20d-006501aa6552,625e3638-bb4d-4ec4-9a4a-6dc7b898370e,2025-09-16,2025-09-20,emergency,Emergency maintenance: electrical service,"[""transmission"", ""tracks/tires"", ""hydraulic_system""]",620.01,Todd Cole,,,0.7,True,2025-09-10
5dcda955-f11d-4a7d-9556-38f51afb59c9,9e63695f-0c10-4a4b-a2e3-87826df60aaa,2025-03-06,2025-03-09,inspection,Inspection maintenance: transmission service,"[""transmission"", ""filters""]",355.8,Tracy Daniel,,,16.7,True,2025-02-25
3caef667-e38a-468a-b380-bc9c908b1d29,77346cdd-07e5-4da3-be4a-265af902aa5f,2026-01-28,2026-01-31,predictive,Predictive maintenance: filters service,"[""boom"", ""bucket""]",817.4,Nathan Miller,bucket,0.68,4.0,True,2026-01-17
6d383ef1-70c7-404b-a5ee-3e6aefe639de,abde9c0a-6f8b-47a1-9208-078b30f1decc,2026-05-29,2026-05-31,inspection,Inspection maintenance: bucket service,[],1310.47,Amy Miller,,,17.5,True,2026-05-16
00032f0a-2af0-43a3-8944-84b68e786e90,c48d4d39-f7d0-4924-8e75-bb6a64ece904,2025-12-27,2025-12-29,predictive,Predictive maintenance: tracks/tires service,"[""boom""]",355.69,Christopher Allen,hydraulic_system,0.651,2.1,True,2025-12-25
08661447-ff24-41c6-8e4b-cec9145f07de,c69a04bd-a2d0-41a8-8fd8-fda8e023cd14,2026-06-21,2026-06-25,emergency,Emergency maintenance: filters service,[],591.02,Shannon Thomas,,,28.6,True,2026-06-09
49b5bd1a-fb41-4c67-82d6-0f24936600f1,852e4a80-b7b2-435c-bf30-b16536ea934d,2025-09-02,2025-09-05,inspection,Inspection maintenance: boom service,"[""engine""]",23.73,Margaret Romero,,,8.8,True,2025-08-28
b1f9e43f-8d1c-4323-b926-0c5c4831c0ff,3cb8c715-e268-4bba-bf03-53486ae7c127,2026-05-08,2026-05-10,scheduled,Scheduled maintenance: belts service,"[""boom"", ""transmission""]",1393.26,Jonathan Stewart,,,6.0,True,2026-05-06
b1ae8e45-2ec7-4adf-aeba-ea99e1c691d3,1a76a1bf-b46b-40e5-8087-533a8ecb5c44,2024-12-01,2024-12-04,inspection,Inspection maintenance: bucket service,"[""transmission"", ""bucket"", ""hydraulic_system""]",625.51,Sharon Mckay,,,0.7,True,2024-11-20
68f09cfe-c18a-4bf4-bc6b-b206aaf44bd7,0011544a-5ae6-409e-a953-1496a9ee0b68,2026-06-28,2026-06-28,scheduled,Scheduled maintenance: filters service,[],792.46,Alec Jones,,,18.6,True,2026-06-26
e6a2c631-39ef-49c2-aff3-979e9aff289c,bd48f4eb-f956-4bb1-ac06-a1f66fd2f811,2025-04-07,2025-04-09,emergency,Emergency maintenance: hydraulic_system service,"[""transmission"", ""filters"", ""bucket""]",75.59,William Cooley,,,0.0,True,2025-04-03
016cadb4-33ca-4819-a96f-7eb3e17662c4,217a5a50-7fdb-4284-8663-384394b4b579,2025-04-13,2025-04-17,scheduled,Scheduled maintenance: belts service,[],133.94,Brooke Alexander,,,4.6,True,2025-03-31
0ff2d43a-aeae-426f-8a1e-c8ced538ce84,1f5e380b-ed3e-4b79-a7ba-207caca3f595,2026-03-12,2026-03-12,scheduled,Scheduled maintenance: belts service,"[""boom"", ""transmission""]",254.14,Rebecca Wood,,,3.9,True,2026-03-02
c4faf4f7-0d7d-40ad-a6a3-ef2f9f2d4a8e,a974cd4a-dc4d-4da0-a45d-4bafe4e9a602,2025-04-18,2025-04-20,predictive,Predictive maintenance: boom service,[],43.4,Samantha Jennings,filters,0.742,1.7,True,2025-04-06
0e336d20-e0b8-4b92-8b8e-85acf7108efd,e897043a-a106-4f82-8982-e2790f64646c,2026-07-07,2026-07-08,scheduled,Scheduled maintenance: filters service,"[""electrical"", ""engine"", ""tracks/tires""]",204.12,Dr. Marcia Anderson,,,0.2,True,2026-07-01
27956165-cc3c-4144-a338-748c75bdfe9d,c896ecf9-b9f5-46c4-9996-3f1f554699d7,2025-09-17,2025-09-17,predictive,Predictive maintenance: filters service,[],69.88,Theresa Wright,tracks/tires,0.844,1.0,True,2025-09-13
c6c4314d-e220-45da-8e8a-604d10daf1d8,e1105589-f4b9-4bbb-a8a8-6fc603567db8,2025-07-10,2025-07-12,scheduled,Scheduled maintenance: tracks/tires service,"[""boom"", ""engine""]",432.32,Kathryn King,,,2.1,True,2025-07-08
f3c5f0fc-44e6-4122-af05-12a32e7439b9,ee3c0e27-0f13-48ba-83d3-03b5f58e25ee,2026-07-25,2026-07-28,predictive,Predictive maintenance: electrical service,"[""filters"", ""hydraulic_system""]",199.88,Timothy Williams,transmission,0.741,9.8,True,2026-07-24
b4d809e7-fc60-405d-995f-918dd0e80033,cbf00e30-696a-43bb-bd02-c3a3847cc39c,2025-08-11,2025-08-12,scheduled,Scheduled maintenance: bucket service,"[""engine"", ""electrical"", ""boom""]",347.74,Sheila Wallace,,,10.0,True,2025-08-03
af2f3e47-f63d-4c57-b7c6-9948bb9298f0,2d860599-e5d8-4008-93a8-249e3808efb5,2025-07-02,2025-07-04,predictive,Predictive maintenance: filters service,"[""filters""]",794.88,Jared Mcclure,filters,0.762,0.8,True,2025-06-27
28c2a6cb-80e9-4f50-a8f8-91e1df8284fd,c4b2c196-1129-4ab1-afe7-10c94f191a12,2025-02-21,2025-02-24,scheduled,Scheduled maintenance: bucket service,[],394.81,Sonya Graham,,,2.7,True,2025-02-14
6c3cf909-7e42-42a1-b068-797854d45570,acd1f775-666b-496f-9937-33deb536b8af,2026-02-21,2026-02-25,inspection,Inspection maintenance: belts service,[],356.71,Eric Chang,,,2.0,True,2026-02-07
c167a40d-1b09-451f-9c67-979f1ebab0a7,f1fc31b5-edd2-47b4-82bb-badf28984e0a,2025-08-29,,predictive,Predictive maintenance: belts service,"[""boom"", ""hydraulic_system""]",601.23,Deborah Diaz,boom,0.882,0.3,False,2025-08-23
a1e139b2-e1a6-41a6-8ef7-7e2083443a72,87113b1c-6af7-4c58-a71e-1e9fa077fa22,2026-07-28,2026-07-30,scheduled,Scheduled maintenance: engine service,[],15.95,Donald Clark,,,9.4,True,2026-07-14
49856ad9-6366-413e-902a-cec5ad4dc9c4,ffd0e402-12a8-4158-9c2a-4d41ba961885,2024-09-09,2024-09-14,predictive,Predictive maintenance: boom service,"[""tracks/tires""]",244.66,Elizabeth Ross,hydraulic_system,0.967,20.4,True,2024-09-05
0206fb9e-a4c4-43e4-9f5b-376fb82be194,ac7a5344-7ba4-4268-b8af-04be5e97b1cd,2026-05-26,2026-05-27,predictive,Predictive maintenance: tracks/tires service,[],739.81,Jennifer Miller,transmission,0.65,22.1,True,2026-05-25
d6de403c-7520-4750-9c7f-2cc1dfdcef2b,8e7ae8fd-f5b7-47d4-81a5-ec025a3a8869,2025-06-07,2025-06-10,predictive,Predictive maintenance: tracks/tires service,[],136.41,Sandra Cook,belts,0.887,0.1,True,2025-05-24
1dafa638-64a8-4b68-b881-9168cc8d25ee,230650f2-7517-458c-9b85-c1f3b5badf91,2026-03-23,2026-03-25,predictive,Predictive maintenance: hydraulic_system service,"[""hydraulic_system"", ""boom""]",579.94,Angela Pham,bucket,0.766,4.4,True,2026-03-14
653f95e5-4221-4b87-a7a5-42877d1a54d5,798bad4b-0934-4074-af03-e48a7794931d,2024-10-20,2024-10-22,scheduled,Scheduled maintenance: transmission service,"[""electrical"", ""tracks/tires""]",1038.36,Richard Smith,,,9.7,True,2024-10-15
63255833-3af0-4af5-a4ec-3bf66712d274,986ed0de-0337-4696-a3c9-0229d6ce8d66,2024-10-03,2024-10-07,predictive,Predictive maintenance: bucket service,"[""electrical"", ""belts"", ""engine""]",20.48,Leslie Barnett,electrical,0.78,1.2,True,2024-09-25
e7bc40d8-27b1-4b5b-a350-8476dd8355d5,72c74929-fcc0-4e62-b81a-69e7d712dc30,2025-11-06,2025-11-10,predictive,Predictive maintenance: transmission service,[],991.87,Stephanie Davis,electrical,0.805,6.1,True,2025-11-03
b8573a94-c5d3-45f9-8366-bea55b1035ca,d6404735-7330-4ec0-ab86-55b0da250958,2025-05-13,2025-05-18,scheduled,Scheduled maintenance: filters service,[],8.86,Brian Miller,,,10.2,True,2025-05-08
0e6bbcde-e7ab-4c3e-b314-7f7a76d92fe0,4f804537-7460-49be-853b-8bfb688ebf47,2024-08-07,2024-08-10,scheduled,Scheduled maintenance: tracks/tires service,[],976.65,Mary Martin,,,0.1,True,2024-07-31
4e1e7950-c04c-4e06-91d2-ac137a872dac,1b7b60bf-0ac4-49da-966a-5a98b83418e1,2025-04-12,2025-04-13,scheduled,Scheduled maintenance: filters service,"[""boom""]",238.42,Carol Barr,,,15.5,True,2025-04-06
6685a124-843a-4bff-980e-456406daf9c7,f7e2d4bb-1c8c-42bd-8c1a-e0424303bb7f,2025-10-30,2025-11-01,emergency,Emergency maintenance: hydraulic_system service,"[""hydraulic_system""]",321.58,Robert Khan,,,1.6,True,2025-10-29
0c3a2cb7-e80e-4b21-beeb-cc03249676db,815040ba-e99b-4b90-8f09-ef80bca4e065,2024-10-04,2024-10-07,scheduled,Scheduled maintenance: belts service,"[""bucket"", ""tracks/tires"", ""hydraulic_system""]",859.12,William Martinez,,,36.8,True,2024-09-26
a8cb3793-acd1-4943-bb28-1312c2275d1b,dafc1843-ef7c-45ed-8027-7a0fb93d8b7f,2025-04-29,2025-05-03,inspection,Inspection maintenance: tracks/tires service,"[""boom"", ""bucket""]",54.39,Julie Pennington,,,1.4,True,2025-04-20
4cccb128-0ac7-4231-84fa-91d0e97e1c76,04713cc6-70a5-4613-b316-15a2911c362d,2026-02-18,2026-02-23,predictive,Predictive maintenance: belts service,"[""filters"", ""boom""]",415.92,Christine Townsend,tracks/tires,0.773,3.1,True,2026-02-14
2588a1a9-591d-4c8f-99cd-b40c51c2a5b0,dcb4322b-5363-4b63-8ea1-80390dbad145,2026-06-14,2026-06-19,predictive,Predictive maintenance: bucket service,[],431.96,Christopher Cooley,tracks/tires,0.932,5.2,True,2026-06-01
981c05cb-77aa-418c-9e17-c78b16871c11,bd48f4eb-f956-4bb1-ac06-a1f66fd2f811,2025-11-03,2025-11-05,inspection,Inspection maintenance: boom service,"[""bucket""]",177.06,Christopher Terry,,,13.9,True,2025-10-25
55552f5c-3981-4851-bb63-fbcc47a06571,100655ab-bd0a-4ad9-8880-a4f666f79d40,2024-12-14,2024-12-14,scheduled,Scheduled maintenance: boom service,"[""electrical"", ""boom""]",184.29,Jason Kim,,,18.1,True,2024-12-02
7aca06a7-bb67-41ac-a496-26bf431434ee,85ceefd0-0dcd-43e6-a1b3-2c32886dc130,2026-01-22,2026-01-22,emergency,Emergency maintenance: hydraulic_system service,[],374.64,Samuel Bailey,,,5.4,True,2026-01-09
00b50a4e-1011-4d43-a2d2-260efaf031fb,e4269275-0324-471a-a492-bfe7425a20ab,2025-10-30,2025-11-02,emergency,Emergency maintenance: transmission service,"[""boom""]",1773.49,John Clark,,,3.5,True,2025-10-28
14accc47-36d1-46a4-814d-3da37a171fb4,798bad4b-0934-4074-af03-e48a7794931d,2025-02-26,2025-02-27,scheduled,Scheduled maintenance: belts service,"[""electrical""]",1306.42,Veronica Brown,,,1.1,True,2025-02-20
003a8939-8453-4f43-ae79-a4aeecdf9991,3555aff2-951f-47ad-89fc-8e5b47203346,2025-12-31,2026-01-02,predictive,Predictive maintenance: transmission service,"[""belts"", ""filters""]",449.15,Bonnie Contreras,hydraulic_system,0.933,23.9,True,2025-12-25
16a856f6-8416-43e8-a787-53199b10cedb,bd8a6a23-7708-4053-a7fd-05e7c8f03798,2025-10-28,2025-10-31,inspection,Inspection maintenance: hydraulic_system service,"[""hydraulic_system"", ""tracks/tires"", ""bucket""]",551.08,Andrew Williams,,,2.4,True,2025-10-19
cddd8382-eafc-4337-a84e-7d95897270be,efd8c6bd-feec-4efe-9514-44559303c8ce,2024-11-13,2024-11-15,scheduled,Scheduled maintenance: transmission service,"[""belts""]",885.63,Robert Cross,,,15.0,True,2024-10-31
c56a27b6-6c7c-477b-99a0-48eca41ad58b,86368984-7e45-43b3-942c-8daeb1cf49bf,2025-09-04,2025-09-07,scheduled,Scheduled maintenance: transmission service,"[""boom"", ""belts"", ""bucket""]",531.02,Melinda Walker,,,2.9,True,2025-08-29
717ed0af-0d4f-460f-9740-c296e8d97bee,e897043a-a106-4f82-8982-e2790f64646c,2024-08-14,2024-08-18,emergency,Emergency maintenance: belts service,[],1062.16,Debra Peterson,,,2.3,True,2024-08-10
a3801a42-5c41-4d8d-aef8-ff2eaadebafc,f1fc31b5-edd2-47b4-82bb-badf28984e0a,2025-03-08,2025-03-08,predictive,Predictive maintenance: tracks/tires service,"[""boom"", ""filters""]",800.44,Scott Martin,belts,0.67,13.8,True,2025-02-26
183c4994-94af-4ea7-a918-d84fb23ace80,9c880c4b-a14a-4fb1-975a-afa25e2bbf2b,2026-01-09,2026-01-10,predictive,Predictive maintenance: boom service,"[""hydraulic_system"", ""engine"", ""boom""]",936.62,Keith Acevedo,filters,0.942,4.2,True,2025-12-30
c7f02d08-a039-4a43-8163-97d2fa70c0f3,67bb39ff-2ab4-4470-85a5-4fb2bf5e4f06,2025-12-22,2025-12-27,predictive,Predictive maintenance: belts service,"[""hydraulic_system"", ""tracks/tires""]",119.49,Cynthia Wilson,filters,0.899,13.1,True,2025-12-17
c9210da3-1971-4c31-a485-67566a4e30f5,9c26a700-488b-44d2-94bd-b0f5f5d71388,2025-03-11,2025-03-11,predictive,Predictive maintenance: belts service,"[""transmission""]",171.01,Christopher Roberts,engine,0.806,1.3,True,2025-03-09
6fb078c0-cdc4-4697-bc3c-39243808386a,51b3034a-db90-4dc5-b018-566495db2589,2026-04-28,2026-05-03,scheduled,Scheduled maintenance: filters service,"[""belts"", ""boom"", ""electrical""]",212.63,Steven French,,,16.0,True,2026-04-26
aa22b74f-da86-4491-87dc-a2d2ade9385e,3e7ebecc-5d5c-4427-b151-3ea728111ecf,2025-10-29,2025-10-31,scheduled,Scheduled maintenance: filters service,"[""engine""]",96.2,Taylor House,,,9.8,True,2025-10-24
f2cda309-9887-41d7-b1de-fcc88b3d3c5b,9e96e240-502d-4c40-93ab-735ed1290c24,2025-06-14,2025-06-19,predictive,Predictive maintenance: filters service,[],273.18,Michael Singh,electrical,0.965,0.0,True,2025-06-02
7236e042-23c9-46ee-a72f-79b1335a9913,e3e0542c-edff-458e-babf-076f42ac3d26,2025-10-06,2025-10-10,scheduled,Scheduled maintenance: hydraulic_system service,"[""hydraulic_system"", ""electrical""]",1213.13,Amy Peterson,,,1.4,True,2025-09-26
3694d871-6a31-4bb7-8403-05a38a291a83,0f65b696-8a2c-4c6b-a171-c139dfaae23b,2025-12-17,2025-12-21,scheduled,Scheduled maintenance: bucket service,"[""boom"", ""electrical"", ""filters""]",850.74,Alex Martinez,,,1.6,True,2025-12-14
61b43189-ccb5-4d02-8c98-47c99c9a67d8,c9da8ca6-3f90-4aa8-a145-4aea622dc77a,2026-02-19,2026-02-23,scheduled,Scheduled maintenance: filters service,[],389.68,Jonathan Martinez,,,2.5,True,2026-02-13
08f8c639-1d31-4e3a-b60a-d10e08091bdc,65a16bf6-20ff-4171-937d-86c87f405f07,2025-08-16,2025-08-19,inspection,Inspection maintenance: engine service,"[""hydraulic_system"", ""filters"", ""belts""]",65.78,Joshua Campos,,,0.7,True,2025-08-11
c52e6b02-2681-4480-8e37-f1f1e0f14b4c,f1fc31b5-edd2-47b4-82bb-badf28984e0a,2025-05-02,2025-05-05,emergency,Emergency maintenance: transmission service,"[""boom""]",899.29,Paul Lee,,,11.2,True,2025-04-20
a92421d9-6fcc-465c-a55b-6e7e4db32290,91eb547c-4954-4ad6-a700-7fbda71130ab,2025-07-15,2025-07-19,predictive,Predictive maintenance: electrical service,"[""engine"", ""boom""]",231.88,Tanya Wells PhD,hydraulic_system,0.836,0.1,True,2025-07-04
1f0069bf-c8d7-478d-8fad-32067500ee82,ea8db8f4-5db0-40dc-a1dd-210b0826b974,2025-07-16,2025-07-18,inspection,Inspection maintenance: electrical service,"[""filters"", ""bucket""]",120.18,Angel King,,,9.1,True,2025-07-09
9c30dd54-6475-404e-ab2c-d425166b7829,bd48f4eb-f956-4bb1-ac06-a1f66fd2f811,2025-01-22,2025-01-27,scheduled,Scheduled maintenance: belts service,"[""hydraulic_system"", ""tracks/tires"", ""engine""]",258.16,Melissa Travis,,,1.2,True,2025-01-13
f3aa8c93-ef49-496d-bca1-29449ad4e95f,fe1f38ac-424c-445e-850e-eb9c6e78e4aa,2024-09-20,2024-09-25,emergency,Emergency maintenance: bucket service,"[""hydraulic_system"", ""bucket"", ""tracks/tires""]",131.26,Jeremy Wallace,,,6.4,True,2024-09-08
c4f6e4fe-a5b3-4896-a654-fdd8416cacbd,7ec6d0a4-50b8-4c4c-987e-3f365800069e,2025-07-10,2025-07-11,emergency,Emergency maintenance: engine service,[],225.53,Madison Davis,,,4.7,True,2025-06-26
8578e4a1-50cf-4b7f-ac96-d72427e612ed,25ed9c6c-50c1-4aed-a7cb-50562f4ffc7f,2025-12-05,2025-12-06,scheduled,Scheduled maintenance: electrical service,"[""bucket""]",2055.32,Jeremy Gregory,,,2.7,True,2025-11-27
eeaae4d7-14cc-45cb-9194-fb206b43fe8b,b518d166-c271-4061-b5d9-4f864ffbea4d,2025-01-21,2025-01-24,inspection,Inspection maintenance: filters service,[],12.26,Kelly Holder,,,15.7,True,2025-01-15
48160e5b-5d85-4efc-839f-17cb15b6be31,f1b4d8ee-ca3f-4950-8d28-3bd74f725346,2025-08-02,2025-08-07,inspection,Inspection maintenance: transmission service,[],990.71,Troy Powell,,,0.0,True,2025-07-19
a92ef856-5b59-4036-a380-cdde684985f6,8642a224-72f3-4822-bb82-8942f8a3085a,2025-11-02,2025-11-04,predictive,Predictive maintenance: transmission service,"[""hydraulic_system""]",154.88,Katherine Christian,bucket,0.763,3.0,True,2025-10-20
6546826a-0090-4c59-b3f9-415cf0ca9d7b,ca7dd2bf-29f2-4101-8195-169b7fad2b90,2025-04-05,2025-04-09,inspection,Inspection maintenance: tracks/tires service,"[""filters""]",340.73,Mr. William Stevens,,,6.7,True,2025-03-28
ce14394d-89d9-4a13-a422-1cb84c1220ff,2e191460-61de-446d-b75f-495b2327169f,2024-11-22,2024-11-23,predictive,Predictive maintenance: boom service,"[""bucket"", ""belts""]",953.43,Stacy Robertson,tracks/tires,0.947,6.1,True,2024-11-21
d30fbb74-561b-49a2-b33c-36c9e59cec3c,d4fcf864-c14f-4a53-b077-e119097b7211,2024-09-15,2024-09-16,scheduled,Scheduled maintenance: electrical service,"[""transmission"", ""tracks/tires"", ""boom""]",829.19,Jessica Caldwell,,,30.5,True,2024-09-02
48a7abba-50f2-4d75-872c-b2de53d4fd00,aa86ae3f-9268-4b77-87ec-6c368c37f7b0,2025-04-25,2025-04-27,scheduled,Scheduled maintenance: transmission service,[],689.44,Stacy Ortiz,,,3.2,True,2025-04-22
0e1fef05-022b-4750-a5f3-8c46a6e3729c,cbf00e30-696a-43bb-bd02-c3a3847cc39c,2025-01-14,2025-01-17,emergency,Emergency maintenance: hydraulic_system service,"[""tracks/tires"", ""hydraulic_system""]",1.76,Olivia Wagner,,,8.5,True,2025-01-08
b5b31d45-bbbd-410f-b9d9-5ec131ccd4aa,c29204b5-14dc-46a7-8bc4-c01de4e97b63,2024-12-02,2024-12-02,scheduled,Scheduled maintenance: electrical service,"[""boom"", ""tracks/tires"", ""belts""]",712.74,Tiffany Benitez,,,11.8,True,2024-11-29
0ff7062f-e805-4d5b-af91-42cf0ea40f36,25625f85-61ca-454c-8800-9442a81efa83,2026-04-18,2026-04-21,inspection,Inspection maintenance: engine service,[],143.41,Tonya Martinez,,,0.4,True,2026-04-07
e7a025ef-2a4b-4656-b2fc-7038b7579f79,d2584ead-1d44-4d81-8161-00e63f18b141,2024-11-02,2024-11-07,scheduled,Scheduled maintenance: bucket service,"[""tracks/tires""]",545.28,Michael Fernandez,,,13.7,True,2024-10-22
54dda698-3587-4db1-be4e-0251d502e832,7d00d229-9b3b-456a-9776-1b804b900d9b,2026-02-13,2026-02-18,inspection,Inspection maintenance: filters service,"[""filters"", ""electrical"", ""tracks/tires""]",379.26,Sarah Brown,,,8.6,True,2026-02-11
344421c7-e670-4334-b361-ec108578f9e8,1f5e380b-ed3e-4b79-a7ba-207caca3f595,2025-06-01,2025-06-05,scheduled,Scheduled maintenance: belts service,"[""electrical""]",324.56,Monica Jones,,,2.1,True,2025-05-25
925b10e2-5c79-4608-9c57-c303abbe913d,9c0cc10b-8f2f-493e-a13a-05b08677a89d,2025-05-23,2025-05-24,scheduled,Scheduled maintenance: filters service,"[""belts"", ""bucket"", ""engine""]",1169.99,Michael Scott,,,4.1,True,2025-05-10
e03ff7a4-f0ad-499f-89cd-196234ee7b8a,ac859575-e0ab-4de6-9d1a-53324db062f4,2025-08-16,,scheduled,Scheduled maintenance: engine service,[],29.47,Mark Friedman,,,11.0,False,2025-08-07
6c82a57b-8c24-4212-9755-118bf2822be7,ef023ed0-6345-4dfd-91cf-264ae49d47f0,2024-10-23,2024-10-24,scheduled,Scheduled maintenance: belts service,"[""boom""]",924.31,Tracy Ryan,,,6.4,True,2024-10-17
e6da8ba7-650e-48c8-b640-2fd3e3c5820d,31610fc4-9e43-43fe-bf58-914559dbb82e,2025-01-04,2025-01-09,scheduled,Scheduled maintenance: bucket service,[],439.13,Thomas Marks,,,33.4,True,2024-12-24
59e5963f-d032-43df-9263-2b16c27bc1d5,e4810aa1-9b11-4f29-bca2-74d831309b14,2025-06-27,2025-06-30,emergency,Emergency maintenance: hydraulic_system service,"[""boom"", ""tracks/tires"", ""transmission""]",589.65,James Walker,,,6.4,True,2025-06-16
35439e89-acc6-4dc3-9d25-b092fab4065e,ca73949f-0806-42b8-b607-c709518f50f9,2026-04-26,2026-04-29,scheduled,Scheduled maintenance: filters service,[],1476.19,Terri Ortega,,,1.0,True,2026-04-16
6176034b-e19d-47fa-a7d3-0b7e3340ce7f,7824d243-5ef9-4347-95e1-58acd2db6775,2026-06-01,2026-06-01,scheduled,Scheduled maintenance: transmission service,[],32.87,Jackson Baker,,,14.4,True,2026-05-20
9b97a6c3-fc2c-47f7-813a-4da316c69cf3,0aa11de9-1db1-4eae-a9b5-d924abe9c2a2,2026-06-18,2026-06-19,predictive,Predictive maintenance: boom service,"[""tracks/tires""]",101.43,Michelle Lang,boom,0.769,8.6,True,2026-06-09
4d846428-7ad4-4795-ab5d-9ee8468d01ae,d7510823-5557-4eac-845c-6f4030784241,2025-07-14,2025-07-19,predictive,Predictive maintenance: filters service,"[""belts"", ""electrical"", ""filters""]",1024.03,Matthew Roy,engine,0.883,0.8,True,2025-07-05
989f3b43-3708-4023-ae4d-fab2a605d290,2e8f60ab-b704-4b10-bcf5-af72ca109055,2025-07-13,2025-07-15,scheduled,Scheduled maintenance: bucket service,[],48.29,Matthew Lowe,,,0.6,True,2025-07-12
623a9847-d496-4eb6-b4b4-176691d8fccf,931a1d76-c0dc-451c-8fb8-938ee88e4521,2025-12-03,2025-12-08,predictive,Predictive maintenance: transmission service,[],145.94,Matthew Montgomery,hydraulic_system,0.808,1.7,True,2025-12-02
6dab8513-4da4-4536-abc2-6673b5aefc1e,53f3bf49-f075-4261-952d-682f64be6bb3,2025-11-18,2025-11-21,scheduled,Scheduled maintenance: electrical service,"[""hydraulic_system"", ""bucket"", ""filters""]",682.52,Jason Garcia,,,6.0,True,2025-11-06
36cb2a01-953f-492b-b886-38509609fe30,690ab0be-783e-4fb2-95d2-02bb7a2bc4fc,2026-03-09,,inspection,Inspection maintenance: tracks/tires service,[],1272.95,Mark Hancock,,,4.7,False,2026-03-02
b7436b67-62f9-4fd9-9b09-5a663860fe7d,e3e0542c-edff-458e-babf-076f42ac3d26,2025-08-03,2025-08-07,inspection,Inspection maintenance: tracks/tires service,[],52.65,Thomas Patton,,,2.1,True,2025-08-02
287bea26-f068-4c38-9379-ed141d3e4db9,68d17e85-bfc5-45c6-b9d0-5fe8592a5d70,2025-04-07,2025-04-11,scheduled,Scheduled maintenance: belts service,[],254.17,Jay Patrick,,,3.7,True,2025-04-05
6f982f0f-e256-4e0d-976d-6ac8a68b0868,65fdf9fc-778b-41a5-87a7-d6fb5a7b8c38,2026-06-24,2026-06-24,scheduled,Scheduled maintenance: tracks/tires service,"[""bucket"", ""tracks/tires"", ""filters""]",232.75,Cameron Roy,,,22.5,True,2026-06-21
854bdc71-a1c1-4ce0-97f8-523123cd2ac2,0aa11de9-1db1-4eae-a9b5-d924abe9c2a2,2025-07-18,2025-07-20,scheduled,Scheduled maintenance: transmission service,"[""filters""]",373.7,Alan Moore,,,5.0,True,2025-07-10
f7ff9104-6212-423c-9a83-84da6d053f08,1a76a1bf-b46b-40e5-8087-533a8ecb5c44,2026-02-11,,predictive,Predictive maintenance: hydraulic_system service,"[""belts"", ""bucket"", ""transmission""]",606.03,Mr. Cody Greene,belts,0.693,13.7,False,2026-01-30
b0f950dd-a1ba-4ddb-9f15-ca78d1077bff,f3f8dec1-94d5-4487-8e31-a079ec435a94,2026-01-30,2026-01-31,predictive,Predictive maintenance: hydraulic_system service,"[""engine""]",165.24,Denise Jackson,boom,0.945,3.2,True,2026-01-19
8e11899d-bd1a-4bab-b015-f192087eea39,1e848229-19cd-43bf-a961-c1ef07db203b,2026-07-25,2026-07-28,predictive,Predictive maintenance: engine service,[],1822.39,Brooke Bishop,boom,0.848,30.8,True,2026-07-15
6d489c87-822d-45a0-9880-e3114dd882b3,e8c59ca6-861d-4ed9-a892-b645beecb81b,2025-02-20,2025-02-24,predictive,Predictive maintenance: engine service,"[""filters""]",105.55,Casey Barnes,engine,0.71,0.8,True,2025-02-08
2db2be6c-896c-42c5-901d-4e336903f48b,98b237f2-21f1-44b2-926d-a40d7086ae19,2024-12-26,2024-12-27,scheduled,Scheduled maintenance: belts service,"[""electrical"", ""bucket"", ""transmission""]",1116.0,Eduardo Wilcox,,,7.5,True,2024-12-18
6d455c81-156e-4003-ac0e-9ce2a32b468c,d365d6ff-2b94-4722-b385-7cb32353367d,2025-05-05,2025-05-05,scheduled,Scheduled maintenance: filters service,[],326.42,Edgar Johnson,,,10.4,True,2025-04-28
cb496c23-97d6-4d1d-99ae-6436f865b0d4,620b4e94-ec7b-4abc-8e70-f3e7fb3b8cda,2024-12-25,2024-12-26,predictive,Predictive maintenance: belts service,"[""tracks/tires""]",831.12,Melissa Dixon,filters,0.844,13.7,True,2024-12-15
944b8c4d-751c-4f98-a420-6cf899b2122e,33ffa60c-2ebd-487f-8318-07cb7362b922,2026-01-30,2026-01-30,inspection,Inspection maintenance: engine service,"[""bucket"", ""tracks/tires""]",775.07,James Campbell,,,1.6,True,2026-01-29
6f736711-80a4-4c62-aa7f-b7f192c68550,e7e1d64b-a91e-48af-b05d-dcc0c8c14b37,2025-09-03,2025-09-07,scheduled,Scheduled maintenance: filters service,"[""filters""]",227.12,Mark Kelly,,,3.6,True,2025-08-26
a43bf296-8e71-45e5-aeda-fcaef823431e,1b7b60bf-0ac4-49da-966a-5a98b83418e1,2024-09-15,2024-09-19,emergency,Emergency maintenance: engine service,[],491.79,Virginia Thomas,,,0.3,True,2024-09-03
385db85a-4b40-470b-b9b6-b8bb1c0712f3,4827da2c-5630-4ab3-a6aa-811c3113c8ca,2024-09-18,2024-09-23,predictive,Predictive maintenance: filters service,"[""hydraulic_system"", ""bucket"", ""boom""]",763.72,Amy Valenzuela,boom,0.853,23.7,True,2024-09-13
84430a78-5b9b-437e-a87b-5b7d6a50ff88,ea8db8f4-5db0-40dc-a1dd-210b0826b974,2024-09-25,2024-09-27,inspection,Inspection maintenance: engine service,"[""belts""]",488.91,Jerry Anderson,,,8.8,True,2024-09-20
4be487a7-e29f-4dfc-88be-89ed1357f2ef,47665766-7fef-4c04-bbf4-9c08b872b5b5,2025-02-13,2025-02-18,scheduled,Scheduled maintenance: bucket service,"[""transmission"", ""bucket""]",933.71,Julie Perkins,,,19.5,True,2025-02-12
12233e25-4f6c-4afb-a7e0-f362a4437335,9006069d-b2ff-4450-8154-477980debaa0,2025-04-21,2025-04-21,predictive,Predictive maintenance: electrical service,"[""belts""]",20.51,Johnny Young,filters,0.814,3.6,True,2025-04-13
3475ec2c-40f4-4ee4-8d12-8d944aa4edbc,fb8e252b-b60a-4ca7-93ef-511390a4a69b,2025-03-21,2025-03-25,emergency,Emergency maintenance: transmission service,[],829.4,Lisa Perkins,,,1.0,True,2025-03-07
c127bade-e458-4284-a6f9-8ee36a166e0a,3c11391b-dc6c-4e85-a855-032de7f4f352,2026-06-17,2026-06-17,scheduled,Scheduled maintenance: tracks/tires service,"[""engine"", ""bucket""]",2670.36,Matthew Terry,,,2.4,True,2026-06-06
066b6324-2986-42e4-afe2-40446d9128e1,851c4755-6988-422f-a3f4-87f4ac5ebbe1,2025-11-25,2025-11-26,scheduled,Scheduled maintenance: bucket service,"[""boom"", ""hydraulic_system"", ""tracks/tires""]",1080.45,Patricia Snow,,,24.1,True,2025-11-18
83df15d8-2bb5-4720-98b9-06fe37373645,34f67dd0-61c6-4994-8301-feea4be369f0,2025-01-04,2025-01-04,inspection,Inspection maintenance: belts service,"[""electrical"", ""engine"", ""filters""]",2484.56,Ernest Warren,,,6.4,True,2024-12-31
40aa9a79-2819-4d91-87c2-a6b1b3cf3aa7,e6b3a4a2-f5b4-4b1e-93fa-51ce22d4746f,2026-01-25,,predictive,Predictive maintenance: filters service,"[""tracks/tires"", ""electrical""]",138.61,Robin Charles,filters,0.744,3.1,False,2026-01-18
0d1188ef-7e10-4912-af46-f4c45017f36d,7d00d229-9b3b-456a-9776-1b804b900d9b,2025-07-03,2025-07-07,predictive,Predictive maintenance: bucket service,"[""transmission"", ""belts"", ""tracks/tires""]",615.3,Jeffrey Martin,bucket,0.925,1.3,True,2025-06-27
f027a464-9f08-4541-b3ce-e3786c7fb4f8,6a6b6c7f-6735-43a8-a07c-e474656162be,2025-07-13,2025-07-17,scheduled,Scheduled maintenance: belts service,"[""belts"", ""bucket""]",30.94,Frank Hill,,,15.7,True,2025-07-04
c6f73b01-761c-47ea-b3b0-4e5e421ddf3b,ee728683-9a28-4358-bf02-a91e1797df03,2024-11-21,2024-11-23,emergency,Emergency maintenance: hydraulic_system service,"[""hydraulic_system""]",15.89,Nicholas Marks,,,5.1,True,2024-11-17
72dc9ef3-f3ee-4a9f-a8f8-ff4e773a8651,9522cc74-7330-47e0-bbb8-9b4e4146c7ee,2026-01-26,,inspection,Inspection maintenance: boom service,"[""tracks/tires"", ""boom""]",940.81,Mary Jensen,,,6.7,False,2026-01-21
48f28516-558f-4d80-8bb7-085a3b896d9c,9266e553-423b-4eb2-b73d-bb4fc3a7cb5f,2025-11-08,2025-11-13,scheduled,Scheduled maintenance: engine service,"[""bucket""]",311.24,Ashley Galloway,,,8.1,True,2025-10-25
55822299-51ed-4d5c-9860-a6aec66cc790,3e7ebecc-5d5c-4427-b151-3ea728111ecf,2026-07-08,2026-07-09,predictive,Predictive maintenance: filters service,"[""transmission""]",770.42,Gary Gonzales,belts,0.97,3.4,True,2026-06-29
3bc1b08a-5e31-49ec-85c3-66beca79699f,3a9cde6d-e056-4ade-9d29-f486f14a5d19,2026-07-03,2026-07-05,scheduled,Scheduled maintenance: electrical service,"[""engine"", ""transmission""]",1204.25,Jason Mitchell,,,6.6,True,2026-06-28
ba0384aa-5d38-43ee-97f1-afe3e0806a84,29465baa-6f23-48da-85e3-203b66243ba6,2024-08-09,2024-08-11,inspection,Inspection maintenance: filters service,"[""electrical"", ""tracks/tires"", ""engine""]",241.87,Jeffrey Ruiz,,,2.2,True,2024-07-30
0c285a0a-f6b7-4fda-b73a-cb0cd4ace2b2,6bb78ee8-3ddc-48f2-84a1-18a349930a02,2025-02-20,2025-02-21,scheduled,Scheduled maintenance: bucket service,"[""belts""]",188.75,Nicholas Davis,,,1.1,True,2025-02-19
c5cbff84-b705-4a6b-b313-b673dab14b28,aca42319-33a0-4cf6-8b7d-78859b677eb0,2024-10-01,2024-10-06,scheduled,Scheduled maintenance: transmission service,[],487.39,Stanley Kennedy,,,17.9,True,2024-09-20
013e4cee-944f-432d-a682-a50d6c5ac4d9,5c8918ee-4d30-4993-a733-3dea6ef73fef,2024-10-22,2024-10-26,predictive,Predictive maintenance: transmission service,[],1.64,Dwayne Fox,tracks/tires,0.826,14.7,True,2024-10-09
f6fd5feb-b2d4-4118-9c8d-52dce951fb72,7edcfa59-db28-4bba-9f31-5f2b6b39f147,2026-06-08,2026-06-13,predictive,Predictive maintenance: hydraulic_system service,[],808.63,James Daniels,engine,0.748,12.8,True,2026-05-28
cb2e697d-0c8d-4010-ba31-57b48b2bdfe4,f6100f06-83ed-43c2-979a-bb804932fe99,2025-09-17,2025-09-18,scheduled,Scheduled maintenance: transmission service,"[""boom"", ""electrical"", ""engine""]",529.5,Brandi Figueroa,,,4.5,True,2025-09-08
6fc282fe-ba57-4f77-85a7-a5ab0aa1cfce,e5f9c625-ef35-4d40-b589-e5e8c7796840,2025-07-03,2025-07-07,emergency,Emergency maintenance: bucket service,"[""filters"", ""hydraulic_system""]",725.74,John Owens,,,17.9,True,2025-06-22
95d88d1e-8d8a-4df7-8500-bcfbd4ffb139,5c8918ee-4d30-4993-a733-3dea6ef73fef,2025-03-17,2025-03-17,emergency,Emergency maintenance: electrical service,"[""bucket"", ""transmission""]",349.49,Paul Beck,,,0.2,True,2025-03-08
b27e3d7b-cb68-4efa-9172-5ffbac051f91,1cc3d635-aefe-4faf-93c9-ab1eec036b0a,2025-02-27,2025-03-03,scheduled,Scheduled maintenance: hydraulic_system service,[],1.79,Kristina Pena,,,7.5,True,2025-02-14
759997f0-ec1b-4159-a92a-c293a1a0247f,cbf00e30-696a-43bb-bd02-c3a3847cc39c,2026-04-14,2026-04-14,scheduled,Scheduled maintenance: boom service,"[""transmission""]",440.04,Jasmine Hayes,,,4.2,True,2026-04-09
7ddeed52-3a31-440b-ab79-3f0bd1eaa922,e4810aa1-9b11-4f29-bca2-74d831309b14,2026-04-29,2026-05-04,scheduled,Scheduled maintenance: tracks/tires service,"[""transmission"", ""boom"", ""electrical""]",14.5,Dawn Clark DVM,,,1.5,True,2026-04-19
d0b103be-25fa-4648-bf3c-e3c00a5549c4,2d860599-e5d8-4008-93a8-249e3808efb5,2025-10-01,2025-10-04,emergency,Emergency maintenance: belts service,"[""engine"", ""hydraulic_system"", ""belts""]",32.47,Jennifer Parker,,,2.3,True,2025-09-22
7a708831-5095-41cf-8427-593612b66e2b,36abd37b-7941-4398-bc33-c6512a939d89,2026-05-31,2026-06-01,scheduled,Scheduled maintenance: engine service,"[""engine""]",690.07,Cole Lara,,,7.8,True,2026-05-26
d8b71b39-2a0a-4d33-b308-4ce9754470b6,54411a6d-67c8-4476-8f14-9964722d407e,2025-01-10,2025-01-11,inspection,Inspection maintenance: hydraulic_system service,"[""boom""]",756.31,Tony Carr,,,26.6,True,2025-01-03
9f56e213-7891-4bbe-8588-74c949cf00af,5ae99346-70e5-4ecd-a761-37fc492ec014,2025-05-18,2025-05-21,inspection,Inspection maintenance: filters service,"[""belts"", ""transmission""]",631.36,Juan Williams,,,27.4,True,2025-05-05
06e9269c-d100-480f-9486-7fac943c8eb8,3388e9b7-3e8d-462f-acca-1799519b56ff,2026-01-24,2026-01-28,emergency,Emergency maintenance: filters service,"[""boom""]",659.93,Stephen Robinson,,,10.4,True,2026-01-17
c444d80a-27cb-479d-902a-93298edce967,e8a114b7-cf32-44df-8c23-271167d56b06,2025-07-08,2025-07-13,inspection,Inspection maintenance: tracks/tires service,[],95.9,Heather Fischer,,,2.6,True,2025-06-25
83e7e1f2-2194-4be2-a270-12e973b47561,c29204b5-14dc-46a7-8bc4-c01de4e97b63,2025-05-30,2025-05-30,emergency,Emergency maintenance: filters service,"[""boom""]",288.73,Alicia Grimes,,,10.8,True,2025-05-16
b1bd0c99-e0b3-4b32-a8a3-f797dcbf3f1a,aed167d1-e9e5-4499-bba0-6827259a9796,2024-11-01,2024-11-05,scheduled,Scheduled maintenance: boom service,[],1002.98,Rebecca Ramos,,,4.5,True,2024-10-28
31d6b3f7-ed10-4514-8e42-a73546cc729c,f9271522-1a5c-4203-a2a8-d50621be7417,2025-04-13,2025-04-13,scheduled,Scheduled maintenance: tracks/tires service,"[""tracks/tires"", ""engine"", ""belts""]",107.61,Jimmy Lee,,,11.2,True,2025-04-09
77a973f2-970f-4d76-9a86-625aebf590c5,e8ecf91b-f527-474a-8b94-06595d7e34e5,2025-09-23,2025-09-23,scheduled,Scheduled maintenance: hydraulic_system service,"[""transmission""]",492.69,Jessica Davis,,,16.0,True,2025-09-18
b59be22b-30f1-48a4-946f-67e15a8f064b,931a1d76-c0dc-451c-8fb8-938ee88e4521,2024-12-14,2024-12-19,emergency,Emergency maintenance: hydraulic_system service,"[""tracks/tires"", ""transmission""]",1322.27,Crystal Harrison,,,13.9,True,2024-12-03
dfcb46d2-6515-44c7-bd08-0962ce0f1884,a1cc273c-7b1c-4455-99fe-0ef2c69821b8,2025-06-24,2025-06-26,scheduled,Scheduled maintenance: tracks/tires service,"[""engine""]",840.43,Keith Reed,,,15.5,True,2025-06-13
ac72fdb3-5c44-4292-8528-04be385b9c4c,dafc1843-ef7c-45ed-8027-7a0fb93d8b7f,2025-10-02,2025-10-07,scheduled,Scheduled maintenance: hydraulic_system service,"[""belts"", ""tracks/tires"", ""engine""]",12.17,Jordan Zamora,,,1.2,True,2025-09-25
cd025f86-87d0-407d-96d3-00eb1f34ef27,cb415840-0767-41a7-9e53-940076a20c84,2025-05-08,2025-05-09,scheduled,Scheduled maintenance: boom service,"[""hydraulic_system"", ""bucket"", ""engine""]",119.45,Robert Carrillo,,,2.2,True,2025-05-06
6e2f244a-fab1-4d3a-8c55-f352da5244cd,5c8918ee-4d30-4993-a733-3dea6ef73fef,2025-05-10,2025-05-14,predictive,Predictive maintenance: hydraulic_system service,"[""tracks/tires"", ""transmission"", ""bucket""]",223.17,Leslie Smith,hydraulic_system,0.9,21.1,True,2025-05-09
5408fc0e-ebb2-48a2-a766-f77c8e8cebcd,57c7795e-6fcf-4160-bc8c-b96d21cbee0b,2025-08-24,2025-08-24,inspection,Inspection maintenance: boom service,"[""tracks/tires"", ""belts"", ""engine""]",390.3,Joseph Jones,,,7.9,True,2025-08-11
88a0cdf7-a5e6-46d3-936b-d090d027d0d3,e2ed13dd-0789-4b58-9a7f-7bd5033266be,2025-04-24,2025-04-29,emergency,Emergency maintenance: tracks/tires service,"[""filters"", ""bucket"", ""tracks/tires""]",634.14,Terri Duncan,,,3.7,True,2025-04-15
ef80e029-508e-4ae7-b87e-669e46e97653,36c9eddd-1e7f-455d-9179-0ddfff792ce4,2024-12-12,2024-12-14,scheduled,Scheduled maintenance: engine service,"[""engine"", ""belts""]",186.17,Susan Olson,,,9.2,True,2024-12-07
fa7b78fa-43e7-4208-bf0c-c725a69c46e9,7a484d66-c096-48a2-b5ca-78f101e878b5,2025-07-16,2025-07-21,scheduled,Scheduled maintenance: tracks/tires service,"[""transmission"", ""electrical""]",290.55,Jessica Mclaughlin,,,9.3,True,2025-07-13
7fca0f86-1739-477f-95e0-3ccb5a593c25,622619e6-8ca8-4ef0-8937-8e4555a60be7,2025-09-12,2025-09-12,scheduled,Scheduled maintenance: tracks/tires service,"[""transmission""]",787.8,Erin Davis,,,1.4,True,2025-09-07
1af9fedb-6840-4469-b105-7c19bfd57ebe,25625f85-61ca-454c-8800-9442a81efa83,2026-07-07,,scheduled,Scheduled maintenance: filters service,"[""boom""]",103.34,Stephanie Perez,,,3.1,False,2026-07-04
255e42ea-ab70-4662-896f-df028cf4d501,d47eca91-9b10-4616-a8ac-c4a615f58553,2025-12-12,2025-12-14,inspection,Inspection maintenance: hydraulic_system service,"[""electrical"", ""engine""]",509.45,Joseph Greene,,,5.9,True,2025-12-01
40cb7608-ac0c-4fd0-abcc-436f9ac65fa8,0a237b8c-0d71-4778-b797-fb586790d624,2025-09-26,2025-10-01,predictive,Predictive maintenance: belts service,"[""engine""]",276.4,Amber Perez,engine,0.91,4.7,True,2025-09-22
ec4093ba-d6d2-4441-a363-840ef08e1dd7,e3e54c3b-0194-4920-b56b-e9c5d1cbec51,2025-10-30,2025-11-02,scheduled,Scheduled maintenance: hydraulic_system service,[],415.28,John Mcmillan,,,13.1,True,2025-10-17
2be1fce0-32d9-4f44-8ecc-7eda2d38fece,100655ab-bd0a-4ad9-8880-a4f666f79d40,2026-07-29,2026-08-03,scheduled,Scheduled maintenance: belts service,"[""tracks/tires""]",246.95,Wayne Barry,,,8.3,True,2026-07-16
68a3e5b3-0430-4aa7-a857-48ddc114ea59,bc90d5e7-ae38-4e79-9fc0-c57a30f96651,2026-01-02,2026-01-02,inspection,Inspection maintenance: tracks/tires service,[],1014.19,Linda Strickland,,,9.2,True,2025-12-19
10a68185-a430-4e6e-894d-434405737474,499abaa9-c7a5-44f5-a672-40edf44782fe,2025-10-09,2025-10-14,scheduled,Scheduled maintenance: boom service,"[""hydraulic_system"", ""belts"", ""electrical""]",246.22,Angela Allen,,,1.3,True,2025-09-27
2d3f0cca-1396-4c0e-9e23-10856490babd,78ce709c-5436-4dde-9ef7-3ca60af13b8a,2025-06-15,2025-06-16,inspection,Inspection maintenance: hydraulic_system service,"[""bucket"", ""engine""]",859.45,David Walker,,,12.0,True,2025-06-01
5243f5dc-c827-455f-bbd9-3ee686297017,4d1f93ef-9f20-4d42-95b3-50f240c48266,2025-12-01,2025-12-03,inspection,Inspection maintenance: filters service,"[""tracks/tires"", ""hydraulic_system""]",1631.75,Jeffery Graves,,,6.5,True,2025-11-23
0938a20d-4927-4dd8-a9e1-6d52c39966df,0aa11de9-1db1-4eae-a9b5-d924abe9c2a2,2026-06-01,2026-06-01,inspection,Inspection maintenance: hydraulic_system service,"[""boom"", ""tracks/tires"", ""engine""]",110.31,Jennifer Martinez,,,6.8,True,2026-05-24
afa7eff0-30e9-476e-b23f-dcac00bf8cbe,d7c9ef83-f02e-480d-8d01-0ace3407745f,2024-09-01,2024-09-03,predictive,Predictive maintenance: tracks/tires service,"[""electrical""]",816.54,Robert Ballard,engine,0.958,2.1,True,2024-08-28
51dc362a-1c8b-436c-b526-e300fbeaa73a,010cddd3-f65f-4f22-9b62-738a8c09e451,2024-12-23,2024-12-28,predictive,Predictive maintenance: hydraulic_system service,"[""boom"", ""hydraulic_system"", ""bucket""]",45.51,Melissa Wong,filters,0.951,1.9,True,2024-12-17
eafd673d-22f4-4872-ad04-82f43aff28c3,2773ef9f-ae14-4f4d-bb2c-52b34e45a83d,2025-05-29,2025-05-29,scheduled,Scheduled maintenance: filters service,[],2.49,Donald Vasquez,,,20.1,True,2025-05-27
979c937d-64d0-41b8-b689-9a82f509376c,6eb3c128-7f31-49ca-8af6-cacf3145b1c2,2026-06-05,2026-06-08,predictive,Predictive maintenance: engine service,"[""tracks/tires"", ""engine""]",23.57,Gerald Hart,engine,0.699,41.2,True,2026-05-29
fa71da20-151c-44ec-a4ef-37f542d7a980,3e98e2e0-73b6-461c-801d-7d243841b131,2026-04-15,2026-04-15,scheduled,Scheduled maintenance: transmission service,"[""boom""]",182.14,Jenna Brennan,,,9.0,True,2026-04-14
e342f0f8-d070-4128-af13-575492fc6338,ba105fd9-2a4d-42f3-a3a5-82d883912a21,2025-11-16,2025-11-18,inspection,Inspection maintenance: bucket service,[],42.74,Pamela Chavez,,,5.9,True,2025-11-10
8b5e3ac5-d471-4b85-bc46-0260f7565eec,e8ecf91b-f527-474a-8b94-06595d7e34e5,2026-03-01,2026-03-04,scheduled,Scheduled maintenance: transmission service,"[""belts"", ""engine""]",391.58,Anthony Stafford,,,1.6,True,2026-02-18
b6229786-5c3c-4b8b-9581-11cf3d92614c,c98a739e-0962-412c-9625-b5b78614d117,2026-05-06,2026-05-09,predictive,Predictive maintenance: filters service,"[""bucket""]",702.18,Julie Wolfe,belts,0.716,10.3,True,2026-04-26
e92cfa21-d8c6-46b1-8799-f346dfbd26e7,f20415e9-40e3-425d-ac11-41d3aa28248a,2026-04-16,2026-04-17,emergency,Emergency maintenance: boom service,[],159.34,Samantha Arnold,,,10.0,True,2026-04-13
001118a4-bcea-4660-b847-6ae40db57fdf,f1b4d8ee-ca3f-4950-8d28-3bd74f725346,2025-10-27,2025-10-29,scheduled,Scheduled maintenance: engine service,[],459.29,Becky Johnson,,,4.7,True,2025-10-22
76010113-c18f-49db-a870-a49d016a33f2,1cc3d635-aefe-4faf-93c9-ab1eec036b0a,2026-01-18,2026-01-21,inspection,Inspection maintenance: bucket service,"[""transmission"", ""engine""]",810.77,Jody Patterson,,,7.2,True,2026-01-14
1cc5978d-7364-4318-a302-4882001c278e,e2a6e5bf-afa9-4fa2-a0a8-326ffc691ff4,2025-05-06,2025-05-09,scheduled,Scheduled maintenance: boom service,"[""hydraulic_system"", ""filters""]",136.94,Lisa Foster,,,7.5,True,2025-04-25
cc07c387-36fc-48a7-8230-0c0fbc3af182,553ecd0d-9304-43ec-90c5-948a90fd24fa,2025-07-17,2025-07-18,scheduled,Scheduled maintenance: engine service,[],730.36,Laura Turner,,,2.0,True,2025-07-05
9ead035b-7385-4c9d-8371-eca1894ec245,620b4e94-ec7b-4abc-8e70-f3e7fb3b8cda,2025-12-09,2025-12-10,predictive,Predictive maintenance: filters service,"[""hydraulic_system"", ""filters"", ""tracks/tires""]",554.15,Kimberly Young,hydraulic_system,0.784,2.7,True,2025-11-29
3b1afbcd-4a7f-4a88-9622-73c41a997fdd,5bbe024d-be7f-4dea-9af4-446027d6e8b5,2026-02-01,2026-02-03,inspection,Inspection maintenance: bucket service,"[""tracks/tires"", ""bucket"", ""boom""]",156.76,Sheena Alexander,,,0.4,True,2026-01-25
1b113d84-04d5-4738-9327-c5119413e27c,98b237f2-21f1-44b2-926d-a40d7086ae19,2025-05-12,2025-05-17,predictive,Predictive maintenance: hydraulic_system service,"[""belts""]",204.22,Chase Snyder,engine,0.822,9.2,True,2025-04-28
0daff53d-c4b8-43c9-95aa-af0bbad64e1b,1dce7fc2-4f7e-4246-8958-4e31a35460a8,2026-03-16,2026-03-16,inspection,Inspection maintenance: tracks/tires service,[],627.02,James Chung,,,21.8,True,2026-03-02
7fd6c3cc-f1d8-4752-8915-e28a8a403ca3,54411a6d-67c8-4476-8f14-9964722d407e,2025-09-12,2025-09-13,scheduled,Scheduled maintenance: bucket service,[],3575.22,Susan Blackburn,,,1.2,True,2025-09-08
78fc3051-c8eb-4832-96ab-10610cc6c845,f7b9c56a-64cc-4252-9668-3ca9016df1cd,2025-05-22,2025-05-25,predictive,Predictive maintenance: boom service,"[""engine"", ""electrical"", ""bucket""]",270.21,Wanda Bruce,hydraulic_system,0.789,10.0,True,2025-05-14
249f8be6-6c47-4076-82ce-d0fddbaefb61,bb0fe6b8-0fe1-460a-9f6a-a46d0e37c137,2026-05-21,2026-05-24,inspection,Inspection maintenance: filters service,"[""transmission"", ""belts"", ""filters""]",298.37,Leonard Mcclure,,,9.6,True,2026-05-16
564d9f3f-d476-44da-b923-6bbab75d0b44,31610fc4-9e43-43fe-bf58-914559dbb82e,2025-11-25,2025-11-28,predictive,Predictive maintenance: hydraulic_system service,[],477.87,Carl Combs,bucket,0.804,12.2,True,2025-11-20
b407ceac-ab1d-4bf3-8a95-2704f0de8d4f,1bd492aa-2713-42fc-81df-a98e116b5a59,2024-12-17,2024-12-18,scheduled,Scheduled maintenance: engine service,"[""filters"", ""belts""]",983.41,Maria Salinas,,,12.9,True,2024-12-16
d71e99f6-7e2d-4051-80bf-87b8f1c82a05,f7c15745-4bc1-4282-8037-a0ee456cae2b,2025-03-25,2025-03-26,inspection,Inspection maintenance: boom service,"[""electrical""]",1574.21,Drew Carrillo,,,3.6,True,2025-03-14
51e9dc2e-e009-422b-8a8c-b1e0c8e9c384,8eba96a4-686f-4a58-9453-a156502b68e7,2025-05-06,2025-05-06,predictive,Predictive maintenance: electrical service,"[""boom"", ""electrical"", ""transmission""]",344.95,Nicole Woods,boom,0.958,1.1,True,2025-05-03
b84b6d35-1217-4f15-bfe1-ff8245824271,34f67dd0-61c6-4994-8301-feea4be369f0,2025-04-25,2025-04-25,scheduled,Scheduled maintenance: electrical service,"[""transmission"", ""bucket"", ""boom""]",138.61,Alyssa Cortez,,,6.9,True,2025-04-15
a8137ecb-4bb9-4a30-95cc-07775acd2e55,13b5d722-8edd-41ee-9172-5643d815492f,2025-06-21,2025-06-25,emergency,Emergency maintenance: belts service,[],2248.22,April George,,,0.2,True,2025-06-18
e6f98e98-d4d7-42b9-80f8-0b53a1184b09,bed544c7-5670-4b80-964c-5b67f3692df4,2024-11-17,2024-11-19,scheduled,Scheduled maintenance: electrical service,"[""belts""]",763.22,Brandon Ponce,,,0.8,True,2024-11-13
de602d84-d18f-440a-9c35-753e957de365,a9e7eda7-3202-4bfa-8a5f-976bec226a8a,2024-10-11,2024-10-15,scheduled,Scheduled maintenance: hydraulic_system service,"[""filters"", ""hydraulic_system""]",113.58,Debra Guerrero,,,1.3,True,2024-10-10
12e9df60-0617-4d0e-b0ba-b98529128a97,2e1d8afd-a03a-42e3-9df8-82727a84b701,2025-10-06,2025-10-06,inspection,Inspection maintenance: engine service,[],186.22,Tyler Peterson,,,15.0,True,2025-10-04
b9ef05ed-6d47-4fee-af50-78b93d031db5,c4b2c196-1129-4ab1-afe7-10c94f191a12,2024-10-05,2024-10-08,predictive,Predictive maintenance: tracks/tires service,"[""boom""]",2875.18,Daniel Garcia,engine,0.703,9.1,True,2024-09-23
904541ad-0cab-47cb-9a8f-eed4c2ca3272,6d59c162-5c67-4eef-9d4a-829c079728ac,2025-09-19,,predictive,Predictive maintenance: hydraulic_system service,"[""engine""]",1966.02,Christopher Ramos,belts,0.932,6.5,False,2025-09-10
d0eb027c-c655-4f7c-a427-3f5d889c7011,a0da5a7c-f919-4b54-a421-ff8cb1c664c5,2025-09-05,,scheduled,Scheduled maintenance: filters service,"[""bucket"", ""engine"", ""hydraulic_system""]",409.43,Erica Holt,,,5.6,False,2025-08-27
b9fdc7d5-86b0-45a1-97bd-e174159b93eb,5c37c756-102a-4b6e-9c5b-779b83c9fc1b,2025-10-31,2025-11-02,scheduled,Scheduled maintenance: boom service,[],580.47,Janet Taylor,,,5.0,True,2025-10-21
87ceb068-60b6-4e2f-a338-250bed255d8e,2be59483-10b7-4e21-b720-b10876783841,2025-12-04,2025-12-07,scheduled,Scheduled maintenance: transmission service,"[""electrical""]",240.64,Linda Moore,,,0.7,True,2025-12-01
b64aa8b2-c471-4c6a-955e-128c508a36f1,30c0e668-7f1d-4cb6-be47-028c51896cb2,2025-04-09,2025-04-12,predictive,Predictive maintenance: filters service,"[""bucket"", ""filters"", ""transmission""]",284.62,Anita Best,bucket,0.661,36.1,True,2025-03-27
fdc164fc-b592-41fa-8dcc-75754608fc14,1fddfa33-3e6a-478d-a550-373abc3af7e0,2026-07-15,2026-07-17,emergency,Emergency maintenance: tracks/tires service,[],656.95,Nathan Harvey,,,1.1,True,2026-07-02
b20ed6f4-3dbd-4348-9edb-14d319cd8f4c,09dd5ba3-0ee1-4a11-9e4d-5551c070e56d,2025-09-17,2025-09-18,inspection,Inspection maintenance: filters service,"[""belts"", ""boom""]",20.18,Patricia Underwood,,,1.3,True,2025-09-13
f29281a2-a94b-4161-8679-2e0cf401001a,36abd37b-7941-4398-bc33-c6512a939d89,2025-06-04,2025-06-05,emergency,Emergency maintenance: engine service,[],208.38,Cristina Petersen,,,5.6,True,2025-05-24
ca0e60ff-dbb0-4ec2-859a-197f008d9d76,950d7a86-1092-4549-af29-be32132f5e1c,2026-03-18,2026-03-23,scheduled,Scheduled maintenance: electrical service,"[""electrical""]",1746.12,Melanie Gill,,,0.7,True,2026-03-09
ba4e9dc3-a29c-4e96-874f-4fa530382b53,e8c59ca6-861d-4ed9-a892-b645beecb81b,2025-01-31,2025-02-01,emergency,Emergency maintenance: hydraulic_system service,"[""filters"", ""hydraulic_system"", ""belts""]",292.35,Jaclyn Rivera,,,6.9,True,2025-01-23
25f47a3b-02e7-49ca-968e-c98bbb3c3911,e8c59ca6-861d-4ed9-a892-b645beecb81b,2024-12-08,2024-12-12,emergency,Emergency maintenance: belts service,[],194.8,Susan Smith,,,2.4,True,2024-12-07
dc823937-305b-4257-961a-70edc5998d2e,901d623e-5dfd-48ad-bde2-23abf3e73b87,2026-06-24,2026-06-25,emergency,Emergency maintenance: transmission service,"[""belts""]",189.59,Christina Smith,,,10.2,True,2026-06-12
a350d5b7-cde3-44c9-83bf-35451434b803,afae5247-56ca-4e22-b66c-f8c8145a478f,2025-01-24,2025-01-28,scheduled,Scheduled maintenance: hydraulic_system service,"[""filters""]",479.45,Nicole Floyd,,,26.9,True,2025-01-22
2dea68bf-e473-45b3-baf2-89aff8f19827,059a83dd-f6ae-4f74-ad4b-92c7d70d41e7,2026-01-23,,inspection,Inspection maintenance: engine service,"[""engine""]",26.24,Nancy Villa,,,10.7,False,2026-01-18
d488d82b-865c-47b4-b60a-cdafcf267a1d,7b26b146-0b8b-4b6f-a925-7226c0054069,2026-03-29,2026-04-01,emergency,Emergency maintenance: tracks/tires service,"[""hydraulic_system""]",348.08,Vanessa Jones,,,7.3,True,2026-03-20
271381d9-0cbf-46d1-8488-fdbee2a5e961,f9ea95f3-9b73-4117-8c59-d69124e4eb71,2024-12-31,2025-01-03,scheduled,Scheduled maintenance: filters service,"[""boom""]",462.43,Margaret Lane,,,11.0,True,2024-12-25
26a7f133-b913-4d40-9502-7f68a930f701,5d9f9295-5c32-4e83-b08e-c8f62318aa1e,2024-12-29,2025-01-02,inspection,Inspection maintenance: hydraulic_system service,"[""belts"", ""hydraulic_system""]",34.35,Christopher Thomas,,,4.5,True,2024-12-28
67d1a435-b9e1-4cb4-b86b-39893914f35f,8730beb7-f5fc-4c1a-a9cf-187583ce9f88,2024-08-25,2024-08-29,scheduled,Scheduled maintenance: belts service,[],82.86,Megan Aguilar,,,0.2,True,2024-08-19
c8a1b9fc-70e2-4f5e-86b1-92bb641ff8b3,c8e73a3f-4716-4826-baf3-297817e9e9c6,2024-08-13,2024-08-14,emergency,Emergency maintenance: belts service,[],767.22,Rebecca Johnson,,,58.5,True,2024-08-08
fa75c88c-e9a4-4c0c-a8c8-e4b060a1cd69,78ce709c-5436-4dde-9ef7-3ca60af13b8a,2026-01-06,2026-01-08,scheduled,Scheduled maintenance: boom service,"[""transmission"", ""hydraulic_system"", ""tracks/tires""]",937.49,Karen Patton,,,11.7,True,2025-12-26
178f008c-d3bf-409b-8e4c-97bd61a93731,d0c23b9c-6b14-4725-a4d2-11a696255f20,2026-04-23,2026-04-25,scheduled,Scheduled maintenance: electrical service,"[""engine"", ""tracks/tires""]",494.82,Erin Hunt MD,,,35.0,True,2026-04-17
3b6f82df-0960-4f79-8721-369edc48cc6a,7a484d66-c096-48a2-b5ca-78f101e878b5,2024-09-29,2024-10-01,predictive,Predictive maintenance: bucket service,[],239.14,Jerry Dickerson,hydraulic_system,0.921,4.2,True,2024-09-15
424c850e-8205-420b-b1c5-548f52fc4cc2,f6efd6c6-f920-4a49-a686-816b436f93d6,2024-12-28,2025-01-01,scheduled,Scheduled maintenance: boom service,"[""filters"", ""boom"", ""hydraulic_system""]",1429.97,James Owen,,,42.5,True,2024-12-19
f09a3a81-6939-43a9-9f7c-d1ff588eacf8,3d21230b-decd-4931-bec1-2211e749430e,2025-10-24,2025-10-28,inspection,Inspection maintenance: hydraulic_system service,[],24.93,Mark Goodman,,,9.8,True,2025-10-21
26079dd1-cd04-4954-b230-e3ee81cc6b8e,a974cd4a-dc4d-4da0-a45d-4bafe4e9a602,2024-10-04,2024-10-04,predictive,Predictive maintenance: bucket service,[],5.23,David Hutchinson,engine,0.885,3.4,True,2024-09-30
b5c61e60-103d-4231-8729-ffc419c412db,6dd74016-a902-444b-b617-7bd4f6b83294,2026-05-24,2026-05-26,inspection,Inspection maintenance: bucket service,"[""transmission"", ""engine""]",962.77,Jessica Ramirez,,,0.4,True,2026-05-20
274491f0-ca4e-40ea-aae0-52e356ee9f2b,d84af43c-8445-46f9-ad77-aac539092a8d,2024-09-13,2024-09-17,scheduled,Scheduled maintenance: filters service,"[""belts""]",744.86,Larry Wagner,,,7.2,True,2024-09-08
bc2fef2d-8c45-41b8-8075-36b9a13301fc,ea8db8f4-5db0-40dc-a1dd-210b0826b974,2025-03-18,,predictive,Predictive maintenance: transmission service,[],19.02,David Davis,bucket,0.727,0.7,False,2025-03-15
3fa2aa29-f4b6-4496-9cd9-382788d455ab,dbf6eb8a-fc4b-48b4-8e1c-07bc73cf204d,2025-04-08,2025-04-13,scheduled,Scheduled maintenance: filters service,"[""engine"", ""electrical""]",456.4,Renee Quinn,,,5.3,True,2025-03-27
1b74da30-8ccd-4ed0-ac24-567be9188e87,9c0cc10b-8f2f-493e-a13a-05b08677a89d,2025-08-01,2025-08-02,scheduled,Scheduled maintenance: electrical service,[],3146.68,Christopher Howard,,,4.6,True,2025-07-31
116900b7-3f38-48a6-a862-41f4dce51ec5,a99138d7-fc1a-45db-abb6-6038260c9551,2026-04-22,2026-04-27,predictive,Predictive maintenance: transmission service,"[""tracks/tires"", ""filters"", ""boom""]",154.07,Lisa Marshall,hydraulic_system,0.668,5.7,True,2026-04-21
fd479cba-e669-48b3-85fa-aab09d0b48de,bd5b5537-c645-4658-8be0-185bb0f38f52,2025-08-15,2025-08-19,inspection,Inspection maintenance: boom service,"[""engine"", ""bucket"", ""filters""]",387.4,Michael Dawson,,,16.2,True,2025-08-04
f586d83e-a157-446f-a8fb-6941689505e1,aca42319-33a0-4cf6-8b7d-78859b677eb0,2024-11-03,2024-11-06,scheduled,Scheduled maintenance: filters service,"[""hydraulic_system""]",32.58,Marcus Fox,,,1.5,True,2024-10-20
7a1810fd-b67f-43a1-996c-50017972d5b2,5db396a8-9563-450f-b718-8a2af4a5c278,2025-12-19,2025-12-19,predictive,Predictive maintenance: transmission service,"[""transmission"", ""belts"", ""engine""]",819.59,Taylor Macias,tracks/tires,0.694,2.1,True,2025-12-13
92f66734-ff99-47d0-8b10-e8381b28c21f,31742f32-cee0-4b3f-81ad-3b795aebf7f5,2025-05-25,2025-05-26,scheduled,Scheduled maintenance: tracks/tires service,"[""tracks/tires"", ""hydraulic_system""]",173.83,Joshua Wright,,,1.7,True,2025-05-15
32cbad9b-ad56-4d17-aec2-fa20ceeecb17,d24f3bec-a830-4056-932b-c301019d66f6,2024-10-01,2024-10-06,scheduled,Scheduled maintenance: bucket service,"[""bucket"", ""boom""]",1919.69,Danielle Petersen,,,3.0,True,2024-09-23
95a4b6ec-b56d-478c-b45c-6b2df05b1fac,0c312c42-76c0-4fd5-a0c3-c394c5555555,2025-04-15,2025-04-19,scheduled,Scheduled maintenance: engine service,"[""engine"", ""hydraulic_system"", ""electrical""]",647.48,Paul Thomas,,,2.4,True,2025-04-13
79820935-b4ef-4f7a-9f7b-78f3374b75ce,935b1873-fbf8-4f72-96ae-ddd1ab57c7fa,2025-11-28,2025-11-28,scheduled,Scheduled maintenance: bucket service,[],1460.28,Sergio Mccormick,,,10.9,True,2025-11-26
248b8193-9d91-4540-ab89-07070a7bd028,422807d4-32dd-4b35-8c2a-82f7fdb57773,2024-09-30,2024-10-03,inspection,Inspection maintenance: hydraulic_system service,[],267.22,Brenda Hardy,,,9.0,True,2024-09-22
fb497262-ce08-4197-bb68-0bd1dfaf0a7b,5307e25d-dfae-4ab5-9217-55c3b0f79237,2025-09-29,2025-10-04,scheduled,Scheduled maintenance: transmission service,"[""engine""]",388.31,Elizabeth Allison,,,39.0,True,2025-09-25
ce589036-3c40-4241-90f3-c13d49839122,33ffa60c-2ebd-487f-8318-07cb7362b922,2024-10-01,2024-10-04,emergency,Emergency maintenance: tracks/tires service,"[""transmission""]",343.36,Keith Choi,,,2.2,True,2024-09-23
cdc6ebad-bbc0-4b25-9880-553e19197149,13e5f0b8-a79e-4d1f-b512-352272732b0d,2026-02-01,2026-02-01,scheduled,Scheduled maintenance: filters service,[],730.91,Kurt Rivera,,,15.1,True,2026-01-24
27985daa-c10b-4749-9042-14c05a913269,0ff4f72d-1e18-4022-849e-5d7cfc79132d,2024-10-16,2024-10-19,emergency,Emergency maintenance: hydraulic_system service,"[""belts"", ""filters""]",814.53,Steven Frazier,,,0.8,True,2024-10-11
d0c40887-0444-4b9f-9715-ab4ada459763,230650f2-7517-458c-9b85-c1f3b5badf91,2026-04-26,,scheduled,Scheduled maintenance: bucket service,"[""boom"", ""hydraulic_system""]",28.48,Walter Everett,,,33.2,False,2026-04-14
f067c570-339e-4b8c-820e-7edf66326d31,2a3e913c-f1f7-4092-942d-a5b2787c31f6,2026-05-13,2026-05-18,scheduled,Scheduled maintenance: boom service,"[""filters"", ""hydraulic_system""]",107.93,Terrence Lopez,,,11.9,True,2026-05-07
b98ca761-bf0b-497d-a12e-27551ae1c20e,6eb3c128-7f31-49ca-8af6-cacf3145b1c2,2025-03-16,2025-03-20,inspection,Inspection maintenance: boom service,"[""bucket""]",11.05,Jessica Flowers,,,26.4,True,2025-03-11
8fc2ad63-e6e9-43e6-b9ce-bb2c88280d9b,c5490413-d9aa-4570-96f4-375863a45061,2024-10-03,2024-10-04,predictive,Predictive maintenance: hydraulic_system service,"[""bucket"", ""hydraulic_system"", ""electrical""]",701.53,Megan Cox,tracks/tires,0.707,7.7,True,2024-10-01
4f1d8145-b876-421e-8b64-f7868c5bb5f5,576dbf3e-9271-427f-92a6-500335e7397e,2024-12-21,2024-12-26,inspection,Inspection maintenance: transmission service,"[""bucket"", ""tracks/tires""]",245.23,Mark Carpenter,,,2.1,True,2024-12-08
67ef707d-925e-46a3-a456-80598514240d,c9da8ca6-3f90-4aa8-a145-4aea622dc77a,2024-10-16,2024-10-17,predictive,Predictive maintenance: electrical service,"[""bucket""]",409.46,Lisa Lewis,bucket,0.916,2.7,True,2024-10-13
5ea26552-dbac-481d-9e29-c076ad1143ce,be89a59d-5eb8-497f-a10f-fafd276fc398,2025-11-09,2025-11-12,scheduled,Scheduled maintenance: hydraulic_system service,[],1083.28,Jeremy Larson,,,4.4,True,2025-10-30
f719bf61-1492-443b-afcf-e7b485630271,49b11f4f-d6d3-49d2-b07a-3a8588312282,2025-11-26,2025-11-27,scheduled,Scheduled maintenance: electrical service,"[""hydraulic_system"", ""bucket""]",912.86,Steven Downs,,,6.0,True,2025-11-17
d1bedecf-4992-456c-aa5c-46021b04770d,f7e2d4bb-1c8c-42bd-8c1a-e0424303bb7f,2025-11-19,2025-11-22,predictive,Predictive maintenance: tracks/tires service,"[""hydraulic_system""]",885.42,Kaylee King,belts,0.817,8.0,True,2025-11-06
e8f992be-b917-4c98-83e4-2ce61fbb9d39,0fe403fa-d3ba-4841-b786-20b08f190bd7,2025-09-15,2025-09-17,inspection,Inspection maintenance: electrical service,[],371.75,Jeffery Carlson,,,8.0,True,2025-09-07
18c2930a-8fc5-4260-9d94-9f2ff705529e,00dfc27a-dd6a-4526-8f65-77ab0420d66f,2026-02-15,2026-02-18,predictive,Predictive maintenance: bucket service,[],63.96,Timothy Sanchez,transmission,0.652,13.2,True,2026-02-08
7d291627-a275-443c-ad37-2536c1d53522,585722cb-3d5f-42da-8de2-7c764b80bdd5,2024-12-24,2024-12-24,predictive,Predictive maintenance: hydraulic_system service,"[""filters""]",190.43,Mark Holt,bucket,0.903,3.3,True,2024-12-12
2bb63043-2bb2-48f1-8b61-9a0a4045e1a0,7edcfa59-db28-4bba-9f31-5f2b6b39f147,2025-06-06,2025-06-09,predictive,Predictive maintenance: electrical service,"[""tracks/tires""]",141.79,Michael Thompson,boom,0.853,8.2,True,2025-06-05
8f4d6196-0cc1-4e56-8b97-a8f0fb260218,def63940-d7aa-4277-a1e0-1d42fef8779f,2025-06-08,2025-06-10,scheduled,Scheduled maintenance: filters service,"[""belts"", ""boom"", ""filters""]",1240.97,Michelle Peterson,,,29.0,True,2025-05-29
06917934-7fa6-4a29-a7c6-5d6d19da640c,1486d85f-1ac1-481e-bff8-9ad51834093e,2025-07-24,2025-07-28,scheduled,Scheduled maintenance: tracks/tires service,"[""transmission"", ""hydraulic_system""]",231.5,Kimberly Chandler,,,1.9,True,2025-07-17
9263bc2f-cadc-4e5d-b296-f738db43f5bc,d24f3bec-a830-4056-932b-c301019d66f6,2026-01-30,2026-02-04,predictive,Predictive maintenance: transmission service,"[""transmission""]",152.87,Michael Lewis,bucket,0.917,2.2,True,2026-01-21
95cc9776-b3f8-43b4-9f34-df9c65e21768,093bb052-cec5-4abc-a311-64027609ba80,2025-07-23,2025-07-26,emergency,Emergency maintenance: transmission service,"[""engine""]",125.0,Phillip Murphy,,,1.5,True,2025-07-16
d7a0ecfb-f148-4877-8dfd-4f0d68a0e4f5,156019e2-56eb-40f1-b489-21a0444b207d,2026-05-21,2026-05-21,scheduled,Scheduled maintenance: bucket service,"[""transmission"", ""belts""]",179.42,Eric Hawkins,,,19.2,True,2026-05-20
6356fdba-40a5-4628-9b1c-98be7f4643bd,59b35768-9f6d-4676-8135-cf5cc838a9a8,2025-06-10,2025-06-14,inspection,Inspection maintenance: hydraulic_system service,"[""hydraulic_system"", ""belts"", ""engine""]",227.29,Amy Tate,,,1.0,True,2025-06-03
99ea9606-e866-4c8c-8f90-c1840cc3f3e2,4c21c115-2eeb-44b6-b2ca-7b22bf53d9f0,2025-12-29,2025-12-29,scheduled,Scheduled maintenance: filters service,"[""electrical"", ""boom"", ""tracks/tires""]",318.67,Richard Chen,,,0.4,True,2025-12-25
2c0eeabb-db7a-441a-a86d-8f25eee688b9,381d3788-1ff3-4eb9-9557-878c71dcd271,2025-09-22,2025-09-23,predictive,Predictive maintenance: electrical service,"[""hydraulic_system"", ""filters""]",11.59,Jaime Thomas,boom,0.824,2.4,True,2025-09-21
a4f12324-c99b-493f-8e00-f66d15eb50e2,5aeb4d24-f2c3-4048-bc18-aa047ef63c9c,2025-11-13,2025-11-16,inspection,Inspection maintenance: hydraulic_system service,"[""engine"", ""hydraulic_system""]",323.21,Jose Underwood,,,30.2,True,2025-11-05
7ff03aec-4f74-4314-9d87-8db544fdbb67,ef44a4bf-5551-4082-a8dc-30786d09e2be,2026-02-11,2026-02-11,scheduled,Scheduled maintenance: filters service,"[""engine""]",85.23,Erin Reynolds,,,10.9,True,2026-02-06
eb30e687-654f-4938-b296-57622b913be1,4f804537-7460-49be-853b-8bfb688ebf47,2025-01-03,2025-01-05,emergency,Emergency maintenance: bucket service,"[""transmission""]",49.73,William Shaw,,,0.2,True,2024-12-29
d45bab73-06c5-4d68-98d5-5f1429f95928,ee4f86b2-4255-4a91-a126-ead79dbbd91a,2024-09-18,2024-09-18,scheduled,Scheduled maintenance: bucket service,"[""tracks/tires"", ""hydraulic_system"", ""filters""]",19.06,Catherine Rogers,,,3.1,True,2024-09-15
087bf1e4-7362-468d-85c8-79e11623df60,c98a739e-0962-412c-9625-b5b78614d117,2025-03-29,2025-04-03,inspection,Inspection maintenance: belts service,"[""tracks/tires"", ""engine"", ""belts""]",622.89,Wendy Nelson,,,22.2,True,2025-03-25
22ff321c-0e94-46fb-9fbb-1959567b99ae,31610fc4-9e43-43fe-bf58-914559dbb82e,2026-04-11,2026-04-11,predictive,Predictive maintenance: filters service,"[""electrical"", ""transmission""]",1911.26,Jonathan Harris,engine,0.939,11.0,True,2026-04-06
26a88e4b-77fd-4cfe-9802-12ba17dd293f,5ae99346-70e5-4ecd-a761-37fc492ec014,2025-07-04,2025-07-06,predictive,Predictive maintenance: boom service,"[""electrical"", ""filters"", ""transmission""]",167.21,Karen Bowman,transmission,0.844,22.1,True,2025-06-23
85727dee-90ed-4a5d-af83-4b2a3a7d380d,47665766-7fef-4c04-bbf4-9c08b872b5b5,2025-10-09,2025-10-09,scheduled,Scheduled maintenance: engine service,"[""bucket"", ""belts""]",317.54,Philip Johnson,,,4.5,True,2025-09-26
6114533e-c88b-4caf-aaf9-fdb6420d1b3c,28c59e12-d6c6-438e-8666-6d643c2f74d3,2025-02-09,2025-02-10,predictive,Predictive maintenance: tracks/tires service,[],13.83,Candace Blackwell,bucket,0.884,6.2,True,2025-01-27
69d964ba-e218-4aa8-a8eb-dde75de307ba,7e5d4a8c-1dca-4355-bf3c-21051af0ada4,2026-02-19,2026-02-22,inspection,Inspection maintenance: bucket service,"[""boom"", ""bucket""]",291.38,Michael Hernandez,,,3.7,True,2026-02-08
8c5dc298-91e1-4326-9e8f-51efc6a3d79b,d11977a9-580d-4018-a9c1-93c2d7085b44,2025-12-30,2025-12-31,scheduled,Scheduled maintenance: hydraulic_system service,"[""electrical""]",174.58,Cindy Robles,,,1.6,True,2025-12-21
350da0e7-08cb-4fd7-adc0-1cc2de7ad27d,ac011735-15ee-414b-a410-0d9a5782e731,2025-12-08,2025-12-08,predictive,Predictive maintenance: belts service,"[""engine"", ""electrical"", ""transmission""]",1718.01,Oscar Lyons,tracks/tires,0.817,1.2,True,2025-11-29
6a07fa97-2b8f-4421-a327-e7e245b5d3fa,b7d6b701-91c2-4e84-8df1-848099f8ad6d,2025-01-21,2025-01-21,emergency,Emergency maintenance: hydraulic_system service,"[""boom"", ""tracks/tires"", ""engine""]",349.38,Laura Flores,,,1.2,True,2025-01-17
9c85024c-f17e-45cf-90dc-1beebdb6ffca,059a83dd-f6ae-4f74-ad4b-92c7d70d41e7,2025-07-18,2025-07-21,emergency,Emergency maintenance: electrical service,[],1079.28,Brandon Woods,,,6.5,True,2025-07-08
34b29336-2cf4-44bc-a850-136fb97e0dfb,05e05424-938e-4e3b-8ae0-2a6982435e87,2025-04-15,2025-04-15,scheduled,Scheduled maintenance: tracks/tires service,"[""tracks/tires"", ""boom"", ""belts""]",1221.18,David Long,,,17.3,True,2025-04-09
11d7dad5-9b79-40d3-86d9-3a69d88a42f6,9755da49-9715-44bb-9451-f695a12990e6,2025-12-07,2025-12-09,scheduled,Scheduled maintenance: engine service,"[""hydraulic_system"", ""belts""]",165.84,Danielle Aguilar,,,4.7,True,2025-12-06
e6194e86-2771-4bdb-b65c-ec72587e8a4f,571e763d-99fa-4363-b4d2-b8ca70e2f73a,2026-07-09,,inspection,Inspection maintenance: engine service,[],524.86,David Harrison,,,22.6,False,2026-07-05
40ca5e38-8a0a-4ffc-b1d8-e02d27fececd,5d870766-d261-482d-a5e2-d98a65859089,2025-03-30,2025-03-30,scheduled,Scheduled maintenance: filters service,"[""tracks/tires""]",326.5,Jorge Atkinson,,,1.8,True,2025-03-25
067ee0c3-2acc-4b02-a252-a43727b657ca,7e86d71b-0994-4f4d-9508-ee14aca63127,2024-12-14,2024-12-19,emergency,Emergency maintenance: transmission service,[],480.44,Charles Christian,,,17.4,True,2024-12-12
1d829a47-e711-47d6-9caf-5a5b4f792488,dbf6eb8a-fc4b-48b4-8e1c-07bc73cf204d,2026-04-11,2026-04-14,scheduled,Scheduled maintenance: belts service,"[""belts"", ""electrical"", ""tracks/tires""]",634.19,Craig Williams,,,5.3,True,2026-03-28
907763cd-c582-4fce-9c05-ef8d78f8d05f,072478da-740e-43d1-82aa-bc9e0891ca74,2024-11-29,2024-12-03,inspection,Inspection maintenance: hydraulic_system service,"[""belts"", ""hydraulic_system""]",385.04,Joe Jackson,,,10.4,True,2024-11-22
74fd2294-f22c-42b4-bbd6-b36767b3a3f3,72c74929-fcc0-4e62-b81a-69e7d712dc30,2026-04-16,2026-04-16,scheduled,Scheduled maintenance: filters service,"[""filters"", ""electrical"", ""boom""]",427.79,Kathryn Davis,,,2.1,True,2026-04-05
d6271dc8-f91d-4df9-80e0-069321e59125,1b7b60bf-0ac4-49da-966a-5a98b83418e1,2025-03-08,2025-03-09,scheduled,Scheduled maintenance: hydraulic_system service,"[""bucket"", ""filters""]",569.89,Austin Stokes,,,7.8,True,2025-03-07
dbfdff6d-0fe2-4c01-80ba-0b77999c2b68,914f974b-1a14-4400-a630-5228c6c8979e,2025-08-12,2025-08-17,scheduled,Scheduled maintenance: tracks/tires service,"[""engine"", ""tracks/tires""]",631.67,Matthew Clay,,,5.9,True,2025-08-03
742ce328-09f6-4fec-aacc-cf132553c484,230650f2-7517-458c-9b85-c1f3b5badf91,2026-02-20,2026-02-25,scheduled,Scheduled maintenance: belts service,"[""bucket""]",1979.14,Michael Lloyd,,,3.7,True,2026-02-16
4324ac0b-2565-40ca-bbcf-1f58848d5f0f,5c37c756-102a-4b6e-9c5b-779b83c9fc1b,2026-03-02,2026-03-02,inspection,Inspection maintenance: bucket service,"[""tracks/tires""]",1520.37,Bernard Martinez,,,1.8,True,2026-03-01
627bcedd-5975-4cca-88fe-6854dadee0af,abde9c0a-6f8b-47a1-9208-078b30f1decc,2025-01-05,2025-01-10,inspection,Inspection maintenance: boom service,"[""engine"", ""bucket"", ""boom""]",208.01,Travis Brown,,,6.8,True,2024-12-23
2160ca19-32b1-48ab-9c9c-76b79a95b917,950d7a86-1092-4549-af29-be32132f5e1c,2025-05-08,2025-05-12,scheduled,Scheduled maintenance: belts service,"[""filters"", ""electrical""]",364.01,Malik Roberts,,,5.0,True,2025-04-29
3e448617-45ad-48ad-84e2-8e959984224b,c0075737-9138-41a1-851e-1878369ef8cc,2026-03-28,2026-03-30,predictive,Predictive maintenance: tracks/tires service,"[""filters""]",195.67,Donald Stephens,transmission,0.749,6.1,True,2026-03-26
32e396bd-a9a4-44b3-9339-5660e9667aeb,04713cc6-70a5-4613-b316-15a2911c362d,2026-03-05,2026-03-08,scheduled,Scheduled maintenance: filters service,[],273.07,Kathleen Thompson,,,0.4,True,2026-03-04
48905790-38fb-4684-a969-6322a5decc38,a1bf38d2-5ea0-4fc6-9953-35e979b3f2d9,2025-03-29,2025-03-29,scheduled,Scheduled maintenance: engine service,[],108.36,Ashley Wilcox,,,15.6,True,2025-03-17
f3c7cc5a-70a3-4ef8-921d-1a68c2cf4150,ac7a5344-7ba4-4268-b8af-04be5e97b1cd,2026-06-17,2026-06-18,predictive,Predictive maintenance: boom service,"[""boom""]",1104.07,Elizabeth Turner,electrical,0.65,5.8,True,2026-06-16
12a3791a-5e9d-4ae8-b5c2-f17c787d1a50,c2cb93cd-ef91-41d5-804b-e127e14d401f,2026-04-19,2026-04-21,scheduled,Scheduled maintenance: filters service,"[""tracks/tires"", ""transmission""]",411.68,Christy Rogers MD,,,16.4,True,2026-04-05
a0e86023-d147-4c5d-b0ad-4022356725b6,4c21c115-2eeb-44b6-b2ca-7b22bf53d9f0,2026-06-20,2026-06-24,scheduled,Scheduled maintenance: belts service,"[""transmission"", ""belts"", ""electrical""]",980.23,Nathaniel Wyatt,,,25.5,True,2026-06-06
0ed6378d-53e4-4ee9-9f64-19121af05c41,7824d243-5ef9-4347-95e1-58acd2db6775,2025-09-11,,scheduled,Scheduled maintenance: belts service,"[""engine"", ""tracks/tires"", ""filters""]",8.15,Patricia Ward,,,2.8,False,2025-09-08
f8b50804-1fe1-4b37-a486-506e2d80f5c7,01194123-b1ee-4dc5-a5b2-846bba440301,2025-07-16,2025-07-20,scheduled,Scheduled maintenance: belts service,[],228.9,Claudia Peters,,,4.0,True,2025-07-02
c5d5d258-e9de-48a8-9628-44188a8917b2,3e98e2e0-73b6-461c-801d-7d243841b131,2026-05-11,2026-05-12,scheduled,Scheduled maintenance: belts service,"[""belts"", ""electrical""]",568.88,James Daniel,,,6.4,True,2026-05-09
660971d7-a2b4-47ba-87fc-8bbec956f0ab,d0b398c8-2432-42f8-a9b2-bcc5932b833e,2026-03-27,2026-03-27,inspection,Inspection maintenance: bucket service,[],285.44,Kevin Gonzalez,,,0.9,True,2026-03-18
effde0fc-5ecb-418b-998c-07a33789eba0,2d860599-e5d8-4008-93a8-249e3808efb5,2025-09-02,2025-09-05,scheduled,Scheduled maintenance: belts service,[],244.8,Kathryn Cooper,,,0.2,True,2025-08-19
0fa235db-836d-4db3-8b87-c871ca530a21,1cc3d635-aefe-4faf-93c9-ab1eec036b0a,2026-01-06,2026-01-06,scheduled,Scheduled maintenance: bucket service,"[""engine""]",798.26,Anthony Morris,,,7.2,True,2025-12-29
f969707e-57d9-454e-9c53-d1553447b9ae,7824d243-5ef9-4347-95e1-58acd2db6775,2025-02-07,2025-02-07,predictive,Predictive maintenance: boom service,"[""engine"", ""hydraulic_system"", ""filters""]",652.25,Laura Dickson MD,filters,0.851,5.6,True,2025-02-06
5fced629-1cfc-4b59-9b3c-3fc060c6052d,5c8918ee-4d30-4993-a733-3dea6ef73fef,2026-06-22,2026-06-26,predictive,Predictive maintenance: bucket service,"[""hydraulic_system"", ""transmission""]",689.6,Lauren Myers,engine,0.766,20.3,True,2026-06-13
264bb403-6dc8-4e6a-b96c-803ff848cbe7,5d9f9295-5c32-4e83-b08e-c8f62318aa1e,2026-07-14,2026-07-14,scheduled,Scheduled maintenance: filters service,[],707.88,Sarah Mathews,,,8.1,True,2026-07-12
ee90e3a4-39b8-4dd5-ba49-6a09786b335a,391860e9-8798-4e35-9e30-5f14351574d1,2025-09-12,2025-09-13,scheduled,Scheduled maintenance: belts service,"[""boom""]",517.54,David Torres,,,6.6,True,2025-08-31
6615faf7-2899-4152-9550-6e4ad1f337ed,9c26a700-488b-44d2-94bd-b0f5f5d71388,2025-02-01,,predictive,Predictive maintenance: hydraulic_system service,"[""belts"", ""filters"", ""hydraulic_system""]",689.14,Jane Olson,transmission,0.845,10.1,False,2025-01-21
6b8cc15d-a3f8-4a56-aaa7-17c44264cf83,60bd7bca-1222-4895-9831-63ce2ac7cfe8,2026-02-22,2026-02-26,predictive,Predictive maintenance: belts service,"[""electrical"", ""boom"", ""filters""]",824.89,Jesse Holt,hydraulic_system,0.789,0.7,True,2026-02-08
826c7c8c-020c-43ea-9bad-ecc44c720606,3e7ebecc-5d5c-4427-b151-3ea728111ecf,2024-09-27,2024-09-29,predictive,Predictive maintenance: filters service,"[""filters""]",1205.05,Marc Hickman,hydraulic_system,0.739,1.3,True,2024-09-22
629b02e8-8b34-498c-bddf-1331e59abee3,27e18ae1-9407-4827-985a-ed8cc2112041,2025-07-19,2025-07-24,predictive,Predictive maintenance: transmission service,"[""electrical"", ""transmission"", ""hydraulic_system""]",234.41,Michael Martinez,transmission,0.743,6.9,True,2025-07-15
7fd8fb10-360e-4e96-9640-b23befdc5bab,da900d73-122f-44c7-b4c8-977bcf9fbe8a,2025-01-31,2025-02-03,predictive,Predictive maintenance: electrical service,[],141.87,Melissa Lee,belts,0.896,14.0,True,2025-01-27
e25d18b3-468d-4016-b67f-bcadbab912ab,d8625e97-dedf-4e3d-99e7-c89de008c037,2025-09-23,2025-09-25,predictive,Predictive maintenance: transmission service,[],317.56,Dwayne Reynolds,engine,0.945,0.0,True,2025-09-14
ad496879-a18b-490d-bc9d-50f4902d9e63,5ef500a6-43c4-4756-8ef0-c813a2cf66cb,2025-04-10,2025-04-10,inspection,Inspection maintenance: bucket service,"[""filters"", ""bucket""]",39.49,Eric Brown,,,2.1,True,2025-04-09
bbc64416-beee-41a1-903e-3ec85dd16e20,c2cb93cd-ef91-41d5-804b-e127e14d401f,2025-11-14,2025-11-15,inspection,Inspection maintenance: boom service,"[""engine""]",244.61,Daniel Robinson,,,16.0,True,2025-11-11
8f1313f0-25b7-42d2-b76c-549cc7a8a0ec,c5021d1c-2288-4f78-98e5-46574e1ee7cd,2026-01-22,2026-01-23,scheduled,Scheduled maintenance: boom service,[],79.14,Rhonda Jordan,,,8.5,True,2026-01-14
0d5dbc3c-493c-4ed7-9da7-e08afa5155c7,05e05424-938e-4e3b-8ae0-2a6982435e87,2025-03-17,2025-03-19,scheduled,Scheduled maintenance: boom service,"[""electrical"", ""belts""]",445.72,Dana Gonzales,,,1.4,True,2025-03-03
5dcf2441-7202-4041-9bae-27bb70ec8eb5,072478da-740e-43d1-82aa-bc9e0891ca74,2026-07-04,,scheduled,Scheduled maintenance: belts service,"[""filters"", ""electrical"", ""engine""]",269.75,John Patterson,,,3.0,False,2026-06-29
265860de-ff76-4428-9fec-336d66a966d2,e897043a-a106-4f82-8982-e2790f64646c,2026-06-17,2026-06-19,scheduled,Scheduled maintenance: engine service,"[""transmission"", ""tracks/tires""]",1121.25,Dr. Johnathan Young,,,9.7,True,2026-06-07
8d910294-f7d0-4476-b1a3-0131f220119a,a9fa082c-7485-4391-8f10-e651e8511893,2025-06-13,2025-06-18,inspection,Inspection maintenance: engine service,"[""filters"", ""engine"", ""tracks/tires""]",403.34,Daniel Ferrell,,,9.0,True,2025-06-01
7cd309f3-756e-4f1d-b2dc-b7cf812d9697,327125e1-ed4e-4a6f-91db-4e8dee4083cd,2025-03-13,2025-03-15,predictive,Predictive maintenance: tracks/tires service,"[""belts""]",21.51,Joe Jordan,electrical,0.702,1.0,True,2025-03-04
73c1eff4-9bb9-4ea6-88bf-fd88c62a5cdd,3d21230b-decd-4931-bec1-2211e749430e,2024-12-14,2024-12-19,scheduled,Scheduled maintenance: engine service,[],101.6,Donald Garcia,,,3.9,True,2024-12-05
ce3910ea-9444-47e2-8093-2bb69af3c79c,4f71b56f-b097-48ad-9638-8d2076107986,2025-10-18,2025-10-23,predictive,Predictive maintenance: boom service,[],640.45,Brandy Cochran,bucket,0.807,25.8,True,2025-10-13
cdeef952-2d57-4376-b968-677a3a612dc4,a0da5a7c-f919-4b54-a421-ff8cb1c664c5,2025-01-28,,scheduled,Scheduled maintenance: electrical service,"[""engine"", ""filters""]",942.64,Rachel Taylor,,,9.8,False,2025-01-14
4f1764ce-4f6f-4940-aee9-71f58feaecbb,ddbd5be4-77a3-49da-9f77-645bc86d3c01,2026-07-24,2026-07-28,predictive,Predictive maintenance: boom service,[],2042.3,Lori Washington PhD,transmission,0.859,17.6,True,2026-07-22
e40d09a1-cda7-487c-bb3a-bbd99915098f,4f804537-7460-49be-853b-8bfb688ebf47,2025-10-03,2025-10-03,scheduled,Scheduled maintenance: electrical service,"[""transmission""]",230.39,Stephen Daniel,,,6.2,True,2025-09-20
65a5ca77-4203-48d4-a925-580902ea0c60,ba5033b1-3a46-463d-b0a5-c4d5b24a7271,2025-06-12,2025-06-12,scheduled,Scheduled maintenance: engine service,[],95.84,Todd Black,,,5.2,True,2025-06-01
3f3192eb-9a64-42d8-a6cb-8dc5b498eb06,bed544c7-5670-4b80-964c-5b67f3692df4,2024-12-16,2024-12-17,scheduled,Scheduled maintenance: bucket service,"[""transmission""]",359.19,Brandon Perkins,,,4.4,True,2024-12-10
c22167ca-8d34-4879-ac40-096985421b88,d7c9ef83-f02e-480d-8d01-0ace3407745f,2024-08-23,2024-08-23,scheduled,Scheduled maintenance: tracks/tires service,"[""electrical""]",214.93,James Brown,,,2.4,True,2024-08-15
4a21ae85-1db0-4fd4-b87d-915d7c6ebc14,ce7afa67-1d23-44f2-9672-c87922da13c0,2025-08-11,2025-08-12,scheduled,Scheduled maintenance: filters service,"[""bucket"", ""transmission"", ""electrical""]",66.88,Mrs. Kelly Mahoney,,,1.2,True,2025-08-10
4904ca52-d5a8-467a-80f8-960619e6e9d6,dc78356a-fed9-45ea-beab-0914299bb385,2025-10-29,2025-11-01,emergency,Emergency maintenance: tracks/tires service,"[""bucket""]",530.72,Joe Lopez,,,20.9,True,2025-10-20
fdc85b14-a0f3-4781-b3e8-3a4f6bc02ad5,d0b398c8-2432-42f8-a9b2-bcc5932b833e,2026-01-11,2026-01-11,scheduled,Scheduled maintenance: tracks/tires service,"[""engine"", ""electrical"", ""transmission""]",407.23,Eric Watkins,,,4.9,True,2025-12-29
cf4b7d07-8856-4f4b-9b34-e42b076cee8d,3e7ebecc-5d5c-4427-b151-3ea728111ecf,2026-04-23,2026-04-25,predictive,Predictive maintenance: transmission service,"[""tracks/tires""]",13.93,Levi Mcintyre,hydraulic_system,0.782,0.2,True,2026-04-18
fa56b908-91da-470d-bca1-e809360a06fa,f7c15745-4bc1-4282-8037-a0ee456cae2b,2024-08-15,2024-08-20,scheduled,Scheduled maintenance: hydraulic_system service,"[""tracks/tires""]",829.12,Johnathan Smith,,,39.8,True,2024-08-09
1b7dae67-a291-4ec2-b73b-8122a3114dc8,29465baa-6f23-48da-85e3-203b66243ba6,2025-07-14,2025-07-18,scheduled,Scheduled maintenance: engine service,"[""filters"", ""electrical""]",38.49,David Walker,,,7.6,True,2025-07-03
55cca380-f7ed-4e36-ad69-a484c898760c,a77dbbfa-51a1-4ce9-82b3-4e4fe12e64a2,2026-04-23,2026-04-26,scheduled,Scheduled maintenance: tracks/tires service,"[""bucket"", ""filters"", ""hydraulic_system""]",252.44,Nancy Meyer,,,7.3,True,2026-04-15
eaedec28-575d-4fa5-8d1d-195780df77b8,f90a7087-1dfb-4b75-af42-add5c13d5e8a,2025-03-09,2025-03-09,scheduled,Scheduled maintenance: engine service,"[""hydraulic_system"", ""tracks/tires"", ""bucket""]",126.49,Adam Wilson,,,4.2,True,2025-03-08
1d6e6b7d-0922-4a86-8ef4-4d9da2705b4f,a99138d7-fc1a-45db-abb6-6038260c9551,2024-09-17,2024-09-18,predictive,Predictive maintenance: boom service,"[""engine"", ""transmission"", ""bucket""]",756.53,William Long,tracks/tires,0.929,3.9,True,2024-09-12
5f49de51-1dfb-4bbc-8f4e-b3dca7d3ae9d,ac7a5344-7ba4-4268-b8af-04be5e97b1cd,2025-11-21,2025-11-21,predictive,Predictive maintenance: tracks/tires service,"[""boom"", ""transmission"", ""bucket""]",186.81,Emily Barnes,hydraulic_system,0.714,3.7,True,2025-11-18
a83fb3f9-7e1a-4d6f-8d50-1114c0e9cc23,4bba57e3-eae8-4c6e-b9d5-8b3cd965fb65,2025-08-20,2025-08-24,inspection,Inspection maintenance: hydraulic_system service,"[""belts"", ""boom"", ""filters""]",1534.29,Susan Jenkins,,,0.4,True,2025-08-12
cb435382-d18f-47f7-93c5-394820f76a8f,8da23c2a-5abe-405b-82d9-47dd98fdda1d,2025-11-12,2025-11-13,scheduled,Scheduled maintenance: filters service,"[""hydraulic_system"", ""bucket"", ""belts""]",80.79,Heather Richardson,,,1.4,True,2025-11-08
a065b5cb-1eee-4e68-b167-b8d47c961c39,7b574536-46e9-4cf0-a5c1-eba1f75963b8,2025-04-09,2025-04-11,inspection,Inspection maintenance: transmission service,"[""belts"", ""electrical"", ""hydraulic_system""]",85.21,Jonathon Russell,,,4.0,True,2025-04-01
d214d812-8eb0-401d-b495-43557ed7dea0,d4fcf864-c14f-4a53-b077-e119097b7211,2025-01-01,2025-01-05,scheduled,Scheduled maintenance: electrical service,[],2496.32,Erik Pierce,,,6.2,True,2024-12-25
843b39f9-b35b-448c-8e24-3e7dfef84d13,a1cc273c-7b1c-4455-99fe-0ef2c69821b8,2024-08-18,2024-08-23,scheduled,Scheduled maintenance: electrical service,[],284.7,Sydney Reid,,,13.4,True,2024-08-09
b7fc18a6-fd08-40c9-bd01-de9b9cb75b06,230650f2-7517-458c-9b85-c1f3b5badf91,2026-07-18,2026-07-23,predictive,Predictive maintenance: transmission service,"[""tracks/tires"", ""boom"", ""bucket""]",43.23,Brittany Collins,bucket,0.849,7.7,True,2026-07-17
fae72a65-a750-42d2-9e93-afea774593c2,f9ea95f3-9b73-4117-8c59-d69124e4eb71,2024-10-03,2024-10-08,inspection,Inspection maintenance: transmission service,"[""tracks/tires"", ""bucket"", ""transmission""]",412.94,Geoffrey Martin,,,8.7,True,2024-10-01
bbde8d37-2970-439c-bacd-0245a4711305,4f804537-7460-49be-853b-8bfb688ebf47,2025-11-21,2025-11-25,scheduled,Scheduled maintenance: belts service,"[""engine"", ""transmission""]",1569.61,Christian Rodriguez,,,7.9,True,2025-11-09
293c1648-c1ad-47f8-aaf2-ebe2a443f57e,edd08cfa-27bd-43ea-a9de-619405ee2af8,2025-02-03,2025-02-07,scheduled,Scheduled maintenance: boom service,[],435.69,Kelli Norman,,,1.3,True,2025-01-21
61936bf2-9bac-4b4f-849f-2bdc0ac858ad,26cbcffb-2a47-43ca-9349-ef2302c7655a,2025-09-18,2025-09-19,scheduled,Scheduled maintenance: belts service,"[""engine"", ""transmission"", ""belts""]",469.12,Chelsea Lozano DDS,,,5.9,True,2025-09-10
058e58e1-f5b7-410b-858f-e5e53ddf0eba,ea8db8f4-5db0-40dc-a1dd-210b0826b974,2026-02-12,2026-02-17,emergency,Emergency maintenance: engine service,"[""hydraulic_system""]",155.05,Jason Parrish,,,8.2,True,2026-02-02
c727c26a-0595-47b8-9978-421d175c9dcb,499abaa9-c7a5-44f5-a672-40edf44782fe,2025-07-08,2025-07-09,scheduled,Scheduled maintenance: tracks/tires service,"[""filters"", ""electrical""]",819.81,Tonya Hicks,,,5.1,True,2025-07-06
b2644235-a8cf-441e-84e6-8f1226ff5275,6e44437b-ad21-4b20-a55d-80f42517c315,2026-05-22,2026-05-22,scheduled,Scheduled maintenance: belts service,[],41.46,Dr. Andrew Chavez,,,15.3,True,2026-05-12
1742351a-4cd3-4e0d-852e-e621caa7f3e8,534fb71e-7d96-4dc5-a491-a1d814dcb3df,2025-02-16,2025-02-21,scheduled,Scheduled maintenance: boom service,"[""engine"", ""boom"", ""electrical""]",209.22,Devin Weiss,,,14.9,True,2025-02-11
ec3f2a71-2098-461f-b0bd-a3f99e78b443,a33f620d-89b6-4e13-a446-e75f7a6c28b0,2025-05-01,2025-05-05,scheduled,Scheduled maintenance: bucket service,[],123.07,Edward Lara,,,28.1,True,2025-04-18
7d1c4a16-9453-475c-9c4e-774438cd26ed,40530ddf-9272-4398-b4f9-63123a51517d,2026-07-16,2026-07-16,scheduled,Scheduled maintenance: belts service,"[""tracks/tires"", ""boom"", ""hydraulic_system""]",554.06,Jeffrey Buchanan,,,11.4,True,2026-07-07
d75e25b7-4bdb-40b2-ae78-4192e722dbaf,7e626839-b994-4621-bcde-ddb6fe962558,2024-10-18,2024-10-18,emergency,Emergency maintenance: hydraulic_system service,"[""bucket""]",342.31,Scott Ball,,,2.1,True,2024-10-15
9316ccab-f129-4899-8f21-30cec6682ad7,e8ecf91b-f527-474a-8b94-06595d7e34e5,2025-05-14,2025-05-16,predictive,Predictive maintenance: electrical service,"[""transmission"", ""belts"", ""tracks/tires""]",219.97,James Campbell,filters,0.87,3.3,True,2025-05-06
d40aef9b-8eeb-4571-999c-dda5c30acdd5,5903669c-e4cc-4d39-bc9f-53120b80b901,2024-11-16,2024-11-21,inspection,Inspection maintenance: belts service,"[""hydraulic_system"", ""transmission""]",74.53,Nicholas Ayala,,,7.4,True,2024-11-04
c0d9d9ac-5f46-4a04-88f8-e87e59188429,f3f8dec1-94d5-4487-8e31-a079ec435a94,2024-12-19,2024-12-20,predictive,Predictive maintenance: bucket service,[],899.37,Emily Davis,electrical,0.939,9.2,True,2024-12-09
08cf4b0a-d3ee-4a36-92d5-86395f0d4cf5,f55c7b06-3a4a-49bb-bd43-dc27fa8d5b52,2026-05-05,2026-05-05,predictive,Predictive maintenance: hydraulic_system service,"[""tracks/tires"", ""transmission"", ""belts""]",1261.2,Jennifer Robles,hydraulic_system,0.838,2.8,True,2026-04-26
051bd161-db21-4a9f-8d37-976976bb2557,51b3034a-db90-4dc5-b018-566495db2589,2025-12-21,2025-12-24,scheduled,Scheduled maintenance: electrical service,"[""belts"", ""electrical""]",8.22,Christopher Cohen,,,2.7,True,2025-12-07
c4f2ed33-f258-499b-826d-8e8976e8d29a,743d0956-b79b-4f08-b1a0-c2b47067f881,2025-10-29,2025-11-02,scheduled,Scheduled maintenance: electrical service,"[""hydraulic_system""]",1093.2,Tammy Johnson,,,13.2,True,2025-10-23
49388028-953e-42e5-bdd5-741a27bb04ef,901d623e-5dfd-48ad-bde2-23abf3e73b87,2025-02-22,2025-02-22,scheduled,Scheduled maintenance: bucket service,"[""belts"", ""tracks/tires""]",658.88,Summer Snyder,,,2.8,True,2025-02-13
9c36f171-1de9-4d9e-96f6-898174900d96,2f9e9f13-f622-4db8-b4ea-492db29c8e79,2025-11-07,2025-11-09,emergency,Emergency maintenance: tracks/tires service,"[""tracks/tires"", ""engine""]",166.32,James Griffin,,,16.6,True,2025-11-01
8a3b1793-5ab0-4ee1-8b1d-cb2deda4f014,6fa5fe73-6509-439e-b774-bdd26d66730b,2025-11-30,2025-12-03,inspection,Inspection maintenance: tracks/tires service,"[""filters"", ""transmission"", ""hydraulic_system""]",455.72,Amy Brock,,,12.2,True,2025-11-27
24dfb15a-1f6d-41da-b330-562cba3b324b,360a96f9-887b-43ee-9b95-b432d1850af8,2025-11-21,2025-11-24,scheduled,Scheduled maintenance: engine service,"[""tracks/tires""]",614.74,Janet Hudson,,,17.9,True,2025-11-16
85446a1c-16dc-40c3-9e12-b7a1106e5a91,0f65b696-8a2c-4c6b-a171-c139dfaae23b,2025-03-04,2025-03-04,scheduled,Scheduled maintenance: bucket service,"[""filters"", ""tracks/tires"", ""bucket""]",631.75,Michael Rodriguez,,,13.4,True,2025-02-20
b1ef8617-7866-4e53-898a-b05dc552fed5,0ff4f72d-1e18-4022-849e-5d7cfc79132d,2024-11-24,2024-11-27,inspection,Inspection maintenance: boom service,"[""engine"", ""electrical""]",371.27,Michelle Frazier,,,0.0,True,2024-11-16
1b43f752-3507-4ad1-942b-25c914b6b9fd,1482514b-3688-436f-8f93-e40476c3feda,2025-08-27,2025-08-28,emergency,Emergency maintenance: belts service,"[""boom""]",2.44,Michael Morris,,,20.3,True,2025-08-17
647620c7-5a23-4fd6-b47d-d10d3a944b84,8e7ae8fd-f5b7-47d4-81a5-ec025a3a8869,2026-01-16,2026-01-21,predictive,Predictive maintenance: filters service,"[""transmission""]",509.83,Allison Martin,filters,0.762,14.6,True,2026-01-05
eb01133c-e778-471b-961d-710f97ba88d2,59b35768-9f6d-4676-8135-cf5cc838a9a8,2025-03-16,2025-03-19,scheduled,Scheduled maintenance: hydraulic_system service,"[""electrical"", ""bucket""]",157.47,Jennifer Brown,,,11.1,True,2025-03-12
66aa4b65-486a-4b9c-acd5-949045d45bcb,901d623e-5dfd-48ad-bde2-23abf3e73b87,2025-01-06,2025-01-08,scheduled,Scheduled maintenance: bucket service,"[""hydraulic_system"", ""transmission"", ""engine""]",750.91,Monica Hodge,,,5.6,True,2024-12-30
17040712-8ac0-4771-b9dc-69e13c06a891,bd48f4eb-f956-4bb1-ac06-a1f66fd2f811,2025-07-02,2025-07-02,scheduled,Scheduled maintenance: filters service,"[""belts"", ""bucket""]",205.66,Kristin Soto,,,19.4,True,2025-06-20
3eb8191d-b19e-48e2-8d26-43d6dd3c8187,b15e1b1c-5352-4dcb-ba88-9b37b75d8fe1,2026-01-29,2026-01-29,inspection,Inspection maintenance: transmission service,"[""filters"", ""transmission"", ""engine""]",1083.15,Matthew Thompson,,,16.5,True,2026-01-15
e7218383-4a9b-4ac6-bc5e-1352a4f9e936,e6f0322b-02d1-4905-ba34-1cca3352fb8a,2025-09-09,2025-09-13,scheduled,Scheduled maintenance: engine service,"[""hydraulic_system"", ""engine"", ""tracks/tires""]",454.97,Claudia Lin,,,3.3,True,2025-08-26
d22480a6-9d09-4d9f-b292-ef99f70da25b,430ede0b-bf08-4d46-87e1-b8fd96521518,2025-06-28,2025-07-01,scheduled,Scheduled maintenance: belts service,[],219.97,Sandra Brown,,,5.6,True,2025-06-23
8ecad483-42fe-4193-b844-259023474444,6362aa13-f90b-43d0-8f04-4e1394a1b586,2025-03-06,2025-03-06,scheduled,Scheduled maintenance: bucket service,"[""boom"", ""bucket"", ""tracks/tires""]",646.08,Joseph Gonzalez,,,10.8,True,2025-02-20
0ebd69dd-8b50-4c2c-b326-37a1958cbe24,7b26b146-0b8b-4b6f-a925-7226c0054069,2026-03-23,2026-03-28,predictive,Predictive maintenance: electrical service,"[""tracks/tires"", ""engine"", ""bucket""]",129.79,Colin Martinez,boom,0.678,11.6,True,2026-03-10
dc9a9947-a69c-4aed-be01-df15914264d8,f8749ec0-d851-455c-83eb-60e4d29f6514,2026-01-04,2026-01-08,predictive,Predictive maintenance: electrical service,"[""belts""]",51.25,James Diaz,electrical,0.893,6.9,True,2026-01-01
8aa7e28d-fc1a-4332-8180-50fc38578009,fe1f38ac-424c-445e-850e-eb9c6e78e4aa,2024-08-30,2024-09-02,scheduled,Scheduled maintenance: electrical service,"[""bucket"", ""transmission"", ""boom""]",128.83,Matthew Robertson,,,9.0,True,2024-08-27
d22e0a22-fbfb-4968-a494-bdd2853fba0a,39cbbc93-29f2-4e0d-ba49-2ad2f95c25a6,2025-06-29,2025-07-01,emergency,Emergency maintenance: bucket service,"[""filters"", ""belts"", ""tracks/tires""]",345.6,Jack Castillo,,,14.5,True,2025-06-26
24100b61-7c88-464b-bf38-8926db45d2d8,1e848229-19cd-43bf-a961-c1ef07db203b,2025-11-19,2025-11-20,inspection,Inspection maintenance: belts service,"[""electrical"", ""transmission""]",102.24,Rachel Roberts,,,2.4,True,2025-11-13
a4f1dc63-4de1-47d4-8afa-a83170d12e29,a33f620d-89b6-4e13-a446-e75f7a6c28b0,2026-02-25,2026-03-01,predictive,Predictive maintenance: tracks/tires service,"[""engine"", ""hydraulic_system""]",5.88,Alex Osborne,engine,0.747,11.3,True,2026-02-17
4eac9958-79b5-4c93-b692-124d505078ba,e9c48846-1477-402e-a082-7422aff333ad,2025-03-29,,scheduled,Scheduled maintenance: boom service,[],66.25,Barbara Anderson,,,18.5,False,2025-03-21
96deaaa0-43c6-47e5-8fc9-54374d9fab2f,571e763d-99fa-4363-b4d2-b8ca70e2f73a,2026-02-21,2026-02-21,predictive,Predictive maintenance: hydraulic_system service,"[""filters""]",422.31,Mary Tate,belts,0.883,10.2,True,2026-02-10
637de9fe-565d-4ea9-b3c5-2d3bde643c34,523ae008-56cf-49dd-b2c2-25d09a9fc7f0,2025-11-09,,scheduled,Scheduled maintenance: filters service,"[""belts"", ""transmission"", ""bucket""]",1665.36,Jenna Nelson,,,1.1,False,2025-11-06
6ab53e26-54c4-44e0-96d1-e063474da319,75df8da7-25de-4205-8fa0-6b76875256f4,2025-04-30,2025-04-30,inspection,Inspection maintenance: transmission service,[],518.17,Paul Rodriguez,,,1.2,True,2025-04-26
c48c5b82-d66f-423a-a2ee-2767d79e9454,815d7246-1521-445a-a263-10529652cda7,2025-01-21,2025-01-26,scheduled,Scheduled maintenance: electrical service,"[""tracks/tires""]",505.5,Mrs. Tamara Diaz MD,,,21.4,True,2025-01-09
40eb5e95-e6ff-48f1-bee4-da56c757cd21,dafc1843-ef7c-45ed-8027-7a0fb93d8b7f,2025-04-15,2025-04-18,predictive,Predictive maintenance: filters service,"[""belts"", ""filters""]",503.9,Kimberly Jackson,tracks/tires,0.82,5.5,True,2025-04-13
898dd51e-316a-488d-b7f0-6a950284d50f,c4b2c196-1129-4ab1-afe7-10c94f191a12,2026-06-18,2026-06-19,predictive,Predictive maintenance: engine service,"[""filters"", ""belts""]",667.26,Jaime Cox,belts,0.662,17.3,True,2026-06-11
0551950a-d924-42f0-996f-05b4d7063ee2,d7c9ef83-f02e-480d-8d01-0ace3407745f,2026-03-15,2026-03-20,inspection,Inspection maintenance: electrical service,"[""boom""]",86.62,Scott Cherry,,,2.2,True,2026-03-01
231c98b7-d402-44d5-9566-0814dd31c443,f7e2d4bb-1c8c-42bd-8c1a-e0424303bb7f,2025-09-19,2025-09-23,scheduled,Scheduled maintenance: transmission service,"[""engine""]",188.27,Derrick Gill,,,8.7,True,2025-09-06
fac588a6-e8c6-47c4-84a5-79089b6ccf8c,ee54f98f-bfea-4314-9bf9-28452aa056b0,2025-07-15,2025-07-15,scheduled,Scheduled maintenance: filters service,"[""tracks/tires""]",381.4,Timothy Hall,,,27.2,True,2025-07-09
f411c581-54ba-4c39-b0b8-a15aa4ff5594,b7d44b63-8585-4eb2-a662-3a1acafa0e68,2026-07-15,2026-07-16,predictive,Predictive maintenance: filters service,"[""transmission"", ""hydraulic_system""]",42.45,Natasha Stewart,tracks/tires,0.718,22.6,True,2026-07-01
84816868-8c5f-4541-8fd3-714e5ac20fc9,7e9b8e5b-6b9a-4618-9cac-4ea81c4ac4ac,2024-08-31,2024-09-04,scheduled,Scheduled maintenance: tracks/tires service,"[""boom""]",499.47,Brittney Simpson,,,16.6,True,2024-08-28
caa95ead-fc06-4c91-9d9e-9f7c0aaf76bd,48f2f853-5975-4db9-858c-3f5564530e33,2026-06-06,2026-06-08,inspection,Inspection maintenance: hydraulic_system service,[],309.21,Alexis Carter,,,1.9,True,2026-05-23
bab7f333-35f9-4e64-b6f2-fbb3ae2cf529,eee8b666-c615-4da7-a05e-3c827d540624,2025-03-15,2025-03-20,predictive,Predictive maintenance: boom service,"[""bucket"", ""transmission"", ""tracks/tires""]",570.32,Ricardo Davis,electrical,0.923,1.0,True,2025-03-07
7b703df7-31ea-4f82-9fcf-6a8693d0668f,2407b3e1-e827-4934-b475-37ac8507d2b5,2025-09-15,2025-09-18,scheduled,Scheduled maintenance: tracks/tires service,[],142.38,Ellen Austin,,,0.8,True,2025-09-07
8b10573f-9d31-446f-90e2-1b5498c296ad,77346cdd-07e5-4da3-be4a-265af902aa5f,2024-12-02,2024-12-02,inspection,Inspection maintenance: bucket service,"[""belts"", ""engine"", ""hydraulic_system""]",104.91,Natasha Joseph,,,17.3,True,2024-11-27
e650a5c8-fa2d-435a-98d6-ea168fd3238d,59b35768-9f6d-4676-8135-cf5cc838a9a8,2026-03-08,2026-03-08,scheduled,Scheduled maintenance: electrical service,"[""hydraulic_system"", ""bucket"", ""boom""]",7.44,Heather Henson,,,9.6,True,2026-02-28
6b5726ce-d450-40fa-be6f-24b932841498,f1fc31b5-edd2-47b4-82bb-badf28984e0a,2026-03-06,2026-03-06,predictive,Predictive maintenance: hydraulic_system service,"[""engine"", ""bucket"", ""tracks/tires""]",99.11,Fernando Burton,boom,0.88,2.2,True,2026-03-01
69c78c8d-a2a5-422e-ba66-925f932ebc69,bccafa6b-2b49-4bb3-812f-b7db209ffdff,2024-10-05,2024-10-08,inspection,Inspection maintenance: filters service,[],1736.12,Kyle Werner,,,4.2,True,2024-10-02
88ce2176-ff5d-49a6-8bdf-bba65ed1de48,881083bb-88bd-45a5-8974-ab4b05d6cd1e,2026-06-23,2026-06-24,emergency,Emergency maintenance: filters service,[],326.78,Alicia Willis,,,7.3,True,2026-06-18
d61f986b-6fc2-4747-a4e9-d50ba41ea5dd,f7350500-fe8a-474d-8cfb-b541aa2bca3c,2025-11-14,2025-11-14,scheduled,Scheduled maintenance: bucket service,"[""electrical""]",86.65,Kelly Hardy,,,3.0,True,2025-10-31
b0c1e0ac-1cc3-4e1f-b0ba-7c65e18ab37d,ba46cbe8-e8ea-42e3-9f36-d94f02e45d49,2026-04-23,2026-04-24,inspection,Inspection maintenance: hydraulic_system service,[],571.45,James Wilkerson,,,5.6,True,2026-04-21
40a5fc7b-81ce-4d33-a2bf-f549d0853a3e,f8749ec0-d851-455c-83eb-60e4d29f6514,2026-07-28,2026-07-29,scheduled,Scheduled maintenance: boom service,"[""tracks/tires""]",51.01,William Thomas,,,12.7,True,2026-07-25
8aa4d659-0774-46dd-a13e-a4c48cbf49da,1b7b60bf-0ac4-49da-966a-5a98b83418e1,2025-09-12,2025-09-16,scheduled,Scheduled maintenance: bucket service,"[""transmission""]",35.66,Emily White MD,,,16.8,True,2025-08-29
986d8a73-5ba1-441a-b4fa-aa73ce083bc4,aca42319-33a0-4cf6-8b7d-78859b677eb0,2024-10-26,2024-10-26,predictive,Predictive maintenance: bucket service,"[""boom"", ""engine"", ""hydraulic_system""]",531.89,Michael Robinson,bucket,0.943,5.5,True,2024-10-17
2936a35d-3916-4c15-9c2b-ccd797855d02,207765ff-11bf-4aa6-9f0d-278560a93eee,2025-06-24,2025-06-26,inspection,Inspection maintenance: bucket service,[],2170.1,Travis Fischer,,,6.4,True,2025-06-14
cc5d85f0-481b-4ef2-8a62-97797617cb74,5db396a8-9563-450f-b718-8a2af4a5c278,2025-02-06,2025-02-09,scheduled,Scheduled maintenance: electrical service,"[""transmission""]",63.29,Kelli Kim,,,18.7,True,2025-01-31
dc290e8c-b473-49d3-8493-b449a9d89b45,33e563e7-2f67-405f-ab2d-e2bd31e83272,2025-05-02,2025-05-07,predictive,Predictive maintenance: bucket service,"[""transmission""]",924.54,Amanda White,belts,0.824,3.3,True,2025-04-25
a39d5699-78ed-4f18-8389-639a0c0b2f5e,5bbe024d-be7f-4dea-9af4-446027d6e8b5,2026-05-09,2026-05-13,predictive,Predictive maintenance: electrical service,"[""tracks/tires"", ""engine""]",280.08,Hannah Ruiz,hydraulic_system,0.901,0.3,True,2026-04-26
d942212f-7989-4c6b-b40e-ef340cdb0386,df4f38b9-53b3-46ee-ab94-c3670497d72e,2025-09-12,2025-09-13,emergency,Emergency maintenance: engine service,"[""tracks/tires"", ""boom""]",678.12,Donna Ellis,,,9.7,True,2025-09-11
73b31ab1-0455-4c18-9ed6-30bd7a8906c7,9e54f4a2-20fc-4e8d-b589-6fd7cc04ae9b,2024-11-15,2024-11-17,scheduled,Scheduled maintenance: filters service,"[""electrical"", ""boom"", ""transmission""]",879.94,Christian Brown,,,0.1,True,2024-11-09
6756170e-2eb7-490c-9dc5-f20627a3a7f0,3c11391b-dc6c-4e85-a855-032de7f4f352,2024-09-17,2024-09-21,predictive,Predictive maintenance: boom service,"[""belts"", ""transmission""]",24.26,Kimberly Fischer,hydraulic_system,0.703,13.1,True,2024-09-14
4e21d701-765e-4bc3-94d1-0a5f1b4c11b9,915f5e10-640b-41dd-9184-0d7c8f35e828,2026-01-29,2026-01-30,predictive,Predictive maintenance: engine service,"[""transmission"", ""belts"", ""tracks/tires""]",493.1,Christina Johnson,engine,0.681,5.6,True,2026-01-16
c3826330-13f1-4eea-96b9-7a4d36dcba6b,c5490413-d9aa-4570-96f4-375863a45061,2025-06-14,2025-06-18,emergency,Emergency maintenance: transmission service,"[""electrical""]",490.22,Eric Aguirre,,,12.3,True,2025-06-12
85bcb4a3-7f90-4ca3-879a-d66d4315a3c9,79c0d3ac-c9dc-4791-94d6-160686e0769d,2025-02-13,2025-02-18,emergency,Emergency maintenance: electrical service,"[""tracks/tires"", ""boom""]",159.42,Rebecca Vasquez,,,13.4,True,2025-02-07
e28bf882-2a74-49ea-829e-c285a84315f5,d7510823-5557-4eac-845c-6f4030784241,2026-06-22,2026-06-22,scheduled,Scheduled maintenance: engine service,"[""boom"", ""hydraulic_system"", ""bucket""]",410.45,Heather Smith,,,9.0,True,2026-06-20
d201a4de-e4fd-404c-af0f-893ca2601ce8,3a9cde6d-e056-4ade-9d29-f486f14a5d19,2025-01-10,2025-01-11,predictive,Predictive maintenance: electrical service,"[""belts""]",479.17,Daniel White,transmission,0.686,3.2,True,2025-01-07
4d6b36df-9fed-4d65-934f-140b307e7fb2,72c74929-fcc0-4e62-b81a-69e7d712dc30,2024-10-08,2024-10-10,inspection,Inspection maintenance: electrical service,"[""tracks/tires""]",2727.88,Dr. Crystal Torres DDS,,,0.5,True,2024-10-04
fd42b1a0-cfd8-442f-a428-18df48911cd2,ba46cbe8-e8ea-42e3-9f36-d94f02e45d49,2024-09-14,2024-09-14,scheduled,Scheduled maintenance: bucket service,"[""electrical""]",1156.15,Ryan Pearson,,,20.8,True,2024-09-07
3b008e60-13e9-4eef-a484-2811da6926e1,5c8918ee-4d30-4993-a733-3dea6ef73fef,2025-02-09,2025-02-13,predictive,Predictive maintenance: belts service,[],812.57,Debra Sullivan,hydraulic_system,0.651,2.7,True,2025-01-26
ba3efc3b-5818-4e95-b096-ad9230cf3045,ef44a4bf-5551-4082-a8dc-30786d09e2be,2025-03-28,2025-03-28,scheduled,Scheduled maintenance: tracks/tires service,[],169.08,Holly Simmons,,,6.6,True,2025-03-21
4ec3e405-4f4d-4028-a364-5146471ed539,2ce09f20-41a9-4b7f-9e2b-511d607acbd0,2024-08-15,2024-08-20,inspection,Inspection maintenance: boom service,[],103.4,Elizabeth Reid,,,2.1,True,2024-08-08
e1d023e8-170b-44d6-b64d-86be6e89c760,a77dbbfa-51a1-4ce9-82b3-4e4fe12e64a2,2024-12-24,2024-12-29,scheduled,Scheduled maintenance: belts service,"[""filters"", ""electrical""]",309.03,Jessica Boone,,,22.0,True,2024-12-21
c943d240-b837-4ae6-9969-36ec754bd6b6,9d8ec58a-ad14-4ada-9df4-0b91356ed4d8,2025-06-07,2025-06-09,predictive,Predictive maintenance: belts service,"[""boom"", ""electrical""]",551.44,Jeffrey Moses,belts,0.838,1.8,True,2025-06-05
f551d41e-f6d9-484e-b2bd-fa4f468dee27,edbfc236-f068-4c48-8c30-1763e4b6bf40,2025-07-26,2025-07-26,scheduled,Scheduled maintenance: boom service,[],305.94,Garrett Jackson,,,18.3,True,2025-07-15
24dc1184-546a-42b0-87ae-2b6accfab71c,64c0e7f6-be13-41da-8422-adf86c400857,2024-12-25,2024-12-28,emergency,Emergency maintenance: tracks/tires service,[],664.5,Laurie Schultz,,,9.9,True,2024-12-24
bf00fb36-7fc9-423e-8ae6-77c2a287f4f2,d1a76b59-fdd1-4d36-abfb-256e5a7323aa,2024-08-16,2024-08-20,emergency,Emergency maintenance: bucket service,[],2519.72,Kevin Howard,,,0.2,True,2024-08-12
4f03eb46-3ef8-4aa6-a23d-cb87b532dd84,a9e38bd8-e35b-4740-b5c2-b93b3a27b433,2025-04-27,2025-05-01,scheduled,Scheduled maintenance: hydraulic_system service,[],179.44,Sharon Webster,,,2.8,True,2025-04-26
c4984f9a-8093-4b0c-972a-e64852238b87,e3fa5400-f5c1-40d4-ba8a-31fb7e64bb79,2025-07-15,2025-07-17,predictive,Predictive maintenance: boom service,[],913.07,Kevin Larson,tracks/tires,0.698,9.4,True,2025-07-01
73731a42-125d-460b-a66f-f37f43fcaa38,c4ebb8c0-1833-4d0d-865d-b50758a8997f,2025-10-13,2025-10-15,inspection,Inspection maintenance: belts service,"[""electrical""]",902.13,Wendy Anderson PhD,,,4.8,True,2025-10-10
bca0dfbe-d0c2-4580-b0ab-dc369a6176f6,ae8a1cca-5404-4567-aa2d-f4c2db0c5abf,2026-05-18,2026-05-20,scheduled,Scheduled maintenance: bucket service,"[""tracks/tires""]",72.76,Lance Oconnell,,,6.9,True,2026-05-13
d0a7ddf2-d035-4835-977b-6d952baa3ecb,f9ea95f3-9b73-4117-8c59-d69124e4eb71,2025-11-18,2025-11-22,scheduled,Scheduled maintenance: tracks/tires service,"[""filters"", ""transmission""]",46.93,Diane Schneider,,,1.6,True,2025-11-16
60858a5b-e438-497f-ac50-a545479018dd,e8a114b7-cf32-44df-8c23-271167d56b06,2025-03-07,2025-03-08,emergency,Emergency maintenance: transmission service,[],1072.76,Michael Hodges,,,21.1,True,2025-03-04
40bbd96b-c63a-48ab-91bb-1939dd7620d8,e91635e0-8419-40d0-b817-a76d147f75ed,2025-11-26,2025-11-27,emergency,Emergency maintenance: hydraulic_system service,[],47.22,Tammy White,,,0.0,True,2025-11-16
579edb12-6b51-41e7-a222-fd136f5f5553,9238ff1c-1a62-41b7-931f-170b0ad7e1d5,2024-12-10,2024-12-15,scheduled,Scheduled maintenance: engine service,"[""filters"", ""engine""]",272.7,Jennifer Gray,,,3.1,True,2024-11-26
c48052bc-a0fd-42d4-b697-74871cc67773,6290d4a0-65e8-49de-a090-a68e27eb5923,2025-06-15,2025-06-16,scheduled,Scheduled maintenance: bucket service,"[""hydraulic_system"", ""boom""]",485.81,Aaron Coleman,,,0.3,True,2025-06-13
7576d545-c056-4efd-96f3-bc3b6284d61a,bd48f4eb-f956-4bb1-ac06-a1f66fd2f811,2024-11-19,2024-11-24,emergency,Emergency maintenance: boom service,[],283.42,Alan Salazar,,,12.3,True,2024-11-06
a9d7a0ac-6398-4e36-b2db-8297275692c7,6eb3c128-7f31-49ca-8af6-cacf3145b1c2,2026-05-10,2026-05-15,scheduled,Scheduled maintenance: belts service,"[""filters""]",199.01,Lisa Andrade,,,0.4,True,2026-05-03
e9ecc2dd-70b9-45bf-aa87-601891e47e72,2407b3e1-e827-4934-b475-37ac8507d2b5,2026-02-07,2026-02-08,scheduled,Scheduled maintenance: tracks/tires service,"[""filters"", ""electrical""]",646.78,Andrea Gonzales,,,9.0,True,2026-01-25
63a0aa73-0e17-4450-abb9-89576e51213c,851c4755-6988-422f-a3f4-87f4ac5ebbe1,2026-02-25,2026-03-01,scheduled,Scheduled maintenance: hydraulic_system service,[],963.08,Hayden Parks,,,0.9,True,2026-02-19
84769dc6-2173-4a8e-9c80-953401fa698f,49cee5c4-2c3c-46c1-a112-58e0544407aa,2025-07-12,2025-07-16,scheduled,Scheduled maintenance: filters service,"[""belts""]",209.01,Alisha Anderson,,,2.3,True,2025-07-02
90cd2f46-5d82-49cf-b374-2dcc393b5683,0e2e2d65-7058-4484-8176-fc5c68adb06f,2025-02-12,2025-02-12,predictive,Predictive maintenance: bucket service,"[""filters"", ""transmission""]",2741.44,Julie Lopez,filters,0.81,7.9,True,2025-02-01
623f9e00-bfaf-45cd-beb5-f1a2a1d60888,a974cd4a-dc4d-4da0-a45d-4bafe4e9a602,2025-05-10,2025-05-12,scheduled,Scheduled maintenance: electrical service,"[""tracks/tires"", ""filters"", ""electrical""]",156.28,Dorothy Stephens,,,6.3,True,2025-04-30
2a4f538d-98e7-43cb-9e0b-86b9021c62b6,3388e9b7-3e8d-462f-acca-1799519b56ff,2025-03-07,2025-03-08,scheduled,Scheduled maintenance: boom service,"[""hydraulic_system"", ""transmission"", ""tracks/tires""]",434.65,Thomas Villa,,,23.2,True,2025-03-01
e4481afa-3893-4eaa-92c9-755e9409ebf9,391860e9-8798-4e35-9e30-5f14351574d1,2025-08-20,2025-08-21,predictive,Predictive maintenance: filters service,"[""tracks/tires""]",941.09,Karen Stevens,hydraulic_system,0.697,6.3,True,2025-08-11
8c54db68-7c18-4e79-b0b2-7696686b7485,5d870766-d261-482d-a5e2-d98a65859089,2025-02-21,2025-02-23,inspection,Inspection maintenance: engine service,"[""electrical"", ""engine""]",169.52,Charlotte Pearson,,,14.3,True,2025-02-08
e6050251-b128-4476-bb8c-21c5f7b89854,f1b4d8ee-ca3f-4950-8d28-3bd74f725346,2025-02-01,2025-02-05,predictive,Predictive maintenance: filters service,"[""belts"", ""electrical""]",210.16,James Brown,electrical,0.689,1.7,True,2025-01-19
3f43be91-79a4-4f96-8ea2-d7f6629953aa,028c27db-b2f0-4ab0-bd73-8f72de255e77,2026-05-14,2026-05-14,inspection,Inspection maintenance: transmission service,"[""boom"", ""hydraulic_system"", ""electrical""]",113.91,Jackie Reynolds,,,0.2,True,2026-05-03
9b31a9a1-0019-4289-8656-3a5c458548d4,36abd37b-7941-4398-bc33-c6512a939d89,2024-10-01,2024-10-02,scheduled,Scheduled maintenance: transmission service,[],10.69,Nicholas Solis,,,4.8,True,2024-09-28
6e7e50c2-7c4b-444a-b289-3f35711c21ff,d578e2cc-0219-4fb4-9f27-1fdc4bdee739,2026-06-30,2026-07-01,scheduled,Scheduled maintenance: tracks/tires service,"[""boom"", ""bucket""]",660.1,Edward Garcia,,,3.8,True,2026-06-25
374eeb34-693d-4626-aea6-a1523b17bd9f,072478da-740e-43d1-82aa-bc9e0891ca74,2025-01-03,2025-01-06,predictive,Predictive maintenance: transmission service,"[""belts""]",102.32,Eric Castillo,bucket,0.979,5.9,True,2024-12-22
